,solution_id,DESIGNATION,SOURCE_ID,random_index,ref_epoch,RA,ra_error,DEC,dec_error,parallax,parallax_error,parallax_over_error,pm,pmra,pmra_error,pmdec,pmdec_error,ra_dec_corr,ra_parallax_corr,ra_pmra_corr,ra_pmdec_corr,dec_parallax_corr,dec_pmra_corr,dec_pmdec_corr,parallax_pmra_corr,parallax_pmdec_corr,pmra_pmdec_corr,astrometric_n_obs_al,astrometric_n_obs_ac,astrometric_n_good_obs_al,astrometric_n_bad_obs_al,astrometric_gof_al,astrometric_chi2_al,astrometric_excess_noise,astrometric_excess_noise_sig,astrometric_params_solved,astrometric_primary_flag,nu_eff_used_in_astrometry,pseudocolour,pseudocolour_error,ra_pseudocolour_corr,dec_pseudocolour_corr,parallax_pseudocolour_corr,pmra_pseudocolour_corr,pmdec_pseudocolour_corr,astrometric_matched_transits,visibility_periods_used,astrometric_sigma5d_max,matched_transits,new_matched_transits,matched_transits_removed,ipd_gof_harmonic_amplitude,ipd_gof_harmonic_phase,ipd_frac_multi_peak,ipd_frac_odd_win,ruwe,scan_direction_strength_k1,scan_direction_strength_k2,scan_direction_strength_k3,scan_direction_strength_k4,scan_direction_mean_k1,scan_direction_mean_k2,scan_direction_mean_k3,scan_direction_mean_k4,duplicated_source,phot_g_n_obs,phot_g_mean_flux,phot_g_mean_flux_error,phot_g_mean_flux_over_error,Gmag,phot_bp_n_obs,phot_bp_mean_flux,phot_bp_mean_flux_error,phot_bp_mean_flux_over_error,phot_bp_mean_mag,phot_rp_n_obs,phot_rp_mean_flux,phot_rp_mean_flux_error,phot_rp_mean_flux_over_error,phot_rp_mean_mag,phot_bp_rp_excess_factor,phot_bp_n_contaminated_transits,phot_bp_n_blended_transits,phot_rp_n_contaminated_transits,phot_rp_n_blended_transits,phot_proc_mode,bp_rp,bp_g,g_rp,radial_velocity,radial_velocity_error,rv_method_used,rv_nb_transits,rv_nb_deblended_transits,rv_visibility_periods_used,rv_expected_sig_to_noise,rv_renormalised_gof,rv_chisq_pvalue,rv_time_duration,rv_amplitude_robust,rv_template_teff,rv_template_logg,rv_template_fe_h,rv_atm_param_origin,vbroad,vbroad_error,vbroad_nb_transits,grvs_mag,grvs_mag_error,grvs_mag_nb_transits,rvs_spec_sig_to_noise,phot_variable_flag,l,b,ecl_lon,ecl_lat,in_qso_candidates,in_galaxy_candidates,non_single_star,has_xp_continuous,has_xp_sampled,has_rvs,has_epoch_photometry,has_epoch_rv,has_mcmc_gspphot,has_mcmc_msc,in_andromeda_survey,classprob_dsc_combmod_quasar,classprob_dsc_combmod_galaxy,classprob_dsc_combmod_star,teff_gspphot,teff_gspphot_lower,teff_gspphot_upper,logg_gspphot,logg_gspphot_lower,logg_gspphot_upper,mh_gspphot,mh_gspphot_lower,mh_gspphot_upper,distance_gspphot,distance_gspphot_lower,distance_gspphot_upper,azero_gspphot,azero_gspphot_lower,azero_gspphot_upper,ag_gspphot,ag_gspphot_lower,ag_gspphot_upper,ebpminrp_gspphot,ebpminrp_gspphot_lower,ebpminrp_gspphot_upper,libname_gspphot,dist,in_field,Weight
459,1636148068921376768,Gaia DR3 5332606522595645952,5332606522595645952,778663322,2016.0,176.45664661730092,0.013777223,-64.843052846102,0.015097591,215.67527344818546,0.018143972,11886.883,2683.8972,2661.639591834039,0.018192463,-344.9325076225359,0.019402547,0.14047244,0.12019151,-0.071213,0.1573712,0.25715956,0.124455966,0.050223276,-0.059002496,0.16859087,0.13985805,349,349,348,1,-3.3418372,1212.072,0.1442787,24.357437,31,False,1.6895415,,,,,,,,40,26,0.028073695,48,15,0,0.030705329,140.67618,0,0,0.8742317,,,,,,,,,False,385,507814.61335176806,203.84361,2491.197,11.423104,44,338151.04227875045,179.08488,1888.2166,11.515765,44,255358.8764996215,68.4249,3731.9585,11.230018,1.1687531,0,0,0,0,0,0.28574753,0.092660904,0.19308662,,,,,,,,,,,,,,,,,,,,,,,NOT_AVAILABLE,296.0287115925498,-2.85434406976176,218.37149498463572,-57.23597865637835,False,False,0,True,True,False,False,False,False,False,False,5.0943055e-10,2.5445799e-09,4.9933235e-05,,,,,,,,,,,,,,,,,,,,,,,0.01192066674774088,IN,1
74,1636148068921376768,Gaia DR3 5332606586985483648,5332606586985483648,477636339,2016.0,176.38716724346128,0.008919316,-64.82242430574605,0.009352744,2.018851851380698,0.01091376,184.98224,1.7749803,1.0730572303850228,0.01229636,-1.413896512015214,0.012988526,0.1376514,0.020082623,-0.12000433,0.18663546,0.1381508,0.18316443,0.0843744,-0.091118306,0.053791113,0.21473925,398,398,396,2,-8.399282,616.564,0.058867108,4.541353,31,False,1.5891398,,,,,,,,45,27,0.01940598,53,17,0,0.030879168,141.10744,0,0,0.71445954,,,,,,,,,False,438,427262.0921740821,102.256004,4178.357,11.610631,52,244645.5557154377,175.91476,1390.7051,11.867199,52,264152.4463248588,109.36126,2415.4116,11.193259,1.1908334,0,0,0,0,0,0.6739397,0.25656796,0.41737175,1.5625002,1.7338148,1,22,9,16,41.97656,0.03919521,0.37780607,909.8218,24.938711,7750.0,4.5,0.25,555,66.511055,15.603415,12,11.009074,0.010657675,12,,NOT_AVAILABLE,295.99487605520426,-2.8418324054994786,218.3064230825606,-57.24363868023145,False,False,0,True,True,False,False,False,False,True,False,1.02206356e-13,5.105156e-13,0.9999818,,,,,,,,,,,,,,,,,,,,,,,0.0260517329410599,IN,1
403,1636148068921376768,Gaia DR3 5332606415187820288,5332606415187820288,322271323,2016.0,176.4467340526102,0.008038454,-64.85419860057652,0.009250367,0.3353635264915672,0.010390324,32.276524,5.922362,-5.673155240970649,0.011376024,1.6999056556600924,0.01214169,0.123589404,0.078919075,-0.11443114,0.16502786,0.20100613,0.17793648,0.022643588,0.015940133,0.1187136,0.19219546,389,380,388,1,-2.601194,422.24237,0.01842739,0.36429408,31,False,1.3583337,,,,,,,,45,29,0.01790024,53,17,0,0.020411065,152.41168,0,0,0.9066605,,,,,,,,,False,431,171119.97184701814,51.17512,3343.8118,12.6041155,49,52941.17788124608,68.74499,770.1096,13.529058,49,172374.21669950124,125.4651,1373.8817,11.656714,1.3167101,0,0,0,0,0,1.872344,0.924943,0.94740105,-11.066562,0.4091024,1,20,4,16,34.776127,0.9284731,0.3526966,909.8218,6.0355806,4250.0,1.5,-1.0,111,11.623103,4.823917,15,11.237168,0.009932331,16,,NOT_AVAILABLE,296.02743820063233,-2.86619140327887,218.38131805014876,-57.24664282978052,False,False,0,True,True,False,False,False,True,True,False,1.0202233e-13,5.0959643e-13,1.0,5039.161,5020.2993,5051.703,2.3326,2.2539,2.4253,-0.175,-0.1877,-0.1568,2727.376,2384.2249,3039.697,2.0297,2.0134,2.0398,1.5145,1.5016,1.5225,0.8088,0.8014,0.8134,PHOENIX,0.014785308637859087,IN,1
188,1636148068921376768,Gaia DR3 5332606625675071232,5332606625675071232,1122872426,2016.0,176.41084503470188,0.010071825,-64.82122709641423,0.011107122,0.4530102456779919,0.012657208,35.79069,5.3174396,-3.9610125129042992,0.013564025,3.5476106652630817,0.015731195,0.14058454,0.04025277,-0.18031596,0.16250965,0.19857095,0.15617631,0.015472677,-0.088121414,-0.00065945357,0.29073513,371,0,371,0,-1.6517764,317.10284,0.0,0.0,31,False,1.4267728,,,,,,,,43,26,0.02337754,49,16,1,0.015304345,139.44687,0,0,0.9386822,0.22312415,0.18492152,0.2221447,0.3108472,-102.110466,-57.79507,33.411324,6.1630106,False,403,78709.0793211884,10.591985,7431.004,13.447305,42,31070.914250276855,21.36379,1454.3727,14.107657,43,68549.49458593363,23.580406,2907.0532,12.657885,1.2656788,0,1,0,0,0,1.4497728,0.6603527,0.7894201,-15.793808,1.3731675,2,17,5,14,13.402009,,,849.25995,,4500.0,2.5,-1.5,111,,,,12.36564,0.04447899,12,,NOT_AVAILABLE,296.00433234936946,-2.8381305499370684,218.31744994038306,-57.235434942192455,False,False,0,True,True,False,False,False,False,True,False,1.0206679e-13,5.098185e-13,0.9999956,,,,,,,,,,,,,,,,,,,,,,,0.021687563089597697,IN,1
588,1636148068921376768,Gaia DR3 5332606316437209472,5332606316437209472,1369376915,2016.0,176.48033314384705,0.011236427,-64.85242445850895,0.012558936,0.670705634337908,0.014376372,46.653328,10.335013,-10.226907215367849,0.015615745,1.4909276464503487,0.015981536,0.034355666,0.028658113,-0.1518977,0.14348334,0.1519709,0.1594967,-0.012502593,-0.027684314,0.11700294,0.118854806,385,0,384,1,-2.3288004,320.46957,0.0,0.0,31,False,1.5106173,,,,,,,,45,28,0.023169648,52,16,0,0.015763927,152.41501,1,0,0.91576385,0.16334765,0.09393308,0.11670474,0.34220347,-117.35643,-77.25191,36.339928,8.356303,False,417,48712.09291237857,7.8850727,6177.7607,13.968275,46,23847.476316647004,16.447405,1449.9233,14.394937,44,35809.17917020792,20.160288,1776.2236,13.362909,1.2246785,0,0,0,2,0,1.0320272,0.4266615,0.60536575,29.36483,8.471644,2,11,3,10,5.651983,,,909.89575,,5750.0,1.5,-1.0,111,,,,13.081768,0.11427431,8,,NOT_AVAILABLE,296.04082712042833,-2.860883022226661,218.39684034298142,-57.23496177131506,False,False,0,True,True,False,False,False,True,True,False,1.0206679e-13,5.098185e-13,0.9999956,6622.6284,6570.9424,6657.086,3.8201,3.7949,3.841,-0.6066,-0.6635,-0.5599,1392.3145,1360.1031,1440.55,1.1136,1.0858,1.1313,0.9411,0.9167,0.9568,0.5126,0.4991,0.5211,A,0.024453308078362056,IN,1
1,1636148068921376768,Gaia DR3 5332603533298197248,5332603533298197248,303561962,2016.0,176.37058845570544,0.013641479,-64.85520128059727,0.013332001,0.2411268656405421,0.015858157,15.205228,7.505404,-7.259625421044244,0.019420482,1.904974276021459,0.01961728,0.102930084,0.106368065,-0.22276098,0.1771997,0.15302883,0.18678597,0.013417943,-0.07717375,0.024063753,0.24243343,362,0,358,4,4.682203,474.55167,0.041207496,0.8311925,31,False,1.254623,,,,,,,,43,25,0.030129245,51,17,0,0.014810236,152.02448,3,0,1.1802973,0.13686287,0.13598341,0.090441495,0.3027783,-121.53992,-41.48555,30.383194,5.2634044,False,387,47457.99771864583,22.854836,2076.497,13.996593,50,8017.0155857435875,25.268053,317.27872,15.57851,50,61868.9268212298,62.16248,995.27765,12.769214,1.4725852,0,42,0,39,0,2.8092966,1.5819168,1.2273798,-23.468515,0.8977483,2,25,11,17,19.03428,,,895.56866,,5500.0,4.5,0.0,0,,,,12.1831,0.039573457,14,,NOT_AVAILABLE,295.99634397211133,-2.875326664566436,218.34205142149702,-57.271073607834666,False,False,0,True,True,False,False,False,True,True,False,1.0202233e-13,5.0959643e-13,1.0,4493.36,4299.4517,4713.9546,1.5042,1.053,2.0019,-0.7803,-0.7873,-0.7738,2674.6375,1707.4731,3916.4656,4.1468,3.9033,4.3834,2.8485,2.6585,3.0383,1.5641,1.4527,1.6769,PHOENIX,0.02828592019781526,IN,1
171,1636148068921376768,Gaia DR3 5332606591315128192,5332606591315128192,1666591167,2016.0,176.40753570620075,0.012169931,-64.82827912791997,0.013112374,0.444413081889295,0.015347616,28.95649,6.073012,-6.052877662790739,0.016384428,0.4941083616581561,0.01755424,0.09533522,0.05114537,-0.18590786,0.13797551,0.22253041,0.11507073,-0.03464624,-0.10113777,0.07080418,0.15848516,381,0,381,0,1.614808,425.5488,0.029061893,0.42779788,31,False,1.5360956,,,,,,,,45,28,0.025412507,52,17,0,0.0189464,139.27522,0,0,1.0585566,0.21260308,0.12734435,0.19239956,0.30767924,-108.33664,-57.46877,31.976946,6.707624,False,412,44561.68882161496,9.11508,4888.7876,14.064962,50,23145.12076442128,15.546376,1488.7792,14.427394,49,31112.916374131204,15.838206,1964.4218,13.515544,1.2175938,0,50,0,49,0,0.91185,0.36243153,0.54941845,-3.0188456,7.620821,2,24,13,19,7.8061256,,,759.97943,,6750.0,2.5,-0.25,111,,,,13.28558,0.1558343,11,,NOT_AVAILABLE,296.0047501806001,-2.845309599589992,218.32524243879863,-57.241259963126446,False,False,0,True,True,False,False,False,False,True,False,2.4592085e-11,5.102565e-13,0.99998695,,,,,,,,,,,,,,,,,,,,,,,0.016042772749333738,IN,1
145,1636148068921376768,Gaia DR3 5332600578360698752,5332600578360698752,1572842643,2016.0,176.4033090501026,0.022333136,-64.8637570026289,0.024769085,0.23651775472007058,0.028330525,8.348513,5.530073,-4.984373192467426,0.03203277,2.3953560312340576,0.033308826,0.14610021,0.1834631,-0.13103563,0.19989248,0.29430988,0.19874163,0.013031448,0.007596692,0.102703676,0.19943343,369,0,369,0,2.6728218,460.5243,0.11774038,2.483778,31,False,1.2475067,,,,,,,,43,25,0.04972936,53,17,0,0.014686055,155.94232,1,0,1.099734,0.11134926,0.1692632,0.1408288,0.33003873,-100.336426,-59.921574,27.621433,1.916726,False,409,14099.242178948418,5.815145,2424.5728,15.314378,49,2208.91358614271,6.940454,318.26645,16.978096,50,18316.75020596499,17.967773,1019.42236,14.090775,1.4557991,0,1,0,2,0,2.8873215,1.6637182,1.2236032,17.999006,3.3311367,2,14,7,10,4.3911934,,,785.7131,,5500.0,4.5,0.0,0,,,,13.59703,0.13044138,7,,NOT_AVAILABLE,296.01197546270583,-2.88009224898716,218.37112386182346,-57.26667597903272,False,False,0,True,False,False,False,False,False,True,False,1.0202233e-13,5.0959643e-13,1.0,4914.148,4849.1846,4994.95,2.4993,2.4012,2.5859,-0.5969,-0.7458,-0.501,2215.402,2018.7224,2523.9917,4.7478,4.6967,4.8059,3.2997,3.2561,3.352,1.8316,1.8028,1.8673,MARCS,0.02474234683813586,IN,1
232,1636148068921376768,Gaia DR3 5332606385156667264,5332606385156667264,997354842,2016.0,176.41822451730778,0.02425332,-64.86101933891199,0.025319006,0.6636921880061094,0.029325843,22.631649,3.424427,-3.4227962098671187,0.034073766,-0.10566955957729186,0.03248138,0.0899327,0.01754534,-0.15202592,0.17216083,0.11878924,0.19813924,0.014669605,0.035551358,0.090078786,0.13910586,376,0,375,1,-0.2598072,378.021,0.0,0.0,31,False,1.4828763,,,,,,,,44,29,0.049534623,53,18,0,0.024377873,152.34482,0,0,0.9895666,0.115701266,0.14922026,0.10260531,0.27651945,-106.40777,-57.070915,31.91378,4.7421365,False,418,9230.416959647026,2.8586967,3228.89,15.774314,49,4240.2991285769585,6.736123,629.4866,16.27005,49,7172.731804247182,10.575846,678.21826,15.108684,1.2364589,0,3,0,4,0,1.1613665,0.49573612,0.66563034,,,,,,,,,,,,,,,,,,,,,,,NOT_AVAILABLE,296.0174225348521,-2.875844440837483,218.37536307777282,-57.260165660935314,False,False,0,True,False,False,False,False,True,True,False,1.0206907e-13,5.0983106e-13,0.99999535,5536.759,5307.5845,5753.9033,4.4232,4.3563,4.4756,-0.7359,-1.0592,-0.5185,1069.389,1030.9135,1125.1982,0.7446,0.5848,0.8734,0.6051,0.4729,0.7137,0.3289,0.2578,0.3879,MARCS,0.02001439602276011,IN,1
160,1636148068921376768,Gaia DR3 5332606591315122432,5332606591315122432,315025774,2016.0,176.40609841605666,0.024183193,-64.83396242012243,0.025295105,0.6300816909748999,0.029866604,21.096529,5.4165564,-5.411914587526499,0.032361425,-0.22419496132432493,0.033013627,0.069047704,0.03534481,-0.1802394,0.16346513,0.21764356,0.14930604,-0.0045856577,-0.06955625,0.11166565,0.10431153,387,0,385,2,0.30190498,404.50513,0.0,0.0,31,False,1.4830539,,,,,,,,45,28,0.047596708,53,17,0,0.022920199,136.81374,0,0,1.010091,0.20483127,0.11741841,0.20579763,0.30349272,-106.48323,-55.65198,31.939352,7.2960105,False,419,9059.69302103746,3.1652837,2862.2058,15.794583,49,4164.657284111288,9.049851,460.19067,16.289595,48,7012.185596044714,10.973349,639.01965,15.133262,1.233689,0,3,0,2,0,1.156333,0.49501133,0.66132164,,,,,,,,,,,,,,,,,,,,,,,NOT_AVAILABLE,296.0055940800606,-2.8509631863635736,218.33218168546165,-57.245569978771165,False,False,0,True,False,False,False,False,False,True,False,1.020934e-13,5.0995254e-13,0.99999297,6312.4937,6301.393,6330.7026,4.417,4.4021,4.4331,-0.065,-0.0808,-0.0482,1404.241,1380.6119,1426.1917,1.1258,1.1182,1.1376,0.9284,0.922,0.9386,0.5,0.4965,0.5054,PHOENIX,0.012271731358350033,IN,1
323,1636148068921376768,Gaia DR3 5332606419516409600,5332606419516409600,332340185,2016.0,176.43290196515818,0.024218738,-64.85841682954101,0.027005417,0.5161592555831584,0.030454243,16.94868,9.593782,-9.456878635296679,0.034664847,1.6149622900487155,0.035950057,0.07271913,0.017490081,-0.13976358,0.16562095,0.24888074,0.1809034,-0.048720628,0.035659656,0.076256834,0.1413904,367,0,365,2,-1.6331286,331.2928,0.0,0.0,31,False,1.5129216,,,,,,,,43,28,0.05233262,51,17,0,0.025187783,143.32935,1,0,0.9388517,0.120213866,0.15540677,0.110747024,0.28507718,-113.40895,-63.245323,33.92341,6.649723,False,409,9023.021780264295,2.934162,3075.1616,15.798986,48,4446.071814038906,8.671224,512.7387,16.218601,46,6597.4397942579735,10.705791,616.24963,15.199457,1.2239261,0,3,0,1,0,1.019144,0.4196148,0.59952927,,,,,,,,,,,,,,,,,,,,,,,NOT_AVAILABLE,296.02280731020954,-2.8717540015650043,218.37966084937256,-57.25382128456372,False,False,0,True,False,False,False,False,True,True,False,1.0205168e-13,5.0974486e-13,0.99999714,6649.452,6596.4126,6675.406,4.3875,4.3714,4.3969,-0.5709,-0.6057,-0.5409,1593.0198,1570.8666,1633.7795,1.0674,1.0402,1.0802,0.9023,0.8784,0.9137,0.4914,0.4786,0.4975,A,0.016985051226991867,IN,1
441,1636148068921376768,Gaia DR3 5332606934912521984,5332606934912521984,345757241,2016.0,176.45374327266424,0.026506746,-64.82638137969161,0.030249005,0.3473104913575207,0.03343615,10.387275,5.6213474,-5.487389378410474,0.034600757,1.219880036627066,0.04115683,0.1172254,0.07724198,-0.14661103,0.22423255,0.26134023,0.20685759,-0.026366359,0.01580493,0.1301909,0.20869097,363,0,362,1,1.1637508,401.64914,0.081656754,0.766481,31,False,1.4051939,,,,,,,,43,26,0.05943518,50,16,0,0.018122068,132.6777,3,0,1.0429199,0.22150527,0.21068217,0.23256962,0.2775497,-92.24272,-63.37478,31.442333,7.3991256,False,402,8408.658721060743,4.063021,2069.558,15.87555,44,3226.701007777403,16.725609,192.9198,16.566645,44,8178.008723256979,32.34579,252.83069,14.966276,1.3563055,0,41,0,42,0,1.6003685,0.6910944,0.9092741,,,,,,,,,,,,,,,,,,,,,,,NOT_AVAILABLE,296.0233146189407,-2.8385198315634708,218.34735158886687,-57.225552955920314,False,False,0,True,False,False,False,False,True,True,False,1.0206453e-13,5.098306e-13,0.9999958,10907.015,10771.547,11008.014,4.2165,4.1975,4.2458,-0.8015,-0.9663,-0.3602,2134.256,2083.1216,2271.985,3.6145,3.6058,3.6279,3.0646,3.0564,3.0772,1.6808,1.676,1.6872,A,0.018475262779565304,IN,1
528,1636148068921376768,Gaia DR3 5332606213357983360,5332606213357983360,1075851142,2016.0,176.47112000350586,0.026976207,-64.8609561056948,0.027821522,0.5811714443040383,0.032612994,17.820242,4.966639,-4.929576420342719,0.038472436,0.6056223739250735,0.036785636,0.035631593,0.04704456,-0.19515951,0.14476235,0.1130288,0.15378447,-0.05090865,-0.06417298,0.090812795,0.094590865,396,0,392,4,1.2477099,439.73224,0.11639544,1.535438,31,False,1.4578813,,,,,,,,46,29,0.05484487,53,17,0,0.015225275,162.71822,0,0,1.0443076,0.15807797,0.10418383,0.123337924,0.2931856,-124.05068,-66.735115,36.346516,8.535088,False,420,8071.3740215967055,3.2148013,2510.6914,15.919998,47,3520.8960817298116,10.234918,344.00824,16.471909,48,6649.542273373438,7.856793,846.3431,15.190916,1.2600628,0,36,0,38,0,1.2809925,0.5519104,0.7290821,,,,,,,,,,,,,,,,,,,,,,,NOT_AVAILABLE,296.0391806734685,-2.870124689401543,218.40349265901128,-57.24363091323251,False,False,0,True,False,False,False,False,True,True,False,1.02288166e-13,5.1094133e-13,0.9999737,5454.562,5409.304,5497.198,3.9617,3.9157,4.0001,-0.042,-0.0778,-0.0103,1893.9772,1789.3176,2037.0579,0.9436,0.9107,0.971,0.7544,0.7274,0.7771,0.4048,0.3902,0.4173,MARCS,0.026469539107287367,IN,1
62,1636148068921376768,Gaia DR3 5332606488236105344,5332606488236105344,74449284,2016.0,176.38365793187782,0.028852914,-64.84260606288166,0.029530006,0.3614194797587774,0.034988098,10.329783,4.589917,-4.405739266916066,0.041344553,1.2871671511641023,0.04351443,0.11059102,0.10280257,-0.063714296,0.20657375,0.15866534,0.19548792,0.013640263,-0.07706698,-0.028890831,0.20835428,354,0,352,2,1.6684387,407.93066,0.08877587,0.81032324,31,False,1.4378207,,,,,,,,41,25,0.06487784,49,15,0,0.018060943,145.4861,1,0,1.0630164,0.2192117,0.13855112,0.14944652,0.33281428,-92.00724,-54.12506,32.577835,4.6268573,False,383,7812.977707375821,3.7486312,2084.2214,15.955325,44,3279.2400630845705,20.069918,163.39081,16.549109,47,7063.209194590929,50.434746,140.0465,15.12539,1.3237525,0,27,0,30,0,1.4237185,0.5937834,0.8299351,,,,,,,,,,,,,,,,,,,,,,,NOT_AVAILABLE,295.998536502033,-2.8617362956739383,218.33192722241304,-57.25844346530707,False,False,0,True,False,False,False,False,True,True,False,1.02041476e-13,5.6443603e-11,0.99999815,6023.4424,6007.5874,6047.3745,3.9994,3.9655,4.0225,-0.8545,-0.8906,-0.8194,1597.2756,1546.2137,1675.399,1.613,1.6019,1.6298,1.3028,1.2936,1.3168,0.7159,0.7108,0.7235,A,0.019237492758982223,IN,1
124,1636148068921376768,Gaia DR3 5332606591315116032,5332606591315116032,1654422723,2016.0,176.39856180170378,0.03029289,-64.83668199279288,0.030614732,0.5142992381178525,0.036479983,14.098122,2.4243011,0.5427548108257829,0.040339265,-2.362763794020244,0.041458756,0.067449145,0.023622042,-0.16964962,0.1530181,0.19877276,0.1305346,-0.048845172,-0.09357652,0.04414948,0.12930806,380,0,378,2,2.281828,456.52225,0.14851971,2.1783938,31,False,1.4543073,,,,,,,,45,28,0.0601644,53,18,0,0.025729539,136.3336,0,0,1.0837783,0.19697183,0.11677151,0.1514558,0.28841716,-104.34335,-49.82807,29.544601,5.317369,False,421,7165.091811747213,2.9902692,2396.136,16.049313,50,3068.213087229638,7.5600796,405.84402,16.621328,46,5883.639203474474,9.4112215,625.1727,15.32378,1.2493702,0,32,0,29,0,1.2975483,0.57201576,0.72553253,,,,,,,,,,,,,,,,,,,,,,,NOT_AVAILABLE,296.00317669392825,-2.8544036930445587,218.33184610863694,-57.249769193855364,False,False,0,True,False,False,False,False,True,True,False,1.0210945e-13,5.1004643e-13,0.9999914,5144.2188,5065.6387,5258.6016,4.3522,4.3115,4.4082,-0.8935,-1.0182,-0.7363,1106.2166,1035.0889,1166.2299,0.7847,0.7263,0.8683,0.6235,0.5755,0.6915,0.3388,0.3131,0.3755,MARCS,0.013751441655218556,IN,1
0,1636148068921376768,Gaia DR3 5332609408813651200,5332609408813651200,1324524130,2016.0,176.3700131618336,0.030297378,-64.84209191643987,0.029547231,0.34011616629716224,0.035217322,9.657639,9.430797,-9.401348780945526,0.040998176,0.7446876193567559,0.04097537,0.09324398,0.018245038,-0.030006763,0.24016206,0.09553993,0.23901618,0.08771303,-0.06020578,0.041016266,0.20969047,360,0,357,3,-1.1505494,335.18506,0.0,0.0,31,False,1.4477537,,,,,,,,42,26,0.062870115,50,16,0,0.030801846,130.24095,0,0,0.9560189,0.17076632,0.11217554,0.13833372,0.29175577,-117.800095,-41.29898,29.466516,4.0228477,False,402,6753.558730381588,4.030753,1675.5079,16.113535,47,2847.5830934593205,9.007344,316.14014,16.70235,47,5676.189258913102,10.223198,555.2264,15.362753,1.2621157,0,1,0,0,0,1.3395977,0.5888157,0.750782,,,,,,,,,,,,,,,,,,,,,,,NOT_AVAILABLE,295.99278725702163,-2.862705385623879,218.32394564090578,-57.26235209462992,False,False,0,True,False,False,False,False,True,True,False,1.0204325e-13,5.111413e-13,0.999998,8049.6763,7882.0874,8207.272,3.6632,3.6468,3.6807,-0.2484,-0.2497,-0.2461,4769.567,4707.443,4827.579,2.5159,2.45,2.5737,2.1317,2.0703,2.1866,1.1605,1.127,1.1906,A,0.025014177333445207,IN,1
545,1636148068921376768,Gaia DR3 5332606316437201280,5332606316437201280,590806269,2016.0,176.47286765373522,0.028680678,-64.8576556825627,0.028720656,0.5221934872690734,0.03387781,15.414028,3.9947393,0.6773440310839263,0.039863493,-3.936895643462307,0.03824986,0.012295958,-0.035327163,-0.17114288,0.1584715,0.11475947,0.17600574,-0.050574426,-0.00020447627,0.11070696,0.07475455,377,0,376,1,-0.57930666,370.08762,0.0,0.0,31,False,1.4719105,,,,,,,,44,29,0.05647692,51,17,0,0.017690556,148.13696,0,0,0.9779166,0.13119891,0.080579616,0.09123704,0.27444094,-136.58286,-57.85867,38.42393,9.115944,False,412,6752.547353118329,2.7456923,2459.3242,16.113697,46,3009.8926382310146,6.537421,460.4098,16.642164,48,5356.348481829645,7.1484723,749.29974,15.425723,1.2389755,0,1,0,0,0,1.2164412,0.5284672,0.687974,,,,,,,,,,,,,,,,,,,,,,,NOT_AVAILABLE,296.0390694062462,-2.866743607594444,218.3999493765429,-57.24084374689411,False,False,0,True,False,False,False,False,True,True,False,1.0206679e-13,5.0982076e-13,0.9999956,5799.758,5778.956,5822.6157,4.4267,4.405,4.4469,-0.5025,-0.5286,-0.4785,1184.3561,1148.5645,1223.2188,1.0358,1.0227,1.0498,0.8434,0.8322,0.8552,0.4588,0.4526,0.4653,MARCS,0.024708667386481396,IN,1
374,1636148068921376768,Gaia DR3 5332606522595639808,5332606522595639808,1649736295,2016.0,176.44108940774265,0.033858553,-64.84478935417955,0.033367738,0.2866722994500302,0.040776666,7.0303025,7.227529,-7.054962415556851,0.043901578,-1.5699304451058542,0.042682253,0.12463531,0.0950237,-0.07827856,0.19809645,0.25080934,0.17964216,0.04323894,-0.019819355,0.11639578,0.13535959,350,0,350,0,3.2296367,453.75867,0.13104707,1.4113231,31,False,1.4158999,,,,,,,,41,27,0.06421775,49,16,0,0.023410147,130.91058,0,0,1.1244314,0.1722803,0.12942635,0.14839676,0.2570276,-118.289894,-43.69062,33.367996,8.234139,False,392,6350.950739814763,3.365594,1887.0223,16.18027,46,2455.8612755137187,6.0064917,408.86783,16.863033,44,5803.777589800428,7.7015824,753.58246,15.338618,1.3005358,0,2,0,0,0,1.524415,0.68276405,0.84165096,,,,,,,,,,,,,,,,,,,,,,,NOT_AVAILABLE,296.0227411964734,-2.8576895165467238,218.365545129867,-57.24201047237076,False,False,0,True,False,False,False,False,True,True,False,1.0203538e-13,5.09716e-13,0.99999875,8110.5884,8051.2715,8180.98,4.161,4.1379,4.1925,-0.5864,-0.6319,-0.5444,2099.289,2025.6396,2169.3267,2.9337,2.912,2.9575,2.4417,2.4218,2.4641,1.3345,1.3237,1.3464,A,0.006149211534816771,IN,1
610,1636148068921376768,Gaia DR3 5332606316437202816,5332606316437202816,818270908,2016.0,176.4827571266861,0.041151553,-64.85834575754001,0.042698964,0.42832150086966625,0.0501552,8.539923,10.749474,-10.419252214892186,0.057251487,2.6439299501534377,0.05620484,-0.017564198,-0.0010488825,-0.15108132,0.16203365,0.14846212,0.16473861,-0.006373645,-0.06328016,0.12772793,0.013004963,381,0,380,1,11.34098,811.7658,0.3739522,11.929053,31,False,1.4634659,,,,,,,,44,27,0.07990418,52,17,0,0.019849686,136.59418,0,0,1.4404966,0.14572755,0.05094126,0.0696938,0.32774195,-108.45105,-73.0502,34.521587,7.0934696,False,419,6037.103811683084,3.8723173,1559.0416,16.235294,49,2700.470672762149,6.495608,415.73795,16.759943,49,5002.823598727136,9.579864,522.22284,15.499858,1.2759917,2,2,0,2,0,1.2600851,0.52464867,0.73543644,,,,,,,,,,,,,,,,,,,,,,,NOT_AVAILABLE,296.0433149631453,-2.866355561721991,218.4061609069667,-57.23822986783719,False,False,0,True,False,False,False,False,True,True,False,1.0209343e-13,5.583392e-13,0.99999297,5156.0737,5078.918,5225.338,4.333,4.2308,4.3636,-0.9338,-1.0863,-0.7969,1264.2684,1178.3435,1536.6913,0.7032,0.6419,0.7531,0.5607,0.5107,0.6016,0.3048,0.2779,0.3268,MARCS,0.0284290600936693,IN,1
60,1636148068921376768,Gaia DR3 5332600578360628864,5332600578360628864,992890937,2016.0,176.38327144566597,0.21579988,-64.86529997933539,0.21368553,-0.9634094850766163,0.25401372,-3.792746,4.685324,-4.671640358066921,0.30181503,0.35782465023586146,0.2846331,0.046710704,0.15407209,-0.15912855,0.25046992,0.1719649,0.24207734,0.006412454,-0.029993575,0.13946958,0.0519268,371,0,371,0,98.09713,15236.339,2.7172284,512.0793,31,False,1.4930191,,,,,,,,43,27,0.4250649,52,17,0,0.07673296,81.7971,0,0,6.315192,0.13377897,0.07259046,0.111941345,0.2938137,-104.85183,-40.60457,29.302845,3.7385576,False,401,5859.314383075391,22.298975,262.7616,16.26775,48,3041.689810804312,7.5323825,403.8151,16.630754,48,4950.700372236271,13.526636,365.99643,15.511229,1.3640487,0,31,0,32,0,1.1195259,0.36300468,0.7565212,,,,,,,,,,,,,,,,,,,,,,,NOT_AVAILABLE,296.00412006975023,-2.883734997791099,218.3625324476704,-57.273972773251444,False,False,0,True,False,False,False,False,False,True,False,7.959028e-11,4.3737437e-08,0.99999666,7744.366,7584.4575,7768.8467,4.3925,4.3458,4.3987,-3.5611,-3.5952,-3.4241,1794.0251,1787.5533,1842.3123,1.75,1.6794,1.7623,1.4976,1.4341,1.5085,0.8159,0.7826,0.8216,MARCS,0.030666259558891806,IN,1
507,1636148068921376768,Gaia DR3 5332606316437211392,5332606316437211392,1046481008,2016.0,176.4677272908788,0.036180984,-64.84852730418898,0.03611755,0.8473328641520435,0.043930784,19.287907,14.598495,-14.59395187329416,0.047888473,0.3641570497631085,0.046114076,0.006038928,-0.13375185,-0.08362361,0.14322372,0.24317057,0.16967663,0.033575397,-0.012705433,0.1574009,0.1079443,323,0,320,3,1.1955642,360.39673,0.1379371,1.3669829,31,False,1.4746627,,,,,,,,38,28,0.06894203,46,15,0,0.018398568,133.61331,0,0,1.0469339,0.14247683,0.07501719,0.07235255,0.2351793,-136.53973,-47.327156,42.361393,6.850376,False,366,5704.895995876308,2.5213156,2262.6665,16.296747,39,2558.746487707766,5.6493974,452.9238,16.818474,40,4508.14097579472,7.152202,630.3151,15.612902,1.2387408,0,0,0,0,0,1.2055721,0.5217266,0.6838455,,,,,,,,,,,,,,,,,,,,,,,NOT_AVAILABLE,296.03465454458063,-2.858457698926322,218.3848303964062,-57.236243602473444,False,False,0,True,False,False,False,False,True,True,False,1.0205823e-13,5.89177e-11,0.9999964,5425.8525,5373.3853,5511.742,4.6962,4.6729,4.7109,-1.0495,-1.1651,-0.946,840.3845,812.0906,890.6573,0.7715,0.734,0.8299,0.6231,0.5917,0.6719,0.3399,0.3226,0.3665,MARCS,0.01795446934325129,IN,1
346,1636148068921376768,Gaia DR3 5332606385131502720,5332606385131502720,562303412,2016.0,176.43675879581855,0.045750216,-64.86149271954667,0.0454608,0.7325754537407467,0.055111516,13.292603,6.6732426,-6.276249532022154,0.061647113,2.2673465132089596,0.058118936,0.03905098,-0.06156235,-0.051966958,0.15669388,0.2503293,0.15276596,0.04046812,-0.057090215,0.098790325,0.11759352,350,0,350,0,9.362225,681.1727,0.36589015,9.244131,31,False,1.43895,,,,,,,,41,28,0.08841103,48,16,0,0.011503536,136.24744,0,0,1.3757393,0.109401874,0.08388475,0.050755855,0.23754463,-159.00168,-43.97295,24.42492,4.137424,False,384,5273.761843757986,4.628244,1139.4736,16.382065,45,2227.3347347149806,9.333987,238.62628,16.969078,44,4706.617097521339,10.709688,439.47284,15.566123,1.3148018,0,45,0,44,0,1.402955,0.58701324,0.8159418,,,,,,,,,,,,,,,,,,,,,,,NOT_AVAILABLE,296.0251709383447,-2.874317807116028,218.38589188355525,-57.254707813222545,False,False,0,True,False,False,False,False,True,True,False,1.0202807e-13,5.771638e-11,0.99999946,6375.8105,6328.312,7121.3164,4.4241,4.3832,4.4677,-1.4629,-1.4931,-1.3785,1186.5322,1129.3195,1497.054,1.7593,1.7351,2.1298,1.4342,1.4132,1.761,0.7938,0.7822,0.9693,A,0.02025455290849842,IN,1
154,1636148068921376768,Gaia DR3 5332606488235896576,5332606488235896576,1593555080,2016.0,176.40501772531354,0.07660867,-64.84103760049646,0.069166824,0.6135561553034162,0.08985381,6.8283825,8.153206,-7.979715658866717,0.101467654,-1.6729927726261615,0.08949253,0.02795727,-0.05698838,0.044605214,0.17811652,0.27286613,0.13563205,0.05956301,-0.15327252,0.1525159,0.051763896,340,0,322,18,22.549189,1345.0035,0.73287433,30.413887,95,False,,1.5184382,0.018824842,-0.018791625,-0.09979735,-0.07629858,-0.014990611,-0.110261515,40,27,0.14168942,48,16,0,0.023883648,132.56407,32,0,2.0186784,0.13233289,0.120667286,0.15499145,0.21689779,-140.60033,-12.635889,20.158085,3.8135405,False,378,4888.019971817987,3.9621985,1233.6636,16.464535,44,2848.8475127402526,14.844502,191.91263,16.70187,44,4902.752373825586,31.009058,158.1071,15.521795,1.5858364,0,44,0,44,0,1.1800747,0.2373352,0.9427395,,,,,,,,,,,,,,,,,,,,,,,NOT_AVAILABLE,296.00693688210606,-2.857925274256935,218.34120144500537,-57.25071369205186,False,False,0,True,False,False,False,False,False,True,False,1.832255e-10,1.3522677e-08,0.9999906,,,,,,,,,,,,,,,,,,,,,,,0.010138203689565039,IN,1
355,1636148068921376768,Gaia DR3 5332606385156668544,5332606385156668544,1124318690,2016.0,176.43790565354237,0.03988673,-64.8626741291922,0.0392548,0.10933169682409413,0.047368675,2.3081012,6.4290485,-6.400833606331032,0.05169903,0.6016592359560085,0.05053184,0.013113684,-0.05456671,-0.035754517,0.17894226,0.22351189,0.17542993,0.036030672,-0.03638686,0.09139273,0.13504788,339,0,337,2,1.7431202,395.34714,0.115108766,0.73355716,31,False,1.2654762,,,,,,,,40,27,0.07573868,48,17,0,0.0129072005,132.57033,0,0,1.067377,0.11949409,0.059287477,0.0710132,0.2650979,-166.80421,-35.342754,17.589792,2.8500316,False,377,4697.619585979673,3.0889254,1520.7942,16.507671,43,871.802134748128,6.1022267,142.86623,17.987497,40,5856.390033469676,11.79526,496.50366,15.32882,1.4322556,0,1,0,0,0,2.658677,1.479826,1.1788511,,,,,,,,,,,,,,,,,,,,,,,NOT_AVAILABLE,296.02594100716607,-2.875338376690757,218.3881067175159,-57.2551526194678,False,False,0,True,False,False,False,False,True,True,False,1.0202233e-13,5.0959676e-13,1.0,7680.4634,7104.8647,7936.6763,3.7104,3.5396,3.8347,-0.4558,-0.4992,-0.4181,1748.3268,1548.7241,2024.2356,5.6739,5.4331,5.76,4.2834,4.0572,4.3681,2.3981,2.2721,2.4439,A,0.02150239272256843,IN,1
285,1636148068921376768,Gaia DR3 5332606522595646336,5332606522595646336,136738320,2016.0,176.42683668860982,0.03887148,-64.83737646494225,0.038037237,0.1829131009787448,0.046951186,3.8958142,4.3226,-4.268734242476417,0.049393892,0.6802773574067227,0.051044885,0.020929173,-0.08002593,-0.10497866,0.14283836,0.28601637,0.08853455,-0.06157043,-0.13626243,0.025857976,0.15598376,342,0,342,0,-0.8189926,329.21228,0.0,0.0,31,False,1.2856551,,,,,,,,40,26,0.07479453,49,17,0,0.014535078,129.85834,0,0,0.96764153,0.16023476,0.106175914,0.121679105,0.24240804,-130.77803,-34.989994,24.90352,4.320847,False,384,4584.736997608833,2.4970164,1836.086,16.53408,42,980.7952089793624,6.258223,156.72104,17.859596,39,5444.152972310449,8.293972,656.39874,15.40807,1.4013777,0,0,0,1,0,2.4515266,1.3255157,1.1260109,,,,,,,,,,,,,,,,,,,,,,,NOT_AVAILABLE,296.0149999807615,-2.8520425843415973,218.34788476554948,-57.241419412172554,False,False,0,True,False,False,False,False,True,True,False,1.02024136e-13,5.0960625e-13,0.9999998,7324.9756,6768.7275,7438.122,3.4632,3.3239,3.4896,-0.3026,-0.3101,-0.2867,2891.4463,2832.4827,3285.2842,4.9435,4.7313,4.9884,3.7584,3.5451,3.8014,2.0902,1.9687,2.1144,PHOENIX,0.0042298272071391455,IN,1
356,1636148068921376768,Gaia DR3 5332606522595646208,5332606522595646208,612558181,2016.0,176.43807562631008,0.040666874,-64.83966525331086,0.042673368,0.07341322064883017,0.04975393,1.4755261,5.040755,-4.8658545645612215,0.050932225,1.3163094001405165,0.05574391,0.09832599,-0.057570126,-0.03361556,0.22304256,0.27117166,0.18552196,0.053307705,-0.08646986,0.08337641,0.19220148,321,0,320,1,-0.70461345,325.5701,0.0,0.0,31,False,1.2301304,,,,,,,,38,26,0.08185124,46,16,0,0.02036951,127.19592,0,0,0.9710112,0.11634632,0.14288607,0.19348954,0.22303942,-113.59843,-49.495525,24.043987,1.7222785,False,355,4494.206665722421,3.0426347,1477.0773,16.555735,39,607.62248277652,5.332359,113.950035,18.379457,42,6106.939163741797,9.747441,626.51715,15.283337,1.4940482,0,0,0,3,0,3.0961208,1.8237228,1.272398,,,,,,,,,,,,,,,,,,,,,,,NOT_AVAILABLE,296.02020745762724,-2.8530533575378034,218.35698852582237,-57.23946875096458,False,False,0,True,False,False,False,False,False,True,False,1.02022333e-13,5.095966e-13,1.0,,,,,,,,,,,,,,,,,,,,,,,0.0043430615559500825,IN,1
321,1636148068921376768,Gaia DR3 5332606522595638400,5332606522595638400,479541484,2016.0,176.43283499752357,0.05133831,-64.84374978725629,0.051842865,-0.041636288586258896,0.061791908,-0.6738146,3.2084954,-3.140567401838763,0.06273666,0.6567183624986068,0.06605535,0.16672693,0.05374438,0.05791363,0.26479405,0.33871984,0.22482714,0.09691758,-0.003995717,0.11830997,0.20923133,297,0,297,0,0.90005815,418.10425,0.29628354,4.2094707,31,False,1.1941773,,,,,,,,35,24,0.09994181,43,15,0,0.01853946,128.10909,0,0,1.0363195,0.07129889,0.15603836,0.1539297,0.18298066,-114.30568,-41.08466,22.261976,3.9424257,False,341,4481.830664751131,6.218429,720.7336,16.55873,41,408.82974641178015,8.030159,50.91179,18.809687,40,6769.331661510085,17.495926,386.90903,15.171531,1.6016138,0,3,0,2,0,3.638156,2.2509575,1.3871984,,,,,,,,,,,,,,,,,,,,,,,VARIABLE,296.0190791338266,-2.857567446083048,218.35972940750978,-57.243878673712594,False,False,0,True,False,False,True,False,False,True,False,1.0202233e-13,5.0959643e-13,1.0,5135.0376,5113.7617,5158.359,2.7552,2.7193,2.7917,-0.6134,-0.6172,-0.6109,1771.032,1703.856,1839.8177,7.3632,7.3451,7.3809,4.8908,4.8765,4.9053,2.7818,2.773,2.7907,MARCS,0.002803501260094515,IN,1
562,1636148068921376768,Gaia DR3 5332606763113838976,5332606763113838976,1271423733,2016.0,176.47646396311194,0.045413177,-64.82143847857176,0.0420637,0.27676432637908477,0.051457006,5.378555,5.1515055,-4.797680285295546,0.054077733,1.8762390437963758,0.053998627,0.02896781,-0.12525277,-0.1909193,0.17931385,0.220566,0.18200214,0.015487992,-0.018058574,0.07824562,0.14941144,338,0,337,1,2.714501,424.26642,0.21659112,2.5395482,31,False,1.4169564,,,,,,,,39,27,0.08035275,46,17,0,0.014553673,117.82012,0,0,1.106133,0.15228446,0.12535588,0.10993432,0.21422762,-124.85232,-35.979946,29.957722,7.793354,False,381,4337.162764582423,2.499968,1734.8873,16.594353,40,1686.761346337222,7.0885415,237.95605,17.270908,40,3933.387908507889,7.0937605,554.4856,15.760979,1.2958124,0,1,0,0,0,1.5099297,0.67655563,0.833374,,,,,,,,,,,,,,,,,,,,,,,NOT_AVAILABLE,296.0314361315717,-2.831304917770821,218.35279444775207,-57.21510456520256,False,False,0,True,False,False,False,False,False,True,False,1.0203345e-13,5.097114e-13,0.9999989,,,,,,,,,,,,,,,,,,,,,,,0.028521923928217695,IN,1
93,1636148068921376768,Gaia DR3 5332600578360632576,5332600578360632576,695374909,2016.0,176.39199415353357,0.045280904,-64.86165480319897,0.042542614,0.3668947986736455,0.051206317,7.1650305,7.1887608,-7.1129249290367556,0.059534427,-1.0414320189324475,0.055572145,0.023250034,-0.057021197,-0.1276392,0.20889468,0.16462001,0.21630396,0.0035962358,-0.023194907,0.083202034,0.10974146,341,0,338,3,1.1988269,380.79465,0.124374636,0.7239575,31,False,1.4465668,,,,,,,,40,27,0.085074686,50,18,0,0.024416393,140.75124,0,0,1.0457952,0.094850585,0.111048296,0.038953014,0.22786312,-173.94736,-28.907267,-3.0917873,1.259891,False,380,3753.030801858787,2.3011951,1630.905,16.751411,45,1574.8948938300407,6.6102586,238.25012,17.345413,40,3140.8095808677126,7.3051353,429.94543,16.005291,1.2565056,0,1,0,0,0,1.3401222,0.59400177,0.74612045,,,,,,,,,,,,,,,,,,,,,,,NOT_AVAILABLE,296.0067873911939,-2.879271903919003,218.36223433237643,-57.26877759737816,False,False,0,True,False,False,False,False,True,True,False,1.02039274e-13,5.0975505e-13,0.99999833,6130.8125,6053.496,6194.8433,4.4941,4.4603,4.5288,-1.8565,-2.0118,-1.717,1267.4436,1199.467,1335.5289,1.5103,1.4681,1.5452,1.2298,1.1935,1.26,0.6818,0.6616,0.6984,MARCS,0.025506316293652704,IN,1
196,1636148068921376768,Gaia DR3 5332606488235895296,5332606488235895296,786617044,2016.0,176.41207904694005,0.046382084,-64.84404655409584,0.045046028,0.23182508751423694,0.05481015,4.2296014,6.4990444,-6.39175115525743,0.058881845,1.1760510075733572,0.055579055,0.06891324,-0.060838327,-0.02142677,0.19325331,0.2652993,0.17977777,0.047476172,-0.059601683,0.108763605,0.13073705,323,0,321,2,-0.5386633,315.72025,0.0,2.2611098e-15,31,False,1.3992093,,,,,,,,38,26,0.08517018,46,16,0,0.022660112,129.16452,0,0,0.9776027,0.1279429,0.12376,0.1352806,0.20245701,-130.59401,-34.601578,24.585035,3.9951105,False,365,3503.428714304109,2.1862268,1602.5001,16.826134,43,1273.1565790005718,6.717529,189.52753,17.576338,44,3269.298406242492,7.6027217,430.01685,15.96176,1.2965741,0,1,0,1,0,1.6145782,0.7502041,0.86437416,,,,,,,,,,,,,,,,,,,,,,,NOT_AVAILABLE,296.01060543437364,-2.8600793237807247,218.3490527596001,-57.25055472521996,False,False,0,True,False,False,False,False,True,True,False,1.0204126e-13,5.0971933e-13,0.99999815,8198.42,7664.7017,8465.332,4.4064,4.339,4.4405,-1.0955,-1.162,-1.0209,1797.9996,1768.6398,1832.9736,3.1317,2.9431,3.2335,2.5861,2.4093,2.68,1.4178,1.3248,1.4673,A,0.007559172012263428,IN,1
434,1636148068921376768,Gaia DR3 5332606419516407552,5332606419516407552,793942735,2016.0,176.45264861497267,0.047090475,-64.86450689506734,0.04750013,0.549553857250181,0.05631663,9.758287,10.73592,-10.099090111391245,0.062018037,3.642574597368842,0.06175231,0.006885686,-0.06723289,-0.08511809,0.1981104,0.110337004,0.20210332,-0.047699653,-0.08339545,0.12718593,0.065744005,330,0,329,1,1.8103825,388.11865,0.18464467,1.4534632,31,False,1.4753551,,,,,,,,39,27,0.08861067,47,18,1,0.021966716,143.34558,0,0,1.0709022,0.13625193,0.07303076,0.05839871,0.20207591,-158.99455,-55.115723,7.103595,1.7335979,False,371,3450.5698227204316,2.042821,1689.1201,16.84264,43,1559.3599067682633,6.75033,231.00499,17.356176,41,2699.571303750152,7.351033,367.237,16.169659,1.2342689,0,1,0,0,0,1.1865177,0.51353645,0.67298126,,,,,,,,,,,,,,,,,,,,,,,NOT_AVAILABLE,296.03247137972267,-2.875535145519508,218.3984568331547,-57.251801109564205,False,False,0,True,False,False,False,False,True,True,False,1.02043536e-13,5.097336e-13,0.9999979,5179.94,5130.084,5288.1504,4.7449,4.7164,4.7646,-1.3535,-1.4754,-1.1012,950.9402,915.8637,1029.957,0.5551,0.5133,0.6391,0.4455,0.4114,0.5145,0.2428,0.2241,0.2802,MARCS,0.025115351439149933,IN,1
519,1636148068921376768,Gaia DR3 5332606316412159488,5332606316412159488,330015647,2016.0,176.46927454737445,0.047033403,-64.85318357342102,0.0486435,0.6366612129487385,0.05728687,11.113563,8.738248,-8.422110090218768,0.06383345,-2.3291718629143006,0.06308923,-0.0075266454,-0.036336973,-0.104771204,0.18549286,0.19626318,0.19855402,0.024164502,-0.047718424,0.18902496,0.057748184,330,0,329,1,1.1579815,366.98038,0.10536612,0.4159537,95,False,,1.4623086,0.014510323,-0.043119814,-0.106641605,-0.022630176,-0.044388823,-0.028775161,40,27,0.09085229,48,16,0,0.020991717,155.41327,0,0,1.044857,0.12129758,0.069572054,0.037679598,0.2674245,-152.24155,-64.437965,31.909534,4.919745,False,373,3194.769714724291,2.7194402,1174.7896,16.926268,36,1490.2671635118493,26.58937,56.047478,17.405382,44,3224.077693478517,83.93473,38.411724,15.976882,1.4756447,0,20,0,26,0,1.4285002,0.47911453,0.94938564,,,,,,,,,,,,,,,,,,,,,,,NOT_AVAILABLE,296.0364640808636,-2.8627990057591246,218.39196863927341,-57.23892523498379,False,False,0,True,False,False,False,False,True,True,False,3.2017757e-11,5.320647e-10,0.9999739,5085.1367,5035.5327,5147.7812,4.7128,4.6861,4.738,-1.2214,-1.3751,-1.0235,898.7024,853.1057,951.1194,0.7132,0.6728,0.7658,0.5658,0.5329,0.609,0.3082,0.2902,0.3312,MARCS,0.020770812946672112,IN,1
87,1636148068921376768,Gaia DR3 5332600578360633344,5332600578360633344,633366456,2016.0,176.39111733320505,0.048294436,-64.86026223991828,0.046080776,0.05524621019810672,0.05569931,0.9918653,6.2983837,-5.947016680409484,0.06554527,2.0742779585717726,0.061601464,0.020047352,0.0056577325,-0.13405807,0.20453808,0.20130785,0.21216778,-0.00088596134,0.013127252,0.109481856,0.10169109,358,0,358,0,0.3642204,396.63614,0.0,2.1393304e-15,31,False,1.2281351,,,,,,,,42,28,0.09352428,50,18,0,0.018543534,148.04955,1,0,1.0127904,0.05636568,0.10021589,0.056197036,0.2548655,-158.51924,-28.665323,14.446211,3.6570714,False,391,3165.6314690651125,2.5294075,1251.5309,16.936216,44,413.4400728416582,5.205749,79.4199,18.79751,42,4344.828178079537,9.340827,465.14386,15.652964,1.5031024,0,27,0,25,0,3.1445465,1.8612938,1.2832527,,,,,,,,,,,,,,,,,,,,,,,NOT_AVAILABLE,296.00607430714075,-2.8780185990342413,218.35987570067303,-57.26810563315515,False,False,0,True,False,False,False,False,False,True,False,1.0202252e-13,5.095967e-13,1.0,5182.303,5153.954,5209.1294,3.0039,2.949,3.0514,-1.1379,-1.1447,-1.1324,1653.7428,1571.1357,1750.8462,5.7796,5.7537,5.8026,3.9816,3.9615,4.0003,2.2522,2.2398,2.2635,MARCS,0.024662795833441917,IN,1
317,1636148068921376768,Gaia DR3 5332606552626842880,5332606552626842880,131568246,2016.0,176.43162442864426,0.054981075,-64.82465237400781,0.054205112,0.1493194963921145,0.06429052,2.322574,9.727927,-9.655475766598874,0.06542222,1.185051637441528,0.06922686,-0.07926193,-0.0877129,-0.22613929,0.17624298,0.31908354,0.15337308,-0.05638306,-0.04242347,0.0673053,0.034657013,296,0,294,2,0.8379638,324.19,0.14718133,0.74638385,31,False,1.2650753,,,,,,,,34,23,0.096550316,40,15,0,0.021107716,123.42738,0,0,1.0338899,0.12531108,0.032693338,0.16947956,0.30808935,-87.65412,-33.425636,19.842066,6.4119067,False,329,3162.647121509007,2.4334037,1299.6804,16.93724,35,593.1080767491121,6.6908145,88.64513,18.405708,35,3893.7847312430113,6.783181,574.0352,15.771966,1.4187143,0,0,0,0,0,2.6337423,1.4684677,1.1652746,,,,,,,,,,,,,,,,,,,,,,,NOT_AVAILABLE,296.0137618882203,-2.839216072558138,218.33319336522055,-57.23127859349156,False,False,0,True,False,False,False,False,False,True,False,1.02024224e-13,5.0961107e-13,0.9999998,,,,,,,,,,,,,,,,,,,,,,,0.016909002393275956,IN,1
72,1636148068921376768,Gaia DR3 5332606483907340160,5332606483907340160,1734150399,2016.0,176.38653862392067,0.047324505,-64.83566270260478,0.043966003,0.6742071693643353,0.0540795,12.466964,6.627558,-6.573648851982258,0.061759878,0.8436056950673503,0.06233851,0.018492548,-0.03892769,-0.12503894,0.23787534,0.09192175,0.21815167,0.020484734,-0.14992587,0.0742233,0.117845595,360,0,356,4,-0.22499894,359.6634,0.0,0.0,31,False,1.4701467,,,,,,,,42,26,0.09114049,50,17,0,0.032305144,139.91887,1,0,0.99057317,0.13265112,0.10262461,0.14587824,0.26849207,-117.2759,-29.313236,23.482248,3.2806375,False,395,3157.1901538378906,2.9948034,1054.2228,16.939116,45,1420.8183905220947,9.059088,156.83902,17.457195,43,2559.1434808963163,9.685441,264.2258,16.22766,1.2606025,0,22,0,22,0,1.229536,0.51807976,0.7114563,,,,,,,,,,,,,,,,,,,,,,,NOT_AVAILABLE,295.9979661916138,-2.854708789726729,218.32404359355414,-57.252828576949,False,False,0,True,False,False,False,False,True,True,False,1.0212094e-13,6.36482e-13,0.9999911,5353.5425,5218.008,5476.369,4.6887,4.6518,4.7325,-0.8125,-1.0571,-0.6176,1134.4565,1031.0911,1243.924,0.7389,0.6452,0.824,0.5945,0.5168,0.6649,0.3226,0.2813,0.3605,MARCS,0.01891422199421461,IN,1
506,1636148068921376768,Gaia DR3 5332606350771972352,5332606350771972352,415790323,2016.0,176.4675124795567,0.08980321,-64.84538927616889,0.09025721,0.05761664015742318,0.106081314,0.5431366,6.6927996,-6.612328991874897,0.11460567,1.0347334604548708,0.11922515,0.08588853,0.020777142,-0.013616205,0.27966574,0.19021857,0.24445327,0.12820825,-0.13279887,0.10593048,0.1839944,284,0,284,0,15.598398,870.0831,0.802977,22.092085,95,False,,1.4334327,0.02467664,-0.03570962,-0.13361388,-0.03329504,-0.014880125,-0.036703218,35,25,0.17895472,44,16,0,0.05253369,122.593094,0,0,1.7283845,0.12559502,0.07319159,0.11549717,0.27754083,-141.63966,-36.8161,27.366161,3.2605095,False,311,3128.613508104605,5.066958,617.454,16.948988,41,1358.2967081651154,15.197978,89.37351,17.506056,40,3250.5332522501944,34.468212,94.305244,15.968009,1.4731222,0,29,0,28,0,1.5380468,0.5570679,0.98097897,,,,,,,,,,,,,,,,,,,,,,,NOT_AVAILABLE,296.03377595821024,-2.8554434727055,218.3804620301595,-57.23417805674533,False,False,0,True,False,False,False,False,True,True,False,1.02146976e-13,4.7319815e-10,0.9999977,5968.669,5962.6,5984.0923,4.6862,4.6698,4.6963,-4.1013,-4.1375,-4.053,908.0781,898.3314,920.4501,1.8667,1.8603,1.8748,1.4901,1.4848,1.4966,0.8325,0.8295,0.8361,MARCS,0.016889400474386418,IN,1
182,1636148068921376768,Gaia DR3 5332606453876146688,5332606453876146688,745090562,2016.0,176.409081298862,0.05006544,-64.85542614821601,0.049304564,0.24336495952214274,0.059012376,4.123965,4.9977336,-4.8732346757564144,0.06658765,1.1085695976360053,0.06323249,0.023698263,0.064860515,-0.09203501,0.21574958,0.20916471,0.20966898,-0.0076217903,-0.02112292,0.11979847,0.08640025,354,0,353,1,0.8159945,395.00275,0.15088853,0.81225485,31,False,1.2400137,,,,,,,,41,26,0.09470955,49,18,0,0.019020984,144.93109,1,0,1.0301216,0.051699474,0.073974796,0.12898275,0.2823321,-158.04715,-36.538292,15.409895,0.8760406,False,396,3076.8331649543497,2.3852406,1289.9467,16.967108,44,457.9521086001704,6.4456596,71.048134,18.686493,44,4043.463710159,9.5610895,422.90826,15.731011,1.4630029,0,1,0,1,0,2.9554815,1.7193851,1.2360964,,,,,,,,,,,,,,,,,,,,,,,NOT_AVAILABLE,296.0122460383629,-2.871412171869804,218.36289398763674,-57.25921883240093,False,False,0,True,False,False,False,False,True,True,False,1.0202627e-13,5.096155e-13,0.99999964,4772.4062,4736.3096,4796.4233,3.31,3.2156,3.3669,0.0996,0.0614,0.1377,1425.1648,1339.9072,1575.816,4.8161,4.7783,4.8403,3.2866,3.2568,3.3057,1.7925,1.7744,1.8041,PHOENIX,0.016244843019746342,IN,1
210,1636148068921376768,Gaia DR3 5332606380828047360,5332606380828047360,219262841,2016.0,176.41422939076702,0.050939787,-64.86531872383175,0.04939611,-0.04168830614357389,0.059092473,-0.70547575,6.8832555,-6.751878522310515,0.06844394,1.3384107386221107,0.064649224,0.027356267,-0.011632469,-0.008623652,0.19623186,0.12862942,0.19755666,0.053681605,-0.031040411,0.0728265,0.06542347,338,0,336,2,0.37819552,364.10196,0.06283886,0.12851523,31,False,1.2395847,,,,,,,,40,28,0.09665764,48,16,0,0.016402792,151.8085,1,0,1.0137231,0.1076645,0.07276935,0.0832046,0.25090054,-118.93474,-40.297726,16.835415,2.1099102,False,367,3012.1812349433135,2.3688743,1271.5665,16.990164,44,454.4436953333263,4.94881,91.82888,18.694841,42,3994.5870842799536,8.034167,497.1999,15.744216,1.477013,0,27,0,26,0,2.9506254,1.7046776,1.2459478,,,,,,,,,,,,,,,,,,,,,,,NOT_AVAILABLE,296.01686414149464,-2.8804328710237956,218.37906841670386,-57.26433092008831,False,False,0,True,False,False,False,False,True,True,False,1.020244e-13,5.096063e-13,0.9999998,10038.568,9051.764,10367.991,3.9107,3.8662,3.9781,0.7035,0.2372,0.7795,2081.0378,1774.706,2209.4373,7.0441,6.8803,7.0803,5.3456,5.175,5.3792,3.0078,2.9106,3.0273,A,0.024595222229502733,IN,1
451,1636148068921376768,Gaia DR3 5332606209027551488,5332606209027551488,1579874300,2016.0,176.45538151096264,0.04992048,-64.86027684099948,0.050843332,0.40093623771507225,0.060235947,6.6560955,7.305747,-7.082297979704387,0.06712534,1.7930402846164308,0.06825422,0.04693183,-0.027545508,-0.008510786,0.20706466,0.17502023,0.20680204,-0.020749317,0.0032754987,0.14486918,0.14036027,350,0,348,2,0.65986043,375.2837,0.11213382,0.39948776,31,False,1.4801986,,,,,,,,41,29,0.10061762,49,17,0,0.02087152,152.53026,0,0,1.0243193,0.09433366,0.10758541,0.07418613,0.22520123,-138.73839,-57.819542,21.127668,4.4483404,False,380,2770.2867793914766,1.9408009,1427.3936,17.081055,46,1261.9373303640064,7.7714334,162.38155,17.585947,39,2125.44529616706,8.34544,254.68344,16.42927,1.2227552,0,2,0,1,0,1.1566772,0.50489235,0.6517849,,,,,,,,,,,,,,,,,,,,,,,NOT_AVAILABLE,296.03253038900516,-2.87114907523327,218.3941760277204,-57.24807577622912,False,False,0,True,False,False,False,False,True,True,False,1.0205149e-13,5.097503e-13,0.99999714,5184.87,5085.86,5366.3247,4.7126,4.6398,4.7645,-1.1934,-1.4663,-0.8912,1134.7574,1034.1104,1307.9819,0.4827,0.4022,0.6209,0.3886,0.3226,0.5024,0.2114,0.1754,0.273,MARCS,0.02188767527530816,IN,1
284,1636148068921376768,Gaia DR3 5332606380828065920,5332606380828065920,1238918253,2016.0,176.42667050729074,0.050529357,-64.85859646398586,0.05330144,0.4306641661678628,0.061458584,7.0073886,10.353753,-10.33490232087015,0.06847686,-0.6245039110627355,0.069055006,0.042556487,-0.059819918,-0.112476856,0.17794552,0.20193398,0.18973796,-0.049644962,0.020927353,0.050327852,0.11277058,340,0,340,0,1.0324396,377.55185,0.12574641,0.49824563,31,False,1.4534154,,,,,,,,40,28,0.10049144,48,17,0,0.019403903,145.71764,0,0,1.0391426,0.07321376,0.14266601,0.088630155,0.23164842,-118.80954,-58.38208,25.312284,6.0512505,False,375,2724.8645828550566,1.857256,1467.1454,17.099005,43,1173.7458015700176,6.3053102,186.15195,17.664608,45,2208.388663716038,8.015632,275.51025,16.387707,1.2412119,0,0,0,0,0,1.2769012,0.56560326,0.711298,,,,,,,,,,,,,,,,,,,,,,,NOT_AVAILABLE,296.02028742132467,-2.8725951032809767,218.3765803076798,-57.255886442374496,False,False,0,True,False,False,False,False,True,True,False,1.0209387e-13,5.099863e-13,0.9999929,5195.8716,5135.0884,5267.92,4.6896,4.6584,4.7126,-0.833,-0.9307,-0.7392,1100.2328,1052.472,1142.8818,0.7826,0.7361,0.8375,0.6229,0.585,0.6678,0.338,0.3172,0.3623,MARCS,0.017101483524309544,IN,1
37,1636148068921376768,Gaia DR3 5332606591315131392,5332606591315131392,360667733,2016.0,176.37921879741864,0.050290473,-64.82004525797936,0.0483108,0.2850598304265402,0.058408644,4.8804393,11.147256,-10.853933520027121,0.06861192,2.540364472684107,0.06839184,0.07498464,-0.008487823,-0.080473006,0.22289371,0.12947536,0.21493456,0.06334929,-0.07572359,0.051882666,0.17369795,379,0,375,4,-2.0697975,329.66132,0.0,0.0,31,False,1.4543083,,,,,,,,44,27,0.10318065,51,18,0,0.023895418,138.31007,0,0,0.9240083,0.17729011,0.12723498,0.15904963,0.28750563,-105.039505,-41.70837,31.310022,6.2747254,False,406,2660.963275730214,1.8939599,1404.9734,17.12477,49,1135.9154888266107,8.096094,140.30414,17.700176,46,2154.8211338359183,10.552416,204.20169,16.414368,1.2366712,0,2,0,2,0,1.2858086,0.575407,0.71040154,,,,,,,,,,,,,,,,,,,,,,,NOT_AVAILABLE,295.9909981952852,-2.8403852163511916,218.2989503483821,-57.24450336032987,False,False,0,True,False,False,False,False,False,True,False,1.0203173e-13,5.110017e-13,0.9999991,5375.666,5248.709,5560.5825,4.6823,4.6264,4.7206,-1.2626,-1.4685,-1.0024,1143.6123,1052.8455,1294.8191,0.9049,0.8018,1.0379,0.7227,0.6378,0.8333,0.394,0.3476,0.4539,PHOENIX,0.03010787099838319,IN,1
299,1636148068921376768,Gaia DR3 5332606556955397504,5332606556955397504,1453003790,2016.0,176.42830036056776,0.057064265,-64.82482025638384,0.058873948,4.056600564687108,0.069420405,58.435276,27.068428,-20.171729956686598,0.0735839,-18.04996272023361,0.0746839,0.020092422,-0.01401045,-0.2092322,0.13746935,0.29733074,0.14712483,0.04346331,0.019329056,0.11445977,0.081008,340,0,340,0,2.1762419,416.5476,0.23156604,1.4997641,31,False,1.2509292,,,,,,,,40,26,0.107132494,46,16,0,0.012543448,124.04818,0,0,1.0842205,0.1885188,0.100342594,0.19491899,0.35089156,-94.98076,-58.435215,31.351973,8.195845,False,375,2623.226361222497,2.2921066,1144.4609,17.140278,37,431.9875919569123,5.9028683,73.182655,18.749865,39,3371.5937694978606,8.885043,379.46848,15.928308,1.4499631,0,2,0,0,0,2.821557,1.6095867,1.2119703,,,,,,,,,,,,,,,,,,,,,,,NOT_AVAILABLE,296.0124341941178,-2.8397349109294385,218.33164518606748,-57.23242989683859,False,False,0,True,False,False,False,False,True,True,False,1.2558464e-13,6.287436e-13,0.9976672,3510.594,3498.5327,3514.524,4.6961,4.678,4.7127,-0.2869,-0.3263,-0.243,243.3085,236.3746,248.2459,1.5949,1.5637,1.62,1.0295,1.009,1.046,0.642,0.6301,0.6512,MARCS,0.01670112139005907,IN,1
542,1636148068921376768,Gaia DR3 5332606316437212160,5332606316437212160,1515830264,2016.0,176.47275827383086,0.053899806,-64.84905454018529,0.05283662,0.21277894301081934,0.06279015,3.3887315,1.6808842,1.6085339831448318,0.07430136,0.4878424475150368,0.07151616,0.042603623,-0.1126664,-0.04232847,0.2159416,0.16388138,0.25123817,0.1481576,-0.007975697,0.11285111,0.18470621,350,0,349,1,-0.32331583,351.05368,0.0,0.0,31,False,1.2951914,,,,,,,,42,29,0.111189276,50,18,0,0.0112317335,129.2169,0,0,0.9867342,0.11388024,0.07066061,0.08771934,0.28681433,-111.23938,-40.947998,34.535065,6.961963,False,384,2616.482266823213,1.9323704,1354.0272,17.143072,40,576.6337003238323,6.279229,91.831924,18.436293,39,3044.444080757133,10.27668,296.24783,16.039125,1.3839489,0,0,0,2,0,2.3971672,1.2932205,1.1039467,,,,,,,,,,,,,,,,,,,,,,,NOT_AVAILABLE,296.03685937284473,-2.8584303805057254,218.38823004521248,-57.23503326617429,False,False,0,True,False,False,False,False,False,True,False,1.0206277e-13,5.098014e-13,0.999996,,,,,,,,,,,,,,,,,,,,,,,0.02013201225071094,IN,1
516,1636148068921376768,Gaia DR3 5332606213362962176,5332606213362962176,224082543,2016.0,176.46912360960022,0.35799715,-64.85883125867929,0.35653293,2.355107313176964,0.4252051,5.538756,7.763967,-7.737234828276979,0.48251393,0.6437262042069315,0.4590772,0.026700765,-0.0073411474,-0.14206232,0.13239174,0.14147668,0.13026391,-0.028010134,-0.07758355,0.06876585,0.085165165,368,0,366,2,118.3767,24032.791,4.604806,703.9885,95,False,,1.3564161,0.100208834,-0.027513478,-0.051722813,0.015405184,0.002454313,-0.061050307,43,29,0.68394065,50,50,0,0.087656006,69.48448,43,0,7.8220925,0.13113052,0.046288963,0.057864726,0.2442107,-143.88837,-53.484035,31.413036,7.8666596,False,312,2612.9759432938945,3.7412522,698.42285,17.144527,41,1519.3416279813323,8.977469,169.23941,17.384403,42,2975.705196704945,7.2120886,412.59964,16.063921,1.7202787,0,3,0,2,0,1.3204823,0.2398758,1.0806065,,,,,,,,,,,,,,,,,,,,,,,NOT_AVAILABLE,296.0378238201039,-2.8682813585177223,218.3995461258871,-57.242809623313995,False,False,0,True,False,False,False,False,False,True,False,2.8399338e-10,1.4869636e-05,0.99996877,,,,,,,,,,,,,,,,,,,,,,,0.024347626493004065,IN,1
303,1636148068921376768,Gaia DR3 5332606385156668416,5332606385156668416,1149949266,2016.0,176.4294624777847,0.049341712,-64.86137802667314,0.05354492,0.2960975686668716,0.061448764,4.8186088,2.3911383,-2.17259487800392,0.06777881,0.9986859474870994,0.07068688,0.027431604,0.030266529,-0.074856386,0.19096763,0.22795072,0.18634067,-0.08551879,0.0061347266,0.05863219,0.12087438,360,0,358,2,0.75003034,389.2452,0.0,0.0,31,False,1.4210079,,,,,,,,42,27,0.10187193,50,18,0,0.021162508,148.76485,0,0,1.0274072,0.12979211,0.11676767,0.12921697,0.27964112,-127.340775,-65.064064,27.073706,4.4911666,False,383,2605.7263502014666,1.8954365,1374.7368,17.147545,42,1028.5100957901248,5.3611684,191.84439,17.808022,42,2265.0799155539567,6.2124176,364.60522,16.360188,1.2639816,0,0,0,1,0,1.447834,0.6604767,0.78735733,,,,,,,,,,,,,,,,,,,,,,,NOT_AVAILABLE,296.02213870384566,-2.8749878702783747,218.38184433908972,-57.25690494501804,False,False,0,True,False,False,False,False,False,True,False,1.0202782e-13,5.096416e-13,0.99999946,,,,,,,,,,,,,,,,,,,,,,,0.019859987155466125,IN,1
236,1636148068921376768,Gaia DR3 5332606522595645312,5332606522595645312,698632921,2016.0,176.41893664494566,0.053244755,-64.83659505809038,0.053904083,0.3889535455401624,0.06454723,6.0258746,5.197316,-5.17415848044077,0.07027919,0.49007869672192683,0.07006977,0.074626274,0.01432805,-0.11804622,0.21879524,0.24159509,0.18880177,0.07377864,-0.11538396,0.10537727,0.11937773,363,0,361,2,0.40739956,382.7629,0.0,0.0,31,False,1.4126254,,,,,,,,43,27,0.1032882,51,19,0,0.023744207,136.28716,1,0,1.0143658,0.16415884,0.10690136,0.21878564,0.27975923,-107.34757,-52.122383,27.467796,5.543334,False,390,2502.2677600668767,1.7546909,1426.0448,17.191532,46,943.4971860127595,6.0208125,156.70596,17.901691,48,2232.072802057395,6.3706317,350.36914,16.376125,1.2690768,0,0,0,2,0,1.5255661,0.7101593,0.8154068,,,,,,,,,,,,,,,,,,,,,,,NOT_AVAILABLE,296.01154814959943,-2.852133370716842,218.34260709745635,-57.24335306399105,False,False,0,True,False,False,False,False,False,True,False,1.0204529e-13,5.097224e-13,0.99999774,5347.6006,5250.847,5411.2764,4.6975,4.672,4.7197,-1.2668,-1.3977,-1.1379,953.5289,908.914,990.3758,1.4333,1.3576,1.4773,1.1219,1.0592,1.1583,0.6134,0.5788,0.6333,PHOENIX,0.0064788356258108065,IN,1
249,1636148068921376768,Gaia DR3 5332606419516416128,5332606419516416128,1611178727,2016.0,176.42133099927565,0.07002938,-64.8475328825516,0.07067819,0.1830568128963993,0.08526599,2.1468914,4.540858,-4.457986009695459,0.09160315,0.8635671257588129,0.089266434,0.12952654,0.1429734,-0.074312255,0.21167831,0.2742222,0.19308242,0.07701764,0.0013400093,0.14676476,0.1151576,370,0,368,2,8.720448,696.41583,0.5184194,7.333074,31,False,1.240514,,,,,,,,43,27,0.1334389,51,19,0,0.023090644,145.21521,3,0,1.3395097,0.156158,0.14149053,0.12875967,0.29312116,-121.24257,-53.170753,35.599976,7.8308907,False,413,2410.0143878004656,2.6195915,919.9963,17.232317,47,403.6721824800382,6.121772,65.940414,18.823471,42,3336.925267689754,12.421588,268.6392,15.939529,1.5521059,0,47,0,42,0,2.8839417,1.5911541,1.2927876,,,,,,,,,,,,,,,,,,,,,,,NOT_AVAILABLE,296.01529609110463,-2.8624609994187007,218.35872037219792,-57.25003697151538,False,False,0,True,False,False,False,False,True,True,False,1.0203172e-13,5.096299e-13,0.99999946,9559.446,9194.259,9836.72,4.1483,4.0809,4.1979,-1.8784,-2.1648,-1.5585,1120.9108,1038.4543,1180.6299,6.9378,6.8803,6.9706,5.2368,5.1778,5.2717,2.9422,2.9098,2.9624,PHOENIX,0.0068073715640309266,IN,1
271,1636148068921376768,Gaia DR3 5332606415188904576,5332606415188904576,489459478,2016.0,176.42505069057506,0.058444764,-64.85719723102613,0.06389422,-0.013199735638987475,0.07351678,-0.17954725,4.219822,-4.151165024150484,0.08380143,0.7581079501860835,0.08271665,0.07649839,0.05371889,-0.08560895,0.17548591,0.16254273,0.18193598,0.063311316,0.023080219,0.08527709,0.053603694,369,0,368,1,0.29656076,511.42422,0.37395114,3.8881605,95,False,,1.2152147,0.017492471,-0.10733122,-0.05619454,-0.06632368,0.01875451,-0.06524088,43,29,0.11907381,52,19,0,0.013089522,145.94836,0,0,1.0101178,0.13535765,0.15280588,0.15581548,0.30532533,-123.220604,-65.96091,30.201586,5.5629444,False,392,2403.021817903895,2.2753556,1056.1083,17.235472,46,296.1837317630286,6.703087,44.18617,19.15964,47,3391.375505970604,10.440904,324.81628,15.921956,1.5345509,0,19,0,19,0,3.2376833,1.9241676,1.3135157,,,,,,,,,,,,,,,,,,,,,,,NOT_AVAILABLE,296.01926742095037,-2.8714145578740804,218.37381743020012,-57.255441250626944,False,False,0,True,False,False,False,False,False,True,False,1.02023485e-13,5.095965e-13,1.0,,,,,,,,,,,,,,,,,,,,,,,0.015759840294107902,IN,1
381,1636148068921376768,Gaia DR3 5332606518267064192,5332606518267064192,383235036,2016.0,176.44202047633155,0.05452075,-64.84137055595805,0.06396235,0.3685350523785075,0.070610024,5.219302,3.4528844,-2.590035308721222,0.0755471,2.283446431546552,0.07635329,0.19276541,0.11159545,-0.0075014927,0.24664325,0.2787592,0.2585154,0.12730893,0.023975462,0.1445379,0.1760024,352,0,351,1,0.3812072,372.5172,0.0,0.0,31,False,1.3391931,,,,,,,,42,27,0.11617,51,18,0,0.02064836,132.18391,0,0,1.0135584,0.21291646,0.17589852,0.18728045,0.2800226,-115.08441,-59.02408,34.795204,5.637678,False,374,2389.668421264856,1.8320861,1304.3429,17.241522,43,697.8672252943101,7.835228,89.067894,18.22911,45,2486.9074055016245,7.216847,344.5975,16.258747,1.3327266,0,1,0,0,0,1.9703636,0.9875889,0.98277473,,,,,,,,,,,,,,,,,,,,,,,NOT_AVAILABLE,296.0222625790405,-2.8542812427975917,218.3614065737522,-57.23939707548278,False,False,0,True,False,False,False,False,False,True,False,1.0203183e-13,5.096663e-13,0.9999991,,,,,,,,,,,,,,,,,,,,,,,0.005606102779451128,IN,1
336,1636148068921376768,Gaia DR3 5332606522595639424,5332606522595639424,1493740229,2016.0,176.4352038415931,0.05700698,-64.84342931166712,0.063703306,0.6237352369565214,0.071787596,8.6886215,10.230344,-9.981053284344867,0.078887485,2.2446607919464046,0.0828371,0.15377723,0.093792,-0.012207968,0.25883493,0.27965406,0.2635972,0.064954594,0.055211704,0.16235895,0.19591507,342,0,341,1,1.559809,393.61935,0.21556741,1.2135147,31,False,1.4530236,,,,,,,,40,26,0.124319114,48,16,0,0.038422048,119.25895,0,0,1.0597588,0.1734738,0.202495,0.23417906,0.25636685,-92.92432,-60.37186,28.974106,5.395139,False,381,2369.370240781335,1.6598512,1427.4595,17.250784,38,1038.5011272427444,8.478601,122.484955,17.797525,39,2053.2513716456256,14.260453,143.9822,16.46679,1.3048836,0,18,0,18,0,1.3307362,0.5467415,0.7839947,,,,,,,,,,,,,,,,,,,,,,,NOT_AVAILABLE,296.0199739780668,-2.8570035805197644,218.36055927926512,-57.24292207450607,False,False,0,True,False,False,False,False,True,True,False,1.0219575e-13,5.387737e-13,0.9999844,4820.082,4772.383,4867.1924,4.8055,4.7831,4.8316,-1.5503,-1.6528,-1.4586,844.3713,803.3006,877.9784,0.5064,0.4564,0.5584,0.3972,0.3572,0.4388,0.2159,0.1941,0.2388,MARCS,0.0033119672048677424,IN,1
447,1636148068921376768,Gaia DR3 5332606930582095104,5332606930582095104,1750766728,2016.0,176.4545585645195,0.05394219,-64.81794629272844,0.057063572,0.3506186293763534,0.06824939,5.1373158,6.7569604,-6.6489480404306445,0.07014996,1.2033307111217608,0.07384406,0.049631845,-0.019433687,-0.1267027,0.1921715,0.21855411,0.18498784,0.016120892,-0.06404154,0.16450892,0.117221825,355,0,355,0,0.82584196,388.637,0.10044445,0.2729889,31,False,1.3948716,,,,,,,,42,26,0.10626581,49,17,0,0.017647577,132.99605,0,0,1.0304136,0.26233682,0.14590351,0.25588426,0.28460896,-106.16206,-62.093723,33.509373,9.564928,False,400,2327.0190647648687,1.7752244,1310.8309,17.270367,44,827.0966200406564,5.5478673,149.08371,18.044651,46,2186.0447633694102,8.742351,250.05229,16.398748,1.2948503,0,0,0,1,0,1.6459026,0.77428436,0.8716183,,,,,,,,,,,,,,,,,,,,,,,NOT_AVAILABLE,296.02152527513294,-2.830268948332886,218.3363610844772,-57.21956393322804,False,False,0,True,False,False,False,False,False,True,False,1.0204534e-13,5.0973716e-13,0.99999774,5290.9873,5231.173,5405.653,4.5116,4.4916,4.5366,-1.5783,-1.7133,-1.5076,1095.6033,1055.2045,1130.841,1.7867,1.7462,1.8595,1.3832,1.3493,1.4445,0.7634,0.7441,0.7994,MARCS,0.025987982192312294,IN,1
11,1636148068921376768,Gaia DR3 5332603528969781504,5332603528969781504,365242126,2016.0,176.37297636700802,0.054534297,-64.85827447734371,0.056274973,0.29659051795647406,0.066242695,4.4773316,6.1848974,-6.172954955668795,0.07957252,-0.384168097702606,0.07911541,0.024141096,0.11782713,-0.17619395,0.20413777,0.17097697,0.19492918,-0.09157282,-0.07310895,0.06612742,0.1074052,378,0,377,1,-0.12941462,384.22235,0.0,0.0,31,False,1.4174498,,,,,,,,44,26,0.11550172,53,20,0,0.022859024,158.56664,0,0,0.9943647,0.14315712,0.11320106,0.085959785,0.33657566,-109.78909,-58.93715,32.287704,3.2249095,False,411,2221.0796313163455,1.6283921,1363.9711,17.320957,48,859.9617829805584,7.4015856,116.18616,18.002344,47,1958.8054879556419,6.3860965,306.7297,16.517918,1.2690978,0,1,0,1,0,1.4844265,0.68138695,0.80303955,,,,,,,,,,,,,,,,,,,,,,,NOT_AVAILABLE,295.99810502028146,-2.878043360645263,218.3474990468115,-57.272414950523874,False,False,0,True,False,False,False,False,True,True,False,1.0203348e-13,5.0966946e-13,0.9999989,5078.6533,4988.3433,5139.121,4.3887,4.3738,4.3975,-1.5399,-1.581,-1.4997,1469.7976,1423.5024,1507.6646,1.2434,1.1716,1.2877,0.9693,0.9105,1.0058,0.5321,0.4993,0.5526,MARCS,0.029057586693313313,IN,1
389,1636148068921376768,Gaia DR3 5332606415190309632,5332606415190309632,1562738272,2016.0,176.44369030539772,0.05362028,-64.85267633341662,0.05693605,0.6119120384824182,0.06705634,9.125341,4.568044,-4.560427723516675,0.078837976,-0.2636799957973254,0.073309585,0.077687345,0.06847654,-0.02113287,0.20254508,0.21850947,0.23302506,0.023137474,0.09253967,0.1438775,0.12772454,375,0,373,2,-0.95653856,356.46198,0.0,0.0,31,False,1.4754963,,,,,,,,44,28,0.113831766,52,18,0,0.025980905,154.34459,0,0,0.9640546,0.1380981,0.13509867,0.11092034,0.28361794,-123.23888,-61.219894,36.054504,6.4566674,False,413,2193.240642538022,1.6435246,1334.4739,17.334652,47,1013.7682673949454,7.791954,130.10449,17.823696,45,1758.8172127105527,10.986054,160.09544,16.634844,1.2641501,0,1,0,0,0,1.1888523,0.4890442,0.6998081,,,,,,,,,,,,,,,,,,,,,,,NOT_AVAILABLE,296.02580111590055,-2.8650438751286593,218.37762925192771,-57.2465577907273,False,False,0,True,False,False,False,False,True,True,False,1.02193786e-13,5.117017e-13,0.99998313,5115.275,5018.9243,5357.321,4.7795,4.7023,4.7976,-1.4912,-1.6469,-1.0645,1097.191,1050.6346,1307.5898,0.5352,0.4516,0.7213,0.4283,0.3601,0.5814,0.2335,0.1961,0.317,MARCS,0.012818651984517324,IN,1
174,1636148068921376768,Gaia DR3 5332600578335620096,5332600578335620096,818019941,2016.0,176.40797165142595,0.071828775,-64.8664672321761,0.07317423,-0.05289649146613888,0.08620421,-0.61361843,5.4199915,-5.404689419473905,0.103554316,0.4069899567040104,0.09540019,0.05646816,0.0800573,-0.07654801,0.21764383,0.15686564,0.22786312,0.033303186,-0.014355279,0.10808651,0.06782699,377,0,371,6,7.493419,636.57434,0.54414254,6.9682984,31,False,1.29003,,,,,,,,44,28,0.14591713,54,19,0,0.020651774,147.37238,4,0,1.28839,0.16997282,0.11096352,0.13227795,0.27410954,-110.26313,-52.05783,31.090595,3.7104144,False,415,2120.025053866387,2.4103084,879.5659,17.371515,48,486.16523911212863,4.674711,103.998985,18.621582,48,2589.2044417949346,5.5680075,465.01456,16.21498,1.4506289,0,48,0,48,0,2.4066029,1.2500668,1.1565361,,,,,,,,,,,,,,,,,,,,,,,NOT_AVAILABLE,296.01457914224784,-2.8822148607682023,218.3772904357236,-57.2670620669675,False,False,0,True,False,False,False,False,True,True,False,1.0208065e-13,5.1005624e-13,0.99999946,5479.172,5357.456,5542.2695,4.077,4.0072,4.1931,0.1011,0.0146,0.1688,1217.3905,1077.9307,1302.9021,3.9169,3.8432,3.9525,2.8545,2.79,2.8855,1.5623,1.5226,1.5802,MARCS,0.026476270660444008,IN,1
190,1636148068921376768,Gaia DR3 5332606625674868224,5332606625674868224,788625030,2016.0,176.4111019714231,0.05910046,-64.82748017548968,0.060307216,0.18048365291536947,0.07108122,2.5391188,4.276788,-4.2268070965739994,0.08005261,0.6519341583665003,0.08125383,0.028083198,0.016993504,-0.1972085,0.14389192,0.18558134,0.14495204,0.104309335,0.0003927568,0.07245685,0.0456395,358,0,358,0,-0.8176032,347.14325,0.0,0.0,31,False,1.2788076,,,,,,,,42,27,0.11476809,49,17,0,0.012240471,129.82631,0,0,0.96845305,0.2056329,0.0919957,0.14337829,0.36280224,-92.820625,-60.633545,33.535988,9.487111,False,385,2106.1470338410295,1.816844,1159.2339,17.378645,44,433.58301931260957,7.1590652,60.564194,18.745861,43,2592.117401776352,8.914062,290.7897,16.213758,1.4366045,0,2,0,1,0,2.5321026,1.3672161,1.1648865,,,,,,,,,,,,,,,,,,,,,,,NOT_AVAILABLE,296.00601792005244,-2.8441537364819105,218.32606402437844,-57.239604191461474,False,False,0,True,False,False,False,False,True,True,False,1.0202983e-13,5.096284e-13,0.99999946,8561.173,8467.838,8697.777,4.1699,4.1317,4.2123,-1.0874,-1.3607,-0.7248,1555.3129,1437.3024,1650.5121,5.6591,5.6315,5.695,4.3563,4.3304,4.3915,2.4321,2.4185,2.4515,A,0.015937185742234787,IN,1
527,1636148068921376768,Gaia DR3 5332606316437207424,5332606316437207424,1457481346,2016.0,176.47108813648046,0.05891351,-64.85199143611071,0.06169851,0.34537773535412253,0.07231599,4.7759523,7.2997384,-7.1821497656065585,0.082446285,1.3049530259610447,0.08253778,0.024743386,-0.011010922,-0.08376819,0.17280824,0.15167123,0.18392262,0.017874137,-0.014889778,0.17826203,0.078588076,384,0,383,1,1.3110152,462.79822,0.29595658,2.2205217,95,False,,1.3262186,0.018026544,-0.080707185,-0.055712312,0.018263401,-0.012111658,-0.042640183,45,28,0.11906442,53,19,0,0.05762355,147.00284,1,0,1.0472243,0.16082166,0.10798485,0.1182862,0.31775138,-114.44321,-72.329445,37.64828,8.144572,False,416,2094.314292102461,7.8303413,267.46143,17.384762,44,707.9511681607897,17.508032,40.435795,18.213533,44,2497.6838452418683,43.95077,56.829124,16.254051,1.530637,0,20,0,20,0,1.9594822,0.8287716,1.1307106,,,,,,,,,,,,,,,,,,,,,,,VARIABLE,296.0369108169192,-2.8614513904790964,218.39132011258206,-57.237549743177375,False,False,0,True,False,False,True,False,True,True,False,5.4654865e-13,2.4845798e-10,0.9999985,9631.82,9595.395,9700.343,4.3614,4.335,4.3913,-2.127,-2.1798,-2.0394,1900.3564,1832.4221,1961.3394,4.4411,4.4287,4.455,3.6138,3.6038,3.6261,1.9883,1.9824,1.995,PHOENIX,0.020788046531041642,IN,1
513,1636148068921376768,Gaia DR3 5332606316437204864,5332606316437204864,275476686,2016.0,176.46827771170152,0.21496423,-64.85347495699803,0.24179308,2.429095002494787,0.27114013,8.9588175,5.9394307,-5.939422182292428,0.30518806,0.010159476504548685,0.3130166,0.055807207,0.06015313,-0.095210984,0.18145247,0.19197984,0.19767414,0.056660026,0.051169377,0.08489321,0.07654862,365,0,365,0,54.850475,5599.314,2.839323,184.85631,95,False,,1.2880913,0.060439594,-0.047695804,-0.058928277,0.008535953,0.007608974,-0.06852098,43,28,0.4474486,55,20,0,0.1059505,67.71544,27,23,3.6348343,0.16451667,0.12064994,0.14972875,0.34239733,-123.005585,-74.44946,37.034794,6.218176,False,405,2073.6323055289104,12.652003,163.89755,17.395538,0,,,,,0,,,,,,,,,,0,,,,,,,,,,,,,,,,,,,,,,,,,,NOT_AVAILABLE,296.0361269484358,-2.863187541586156,218.39183181104033,-57.23943401051908,False,False,0,False,False,False,False,False,False,True,False,3.814211e-09,4.6370932e-08,0.99998677,,,,,,,,,,,,,,,,,,,,,,,0.020589359869205192,IN,1
579,1636148068921376768,Gaia DR3 5332606724423649536,5332606724423649536,1781524903,2016.0,176.47934686323856,0.058381647,-64.83609541486007,0.061160937,0.30790223976378717,0.07094513,4.3400054,8.6196995,-8.566085886602403,0.07669164,0.9598955270361077,0.078778915,0.058723062,0.022288635,-0.15678212,0.20471516,0.20583321,0.19605027,-0.0005775833,-0.060835235,0.09804182,0.12311204,380,0,376,4,1.6196595,435.3166,0.16605477,0.6600223,31,False,1.3941156,,,,,,,,45,28,0.11440572,52,19,0,0.0182481,144.9036,0,0,1.059129,0.23209417,0.14906546,0.20067637,0.28841054,-105.530205,-60.55613,33.975643,7.5212865,False,412,2048.1295534075302,1.6740098,1223.4872,17.408974,45,739.1432637485219,5.6266055,131.36575,18.166721,41,1967.4316084552372,7.303521,269.38126,16.513145,1.3214861,0,1,0,1,0,1.6535759,0.75774765,0.89582825,,,,,,,,,,,,,,,,,,,,,,,NOT_AVAILABLE,296.0363124262599,-2.845183293903905,218.3741857264199,-57.22417066942671,False,False,0,True,False,False,False,False,False,True,False,1.0203719e-13,5.1013984e-13,0.99999875,,,,,,,,,,,,,,,,,,,,,,,0.022149085302297127,IN,1
458,1636148068921376768,Gaia DR3 5332606518265211520,5332606518265211520,1615516306,2016.0,176.4566107918626,0.06902179,-64.84562496082332,0.0686688,0.4492822632016212,0.08695319,5.1669436,4.7058625,-4.619058558785194,0.089398265,0.89968817063822,0.091149285,0.07665051,0.032174595,-0.05984859,0.18604903,0.23321192,0.16235927,0.018695153,-0.049448717,0.217091,0.089226976,336,0,334,2,4.9164205,491.46643,0.31357378,2.0605052,31,False,1.4523993,,,,,,,,39,25,0.13132827,47,16,0,0.014565225,135.88324,0,0,1.1965841,0.21078159,0.121468745,0.1590225,0.27297747,-100.20314,-54.628456,34.16045,9.098069,False,333,1971.2531275270162,2.0627344,955.6505,17.45051,37,846.2441372907092,15.425595,54.85974,18.019802,40,1759.3606929900925,17.53682,100.32382,16.634508,1.3218012,0,1,0,2,0,1.385294,0.56929207,0.8160019,,,,,,,,,,,,,,,,,,,,,,,NOT_AVAILABLE,296.02934487563397,-2.8568372512538516,218.3749627319904,-57.23773770712471,False,False,0,True,False,False,False,False,True,True,False,1.7952593e-11,7.344353e-11,0.99999964,5763.115,5736.7324,5787.611,4.641,4.6284,4.6583,-4.0463,-4.1157,-3.7987,1233.4247,1223.2987,1250.4283,1.5443,1.5256,1.5606,1.2359,1.2205,1.2494,0.6895,0.6809,0.6971,MARCS,0.012499246984055268,IN,1
183,1636148068921376768,Gaia DR3 5332606591315113984,5332606591315113984,338179681,2016.0,176.40990593612594,0.059572984,-64.84048109506449,0.06325699,0.23425934895126224,0.073347114,3.1938455,4.8926587,-4.798470923968022,0.08048244,0.955397521418517,0.08068926,0.072921686,0.028415615,-0.12973441,0.19502153,0.213215,0.1876921,0.058339305,-0.061662205,0.117978424,0.093533985,376,0,373,3,-1.0530442,359.66348,0.0,0.0,31,False,1.2515497,,,,,,,,44,28,0.11720488,52,19,0,0.0172458,138.53008,0,0,0.9605426,0.21990359,0.1425968,0.19355078,0.2943175,-113.061516,-59.4607,33.12961,6.1373315,False,418,1968.5943243169904,1.6327784,1205.6715,17.451977,49,337.720098270811,6.7587576,49.967777,19.01715,49,2507.2612238203697,5.8883786,425.79825,16.249897,1.4451841,0,1,0,0,0,2.7672539,1.5651741,1.2020798,,,,,,,,,,,,,,,,,,,,,,,NOT_AVAILABLE,296.0088096498358,-2.8568623205304426,218.34305610117954,-57.24881060335908,False,False,0,True,False,False,False,False,True,True,False,1.0203079e-13,5.096084e-13,0.9999998,4808.8467,4795.02,4829.6494,3.6684,3.6146,3.7085,0.2525,0.1959,0.3077,1375.0509,1314.549,1457.0673,4.4748,4.458,4.4943,3.1048,3.0911,3.1211,1.6916,1.6822,1.7023,MARCS,0.008115449156649796,IN,1
27,1636148068921376768,Gaia DR3 5332600578360627840,5332600578360627840,319407687,2016.0,176.37646429606798,0.060725287,-64.86608662643279,0.059839875,0.6523270650512142,0.07104173,9.182308,9.497891,-9.348836309723035,0.087328695,1.676069867448416,0.08051595,0.012931207,0.09030981,-0.14717405,0.24523972,0.16639,0.2580968,-0.02192405,0.032306124,0.15295754,0.06309014,374,0,373,1,0.8382343,407.73764,0.0,0.0,31,False,1.4337493,,,,,,,,44,27,0.12312332,54,19,0,0.026384106,151.93375,0,0,1.0301414,0.14660682,0.08781602,0.12462759,0.3033642,-100.93054,-45.293945,32.389587,4.465002,False,419,1955.725379201884,1.4559637,1343.2515,17.459097,50,779.0718059039827,6.7876134,114.77846,18.109598,49,1630.691490340438,5.4926567,296.88574,16.716967,1.2321583,0,2,0,0,0,1.3926315,0.65050125,0.7421303,,,,,,,,,,,,,,,,,,,,,,,NOT_AVAILABLE,296.0015182509912,-2.8852269736628995,218.3599706708859,-57.27662990523747,False,False,0,True,False,False,False,False,True,True,False,1.02081565e-13,5.101313e-13,0.99999416,4617.7295,4495.8296,4710.1753,4.6034,4.513,4.6594,-0.8365,-1.1404,-0.495,1161.9832,1033.857,1405.0961,0.4685,0.3262,0.5559,0.3608,0.25,0.4291,0.193,0.1342,0.2287,PHOENIX,0.03314849255334367,IN,1
555,1636148068921376768,Gaia DR3 5332606724423653248,5332606724423653248,508170047,2016.0,176.47453120291013,0.058910675,-64.83202463477784,0.062029626,0.12342253217447473,0.07195609,1.7152479,6.3324656,-6.141912174523094,0.07749121,1.5417637703851654,0.07921022,0.07187117,0.050003927,-0.16060698,0.20665972,0.21939306,0.20279443,0.029651906,-0.038279556,0.11491672,0.13038549,387,0,386,1,-1.2845424,362.49295,0.0,0.0,31,False,1.2882234,,,,,,,,45,28,0.1158319,52,19,0,0.006240782,118.31559,0,0,0.95296764,0.23017888,0.16019593,0.20119938,0.2959115,-104.74494,-60.602127,34.834637,7.679544,False,426,1942.6955095564829,1.7041544,1139.9762,17.466354,49,415.8786366495892,6.7667212,61.4594,18.791126,47,2312.2144376776528,11.369081,203.37744,16.337826,1.4042823,0,19,0,19,0,2.4533005,1.3247719,1.1285286,,,,,,,,,,,,,,,,,,,,,,,NOT_AVAILABLE,296.0333035273628,-2.8417578573660984,218.36609951217062,-57.22290511150483,False,False,0,True,False,False,False,False,True,True,False,1.0203692e-13,5.0965975e-13,0.9999993,8490.68,7671.201,9099.1,4.396,4.3494,4.4647,-1.0651,-1.1813,-0.3922,1279.435,1222.4749,1520.6475,5.3708,5.0903,5.5335,4.1536,3.8905,4.3117,2.3087,2.1746,2.3965,A,0.021624728251843674,IN,1
408,1636148068921376768,Gaia DR3 5332606934912522112,5332606934912522112,995360377,2016.0,176.44711820259485,0.06220043,-64.82530971096799,0.065149695,0.1539492570306758,0.07512218,2.0493183,6.81798,-6.610009062468177,0.08274014,1.6711152022719,0.083297804,0.07159617,0.00995337,-0.20019196,0.1756554,0.17178442,0.18413523,0.053233292,0.020009546,0.08269832,0.08523999,357,0,356,1,-1.6613033,324.10696,0.0,0.0,31,False,1.2661394,,,,,,,,42,28,0.12025385,49,18,0,0.016994668,129.79114,0,0,0.9370286,0.20306374,0.1687198,0.21944326,0.30478847,-106.29241,-62.15496,32.758526,7.8057137,False,400,1919.3458439539397,1.72873,1110.2635,17.479485,44,356.8875903847647,5.8614316,60.887444,18.957214,44,2373.2312851030274,9.129314,259.9572,16.309546,1.4224216,0,2,0,2,0,2.6476688,1.4777298,1.169939,,,,,,,,,,,,,,,,,,,,,,,NOT_AVAILABLE,296.0203138053875,-2.838192058904241,218.3423607072373,-57.22689129609895,False,False,0,True,False,False,False,False,False,True,False,1.0204726e-13,5.096622e-13,0.9999991,5128.924,5084.1123,5160.9985,3.7726,3.7419,3.7976,-0.2175,-0.2778,-0.1564,1404.0273,1368.5771,1445.7457,4.322,4.2913,4.3432,3.07,3.0432,3.0883,1.6929,1.6755,1.7045,MARCS,0.017977660350510096,IN,1
470,1636148068921376768,Gaia DR3 5332606346466523008,5332606346466523008,614402288,2016.0,176.45941469582053,0.063015535,-64.84115962726676,0.06638919,0.1661591092458113,0.07916406,2.098921,7.1744432,-7.166830941533814,0.08830533,-0.3304044878281184,0.088973895,0.03670402,0.10069116,-0.017779145,0.17779654,0.19424151,0.16510311,0.0128795,-0.00728011,0.19331293,0.053211145,323,0,322,1,-0.37333855,321.47107,0.0,0.0,31,False,1.3730236,,,,,,,,38,27,0.12671642,46,15,0,0.010445853,149.08206,0,0,0.9841634,0.25670597,0.09724037,0.19158916,0.34413964,-98.4349,-69.28685,31.294487,7.6375713,False,361,1886.5067571267145,1.9569161,964.02026,17.49822,35,646.9123091948088,10.416123,62.10682,18.311428,41,1875.4919668080483,12.749763,147.10014,16.565107,1.3370768,0,0,0,0,0,1.7463207,0.8132076,0.9331131,,,,,,,,,,,,,,,,,,,,,,,NOT_AVAILABLE,296.02937494520313,-2.8522156734867656,218.37040638978726,-57.23382878956141,False,False,0,True,False,False,False,False,True,True,False,1.02076544e-13,5.133833e-13,0.999998,5892.543,5773.1724,5936.448,4.6019,4.583,4.6285,-3.9398,-4.0962,-3.5901,1040.0314,983.5872,1064.0466,2.4092,2.3404,2.4373,1.8812,1.822,1.904,1.0544,1.0211,1.0675,MARCS,0.013003867378575255,IN,1
633,1636148068921376768,Gaia DR3 5332606758783400192,5332606758783400192,1266657844,2016.0,176.4871896427867,0.061899953,-64.82138254376483,0.06129608,0.244842534850775,0.072742805,3.3658662,6.801842,-6.774105423571554,0.08116878,0.6136370680867541,0.07819016,0.07353626,-0.0064345207,-0.2149587,0.19503681,0.24057032,0.21802741,0.091241114,0.0255779,0.11995581,0.15458009,383,0,381,2,0.069084376,394.34882,0.07576048,0.12272859,31,False,1.408618,,,,,,,,44,28,0.1197161,51,19,0,0.01767457,127.42036,0,0,1.0016332,0.20662668,0.15253285,0.18135834,0.30069834,-99.44365,-51.302547,33.712334,8.136004,False,418,1885.4175747020538,1.4622786,1289.3696,17.498848,47,688.5287153394496,4.5618157,150.93304,18.243736,47,1690.2271004224956,9.494362,178.02429,16.678032,1.26166,0,2,0,1,0,1.5657043,0.7448883,0.82081604,,,,,,,,,,,,,,,,,,,,,,,NOT_AVAILABLE,296.03584422142154,-2.830104268315641,218.35844911746926,-57.211720904039964,False,False,0,True,False,False,False,False,True,True,False,1.8502137e-11,5.097531e-13,0.99999815,5690.8174,5629.1704,5768.8066,4.7064,4.6714,4.7321,-2.3358,-2.9127,-1.9683,1087.1978,1062.6733,1138.2283,1.7973,1.7558,1.8426,1.4196,1.3847,1.4584,0.7898,0.7706,0.8121,MARCS,0.0319583489342178,IN,1
585,1636148068921376768,Gaia DR3 5332606316437202304,5332606316437202304,418467833,2016.0,176.48018744654115,0.06096435,-64.85818793610613,0.06381673,0.09139852270497553,0.07502209,1.2182882,5.897943,-5.8735053546408835,0.08667971,0.5363449002805836,0.084201925,-0.005600521,-0.020543136,-0.094003126,0.14879104,0.15528487,0.16271535,0.023197811,-0.021210214,0.13036498,0.039995357,396,0,394,2,-0.77998793,397.84772,0.0,0.0,31,False,1.2309651,,,,,,,,46,28,0.12155161,54,19,0,0.019976301,141.09633,0,0,0.97131807,0.15493275,0.08938739,0.09617075,0.32515508,-108.59222,-70.918945,33.515263,7.7754955,False,434,1779.0140407587642,1.7574648,1012.2616,17.561918,42,256.9692473026341,10.418415,24.664907,19.313839,45,2419.526151960325,7.7529182,312.0794,16.28857,1.5044825,1,2,0,0,0,3.0252686,1.7519207,1.2733479,,,,,,,,,,,,,,,,,,,,,,,NOT_AVAILABLE,296.04221720865473,-2.8664771248710577,218.40457606188474,-57.23892362990212,False,False,0,True,False,False,False,False,True,True,False,1.0205949e-13,5.095985e-13,1.0,4892.049,4835.579,5044.6636,3.5121,3.4671,3.568,0.0252,-0.2272,0.1163,1306.4174,1231.992,1382.9788,5.6099,5.5644,5.7021,3.8183,3.7779,3.9065,2.114,2.0864,2.1801,MARCS,0.027460340030732232,IN,1
340,1636148068921376768,Gaia DR3 5332606385156667136,5332606385156667136,93078637,2016.0,176.4358192140178,0.067860134,-64.86467323566562,0.07213685,0.10581339957992661,0.083916314,1.2609396,4.179935,-4.129585601691611,0.09419897,0.6468233730707648,0.092740096,0.052223884,0.069544554,-0.08251201,0.19961543,0.18974124,0.20787257,0.03640082,0.025167562,0.1296785,0.10780253,379,0,379,0,-0.11824891,502.4813,0.38012728,2.8321981,95,False,,1.1997882,0.020759497,-0.11975802,-0.07364871,-0.05223404,0.001976423,-0.071571134,44,28,0.13709462,52,19,0,0.01013887,157.40431,0,0,0.9947815,0.14368175,0.12023283,0.13071816,0.31703353,-127.76183,-65.12384,32.080143,5.171365,False,424,1774.3402625580459,1.8587158,954.60547,17.564775,48,209.36220649919602,5.129552,40.81491,19.536297,42,2459.3484366311836,7.663111,320.9334,16.270845,1.504058,0,2,0,0,0,3.2654514,1.9715214,1.29393,,,,,,,,,,,,,,,,,,,,,,,NOT_AVAILABLE,296.0255865283688,-2.877496281252015,218.3897067527243,-57.25716083150338,False,False,0,True,False,False,False,False,False,True,False,1.0202854e-13,5.095965e-13,1.0,,,,,,,,,,,,,,,,,,,,,,,0.023342692420899144,IN,1
230,1636148068921376768,Gaia DR3 5332606415187820800,5332606415187820800,483924397,2016.0,176.4174728774083,0.06749746,-64.85192148650907,0.06915591,0.36139384910541467,0.08251795,4.3795786,5.595943,-5.533101923578348,0.094540544,-0.8362764185474165,0.090325125,0.0973208,0.05492892,-0.085259296,0.23023573,0.3184529,0.27069342,0.14365558,0.12784842,0.2349152,0.1865987,366,0,365,1,-0.75597453,355.1455,0.0,0.0,31,False,1.3917902,,,,,,,,43,28,0.14216489,51,18,0,0.020545557,142.96707,0,0,0.97104216,0.09787274,0.13259529,0.13763401,0.29757363,-117.5088,-50.02606,32.484585,6.5548882,False,402,1713.124367178753,1.5376923,1114.0879,17.602894,45,608.7282116188634,5.257949,115.77294,18.377483,44,1621.6882894882096,7.569281,214.24602,16.722977,1.3019583,0,1,0,0,0,1.6545067,0.77458954,0.87991714,,,,,,,,,,,,,,,,,,,,,,,NOT_AVAILABLE,296.01481558652205,-2.8671212655752147,218.3626155293723,-57.25422131036059,False,False,0,True,False,False,False,False,True,True,False,1.02030336e-13,5.0968734e-13,0.9999993,5579.9424,5529.0317,5653.224,4.673,4.6543,4.692,-3.8011,-4.0719,-3.0802,1036.5367,1011.4931,1072.1301,1.951,1.9186,2.0014,1.5244,1.4972,1.5676,0.852,0.8357,0.876,MARCS,0.011468686223140696,IN,1
431,1636148068921376768,Gaia DR3 5332606930586385920,5332606930586385920,393932642,2016.0,176.45221112817848,0.06559986,-64.81982571636713,0.07193508,0.3026515458451856,0.08248706,3.6690788,6.2629027,-6.240472637598298,0.08695687,0.5295794126003268,0.08999124,0.06729495,0.03762511,-0.16222541,0.21312374,0.17425996,0.22103928,0.008075705,-0.04024206,0.17785598,0.11948763,350,0,348,2,0.11042103,361.32843,0.0,2.1702917e-15,31,False,1.3795376,,,,,,,,41,27,0.13050874,48,18,0,0.025417564,138.13104,0,0,1.0032458,0.24195476,0.204269,0.26120207,0.29067454,-110.86017,-68.325294,35.60715,9.816528,False,377,1661.6319622297658,1.6408371,1012.67334,17.63603,42,565.5872009022323,6.633339,85.26433,18.457293,41,1663.2005123852757,7.1427717,232.85086,16.695534,1.3413246,0,1,0,0,0,1.7617588,0.82126236,0.94049644,,,,,,,,,,,,,,,,,,,,,,,NOT_AVAILABLE,296.0210310430601,-2.832339248920563,218.33765236804476,-57.22157417206911,False,False,0,True,False,False,False,False,False,True,False,1.0203415e-13,1.1010232e-10,0.9999993,,,,,,,,,,,,,,,,,,,,,,,0.023863049116245108,IN,1
598,1636148068921376768,Gaia DR3 5332606346466516480,5332606346466516480,1638591289,2016.0,176.48158336600054,0.06819115,-64.8488381872606,0.06608401,0.7912448850221971,0.080132626,9.874191,4.1971703,-4.197165102575641,0.09670034,-0.0066374827934179885,0.08769039,-0.04633138,-0.06434446,-0.1415432,0.14035529,0.12521468,0.16609505,0.017098904,0.024290416,0.1063682,0.009271472,354,0,352,2,-0.06945033,360.11118,0.0,0.0,31,False,1.4152875,,,,,,,,42,28,0.13471037,49,16,0,0.009328064,107.69719,0,0,0.99640524,0.15671878,0.026323466,0.14012825,0.35428485,-126.14065,-76.02159,34.388973,9.427566,False,389,1617.6966417981198,1.6274308,994.0187,17.665125,43,652.2933709542224,9.474495,68.8473,18.302435,42,1526.6040523560268,20.854675,73.202,16.78858,1.3469135,0,19,0,20,0,1.513855,0.63731,0.87654495,,,,,,,,,,,,,,,,,,,,,,,NOT_AVAILABLE,296.04043977639395,-2.857278306001853,218.39264655554848,-57.232134776345255,False,False,0,False,False,False,False,False,True,True,False,1.0213145e-13,6.54157e-11,0.9999926,4169.5215,4149.4404,4192.637,4.414,4.4026,4.4407,-2.097,-2.1603,-2.0225,859.2083,836.9471,884.8733,0.1505,0.1167,0.1833,0.1126,0.0871,0.1374,0.0609,0.047,0.0743,MARCS,0.02358436703180642,IN,1
541,1636148068921376768,Gaia DR3 5332606763113840512,5332606763113840512,637769224,2016.0,176.47259219502902,0.069719225,-64.81928083120262,0.07407602,0.10730612879912867,0.08634663,1.2427367,6.921055,-6.740386090831681,0.09220833,1.5710483476051644,0.09580697,0.12777312,0.06348072,-0.06928175,0.26554942,0.27542442,0.26572734,0.13357672,0.009315269,0.19996628,0.20809443,364,0,363,1,-0.70269024,354.7165,0.0,0.0,31,False,1.363971,,,,,,,,42,26,0.14553376,49,17,0,0.020356672,132.68887,1,0,0.97293174,0.2549732,0.1719898,0.26112035,0.28463355,-100.69932,-54.905197,34.825737,7.5080104,False,396,1566.1753509627208,1.4580686,1074.1438,17.700266,45,506.195390802316,4.78682,105.74774,18.577747,45,1584.7692328364615,6.1878667,256.10913,16.74798,1.3350769,0,1,0,1,0,1.8297672,0.87748146,0.95228577,,,,,,,,,,,,,,,,,,,,,,,NOT_AVAILABLE,296.02929678448663,-2.8296306097718946,218.34780420677978,-57.214845153556126,False,False,0,False,False,False,False,False,False,True,False,1.0205604e-13,5.099401e-13,0.9999973,,,,,,,,,,,,,,,,,,,,,,,0.02899741337970099,IN,1
442,1636148068921376768,Gaia DR3 5332606552624953344,5332606552624953344,238600321,2016.0,176.45385396570987,0.070635885,-64.84088429674806,0.07413072,-0.12396498341774077,0.08937888,-1.3869606,5.4736238,-5.1798593402264554,0.09441257,1.769071443455838,0.09822701,0.026294194,-0.042107556,-0.15672916,0.15615688,0.21029288,0.15687765,0.023338549,-0.05886428,0.20438574,0.050718173,360,0,360,0,-1.6123698,328.4073,0.0,0.0,31,False,1.2749873,,,,,,,,42,27,0.13819562,50,18,0,0.02445508,142.93622,1,0,0.9391836,0.22978856,0.14392874,0.18310496,0.31137308,-99.8509,-67.938446,30.934227,7.3251143,False,397,1560.6937613175367,1.5367703,1015.5673,17.704073,43,350.60689623930733,9.644118,36.35448,18.976492,47,1945.348565567201,9.8018,198.4685,16.525402,1.4711121,0,2,0,2,0,2.4510899,1.272419,1.1786709,,,,,,,,,,,,,,,,,,,,,,,NOT_AVAILABLE,296.02701476707375,-2.8525440771459722,218.36706460609625,-57.235375900493665,False,False,0,False,False,False,False,False,True,True,False,1.02506863e-13,5.1006725e-13,0.9999991,9484.976,9280.131,9691.107,4.2828,4.1829,4.3248,-1.4395,-1.4827,-1.3484,1649.0466,1580.5706,1852.514,5.9011,5.8646,5.9321,4.5778,4.543,4.6076,2.5553,2.5366,2.5716,A,0.010653891259460653,IN,1
164,1636148068921376768,Gaia DR3 5332606591315116288,5332606591315116288,325250322,2016.0,176.40647558171761,0.06982385,-64.83817772948106,0.07225371,0.30707183269496857,0.08588642,3.5753248,9.510338,-9.339567573305914,0.09387602,1.7941574383359757,0.09495682,0.045488667,0.043766562,-0.13217734,0.19544585,0.21532527,0.1801434,0.018876407,-0.06163413,0.13613923,0.0759601,383,0,381,2,-0.36595792,384.93887,0.0,0.0,31,False,1.2611727,,,,,,,,45,28,0.13600914,53,19,0,0.019497253,144.79425,1,0,0.9858022,0.19344862,0.11752512,0.2081582,0.30587062,-105.33578,-56.3631,30.889711,7.1785445,False,421,1523.9466895718822,1.5553044,979.8382,17.729942,49,264.22946730439236,5.0406094,52.420143,19.283588,47,1904.2042281899276,7.5357714,252.68869,16.548613,1.4229065,0,1,0,0,0,2.7349758,1.5536461,1.1813297,,,,,,,,,,,,,,,,,,,,,,,NOT_AVAILABLE,296.00681466012026,-2.855001555851775,218.3381003429579,-57.24831607711125,False,False,0,False,False,False,False,False,True,True,False,1.0213161e-13,5.096512e-13,1.0,4937.398,4903.506,4977.4478,3.8469,3.8185,3.8741,0.2785,0.1999,0.3223,1414.5928,1371.4707,1460.0402,4.3143,4.2812,4.3461,3.0245,2.9985,3.0532,1.6446,1.6293,1.6641,MARCS,0.010077762988153561,IN,1
362,1636148068921376768,Gaia DR3 5332606419516408960,5332606419516408960,73561005,2016.0,176.4392642452475,0.06892773,-64.860705701334,0.07029643,0.6424852043144256,0.0841322,7.6366143,6.347067,-5.477984141178832,0.09576191,3.205768007334955,0.09133086,0.035383217,-0.030756122,-0.033639874,0.19377495,0.20425507,0.20343079,0.026284484,-0.016945904,0.12005595,0.10071516,371,0,370,1,0.072770126,382.69092,0.0,0.0,31,False,1.43195,,,,,,,,43,29,0.13725738,51,18,0,0.018351052,126.17689,0,0,1.0017806,0.16229956,0.110476196,0.1370766,0.263916,-119.14775,-55.710293,33.96622,5.6472735,False,414,1513.3706354703365,1.3899978,1088.7576,17.737503,49,619.8235193252482,6.0597854,102.28473,18.357872,45,1309.9238794577348,7.2638803,180.33391,16.95478,1.2751321,0,1,0,1,0,1.4030914,0.62036896,0.7827225,,,,,,,,,,,,,,,,,,,,,,,NOT_AVAILABLE,296.02600374603554,-2.8732880429895893,218.38616043635818,-57.253392086154484,False,False,0,False,False,False,False,False,True,True,False,1.02171364e-13,5.1065516e-13,0.99998546,4570.416,4504.625,4751.6465,4.813,4.7344,4.8424,-1.2829,-1.3841,-0.9673,943.1236,892.8984,1120.4247,0.4311,0.3421,0.6418,0.3313,0.2619,0.4967,0.1782,0.1409,0.2665,PHOENIX,0.019690865508643123,IN,1
130,1636148068921376768,Gaia DR3 5332606586986563072,5332606586986563072,1591468632,2016.0,176.40002695901194,0.07111562,-64.83209268951666,0.074107,0.8299373855558719,0.08852484,9.375193,23.042572,-23.003353699292706,0.09791522,-1.343815929882916,0.104456544,0.066291,-0.012819992,-0.07707914,0.18994077,0.2293352,0.14456391,-0.018355465,-0.14904326,0.009635273,0.19912335,357,0,356,1,-1.1025317,336.35736,0.0,0.0,31,False,1.4332439,,,,,,,,42,26,0.15420888,49,18,0,0.01692149,135.07608,0,0,0.9577413,0.19288446,0.16152172,0.20401514,0.29537722,-108.85626,-56.887184,30.123228,4.2655234,False,385,1499.3194885641656,1.362014,1100.8105,17.747631,46,592.8599659569232,6.618637,89.574326,18.406162,48,1285.93314662203,6.745762,190.62831,16.97485,1.2530973,0,4,0,2,0,1.4313126,0.6585312,0.7727814,,,,,,,,,,,,,,,,,,,,,,,NOT_AVAILABLE,296.0026201024584,-2.849805774636008,218.32640365614546,-57.24619421782507,False,False,0,False,False,False,False,False,True,True,False,1.02297734e-13,7.3791044e-13,0.9999919,4707.0938,4656.1113,4766.533,4.8502,4.8093,4.8723,-1.5574,-1.6805,-1.3725,910.4551,879.5332,986.2275,0.6297,0.567,0.6979,0.4872,0.4377,0.5415,0.2646,0.2375,0.2943,MARCS,0.015457838946832702,IN,1
153,1636148068921376768,Gaia DR3 5332606488210850816,5332606488210850816,1125973848,2016.0,176.40487427012854,0.39432836,-64.84124445452353,0.112132736,0.4071252290451985,0.14893894,2.733504,7.667531,-7.519450863981979,0.4119476,-1.499630433634131,0.11673173,-0.65935665,-0.4216237,-0.74519986,0.27042174,0.5068171,0.53300864,-0.07250952,0.32110834,0.09962192,-0.35947627,154,0,154,0,-0.5334376,145.1239,0.0,0.0,95,False,,1.420272,0.034198567,0.1152459,-0.1459005,0.022314113,-0.035045076,-0.12296363,18,12,0.6608344,24,8,1,0.13362135,93.65746,0,29,0.96692735,0.08695936,0.82761526,0.016065074,0.48285815,179.62183,7.743505,1.5969296,11.568986,False,202,1495.1274355906205,2.2463994,665.56616,17.750671,0,,,,,0,,,,,,,,,,2,,,,,,,,,,,,,,,,,,,,,,,,,,NOT_AVAILABLE,296.0069300727027,-2.858140824142867,218.3414054795648,-57.250898963067655,False,False,0,False,False,False,False,False,False,False,False,,,,,,,,,,,,,,,,,,,,,,,,,,0.0101913974262379,IN,1
500,1636148068921376768,Gaia DR3 5332606312111096576,5332606312111096576,1160156978,2016.0,176.46609338731895,0.07040923,-64.85202991170884,0.07359115,0.37755289631323846,0.086421385,4.368744,6.6845174,-6.307772992605027,0.098389715,2.2124131403899945,0.09472302,0.037157133,-0.03660433,-0.03888876,0.19975859,0.17805587,0.21625906,0.01418712,-0.01921878,0.13232048,0.09545111,355,0,355,0,0.33074516,374.64914,0.0,0.0,31,False,1.3888819,,,,,,,,42,29,0.14119604,50,18,0,0.015944997,129.09244,0,0,1.0115708,0.16956018,0.13089429,0.14768635,0.24531968,-127.94013,-61.694332,36.348877,5.8197985,False,398,1480.6996713564401,1.4817137,999.3157,17.7612,41,526.986331404035,6.037271,87.28883,18.534044,42,1418.7041963412933,7.9467278,178.52684,16.868166,1.3140346,0,2,0,1,0,1.6658783,0.7728443,0.893034,,,,,,,,,,,,,,,,,,,,,,,NOT_AVAILABLE,296.0348635832521,-2.862022364574294,218.38870701815475,-57.2391331419517,False,False,0,False,False,False,False,False,True,True,False,1.0205256e-13,5.766858e-11,0.9999973,5465.1396,5252.8887,5741.257,4.713,4.6757,4.7427,-2.3371,-3.3301,-1.6805,1035.001,955.8265,1158.0413,1.9202,1.7939,2.1032,1.494,1.3829,1.6479,0.8312,0.7641,0.9191,MARCS,0.019005482586654247,IN,1
469,1636148068921376768,Gaia DR3 5332606312106780032,5332606312106780032,1293344314,2016.0,176.4593552504597,0.07417978,-64.84715576056716,0.07602141,0.47723500732141283,0.09230051,5.1704483,7.61716,-7.563039800791295,0.10028183,0.9063975430325951,0.101969294,0.019713918,0.028389195,-0.077263705,0.20826691,0.19356008,0.19501658,0.005818649,-0.06320762,0.23343417,0.035352666,337,0,337,0,0.581444,362.09155,0.0,2.2059525e-15,31,False,1.4269761,,,,,,,,39,26,0.14386664,47,17,0,0.016342558,116.775024,0,0,1.0216377,0.20547315,0.09978909,0.13256638,0.2952146,-98.68881,-61.29502,31.703354,7.1078753,False,377,1453.9179625602465,1.5429982,942.26807,17.781017,40,575.5275014648075,5.5440793,103.809395,18.438377,41,1237.9817431081995,8.808936,140.53703,17.01611,1.2473257,0,2,0,1,0,1.4222679,0.6573601,0.76490784,,,,,,,,,,,,,,,,,,,,,,,NOT_AVAILABLE,296.0308609261876,-2.858025285540461,218.37850286799667,-57.2379221074577,False,False,0,False,False,False,False,False,True,True,False,1.020417e-13,5.0975516e-13,0.99999815,4416.034,4376.4346,4459.016,4.8763,4.8577,4.8924,-1.4873,-1.5495,-1.4144,821.1992,792.4424,851.4542,0.2937,0.2394,0.3564,0.2237,0.1816,0.2717,0.1206,0.0978,0.1464,PHOENIX,0.014143580879022597,IN,1
194,1636148068921376768,Gaia DR3 5332606488210831232,5332606488210831232,575323867,2016.0,176.41188363808604,0.08163568,-64.84485392635165,0.08177293,0.36505472014833146,0.09857069,3.7034812,6.4289694,-6.369954198379615,0.109412685,0.8690986661643072,0.10344891,0.059751436,0.06963234,-0.09068478,0.23196287,0.2684864,0.2145443,0.031798646,-0.034807906,0.16123809,0.07618953,351,0,350,1,2.0801468,429.16833,0.37353018,1.9852133,95,False,,1.3685426,0.022888262,-0.09543781,-0.09534903,-0.040910803,-0.04125971,-0.08110435,41,26,0.15520401,49,18,0,0.029112427,135.40303,0,0,1.0793499,0.14353998,0.10155586,0.19781706,0.27078423,-109.88811,-47.39736,26.562357,5.228143,False,384,1447.1185211682175,1.6041418,902.11383,17.786106,19,577.1365238397256,16.437363,35.11126,18.435347,21,1500.2085778926194,14.634832,102.509445,16.807516,1.4355044,0,1,0,2,0,1.6278305,0.6492405,0.97859,,,,,,,,,,,,,,,,,,,,,,,NOT_AVAILABLE,296.0107289137486,-2.8608815334652538,218.3500437435493,-57.25116412078408,False,False,0,False,False,False,False,False,True,True,False,1.0217343e-13,5.128091e-13,0.9999905,4622.688,4574.995,4677.352,4.7971,4.7731,4.8115,-1.2115,-1.3063,-1.1011,766.5249,745.2575,798.098,1.2305,1.1689,1.2986,0.9257,0.8777,0.9796,0.5026,0.4758,0.5325,MARCS,0.007941155163209703,IN,1
6,1636148068921376768,Gaia DR3 5332603533275374720,5332603533275374720,918638870,2016.0,176.37135273859565,0.16628581,-64.85535002833787,0.31572893,0.22054077621822227,0.209173,1.0543463,7.8259144,-7.455420893540999,0.24489884,2.3794192771681293,0.43594152,0.018712128,-0.21754043,0.28581807,0.35130557,-0.14156845,0.4457845,-0.66632265,-0.38612103,0.068624854,-0.10736693,134,0,133,1,3.8724217,209.71237,0.77408844,4.1880436,95,False,,1.3995849,0.043312185,-0.03827182,-0.10172177,-0.17229664,-0.03195302,-0.046639055,16,10,0.64913726,23,8,1,0.06922592,125.82203,0,18,1.2497381,0.23189707,0.38818052,0.4728327,0.626741,-151.53761,-69.95406,18.793886,-16.892403,False,158,1393.4634784561392,3.2839372,424.3271,17.827127,0,,,,,0,,,,,,,,,,2,,,,,,,,,,,,,,,,,,,,,,,,,,NOT_AVAILABLE,295.99669622674315,-2.8753884415975812,218.3426611967281,-57.270936147219416,False,False,0,False,False,False,False,False,False,False,False,,,,,,,,,,,,,,,,,,,,,,,,,,0.028074971866163582,IN,1
200,1636148068921376768,Gaia DR3 5332606586987637504,5332606586987637504,923720685,2016.0,176.41294805044922,0.07520863,-64.8342654489972,0.07640356,0.27103914773170584,0.09074947,2.9866745,9.393542,-9.335619125429474,0.10301659,1.0415588862675143,0.098990045,0.043655153,0.058801457,-0.17539276,0.21658267,0.17826468,0.20436767,0.036957923,-0.097125165,0.1495357,0.05265216,369,0,369,0,-1.051221,351.1221,0.0,0.0,31,False,1.3817267,,,,,,,,43,27,0.1453673,51,18,0,0.024294578,136.12514,0,0,0.9603896,0.20320219,0.11812671,0.18996467,0.30045184,-115.684326,-56.403553,31.430094,5.8715577,False,410,1368.270179796668,1.3240091,1033.4296,17.846937,46,463.27008229737436,5.64915,82.00704,18.673956,43,1298.5027227228377,6.187462,209.86032,16.964289,1.2875913,0,2,0,0,0,1.7096672,0.82701874,0.88264847,,,,,,,,,,,,,,,,,,,,,,,NOT_AVAILABLE,296.0084926161856,-2.8505214161332937,218.33625028596254,-57.24363864963629,False,False,0,False,False,False,False,False,True,True,False,1.02075066e-13,5.101097e-13,0.99999535,5273.012,5105.38,5502.79,4.7324,4.7024,4.7611,-1.7475,-3.0671,-1.5218,987.28,917.9466,1072.6664,1.8859,1.7794,2.037,1.4518,1.3625,1.5804,0.8031,0.7506,0.8799,MARCS,0.009913211712007245,IN,1
5,1636148068921376768,Gaia DR3 5332609443173395840,5332609443173395840,978267445,2016.0,176.3713294786191,0.07723666,-64.83520017027149,0.07797037,0.39635394967756704,0.09234638,4.2920356,6.0486274,-5.999177258500042,0.11135451,-0.7718579701779684,0.10704052,0.017540628,-0.01828238,-0.091814764,0.24172299,0.10640567,0.23698305,0.079494156,-0.16166255,0.08350493,0.0527653,357,0,356,1,-0.049468827,365.022,0.0,0.0,31,False,1.3782272,,,,,,,,42,24,0.15749088,50,19,0,0.026227484,143.14851,0,0,0.9971846,0.20740667,0.08682945,0.16138096,0.35111144,-105.85922,-55.082275,30.499838,3.3059704,False,389,1355.8602909455383,1.3878077,976.9799,17.856829,45,455.37877016976057,4.9112616,92.721344,18.69261,47,1296.8408643731254,7.506049,172.77277,16.96568,1.2923305,0,2,0,0,0,1.7269306,0.8357811,0.8911495,,,,,,,,,,,,,,,,,,,,,,,NOT_AVAILABLE,295.99158417053565,-2.8558961591077177,218.31529490000102,-57.25726090352239,False,False,0,False,False,False,False,False,True,True,False,1.0203678e-13,5.557224e-11,0.9999987,5248.5186,5127.0293,5400.1274,4.7672,4.7452,4.7847,-1.7046,-2.885,-1.5196,938.4804,896.898,997.3077,1.9377,1.8626,2.0394,1.4873,1.4236,1.5725,0.823,0.785,0.8736,MARCS,0.025254657828270795,IN,1
14,1636148068921376768,Gaia DR3 5332603533275374592,5332603533275374592,526651018,2016.0,176.37311027184,0.094851166,-64.85551914272082,0.10497559,0.311279226516113,0.11766915,2.6453767,7.3401046,-6.973157674608301,0.13334705,2.2917691259983286,0.12655167,0.15742336,0.043968692,-0.1612061,0.17430386,0.1991432,0.19291218,-0.035622243,-0.057906423,-0.028652847,0.17001393,325,0,323,2,7.876566,587.71655,0.5572246,3.7907758,95,False,,1.4068737,0.027791716,-0.097119935,-0.083290964,-0.036417928,-0.081313804,-0.044762585,39,26,0.19567558,46,18,0,0.010770329,134.61545,0,0,1.3274451,0.21876235,0.21872957,0.084306434,0.24167153,-124.58953,-56.338852,39.96959,0.2085574,False,357,1345.258765855469,1.775347,757.74414,17.865353,18,561.2088627519266,15.779318,35.566105,18.46573,18,1456.622532958943,29.052551,50.13751,16.839527,1.4999578,0,0,0,1,0,1.6262035,0.60037804,1.0258255,,,,,,,,,,,,,,,,,,,,,,,NOT_AVAILABLE,295.9974624667143,-2.8753631982264243,218.3438285546305,-57.27050264299825,False,False,0,False,False,False,False,False,True,True,False,2.370543e-11,1.00912195e-10,0.9999916,4172.8965,4100.462,4265.3984,4.3953,4.32,4.4984,-3.2184,-3.4392,-2.9299,835.6515,789.2236,876.6959,0.4473,0.337,0.5549,0.3329,0.25,0.4149,0.1818,0.1358,0.2269,MARCS,0.0275129861378511,IN,1
571,1636148068921376768,Gaia DR3 5332606312111097728,5332606312111097728,1136006356,2016.0,176.4783063275415,0.076087534,-64.85034985277049,0.076907195,0.3654042836842294,0.09137864,3.9987934,7.6372194,-7.251934770438735,0.10894699,2.395112594463616,0.10246692,-0.018126255,-0.01736947,-0.08363369,0.21436411,0.08482892,0.23500839,0.059714917,-0.09040438,0.1038118,0.07186049,366,0,365,1,0.6334643,393.8078,0.0,0.0,31,False,1.3657289,,,,,,,,43,27,0.1542803,51,18,0,0.0101959985,124.583145,0,0,1.0227674,0.1707607,0.038658515,0.13725783,0.335087,-121.85604,-83.9019,31.966932,7.757685,False,400,1324.275196025836,1.2933307,1023.9262,17.882421,40,420.8908805874616,6.5844655,63.9218,18.778118,43,1322.1357406162276,6.9901667,189.14223,16.944706,1.3162118,0,1,0,0,0,1.8334122,0.89569664,0.93771553,,,,,,,,,,,,,,,,,,,,,,,NOT_AVAILABLE,296.03947039554396,-2.859091441738462,218.39294663496935,-57.23418378759517,False,False,0,False,False,False,False,False,True,True,False,1.0204078e-13,5.0979094e-13,0.9999989,5085.9243,5037.305,5131.994,4.7428,4.7279,4.7617,-1.5138,-1.6018,-1.4481,847.6307,824.8702,868.2765,2.0805,2.0397,2.1143,1.5758,1.5425,1.6036,0.8684,0.8497,0.8845,MARCS,0.022805443030708295,IN,1
185,1636148068921376768,Gaia DR3 5332606483909782656,5332606483909782656,703279798,2016.0,176.41016961687166,0.07894253,-64.84463085379787,0.0814123,0.2537020817457466,0.095958166,2.6438823,3.800285,-3.750145437868107,0.10848523,0.6152847596032537,0.10294923,0.06496031,0.08340693,-0.100834735,0.23199679,0.21277615,0.22962722,0.04737258,-0.027895,0.16242939,0.067817174,346,0,344,2,-0.73345774,334.15005,0.0,0.0,31,False,1.3901291,,,,,,,,41,26,0.1538014,49,17,0,0.023678882,128.99641,1,0,0.97099054,0.17069629,0.13142027,0.18308908,0.27037752,-113.22153,-54.79829,29.02624,5.1903296,False,387,1317.527182540984,1.391765,946.65924,17.887968,14,470.8718756434582,11.2207365,41.964436,18.656286,13,1230.209007407736,11.304599,108.82377,17.022947,1.2911164,0,0,0,0,0,1.6333389,0.7683182,0.86502075,,,,,,,,,,,,,,,,,,,,,,,NOT_AVAILABLE,296.00996666891774,-2.8608495124310327,218.34882623129454,-57.25154728708723,False,False,0,False,False,False,False,False,False,True,False,1.020587e-13,5.09838e-13,0.99999666,,,,,,,,,,,,,,,,,,,,,,,0.008523996493258069,IN,1
619,1636148068921376768,Gaia DR3 5332606724423655936,5332606724423655936,1803984160,2016.0,176.4848576562023,0.077147745,-64.82896251888238,0.077027135,0.13502131481121754,0.091823496,1.470444,6.9188967,-6.702561455044952,0.10162595,1.7166245867755907,0.09893585,0.048588097,0.051422134,-0.20176615,0.22316624,0.20880865,0.21890263,0.06426659,-0.06550761,0.1127108,0.106806636,387,0,386,1,-0.14285265,393.51996,0.0,0.0,31,False,1.3446201,,,,,,,,45,27,0.14720388,52,19,0,0.014254174,117.87472,0,0,0.9939562,0.21561916,0.12729846,0.18479131,0.30999774,-102.05896,-55.556965,30.508339,6.2973413,False,423,1307.2323193482637,1.2853409,1017.0316,17.896484,47,383.5652241276942,6.5701733,58.379772,18.878944,45,1397.610827523234,12.035349,116.125496,16.88443,1.3625551,0,19,0,17,0,1.9945145,0.98246,1.0120544,,,,,,,,,,,,,,,,,,,,,,,NOT_AVAILABLE,296.0367892287704,-2.8376903872166346,218.36746710416006,-57.217602624318125,False,False,0,False,False,False,False,False,False,True,False,1.0208155e-13,5.0993183e-13,0.999996,,,,,,,,,,,,,,,,,,,,,,,0.026927932582226775,IN,1
80,1636148068921376768,Gaia DR3 5332606453876146560,5332606453876146560,978452410,2016.0,176.38944230940825,0.084659904,-64.85163557516475,0.07844539,0.17508752060617205,0.0976765,1.7925246,6.710382,-6.709322967594716,0.11466639,0.11920755616030333,0.10281049,0.0425586,0.08211106,-0.11970084,0.20599318,0.19474666,0.21982782,0.023901893,0.07637705,0.1486732,0.10549519,360,0,359,1,0.19707498,374.89728,0.0,0.0,31,False,1.3758768,,,,,,,,42,27,0.16285233,51,18,0,0.023337059,141.36972,0,0,1.0064719,0.14828885,0.11886045,0.14035873,0.29073495,-106.28824,-33.7562,29.385912,7.476349,False,394,1276.742725407669,1.4203199,898.91205,17.922108,43,432.2437697351394,5.617441,76.94674,18.74922,45,1242.4578641631401,8.162769,152.21034,17.012192,1.3116986,0,8,0,7,0,1.7370281,0.8271122,0.9099159,,,,,,,,,,,,,,,,,,,,,,,NOT_AVAILABLE,296.00320272305225,-2.869851554872987,218.34727005374356,-57.262770698547605,False,False,0,False,False,False,False,False,True,True,False,1.0208262e-13,5.09997e-13,0.99999464,4768.271,4714.34,4819.095,4.624,4.5904,4.6601,-1.5993,-1.7524,-1.5097,1017.4734,966.2001,1066.4401,1.502,1.4439,1.5531,1.1358,1.0903,1.1766,0.6227,0.5971,0.6452,MARCS,0.019563295629769006,IN,1
168,1636148068921376768,Gaia DR3 5332606625675070976,5332606625675070976,842095033,2016.0,176.4070372023631,0.22563529,-64.8199772344627,0.25137144,0.1531295451829519,0.29029208,0.52750164,5.3920016,-4.87836956173865,0.29942483,2.2967787112488045,0.35819256,0.08810619,0.07792767,-0.1768183,0.16798683,0.23365963,0.17647412,0.083185926,-0.07740785,-0.07995342,0.23793395,373,0,372,1,68.54264,7524.4106,2.7011647,106.809746,95,False,,1.393406,0.060553733,-0.10423285,-0.061644975,-0.043143615,-0.023521205,-0.03904393,43,26,0.5210575,52,18,0,0.13269748,144.18526,56,0,4.4078255,0.23650382,0.18570235,0.22973292,0.30400833,-100.68658,-57.69457,33.8318,6.443789,False,352,1268.775781894472,4.285524,296.06085,17.928905,43,613.9911784058447,6.4158044,95.6998,18.368137,43,1383.344347085805,7.207021,191.94398,16.895569,1.5742226,0,1,0,1,0,1.4725685,0.43923187,1.0333366,,,,,,,,,,,,,,,,,,,,,,,NOT_AVAILABLE,296.0024470149731,-2.837329946214752,218.31372132025115,-57.235773934785364,False,False,0,False,False,False,False,False,False,True,False,1.0206642e-13,6.883435e-07,0.99999523,,,,,,,,,,,,,,,,,,,,,,,0.02345312943254296,IN,1
475,1636148068921376768,Gaia DR3 5332606209031881088,5332606209031881088,251987845,2016.0,176.46033701961343,0.0789107,-64.8611436324945,0.07834639,0.3817670008206475,0.0954844,3.9982135,5.291515,-5.2395161893285715,0.10903809,0.7400008513354485,0.0993247,0.0076542585,-0.099260226,-0.1484256,0.16035973,0.17946328,0.18982184,-0.035283647,0.026487617,0.087029584,0.06725452,386,0,383,3,0.29436025,402.7723,0.0,0.0,31,False,1.4169059,,,,,,,,45,29,0.15329134,53,18,0,0.013879903,163.3941,1,0,1.00984,0.19785453,0.107779674,0.12824056,0.26440623,-119.697,-61.435543,35.894466,6.8803864,False,409,1261.4074622578385,1.4288973,882.7839,17.935228,46,474.03227398763426,7.292044,65.006775,18.649023,44,1079.5875445318497,6.1672273,175.05234,17.164751,1.2316558,0,0,0,0,0,1.484272,0.7137947,0.7704773,,,,,,,,,,,,,,,,,,,,,,,NOT_AVAILABLE,296.03478879472345,-2.8714582667323527,218.3979951634682,-57.247119712461725,False,False,0,False,False,False,False,False,True,True,False,1.0205751e-13,5.101882e-13,0.9999973,4692.4263,4605.878,4766.0386,4.8689,4.8259,4.891,-1.6837,-1.7793,-1.5389,915.5742,865.556,990.6912,0.7789,0.6828,0.8563,0.5972,0.5216,0.6584,0.3244,0.2828,0.3576,PHOENIX,0.023754569756766524,IN,1
578,1636148068921376768,Gaia DR3 5332606213357983232,5332606213357983232,1613864661,2016.0,176.47926274557142,0.08067171,-64.86275210347546,0.07716686,0.17721009270149884,0.09331837,1.898984,7.236012,-7.155693260114597,0.11474881,1.0751389241027942,0.10246533,-0.026827812,-0.055577904,-0.17023268,0.19242367,0.11881222,0.21920171,-0.0079499325,-0.010135695,0.12700838,0.03335449,379,0,376,3,-1.049996,410.67938,0.0,0.0,95,False,,1.2261654,0.02417698,-0.075248025,-0.05397029,0.002911094,-0.07447914,-0.071911104,44,28,0.16063148,52,17,0,0.0049008257,119.431625,0,0,0.96076167,0.13977559,0.06958931,0.119359896,0.27320492,-121.46774,-46.737892,31.067356,7.6884575,False,413,1246.8207783009323,1.3883132,898.08325,17.947857,48,228.69019248673098,6.800603,33.62793,19.440424,45,1508.199697663002,7.760042,194.35457,16.801748,1.393055,0,2,0,2,0,2.6386757,1.4925671,1.1461086,,,,,,,,,,,,,,,,,,,,,,,NOT_AVAILABLE,296.04298488795536,-2.870993549116083,218.4102715965055,-57.24231297985613,False,False,0,False,False,False,False,False,False,True,False,1.0206301e-13,5.0963986e-13,0.9999993,,,,,,,,,,,,,,,,,,,,,,,0.03016584406013714,IN,1
264,1636148068921376768,Gaia DR3 5332606518267079168,5332606518267079168,303459014,2016.0,176.42392802458227,0.080568776,-64.83530786552285,0.085686505,0.12915228216271524,0.09830037,1.3138535,6.851213,-6.746908707409108,0.109453894,1.1909413687860846,0.11136659,0.096966356,0.026164852,-0.0864858,0.23567837,0.22507562,0.22053207,0.10075474,-0.06308398,0.104909934,0.13435653,370,0,367,3,-1.1055424,385.59964,0.18215972,0.41555983,95,False,,1.2528089,0.023775175,-0.12370233,-0.09176088,-0.0336942,-0.0051577277,-0.08654101,43,26,0.16431893,52,17,0,0.02457262,126.4426,0,0,0.95822895,0.18370193,0.16446331,0.25903985,0.3008501,-94.42053,-58.16989,30.174427,5.3421774,False,397,1243.9653197878688,3.068588,405.38687,17.950346,50,327.6078630871013,9.69272,33.799374,19.050156,47,1782.7153103361507,14.162783,125.87324,16.62019,1.6964486,0,50,0,47,0,2.429966,1.0998096,1.3301563,,,,,,,,,,,,,,,,,,,,,,,NOT_AVAILABLE,296.01327952310476,-2.850352591469102,218.34352685434658,-57.2409212467559,False,False,0,False,False,False,False,False,True,True,False,1.08252464e-13,5.519518e-11,0.99999964,9645.642,9546.629,9764.216,4.4548,4.3467,4.5165,-2.0986,-2.236,-1.958,1437.4366,1379.5217,1606.6938,5.9263,5.9028,5.9486,4.6028,4.5823,4.6225,2.5603,2.5484,2.5704,PHOENIX,0.006553367717503612,IN,1
257,1636148068921376768,Gaia DR3 5332606385156666112,5332606385156666112,510504005,2016.0,176.4224495886266,0.19154085,-64.86359680935894,0.17993152,1.290389313340325,0.2205983,5.849498,5.988221,-5.335216401657146,0.2534124,2.719239077007647,0.22669944,0.073519655,-0.051507875,-0.037209224,0.22356702,0.09492347,0.23225546,-0.0041573574,-0.096314825,0.10361704,0.10894655,314,0,312,2,23.335598,1823.3043,1.9089068,45.105038,95,False,,1.1620358,0.053890485,-0.06563251,-0.0898982,0.009183894,-0.06134789,-0.033797074,37,27,0.3599253,45,15,0,0.033032164,79.29878,6,0,2.0774662,0.15554392,0.11227137,0.16176748,0.16432853,-122.7202,-32.93206,27.283937,-1.184774,False,350,1235.1563409756368,5.323274,232.02945,17.958061,42,375.5252986981419,9.966559,37.678528,18.901945,40,1713.3959824745014,13.825985,123.92578,16.663252,1.6912202,0,42,0,40,0,2.2386932,0.9438839,1.2948093,,,,,,,,,,,,,,,,,,,,,,,NOT_AVAILABLE,296.0198123189469,-2.8778859944418658,218.38111513193817,-57.26059845539456,False,False,0,False,False,False,False,False,True,True,False,1.3667481e-13,3.5221262e-08,0.99999726,3870.7024,3855.2043,3883.4602,4.1211,4.1108,4.1384,-1.7243,-1.7594,-1.6731,529.4957,520.5393,544.0071,2.2288,2.2001,2.2579,1.5277,1.5071,1.5478,0.8375,0.8257,0.8488,PHOENIX,0.022243294025854267,IN,1
128,1636148068921376768,Gaia DR3 5332606449548638848,5332606449548638848,276602317,2016.0,176.3995580325105,0.083827764,-64.85931158012167,0.083770566,0.46059997505690004,0.09886902,4.6586885,7.854546,-7.359207799454526,0.11582126,-2.745169228059318,0.10643472,0.029110841,-0.025802033,-0.1252978,0.21752933,0.19720902,0.24093504,0.0074251834,0.017375864,0.119452864,0.07960463,346,0,344,2,0.76700556,374.75726,0.0,0.0,31,False,1.4109352,,,,,,,,41,27,0.16394748,49,17,0,0.017242413,127.69053,0,0,1.0286081,0.094213955,0.13543728,0.095368534,0.24081355,-115.34207,-44.34293,29.301153,3.3502858,False,387,1229.7141403417752,1.3073834,940.5918,17.962856,43,455.4416672927988,7.370805,61.78995,18.692461,44,1080.8064425557302,4.212281,256.5846,17.163527,1.2492726,0,1,0,1,0,1.5289345,0.7296047,0.79932976,,,,,,,,,,,,,,,,,,,,,,,NOT_AVAILABLE,296.0093079478773,-2.8761931209322986,218.36308755915388,-57.26482750357475,False,False,0,False,False,False,False,False,True,True,False,1.02083374e-13,5.099519e-13,0.99999404,4562.487,4492.124,4657.87,4.8703,4.8418,4.8941,-1.57,-1.6553,-1.4852,871.797,824.4591,932.4053,0.7068,0.614,0.8191,0.5378,0.4658,0.626,0.291,0.2519,0.3395,PHOENIX,0.021711503227254667,IN,1
343,1636148068921376768,Gaia DR3 5332606552627907840,5332606552627907840,636253862,2016.0,176.43656709829284,0.0834939,-64.82874288189385,0.09469082,0.24021429985655812,0.10743435,2.2359173,8.894331,-8.385293721040206,0.111495644,2.9658017199851106,0.12007985,0.0006813756,-0.020661475,-0.08091134,0.16682303,0.28079295,0.13992767,-0.0025461758,-0.08786389,0.081889175,0.02404428,329,0,326,3,-0.008476176,334.5448,0.06822648,0.05041644,31,False,1.3666197,,,,,,,,39,26,0.16701208,46,15,0,0.018984541,132.78392,0,0,0.99862736,0.2243614,0.120127454,0.18276937,0.35637638,-97.38138,-75.411896,28.614637,6.0631547,False,364,1202.6297380309181,1.4413848,834.3572,17.987038,42,393.99599156239003,5.4671454,72.066124,18.849813,40,1160.1684668202604,5.7727337,200.97385,17.086594,1.292305,0,1,0,1,0,1.7632198,0.8627758,0.90044403,,,,,,,,,,,,,,,,,,,,,,,NOT_AVAILABLE,296.01683090816516,-2.8426448630450305,218.3413771488492,-57.23251666973542,False,False,0,False,False,False,False,False,True,True,False,1.0205823e-13,5.1005006e-13,0.99999815,5010.008,4956.272,5063.3755,4.787,4.7678,4.7982,-1.5669,-1.6776,-1.4933,890.0756,865.5712,917.3437,1.8327,1.7867,1.8788,1.3928,1.3553,1.4307,0.7659,0.7449,0.7874,MARCS,0.01319284474745972,IN,1
387,1636148068921376768,Gaia DR3 5332606556955395072,5332606556955395072,484918694,2016.0,176.44348588339741,0.08820823,-64.83073235923995,0.090050854,0.0760974013616772,0.106580466,0.71399015,6.6950464,-6.6807941387962675,0.11410356,0.4366226042878968,0.113983944,0.0034482304,-0.04679458,-0.045953296,0.17440826,0.18575792,0.16734742,0.08445429,-0.08690049,0.12979361,0.03306032,319,0,317,2,-1.9097368,281.10495,0.0,0.0,31,False,1.2560128,,,,,,,,38,28,0.16160184,46,15,0,0.013653374,122.178635,0,0,0.9234913,0.16809961,0.063912995,0.15720859,0.3218243,-111.180176,-60.917046,26.028492,4.624593,False,361,1200.190626214565,1.4514167,826.9097,17.98924,40,198.5310915557951,6.448631,30.786549,19.593971,41,1509.2051357660096,7.2343125,208.61763,16.801025,1.4228874,0,1,0,2,0,2.7929459,1.6047306,1.1882153,,,,,,,,,,,,,,,,,,,,,,,NOT_AVAILABLE,296.02018389691347,-2.843829006399456,218.34776866839204,-57.23171036679529,False,False,0,False,False,False,False,False,False,True,False,1.0246187e-13,5.0969076e-13,0.9999985,,,,,,,,,,,,,,,,,,,,,,,0.012456371267914212,IN,1
227,1636148068921376768,Gaia DR3 5332606415190306304,5332606415190306304,1019438138,2016.0,176.416998018498,0.09483278,-64.8500008617995,0.08728595,0.16757740957798528,0.108717434,1.5414033,3.5881164,-3.572362234310905,0.12450227,0.33586772180656344,0.11727381,0.050387334,-0.10966175,0.026002044,0.2342907,0.2165778,0.22727634,0.112308174,-0.05491245,0.09249988,0.16074708,328,0,327,1,0.02530228,336.32275,0.0,2.2399445e-15,31,False,1.3129244,,,,,,,,39,26,0.18302964,48,16,0,0.015783563,132.51727,0,0,0.99996185,0.13183057,0.134757,0.18758431,0.229586,-114.12535,-28.03268,28.128418,6.0551944,False,361,1156.2698562783135,1.4568982,793.6518,18.029718,43,298.3313189073572,8.23214,36.239826,19.151794,41,1241.9429769790497,6.1186295,202.97731,17.012642,1.3321062,0,2,0,1,0,2.1391525,1.122076,1.0170765,,,,,,,,,,,,,,,,,,,,,,,NOT_AVAILABLE,296.0141350263819,-2.8653136373904915,218.3597561873144,-57.2530648889947,False,False,0,False,False,False,False,False,True,True,False,1.02053735e-13,5.096778e-13,0.9999989,4602.4126,4511.6016,4789.3506,4.5616,4.3953,4.7102,-1.1409,-1.3777,-0.9441,804.7741,716.7542,950.6104,2.5315,2.4331,2.724,1.8301,1.7532,1.9828,1.0009,0.9582,1.0822,PHOENIX,0.009861881018438271,IN,1
125,1636148068921376768,Gaia DR3 5332606591320182784,5332606591320182784,1335712385,2016.0,176.39906167272517,0.09576778,-64.83056650067311,0.09493182,0.4242219267035714,0.11570026,3.6665597,2.951796,-2.9495597117728356,0.12705858,-0.11487996426992321,0.13302895,0.06060093,-0.10443018,-0.009931076,0.24588263,0.19808224,0.17392339,0.018999057,-0.20573178,-0.01492895,0.19421805,320,0,318,2,0.6561003,340.85126,0.27284902,0.7580003,95,False,,1.4421626,0.027671475,-0.10903524,-0.13559169,-0.06956562,0.026931165,-0.055209607,37,24,0.19845296,44,44,0,0.015619969,146.1245,0,0,1.0253022,0.22146313,0.13118972,0.17654619,0.26545602,-113.7495,-46.406574,31.567007,1.8000758,False,355,1121.509495043463,1.3844329,810.0858,18.062859,40,366.3210389118935,4.2584953,86.02124,18.928888,41,1071.6119997178155,6.2469516,171.5416,17.172802,1.2821407,0,1,0,0,0,1.7560863,0.86602974,0.8900566,,,,,,,,,,,,,,,,,,,,,,,NOT_AVAILABLE,296.0018365725691,-2.8484326840317706,218.3238182981457,-57.24545854153415,False,False,0,False,False,False,False,False,True,True,False,1.020661e-13,5.828886e-11,0.9999969,4975.9395,4913.905,5073.799,4.7951,4.7718,4.8352,-1.7704,-1.9992,-1.5905,895.7117,829.5385,937.7266,1.8329,1.766,1.9116,1.3894,1.3358,1.4544,0.7652,0.7351,0.8015,MARCS,0.01674164973690799,IN,1
450,1636148068921376768,Gaia DR3 5332606518265202944,5332606518265202944,1739435196,2016.0,176.4547023637848,0.09095872,-64.85347901469713,0.08946308,0.32135412459883445,0.11063451,2.9046464,11.184366,-11.044124665487743,0.12138551,1.7656062381197748,0.11865584,0.010693413,-0.11792316,0.04679351,0.19342764,0.15434553,0.20134382,-0.024726814,-0.057146136,0.16238633,0.09198213,333,0,332,1,1.0149863,368.6362,0.20838152,0.46287808,31,False,1.4072185,,,,,,,,39,28,0.1749076,47,17,0,0.024838503,138.82677,0,0,1.0389179,0.14122805,0.088553995,0.13957487,0.19629258,-120.06803,-44.968994,26.312794,4.3223734,False,375,1118.3273524015058,1.2361794,904.6643,18.065945,43,422.18544909594465,4.3828473,96.32675,18.774784,43,971.7485892029406,6.8100505,142.6933,17.27901,1.2464454,0,0,0,0,0,1.4957733,0.7088394,0.7869339,,,,,,,,,,,,,,,,,,,,,,,NOT_AVAILABLE,296.03053787036265,-2.864642654143975,218.38459377855526,-57.24366937159161,False,False,0,False,False,False,False,False,True,True,False,1.02050536e-13,5.102681e-13,0.99999815,4791.502,4773.682,4861.803,4.8917,4.8465,4.9059,-2.1851,-2.4233,-1.9368,927.6774,911.5388,1005.4712,0.9394,0.9133,1.0181,0.7232,0.703,0.786,0.396,0.3851,0.4302,MARCS,0.01624404902148723,IN,1
64,1636148068921376768,Gaia DR3 5332606621347402624,5332606621347402624,1320355526,2016.0,176.384533220095,0.095767446,-64.81793507527986,0.08838778,0.5206249821579776,0.11180477,4.656554,5.089813,-4.952844653838096,0.12453008,1.1728295231390435,0.12311309,0.021995362,-0.14570935,0.016233802,0.22673261,0.17154951,0.19999991,0.07739814,-0.14574285,0.07094345,0.1454943,348,0,347,1,1.1500803,388.84613,0.28910363,0.86815,31,False,1.3737321,,,,,,,,40,26,0.18498357,47,15,0,0.013756272,152.79936,0,0,1.0433065,0.18331502,0.111954644,0.19415757,0.2544431,-116.48646,-28.322079,29.154238,5.996192,False,392,1114.6584853616787,1.2986546,858.31793,18.069511,41,369.01568662999887,7.1468573,51.63328,18.92093,41,1065.8535154038395,7.5822105,140.57292,17.178652,1.2872725,0,1,0,0,0,1.742279,0.85141945,0.8908596,,,,,,,,,,,,,,,,,,,,,,,NOT_AVAILABLE,295.99265464853215,-2.8377720405850355,218.2989285554129,-57.24141052111806,False,False,0,False,False,False,False,False,True,True,False,1.0209525e-13,5.1003396e-13,0.99999374,4769.774,4706.453,4838.5293,4.7081,4.6654,4.7512,-1.8059,-2.0021,-1.6093,898.8484,850.459,945.8001,1.7452,1.6764,1.8142,1.3091,1.2544,1.3645,0.719,0.6893,0.75,MARCS,0.030187928392534324,IN,1
78,1636148068921376768,Gaia DR3 5332606586987642496,5332606586987642496,897446675,2016.0,176.3879281874433,0.088027075,-64.83138979886387,0.084799595,1.165086895988162,0.10313685,11.296514,7.093652,-7.0127736643885505,0.11928729,1.0681302978667864,0.119144864,0.054425955,-0.048158847,-0.0376555,0.24062291,0.12501079,0.22696735,0.05782732,-0.10430319,0.07648921,0.14212362,378,0,375,3,0.046101633,387.01495,0.0,0.0,31,False,1.3961025,,,,,,,,44,26,0.1775276,51,17,0,0.025140528,143.73976,0,0,1.0007939,0.20283064,0.12271282,0.19567676,0.26874748,-99.91071,-39.475098,30.568287,5.6208067,False,410,1088.385467127064,1.2088351,900.3589,18.09541,49,382.6097796772888,5.7071047,67.04096,18.881653,49,981.1343833017812,5.1717257,189.71121,17.268574,1.2529974,0,1,0,2,0,1.6130791,0.78624344,0.82683563,,,,,,,,,,,,,,,,,,,,,,,NOT_AVAILABLE,295.99745766496375,-2.8504252253276428,218.31898903371945,-57.24949234001164,False,False,0,False,False,False,False,False,True,True,False,1.0263263e-13,6.276598e-11,0.9999951,4290.7485,4122.0435,4413.441,4.747,4.6115,4.8484,-2.2616,-2.4608,-1.8523,723.5618,657.7901,780.9329,0.5729,0.3487,0.7324,0.4267,0.2576,0.5492,0.2314,0.1399,0.2989,PHOENIX,0.02012972440085939,IN,1
246,1636148068921376768,Gaia DR3 5332606415188909696,5332606415188909696,1604621871,2016.0,176.4207603885402,0.09166987,-64.8539635267247,0.098136306,0.5117746896205296,0.11417462,4.4823856,10.290779,-10.171117048053505,0.13018407,-1.5647722438782732,0.12667271,0.12159967,0.0026502397,0.06547909,0.26610288,0.25251427,0.29415408,0.18127868,0.036998793,0.19712472,0.20217004,347,0,347,0,0.045503896,357.70795,0.0,0.0,31,False,1.3609092,,,,,,,,41,27,0.19947721,49,16,0,0.018506853,137.92805,0,0,1.0007653,0.16092142,0.13842236,0.19454174,0.2602973,-107.71252,-52.298077,33.44347,4.2886224,False,380,1044.5014730214202,1.3969353,747.7092,18.140095,42,331.9640016117892,5.5390086,59.932026,19.035814,41,1029.2874797044035,7.422654,138.66838,17.216555,1.3032547,0,2,0,1,0,1.8192596,0.8957195,0.9235401,,,,,,,,,,,,,,,,,,,,,,,NOT_AVAILABLE,296.0166847734557,-2.8687449766896367,218.36714050829107,-57.25458294210147,False,False,0,False,False,False,False,False,True,True,False,1.0218364e-13,5.943427e-11,0.99999624,4770.664,4734.6846,4838.784,4.8282,4.7991,4.8512,-1.5563,-1.7069,-1.4551,804.4189,775.9281,858.5167,1.7516,1.7105,1.8202,1.3128,1.2802,1.3684,0.7195,0.7018,0.7507,MARCS,0.012908655186673454,IN,1
449,1636148068921376768,Gaia DR3 5332606518269525760,5332606518269525760,1564639393,2016.0,176.45468387433047,0.09756828,-64.84535571103982,0.09369789,0.19927232431082226,0.11760942,1.6943569,9.125554,-8.18788955034407,0.12532555,4.029169856762428,0.12501854,0.0825043,0.07774733,-0.005667203,0.23535782,0.19121613,0.19816393,-0.012515966,-0.04707352,0.19053327,0.09432537,332,0,331,1,0.3556034,348.57962,0.0,0.0,95,False,,1.416588,0.027327394,-0.08439581,-0.07854914,-0.013414916,0.011216443,-0.0538124,39,26,0.18267457,46,17,0,0.01915237,144.5724,0,0,1.0129501,0.18844289,0.13086092,0.16560017,0.22286333,-108.90571,-43.75529,30.983252,9.057994,False,360,1031.856539680363,1.832369,563.1271,18.153318,18,498.56835340221255,39.921444,12.488735,18.59423,19,1065.6934390769677,16.806036,63.41135,17.178814,1.5159683,0,1,0,1,0,1.4154167,0.44091225,0.9745045,,,,,,,,,,,,,,,,,,,,,,,NOT_AVAILABLE,296.02848334981087,-2.8567827824368277,218.37356920987244,-57.23815564656079,False,False,0,False,False,False,False,False,True,True,False,6.101384e-11,1.2779503e-09,0.9999994,5138.9575,5052.4517,5160.2905,4.7867,4.7699,4.8035,-3.3927,-3.5542,-3.144,1028.6047,989.7382,1041.4633,1.655,1.5975,1.681,1.2731,1.224,1.2928,0.7079,0.6794,0.7188,MARCS,0.011637200810741861,IN,1
45,1636148068921376768,Gaia DR3 5332606483908409984,5332606483908409984,264914612,2016.0,176.38024729172838,0.098921694,-64.84095275328212,0.095406316,0.4374504288204522,0.1155165,3.7869086,10.832579,-9.40479661520516,0.13338602,5.375366325829386,0.13597232,0.0434383,-0.06460498,-0.08418454,0.21982741,0.09421979,0.21300389,0.11139404,-0.099852055,0.027016185,0.12433566,363,0,359,4,1.1253144,400.98044,0.34909904,1.0899833,31,False,1.4290243,,,,,,,,43,26,0.19919322,51,17,0,0.013558796,128.41618,0,0,1.041634,0.21248405,0.115782514,0.16775317,0.30049717,-93.96051,-38.061214,32.499283,7.1538286,False,406,997.077095405119,1.2892079,773.40283,18.190544,47,391.97961993190273,5.6818147,68.98846,18.855383,45,846.3944532902874,7.520144,112.5503,17.428963,1.2420043,0,1,0,2,0,1.4264202,0.6648388,0.7615814,,,,,,,,,,,,,,,,,,,,,,,NOT_AVAILABLE,295.9967135023928,-2.860503137145683,218.32786279792762,-57.2583848665817,False,False,0,False,False,False,False,False,True,True,False,1.02116544e-13,5.1053904e-13,0.99999166,4289.2695,4248.728,4359.022,4.9026,4.8558,4.9445,-1.4672,-1.5952,-1.3143,935.6157,846.8656,1026.1631,0.0852,0.0281,0.1937,0.0645,0.0212,0.1471,0.0346,0.0114,0.079,PHOENIX,0.020665130555679874,IN,1
460,1636148068921376768,Gaia DR3 5332606312106774784,5332606312106774784,1659917774,2016.0,176.456745678458,0.10563528,-64.85141611280424,0.09637963,0.2847284996850521,0.124168016,2.2930906,3.0980194,-3.0977557894247636,0.13887887,0.04040804353263899,0.12838559,-0.008554576,-0.19311243,-0.06998177,0.17121425,0.18146251,0.21720083,-0.030823283,0.05977496,0.16632633,0.107766606,325,0,323,2,0.031202964,332.0826,0.0,0.0,31,False,1.409924,,,,,,,,38,28,0.19807255,48,17,0,0.016871069,128.94228,0,0,1.0001891,0.16469276,0.12508826,0.15363938,0.18748206,-112.62029,-37.35477,28.932056,8.981965,False,359,974.3394159908514,1.4769481,659.69775,18.215591,43,373.8446971548634,5.9601035,62.72453,18.906815,45,834.0632231365105,6.9119234,120.670204,17.444899,1.2397199,0,8,0,8,0,1.461916,0.69122314,0.7706928,,,,,,,,,,,,,,,,,,,,,,,NOT_AVAILABLE,296.0308595057302,-2.8624276298985096,218.38288665953135,-57.241630666940466,False,False,0,False,False,False,False,False,True,True,False,5.9071616e-11,5.107912e-13,0.99999654,4335.2617,4248.56,4534.8364,4.9068,4.8337,4.9493,-1.5133,-1.6099,-1.3293,922.0209,830.5228,1092.2786,0.2569,0.1232,0.5349,0.1942,0.0926,0.4085,0.1047,0.0498,0.2205,PHOENIX,0.015448060564346241,IN,1
255,1636148068921376768,Gaia DR3 5332606419491355648,5332606419491355648,1461422974,2016.0,176.42230571417267,0.10262422,-64.84681547095413,0.10041094,0.35604504309250207,0.1238986,2.8736808,8.44342,-8.416721792763132,0.13320038,0.6709261325703022,0.13058303,0.087420724,0.08516651,0.0016514468,0.21738361,0.21652064,0.19679697,0.098911405,-0.02102028,0.14253896,0.07432394,331,0,330,1,0.017390711,339.00644,0.14987472,0.19435489,31,False,1.4150853,,,,,,,,39,26,0.19163445,47,15,0,0.016698258,142.22853,0,0,0.9996565,0.21044917,0.112070344,0.14914915,0.2711069,-107.4945,-42.30908,35.21087,9.2148695,False,374,953.0977133699967,1.2957062,735.58167,18.239523,24,363.82888770831147,8.132404,44.73817,18.936298,26,831.0956074409214,9.051531,91.81824,17.448769,1.2537272,0,1,0,0,0,1.4875298,0.69677544,0.7907543,,,,,,,,,,,,,,,,,,,,,,,NOT_AVAILABLE,296.01551636615545,-2.861662304796449,218.35826739742078,-57.24924560330916,False,False,0,False,False,False,False,False,True,True,False,1.02110005e-13,6.578587e-11,0.9999919,4258.9985,4206.1353,4325.8164,4.9482,4.8859,5.0131,-1.6202,-1.8466,-1.4943,817.7437,720.7449,912.7798,0.1743,0.087,0.2649,0.131,0.0652,0.2,0.0707,0.0351,0.108,PHOENIX,0.005979533548547156,IN,1
471,1636148068921376768,Gaia DR3 5332606350796966912,5332606350796966912,1810470112,2016.0,176.45942455219972,0.13603944,-64.83122002246284,0.14349987,-0.10986221120885059,0.17130153,-0.6413382,7.491689,-7.490633094170615,0.17748822,-0.12579200746695446,0.19034415,0.044268563,-0.006602431,-0.085230246,0.1691907,0.20348811,0.15708894,0.07868929,-0.05108538,0.16749373,0.057347454,338,0,336,2,8.743488,636.5608,1.1805688,11.786952,31,False,1.3855805,,,,,,,,40,26,0.26793617,47,16,0,0.025908751,176.90514,8,0,1.3572859,0.24045491,0.10901927,0.21486989,0.30935216,-101.41302,-63.926224,30.473345,7.8897696,False,371,952.2360355014202,1.8695539,509.33862,18.240505,41,333.7106119249994,8.001156,41.7078,19.030117,40,913.5457012800464,12.804262,71.347,17.34607,1.3098184,0,2,0,0,0,1.6840477,0.7896118,0.8944359,,,,,,,,,,,,,,,,,,,,,,,NOT_AVAILABLE,296.02687518955497,-2.84259473781677,218.35694173571548,-57.227069920761586,False,False,0,False,False,False,False,False,True,True,False,2.734441e-13,2.0262676e-12,0.9999985,4816.924,4777.7935,4904.273,4.8744,4.841,4.9028,-2.0665,-2.4379,-1.913,880.064,836.7041,941.0936,1.4313,1.3805,1.5192,1.0865,1.0462,1.1576,0.597,0.5745,0.6365,MARCS,0.01658999374221008,IN,1
472,1636148068921376768,Gaia DR3 5332606312107516672,5332606312107516672,1402475295,2016.0,176.45951775852484,0.10001759,-64.85234935741815,0.10431659,0.16966782255289242,0.12584282,1.3482519,7.5614996,-7.558316384133239,0.14088331,0.21937653792131853,0.13855986,0.02454533,-0.033387944,0.0096975835,0.19690451,0.16072889,0.2035959,-0.034158364,-0.040641043,0.17132692,0.08742747,345,0,342,3,0.58662075,371.2314,0.20008485,0.32514918,31,False,1.2596697,,,,,,,,41,28,0.20279664,49,17,0,0.011462584,123.14831,0,0,1.0216843,0.18092096,0.11569202,0.16980776,0.22033942,-108.13218,-56.108814,31.044527,6.033094,False,384,936.204973527311,1.2007414,779.6891,18.25894,43,163.45632627033388,4.1311045,39.567223,19.805038,42,1139.2782598047631,7.2906404,156.26587,17.106321,1.3915057,0,1,0,0,0,2.698717,1.5460987,1.1526184,,,,,,,,,,,,,,,,,,,,,,,NOT_AVAILABLE,296.032236164314,-2.8630344420101648,218.38563134883728,-57.241400414862326,False,False,0,False,False,False,False,False,True,False,False,1.02235196e-13,5.0973017e-13,0.99999756,4314.2524,4258.407,4385.622,4.3469,4.2829,4.3892,-0.9272,-1.0051,-0.8338,754.1891,720.3071,803.0966,3.6239,3.5458,3.7182,2.4906,2.4301,2.5645,1.3697,1.3348,1.411,PHOENIX,0.01695052103786359,IN,1
554,1636148068921376768,Gaia DR3 5332606724424390784,5332606724424390784,467081578,2016.0,176.47419235812467,0.11490374,-64.82638482396584,0.117837414,-0.025479026380087415,0.13990247,-0.1821199,5.3337913,-5.016273498826874,0.14824742,1.8128238956859546,0.15043017,0.057967376,-0.014162459,-0.11261332,0.21335812,0.20152706,0.20370424,0.029606685,-0.07035013,0.09710054,0.12864925,368,0,366,2,4.695637,523.6369,0.7757852,4.8507733,31,False,1.3767968,,,,,,,,43,27,0.22060922,50,18,0,0.028333303,79.54627,0,0,1.178773,0.24658228,0.13474734,0.20401528,0.25995287,-106.96664,-51.606396,34.483658,8.15442,False,410,927.0721770903223,1.470488,630.4521,18.269583,45,321.1401062856404,5.871462,54.695084,19.071806,44,900.6537110908668,4.5752664,196.85274,17.361502,1.3179058,0,1,0,0,0,1.7103043,0.8022232,0.90808105,,,,,,,,,,,,,,,,,,,,,,,NOT_AVAILABLE,296.0317444603515,-2.836335357128553,218.35827937143205,-57.21917643854425,False,False,0,False,False,False,False,False,True,False,False,1.123769e-13,6.394487e-11,0.99999756,4906.869,4808.7437,4987.0947,4.8183,4.7784,4.857,-1.7165,-1.9844,-1.5277,937.4037,877.4685,1011.948,1.7098,1.6148,1.79,1.2957,1.2187,1.3601,0.7121,0.669,0.7479,MARCS,0.02451608868104378,IN,1
443,1636148068921376768,Gaia DR3 5332606522595645824,5332606522595645824,1018614457,2016.0,176.45406395480117,0.1296203,-64.84254903496318,0.17078778,0.009956224422864701,0.1887086,0.05275978,8.799045,-8.46930029138193,0.16678946,2.386241109469124,0.20092373,0.12001929,0.07384903,-0.130337,0.1384579,0.44974232,0.025295185,-0.32567176,-0.18043044,-0.019491384,0.13163674,263,0,261,2,1.9959636,331.9347,0.58162695,2.2316833,95,False,,1.3079311,0.03843994,-0.13354719,-0.18528758,-0.0024513733,0.03257829,0.08324986,31,20,0.29001895,38,25,1,0.026066383,145.69019,0,5,1.0883273,0.3115135,0.23682538,0.16730823,0.20496075,-120.2213,-68.97793,42.436184,7.925019,False,261,920.8392049789659,3.4969494,263.32642,18.276907,22,634.7784465359373,79.47221,7.9874263,18.331987,22,1179.407489736726,56.280468,20.955893,17.068735,1.9701442,2,0,0,0,0,1.2632523,0.055080414,1.2081718,,,,,,,,,,,,,,,,,,,,,,,NOT_AVAILABLE,296.0275207642736,-2.8541327633509037,218.3694333734783,-57.23644172006766,False,False,0,False,False,False,False,False,False,False,False,4.7369697e-10,3.1322787e-07,0.99999917,,,,,,,,,,,,,,,,,,,,,,,0.010773137152289392,IN,1
9,1636148068921376768,Gaia DR3 5332609438845913984,5332609438845913984,1449003895,2016.0,176.3725236619401,0.10849573,-64.83887137489583,0.105594404,0.16024255257447928,0.12856266,1.246416,8.718562,-8.424852814350853,0.14484309,2.243921904046624,0.15194127,0.0516778,-0.033751316,-0.055531763,0.24333867,0.07745189,0.22427303,0.023247859,-0.10040257,0.12404306,0.12566213,369,0,365,4,0.72895086,434.07104,0.4760721,1.879325,95,False,,1.2420903,0.030493448,-0.12064506,-0.07614063,-0.07496167,0.0029092715,-0.08499636,43,26,0.22007805,51,18,0,0.01610048,147.3436,0,0,1.0263904,0.20645596,0.1190499,0.19842494,0.26402798,-93.50191,-44.04887,28.900082,6.130764,False,407,907.5946441431713,1.2160571,746.34216,18.292637,46,162.5333275694789,5.05067,32.180546,19.811186,46,1136.7622670392695,6.3843575,178.05429,17.10872,1.4315814,0,2,0,2,0,2.702465,1.518549,1.1839161,,,,,,,,,,,,,,,,,,,,,,,NOT_AVAILABLE,295.99300563745237,-2.8593196101952354,218.32091468834824,-57.259381552458464,False,False,0,False,False,False,False,False,True,False,False,1.02337525e-13,5.096503e-13,0.9999993,4439.1934,4376.9585,4496.6665,4.3424,4.2884,4.3814,-1.2275,-1.3418,-1.0334,737.0197,708.2492,765.5081,3.8587,3.7716,3.9303,2.6647,2.5989,2.7212,1.4764,1.44,1.5087,MARCS,0.024087844825943963,IN,1
530,1636148068921376768,Gaia DR3 5332606316412176896,5332606316412176896,1663539010,2016.0,176.47127762736204,0.108936936,-64.85153924907746,0.10810554,0.19020390780721713,0.131812,1.4429939,6.9112167,-6.8032401682961146,0.15762289,1.2168975064301344,0.14507422,0.022893721,-0.04530503,0.06542459,0.20374754,0.17775425,0.22145551,0.07358998,-0.009987329,0.20081335,0.09250256,341,0,340,1,1.6249466,416.80817,0.46234617,1.751986,95,False,,1.295064,0.032324355,-0.08428986,-0.054364122,0.04960165,0.014574025,-0.0440313,40,26,0.22439027,49,16,0,0.012719085,156.37009,0,34,1.0625068,0.17215084,0.06734325,0.14284001,0.26011002,-113.07913,-49.118954,37.784492,8.281876,False,385,890.727987318967,1.3724728,648.995,18.313004,0,,,,,0,,,,,,,,,,2,,,,,,,,,,,,,,,,,,,,,,,,,,NOT_AVAILABLE,296.03687502333116,-2.8609934826083863,218.39080819738996,-57.23718339210625,False,False,0,False,False,False,False,False,False,False,False,,,,,,,,,,,,,,,,,,,,,,,,,,0.020634479829705617,IN,1
630,1636148068921376768,Gaia DR3 5332606346467261056,5332606346467261056,1099684666,2016.0,176.48702093397142,0.10561731,-64.83947826212797,0.10018814,0.025034792016376227,0.123265386,0.20309669,6.300595,-6.198115218818683,0.13871884,1.131752171509587,0.13303389,0.021694724,-0.035300437,-0.06924342,0.22382404,0.17305344,0.21450962,0.0989278,-0.09119452,0.15062709,0.10379852,368,0,367,1,0.037798535,401.7764,0.33425912,0.9362427,95,False,,1.2836592,0.029352568,-0.119590685,0.010609847,-0.038254913,-0.014578984,-0.08959665,43,27,0.19984421,50,17,1,0.010256488,132.91559,0,0,1.0004834,0.22252195,0.075247765,0.18977654,0.32235792,-92.327866,-37.843124,29.501526,6.4963174,False,403,873.1732778337358,1.3163177,663.3454,18.334616,44,166.62501402885442,6.345178,26.2601,19.784191,42,1038.1724845713734,4.9581795,209.38582,17.207222,1.379792,0,1,0,0,0,2.5769691,1.4495754,1.1273937,,,,,,,,,,,,,,,,,,,,,,,NOT_AVAILABLE,296.0403254998431,-2.847637881042397,218.38286595366282,-57.224077340066636,False,False,0,False,False,False,False,False,True,False,False,1.02137645e-13,5.09677e-13,0.9999985,4362.778,4327.491,4394.122,4.2899,4.2345,4.333,-1.373,-1.4964,-1.2921,845.3026,806.5029,893.5085,3.2638,3.2172,3.3088,2.2744,2.2381,2.3091,1.256,1.2348,1.2759,MARCS,0.024819894860953394,IN,1
12,1636148068921376768,Gaia DR3 5332609404486169728,5332609404486169728,405061718,2016.0,176.37305223933322,0.1202352,-64.84285430592887,0.11021706,-0.2128245714015891,0.13558143,-1.5697178,5.1287923,-5.05470268471545,0.16462652,0.8686142181540651,0.15468106,0.0482113,0.013127562,-0.035115007,0.2613164,0.11692235,0.25865248,0.07438211,-0.030204881,0.08300276,0.14495769,351,0,350,1,0.37162468,424.62677,0.46945432,1.6058341,95,False,,1.2050472,0.03241956,-0.10234435,-0.10400634,-0.08950797,-0.047160327,-0.0664353,41,24,0.23981166,49,17,0,0.014233223,146.77176,0,0,1.013228,0.19329685,0.1006051,0.18107668,0.3021961,-101.45837,-29.953573,29.880066,4.5428553,False,379,860.8141586251114,1.5048233,572.0367,18.350094,44,111.07350970691584,5.666568,19.60155,20.224516,46,1218.5115965695784,7.1004925,171.60945,17.033321,1.544567,0,2,0,2,0,3.1911945,1.8744221,1.3167725,,,,,,,,,,,,,,,,,,,,,,,NOT_AVAILABLE,295.9942318107065,-2.8631162511297306,218.32660278062528,-57.261921451493755,False,False,0,False,False,False,False,False,False,False,False,1.0305603e-13,5.096243e-13,0.99999946,4925.316,4864.2354,5110.052,3.905,3.8583,4.0163,0.5552,0.5009,0.5884,1013.7779,922.3696,1065.5905,6.3148,6.2436,6.4521,4.2259,4.1725,4.3432,2.3289,2.2964,2.3969,MARCS,0.023752846036077302,IN,1
590,1636148068921376768,Gaia DR3 5332606763113839360,5332606763113839360,351465477,2016.0,176.48050918487138,0.10779396,-64.82200968234696,0.10288655,0.5867101590498381,0.12499931,4.6937075,4.671568,-3.3648742905774247,0.13865082,3.2405503614953317,0.13211614,0.018739503,-0.072633095,-0.1719182,0.20702624,0.20047212,0.22176568,0.029086906,-0.01881967,0.13058843,0.10748929,355,0,353,2,-2.444368,299.2742,0.0,0.0,31,False,1.3955171,,,,,,,,41,27,0.19939898,47,17,0,0.015770437,115.230446,1,0,0.9078647,0.23135844,0.13020378,0.20093586,0.2559714,-109.3747,-45.147194,34.682316,9.31954,False,387,847.0444840145325,1.0839496,781.4427,18.367601,40,303.06821912360357,4.044799,74.92789,19.134691,44,756.2643506798564,3.5026667,215.91103,17.551212,1.2506222,0,2,0,0,0,1.5834789,0.76708984,0.8163891,,,,,,,,,,,,,,,,,,,,,,,NOT_AVAILABLE,296.0332476430646,-2.8314253003510745,218.35572909382148,-57.21423115194863,False,False,0,False,False,False,False,False,True,False,False,1.023131e-13,5.1247656e-13,0.99999833,4149.24,4080.9446,4227.957,4.9498,4.8382,4.9865,-1.506,-1.6128,-1.4051,764.4946,697.4575,836.9959,0.3499,0.2469,0.4705,0.2588,0.1818,0.3497,0.1394,0.0977,0.1888,PHOENIX,0.029385786218252222,IN,1
63,1636148068921376768,Gaia DR3 5332606449547555328,5332606449547555328,1244181381,2016.0,176.38373118235356,0.11290563,-64.85340757920166,0.1026276,0.40675989451539674,0.12818266,3.1732833,7.8193674,-7.793437364058516,0.15026303,-0.6362719711815752,0.13598274,0.02650892,-0.03923788,-0.088240884,0.20358455,0.1925442,0.21370232,0.024059476,0.018156601,0.13757777,0.08496806,354,0,352,2,0.19297856,366.66687,0.118845284,0.098981656,31,False,1.4020702,,,,,,,,42,27,0.21205202,51,18,0,0.018497335,149.80435,0,0,1.0063715,0.16517952,0.13946068,0.14056346,0.23663618,-103.81482,-28.349876,30.291536,7.515189,False,383,845.645229502096,1.2382492,682.9362,18.369396,43,312.24967050686735,4.791661,65.16523,19.102287,44,750.1000836389709,5.457596,137.44148,17.560097,1.2562594,0,0,0,1,0,1.5421906,0.7328911,0.80929947,,,,,,,,,,,,,,,,,,,,,,,NOT_AVAILABLE,296.00129990641113,-2.872179304067755,218.34662822290719,-57.26575559043812,False,False,0,False,False,False,False,False,True,False,False,1.0207858e-13,5.100255e-13,0.9999956,4026.324,4008.134,4066.1313,4.5496,4.5014,4.6168,-2.2267,-2.3927,-2.0754,794.1588,759.2343,828.0181,0.0348,0.0098,0.0898,0.0257,0.0072,0.0666,0.0139,0.0039,0.036,PHOENIX,0.022558310582265862,IN,1
568,1636148068921376768,Gaia DR3 5332606763113839616,5332606763113839616,1195195811,2016.0,176.47741644837876,0.1073954,-64.82061008346186,0.10786364,0.06274493650096383,0.1295771,0.48422858,8.470791,-8.038780000824271,0.13897665,2.67063863454706,0.13780794,0.051703595,-0.021786606,-0.106412046,0.22577417,0.22606196,0.22136311,0.03301548,-0.043980494,0.13022028,0.12931915,363,0,362,1,-1.9005678,322.77402,0.0,0.0,31,False,1.2864482,,,,,,,,42,27,0.20476833,49,18,0,0.0122858295,132.44952,0,0,0.92881185,0.24957104,0.1397361,0.21248388,0.25950128,-106.42063,-50.142384,34.470394,8.514186,False,407,832.0603856776657,1.1469795,725.43616,18.38698,26,173.77295342268158,7.0768175,24.55524,19.738586,27,998.7131129891657,7.5328603,132.58086,17.249294,1.4091358,0,0,0,0,0,2.4892921,1.3516064,1.1376858,,,,,,,,,,,,,,,,,,,,,,,NOT_AVAILABLE,296.03162038350354,-2.8304012664828666,218.3521816561776,-57.21424413183221,False,False,0,False,False,False,False,False,False,False,False,1.0342942e-13,5.099278e-13,0.99999696,,,,,,,,,,,,,,,,,,,,,,,0.029394612418353887,IN,1
490,1636148068921376768,Gaia DR3 5332606312107514880,5332606312107514880,870033572,2016.0,176.46268671909513,0.109227985,-64.85511289647462,0.113163486,0.3937237078184888,0.13444196,2.9285777,10.551664,-10.323655427641295,0.15189412,2.1816869640619454,0.15102103,0.008726,-0.060859427,-0.0069458736,0.20890035,0.22242396,0.20399715,-0.053241964,-0.023647629,0.076499306,0.08563229,348,0,348,0,1.809496,408.81384,0.3281602,0.78402615,31,False,1.4015996,,,,,,,,41,27,0.2192306,49,16,0,0.00641312,140.89758,0,0,1.0688826,0.17936003,0.115570925,0.16123499,0.23075494,-109.52032,-54.142044,31.518213,6.2139907,False,390,817.780319345845,1.1279124,725.0389,18.405775,43,296.7812921756281,6.204106,47.836273,19.157452,44,765.2001840024803,5.719161,133.79588,17.538458,1.2986146,0,2,0,1,0,1.6189938,0.75167656,0.8673172,,,,,,,,,,,,,,,,,,,,,,,NOT_AVAILABLE,296.0342371698076,-2.8653703406810487,218.39106963052606,-57.24229003316316,False,False,0,False,False,False,False,False,True,False,False,1.0220128e-13,5.1188047e-13,0.9999964,4348.2046,4269.8545,4429.8354,4.9292,4.9086,4.9547,-1.6256,-1.6921,-1.5553,839.7947,775.3235,881.5456,0.6672,0.5541,0.7741,0.4982,0.4118,0.5807,0.2695,0.2225,0.3147,PHOENIX,0.019792267413114868,IN,1
444,1636148068921376768,Gaia DR3 5332606934887657344,5332606934887657344,1661606190,2016.0,176.45423374703734,0.15784101,-64.82669798725621,0.12652747,0.10237890899741146,0.16546649,0.618729,8.047215,-7.865555475190125,0.19477583,1.7002102807630688,0.16875453,0.12771326,0.03909851,-0.3973391,0.17744307,0.28837523,0.19457853,0.12101608,0.034486555,0.2535918,0.21208912,294,0,294,0,1.4492494,340.68314,0.33728382,0.6964142,95,False,,1.3960721,0.03988387,-0.1424923,-0.056646485,0.081364065,0.021316724,-0.016747992,35,24,0.2883014,43,17,2,0.01716122,138.60432,0,23,1.0598089,0.1542537,0.25672153,0.21338612,0.28777128,-91.64991,-35.932407,38.479168,15.040565,False,306,811.3815455242783,3.414584,237.62238,18.414305,0,,,,,0,,,,,,,,,,1,,,,,,,,,,,,,,,,,,,,,,,,,,NOT_AVAILABLE,296.02359655897186,-2.8387737427038413,218.3480425228497,-57.22561517497717,False,False,0,False,False,False,False,False,False,False,False,,,,,,,,,,,,,,,,,,,,,,,,,,0.018338747203099467,IN,1
357,1636148068921376768,Gaia DR3 5332606522595634816,5332606522595634816,764233040,2016.0,176.43834827618622,0.21360093,-64.84792735640823,0.24327749,0.41855146825173944,0.2818754,1.4848812,9.387405,-9.329711282384041,0.28247002,1.0391669382294488,0.34734252,0.119985595,0.09962411,0.023591569,0.25462994,0.21829225,0.2140746,0.0014312944,0.017423248,0.2362437,0.15528062,328,0,302,26,20.19738,1168.3547,2.1595116,38.556526,95,False,,1.3915175,0.05802031,-0.10628808,0.0027935004,-0.11901575,-0.017738223,-0.11909243,36,24,0.49608096,47,16,0,0.08252024,171.0228,28,0,1.934693,0.21138407,0.17421542,0.23392116,0.23635843,-81.26975,-63.92894,25.491808,8.5428505,False,330,803.4422673458979,1.6444018,488.59244,18.42498,41,441.8724132308125,8.360526,52.852226,18.7253,41,1307.3540088817072,8.549842,152.90973,16.956913,2.177165,0,41,0,41,0,1.7683868,0.30031967,1.4680672,,,,,,,,,,,,,,,,,,,,,,,NOT_AVAILABLE,296.0224036608234,-2.861019815665845,218.36833757004092,-57.24499739466273,False,False,0,False,False,False,False,False,False,False,False,3.4896326e-09,3.2752912e-05,0.99996,,,,,,,,,,,,,,,,,,,,,,,0.0075761649640623124,IN,1
514,1636148068921376768,Gaia DR3 5332606350796954240,5332606350796954240,466290918,2016.0,176.46839332380037,0.119715065,-64.84526742119303,0.1338683,0.1589175951217473,0.15259227,1.0414524,6.4662237,-6.40468634102401,0.1611925,0.8899663947381606,0.1915261,-0.033116173,0.06441138,0.059115943,0.15974356,0.05264678,0.14455837,0.16028824,-0.074623205,0.18544337,-0.031446267,259,0,257,2,0.3166845,271.67044,0.0,0.0,95,False,,1.3904253,0.03854026,-0.19103393,0.030711021,-0.10704299,-0.00910952,-0.02126131,31,22,0.26772487,45,16,0,0.022062572,152.86981,0,26,1.0128336,0.27312666,0.18551856,0.22079563,0.4221913,-104.52917,-89.36768,37.34652,10.648479,False,287,797.7469931831148,1.4307196,557.5844,18.432703,0,,,,,0,,,,,,,,,,2,,,,,,,,,,,,,,,,,,,,,,,,,,NOT_AVAILABLE,296.0341081112877,-2.8552313807024348,218.38076701730483,-57.2338205801897,False,False,0,False,False,False,False,False,False,False,False,,,,,,,,,,,,,,,,,,,,,,,,,,0.017227213631927585,IN,1
499,1636148068921376768,Gaia DR3 5332606346467261184,5332606346467261184,1527076545,2016.0,176.46560370504872,0.11211169,-64.83938613324005,0.11496777,0.5299298700834696,0.13627394,3.8887105,12.797583,-12.790048764778833,0.15184388,0.4390541884148482,0.15053885,0.00025854574,-0.017468326,-0.052072205,0.19142467,0.136086,0.18646704,0.00824389,-0.093226545,0.13119419,0.016546559,329,0,327,2,-1.1659738,305.5264,0.0,0.0,31,False,1.3559661,,,,,,,,39,27,0.2121736,47,17,0,0.013237758,158.95116,1,0,0.9533888,0.25208196,0.0933381,0.2205625,0.30719554,-115.74298,-65.25191,33.721558,6.893927,False,372,768.431414963616,1.2794902,600.57623,18.473354,42,234.34719717151503,5.535362,42.336384,19.413893,41,737.3909882538951,6.3453927,116.208885,17.578651,1.2645737,0,0,0,3,0,1.8352413,0.9405384,0.8947029,,,,,,,,,,,,,,,,,,,,,,,NOT_AVAILABLE,296.0314780404677,-2.8498373322883848,218.37130683508548,-57.23069333716648,False,False,0,False,False,False,False,False,True,False,False,1.187521e-13,7.114303e-11,0.99999774,4011.2927,3968.3867,4130.66,4.8779,4.8102,4.9177,-1.0584,-1.1718,-0.8786,756.4893,694.0657,866.2416,0.6099,0.5215,0.8324,0.4385,0.3741,0.6019,0.2376,0.2033,0.3249,MARCS,0.01577546310257498,IN,1
56,1636148068921376768,Gaia DR3 5332606488212921344,5332606488212921344,886080866,2016.0,176.3826708593845,0.16359937,-64.84251318349531,0.19907583,0.9379729841043106,0.20369849,4.6047125,10.92784,-10.548291459791844,0.2235982,2.8550364705009006,0.2801446,0.2660996,0.09776301,0.16027233,0.32996643,0.122842126,0.29425633,0.031084742,-0.063946165,0.07594519,0.3402488,278,0,276,2,6.420905,472.5221,1.087748,6.11978,95,False,,1.388199,0.046345115,-0.12685919,-0.0560233,-0.08719506,-0.020916602,-0.036410835,33,22,0.41959307,44,15,2,0.036563057,129.2174,0,28,1.2873273,0.24113177,0.32737613,0.25817078,0.19890763,-94.64048,-63.236626,32.151676,-0.44103605,False,311,762.67571492937,2.0900338,364.9107,18.481518,0,,,,,0,,,,,,,,,,2,,,,,,,,,,,,,,,,,,,,,,,,,,NOT_AVAILABLE,295.9981065028485,-2.861752481049417,218.3312742649372,-57.25868838284093,False,False,0,False,False,False,False,False,False,False,False,,,,,,,,,,,,,,,,,,,,,,,,,,0.019651576734007425,IN,1
77,1636148068921376768,Gaia DR3 5332600578335646464,5332600578335646464,668804821,2016.0,176.38783299407132,0.11309116,-64.85966748741896,0.111240864,0.2310921769612134,0.13535158,1.7073474,11.966855,-8.189053831141225,0.15759617,-8.726111721750978,0.14676362,-0.008043662,-0.04974704,-0.06593258,0.22760661,0.18392797,0.24481636,0.017524542,-0.0133722015,0.13668235,0.07246136,361,9,359,2,-1.0023452,341.4048,0.0,0.0,31,False,1.4005779,,,,,,,,43,27,0.22283788,52,18,0,0.020643406,124.49524,0,0,0.9616375,,,,,,,,,False,387,752.5630236654035,1.0891333,690.97424,18.49601,49,260.5816352849213,5.0885572,51.209335,19.298683,48,679.0370154202704,4.53005,149.89615,17.668161,1.248558,0,0,0,1,0,1.6305218,0.80267334,0.82784843,,,,,,,,,,,,,,,,,,,,,,,NOT_AVAILABLE,296.004572123987,-2.8777956501436663,218.3573161241069,-57.26872626924801,False,False,0,False,False,False,False,False,True,False,False,2.007232e-11,5.166531e-13,0.9999951,3953.0835,3930.8801,4053.205,4.8497,4.7405,4.9143,-0.8761,-1.1269,-0.4641,909.0627,813.0886,1190.115,0.0307,0.0068,0.1135,0.0223,0.0049,0.0831,0.012,0.0026,0.0446,PHOENIX,0.02515983461709103,IN,1
219,1636148068921376768,Gaia DR3 5332606483908397440,5332606483908397440,1022645716,2016.0,176.4155908153334,0.13214101,-64.84743044605788,0.12849383,0.11750038620942668,0.15954578,0.7364682,5.791656,-5.676901462944795,0.1689396,1.1472000179411237,0.16203034,0.110301934,0.093022935,0.022483442,0.24190359,0.29255298,0.21145017,0.088154376,-0.010432341,0.17233595,0.09659064,339,0,337,2,0.445177,398.1586,0.529979,1.614438,95,False,,1.2210991,0.035765972,-0.09594648,-0.078350194,-0.031618394,-0.014884683,-0.07681747,40,25,0.24421015,48,17,0,0.03340678,136.05588,0,0,1.0163394,0.16185835,0.12711838,0.19627626,0.24838047,-101.335365,-37.15818,30.555273,8.21423,False,379,742.1313750642373,1.239852,598.5645,18.511166,45,122.11086700619646,5.055571,24.153723,20.121656,47,988.9215183428362,5.8169622,170.00652,17.25999,1.4970832,0,25,0,25,0,2.8616657,1.6104908,1.2511749,,,,,,,,,,,,,,,,,,,,,,,NOT_AVAILABLE,296.01290639596414,-2.8629771940976663,218.3555178369825,-57.25175786691455,False,False,0,False,False,False,False,False,False,False,False,1.0230147e-13,5.0964376e-13,0.9999991,,,,,,,,,,,,,,,,,,,,,,,0.008163667245356295,IN,1
84,1636148068921376768,Gaia DR3 5332606586988996096,5332606586988996096,380104597,2016.0,176.389986055197,0.12778375,-64.82334255015125,0.12838364,0.46664652895378467,0.15212436,3.0675333,4.345206,-4.167303634692136,0.17324167,1.2306067493041377,0.18047743,0.110236734,-0.016986761,0.010363371,0.2887347,0.2154738,0.27786258,0.20097587,-0.04311577,0.16826603,0.20067,358,0,357,1,1.6164626,424.81537,0.5297129,1.7225595,95,False,,1.3309596,0.036057685,-0.11144335,-0.13758706,-0.083065875,-0.0038646443,-0.082155816,41,25,0.27387664,50,19,0,0.019711815,137.86009,0,0,1.060657,0.2075641,0.12933931,0.25642014,0.30193847,-102.45127,-43.62098,31.880024,6.2578363,False,399,738.4234650132987,2.59177,284.9109,18.516603,44,416.3869953611459,25.137497,16.564377,18.789799,43,1008.0680770392953,25.38179,39.716194,17.23917,1.929049,4,2,2,3,0,1.5506287,0.27319527,1.2774334,,,,,,,,,,,,,,,,,,,,,,,NOT_AVAILABLE,295.9962700319189,-2.842417892316252,218.30917414990975,-57.243382752723285,False,False,0,False,False,False,False,False,True,False,False,1.11911536e-10,1.3629604e-07,0.99999964,4667.4614,4475.2217,4958.2397,4.7088,4.6563,4.7553,-3.7345,-3.9973,-3.2184,839.6052,750.3735,931.1219,2.0124,1.8075,2.2857,1.4838,1.3217,1.7031,0.824,0.7322,0.95,MARCS,0.024564341713532153,IN,1
350,1636148068921376768,Gaia DR3 5332606522570682752,5332606522570682752,608671921,2016.0,176.43708382523437,0.11901202,-64.83745014328368,0.12850985,0.28545263993188735,0.14696603,1.9423035,6.765323,-5.809142614857992,0.16137122,3.4674857349980024,0.16996008,0.096062474,-0.010843423,0.032096006,0.25983638,0.24907273,0.25117126,0.096001595,-0.026569141,0.14610574,0.13905112,334,0,331,3,-1.120263,310.6451,0.0,0.0,31,False,1.3560821,,,,,,,,39,25,0.24948901,47,16,0,0.023209495,121.35994,0,0,0.95544225,0.20139666,0.17172179,0.27175122,0.24505268,-96.68554,-57.709682,28.340567,4.1972175,False,366,729.6203766007987,1.2199663,598.06604,18.529625,45,232.5318230067614,5.382333,43.202797,19.422337,44,705.8824273633111,7.015393,100.61909,17.626064,1.2861679,0,0,0,0,0,1.7962723,0.89271164,0.90356064,,,,,,,,,,,,,,,,,,,,,,,NOT_AVAILABLE,296.0192401470845,-2.851015918714107,218.35345583971687,-57.238272904970756,False,False,0,False,False,False,False,False,True,False,False,1.02150256e-13,5.1007945e-13,0.999996,3999.711,3900.7095,4475.2314,4.8871,4.8229,4.9214,-1.091,-1.5678,-0.9045,785.1671,715.3862,872.0,0.5909,0.3694,1.386,0.4243,0.264,1.0254,0.2303,0.1444,0.5588,MARCS,0.005371404261543411,IN,1
170,1636148068921376768,Gaia DR3 5332606591290109184,5332606591290109184,1647064676,2016.0,176.4072810770843,0.11838037,-64.83664237355825,0.122145355,0.12523046031178656,0.14782518,0.8471524,7.155664,-6.970918588594544,0.15515563,1.615495004577072,0.15278263,0.03139791,0.019804796,-0.060009975,0.2022171,0.25258806,0.16847172,0.01944855,-0.09245165,0.13294448,0.048594825,361,0,359,2,1.1426438,408.43845,0.2115307,0.27336594,95,False,,1.3559159,0.03478109,-0.11475095,-0.10446431,-0.04915772,0.010405983,-0.081289634,42,26,0.21939117,50,18,0,0.028234739,133.36569,0,0,1.0423532,0.2043257,0.07507978,0.22963274,0.29487586,-112.043915,-41.383236,29.00327,5.948064,False,393,728.809678856497,1.3403689,543.73816,18.530832,45,251.44399436591814,8.053888,31.2202,19.337439,46,841.1949484915847,14.349736,58.620934,17.435654,1.4992102,0,19,0,20,0,1.9017849,0.8066063,1.0951786,,,,,,,,,,,,,,,,,,,,,,,NOT_AVAILABLE,296.0067585020157,-2.853429465063926,218.33644791053126,-57.247021699044346,False,False,0,False,False,False,False,False,True,False,False,1.0589785e-13,1.2555353e-10,0.9999948,4282.7427,4228.853,4365.253,4.6148,4.49,4.6648,-3.3359,-3.4632,-3.0591,814.208,756.6337,878.0546,1.3465,1.2773,1.439,0.9832,0.9312,1.0552,0.5406,0.5117,0.5809,MARCS,0.01038226784205977,IN,1
526,1636148068921376768,Gaia DR3 5332606763089039488,5332606763089039488,1766798229,2016.0,176.4710146764308,0.12739424,-64.82226558889235,0.119782194,0.19405249293409435,0.14570054,1.3318584,5.9782405,-5.9222285831122905,0.16017772,0.8164348724871363,0.15434809,0.03716805,-0.10699374,-0.12665369,0.23773108,0.23144653,0.25677207,0.08982556,-0.013358888,0.14071041,0.16784163,344,0,343,1,1.2904246,388.21634,0.16494317,0.15297075,31,False,1.3608744,,,,,,,,40,27,0.23786855,47,17,0,0.022554943,119.90521,0,0,1.0490378,0.20816283,0.14482214,0.19127502,0.24498104,-107.343956,-42.76933,34.53843,8.453857,False,379,728.3995803539275,1.2011282,606.4295,18.531443,39,236.7311677804256,4.181923,56.608208,19.402905,38,679.2020664726308,4.08769,166.15793,17.667898,1.2574599,0,1,0,0,0,1.7350063,0.87146187,0.86354446,,,,,,,,,,,,,,,,,,,,,,,NOT_AVAILABLE,296.02939768575044,-2.8326882353568417,218.35100314902556,-57.217366845579754,False,False,0,False,False,False,False,False,True,False,False,1.8908666e-11,5.0991877e-13,0.99999774,4819.987,4768.763,5156.4785,4.86,4.7727,4.8919,-2.0384,-2.7807,-1.7812,966.7319,911.2026,1193.4073,1.6919,1.6368,1.978,1.2729,1.2304,1.507,0.7003,0.6775,0.8355,MARCS,0.0263144014400003,IN,2
618,1636148068921376768,Gaia DR3 5332606316412148864,5332606316412148864,1518807710,2016.0,176.48440597436806,0.11653001,-64.85784721304454,0.11099967,0.36327758581660224,0.13859808,2.6210866,6.7975044,-6.696397490516897,0.16161604,1.1680442052218092,0.1464904,-0.05301072,-0.15656434,-0.045587305,0.14615734,0.17340574,0.1798245,0.064609036,-0.04162252,0.17255212,0.020580009,360,0,358,2,0.52477634,388.93152,0.0,0.0,95,False,,1.3585055,0.03537655,-0.10973683,-0.0483331,0.024854131,-0.030838266,-0.058372363,42,26,0.22483474,50,16,0,0.038911592,150.87247,0,0,1.0188903,0.19913587,0.024762504,0.1531123,0.30364287,-112.382225,-56.397446,34.730545,9.399928,False,392,727.7384187868236,2.5119035,289.7159,18.532429,22,252.34257024101154,10.087572,25.015194,19.333567,22,820.3635758735139,18.466143,44.42528,17.46288,1.474027,0,0,0,1,0,1.8706875,0.8011379,1.0695496,,,,,,,,,,,,,,,,,,,,,,,VARIABLE,296.0438684665155,-2.8656970089559177,218.40636463575856,-57.2373771445251,False,False,0,False,False,False,True,False,False,False,False,3.3496218e-12,9.075443e-12,0.9999949,3920.9639,3823.8445,4551.994,4.8558,4.7435,4.8915,-0.9894,-1.5611,-0.7752,689.7314,630.9014,790.8827,0.9098,0.6255,1.9614,0.6406,0.4393,1.4346,0.3515,0.244,0.787,MARCS,0.02871061828408815,IN,2
601,1636148068921376768,Gaia DR3 5332606724424391040,5332606724424391040,1586311244,2016.0,176.481786268628,0.11696207,-64.82594509359589,0.11903579,0.27253970412511275,0.14164527,1.9241004,6.007586,-5.73953704220333,0.15226606,1.7744870320461996,0.1524551,0.039059334,-0.024075937,-0.095322095,0.22597918,0.1855069,0.22359048,0.02036683,-0.06241355,0.13877216,0.11037604,366,0,366,0,-0.79999954,356.5439,0.0,0.0,31,False,1.2753936,,,,,,,,42,27,0.22348824,50,18,0,0.011504515,131.75414,0,0,0.9694613,0.25246987,0.13245209,0.2127359,0.2636604,-105.02569,-52.613056,33.940853,8.121193,False,403,724.9872394584554,1.1370543,637.60126,18.536541,46,135.1153656201935,5.084023,26.576466,20.01178,45,886.9691671450012,7.1788373,123.553314,17.378124,1.4097966,0,16,0,18,0,2.6336555,1.4752388,1.1584167,,,,,,,,,,,,,,,,,,,,,,,NOT_AVAILABLE,296.0347641702514,-2.83509795209961,218.36174027299296,-57.21650885031589,False,False,0,False,False,False,False,False,True,False,False,1.02272486e-13,5.0968604e-13,0.99999833,4238.4453,4119.283,4333.1323,4.452,4.3581,4.5389,-1.1739,-1.337,-1.0303,706.7911,637.101,810.4095,3.3308,3.1517,3.4639,2.2908,2.1553,2.3939,1.2607,1.1837,1.3187,PHOENIX,0.027377753583407893,IN,2
497,1636148068921376768,Gaia DR3 5332606728754097152,5332606728754097152,519685483,2016.0,176.46519550793414,0.13366796,-64.82227794507087,0.13919187,-0.05248637608744543,0.16210249,-0.32378513,7.8533955,-7.826125328471809,0.17406553,0.6538990290829156,0.17268415,0.10872709,-0.004189759,-0.09816609,0.25113145,0.3102242,0.27422816,0.12371052,0.03782506,0.22404088,0.17657687,328,0,326,2,1.595396,393.43225,0.54896486,1.744487,95,False,,1.2999873,0.03892167,-0.118972145,-0.11576107,-0.053990588,-0.023565438,-0.020478126,38,25,0.2649384,46,45,0,0.012338747,138.76213,0,2,1.0626587,0.21636975,0.192491,0.2609424,0.2329782,-106.61357,-54.352276,34.7217,7.32282,True,371,720.7908182313446,1.0975035,656.7549,18.542843,39,180.46034521713273,4.2067604,42.8977,19.697588,38,787.0261566260884,4.4643135,176.29276,17.507923,1.342257,0,39,0,38,0,2.1896648,1.1547451,1.0349197,,,,,,,,,,,,,,,,,,,,,,,NOT_AVAILABLE,296.0270017775141,-2.833322715909152,218.34791099171738,-57.21919055444671,False,False,0,False,False,False,False,False,True,False,False,1.034241e-13,5.103579e-13,0.99999714,3956.29,3765.6545,4112.419,4.2941,4.2014,4.423,-1.4838,-2.0058,-1.1947,845.79,725.0413,1064.8827,1.635,1.2573,1.8679,1.1461,0.8715,1.3201,0.6251,0.4761,0.7221,PHOENIX,0.024684387743318197,IN,2
521,1636148068921376768,Gaia DR3 5332606724424390528,5332606724424390528,831488257,2016.0,176.46963602735985,0.121402584,-64.82684884065746,0.123412,-0.0994473493734822,0.14714,-0.6758689,3.347834,-3.305566801287454,0.15946844,0.5303025394578116,0.15769365,0.04624689,-0.00699343,-0.064252086,0.22864422,0.19591019,0.2237136,0.008639857,-0.05177188,0.1393105,0.115250655,357,0,356,1,1.3141878,405.20685,0.35144264,0.7198704,31,False,1.2839855,,,,,,,,42,27,0.23324873,49,18,0,0.013000693,126.093346,0,0,1.0490435,0.25387216,0.13885662,0.21637332,0.24486142,-112.474174,-55.389034,36.47576,9.425341,False,397,719.4620042332201,1.3033191,552.0229,18.544847,43,151.2913339617932,5.626644,26.888378,19.889008,43,842.5047830965395,7.242226,116.3323,17.433964,1.3813045,0,1,0,1,0,2.4550438,1.3441601,1.1108837,,,,,,,,,,,,,,,,,,,,,,,NOT_AVAILABLE,296.0299831277137,-2.8372717094407696,218.3564740529425,-57.22091312796705,False,False,0,False,False,False,False,False,True,False,False,1.0500052e-13,5.0976877e-13,0.99999875,3874.8694,3751.0796,3934.5007,4.4016,4.1077,4.4518,-1.1775,-1.3583,-1.0331,736.2711,679.7094,806.6252,2.417,2.2068,2.5114,1.6453,1.4934,1.7143,0.9011,0.8202,0.9385,PHOENIX,0.022720472051973643,IN,2
524,1636148068921376768,Gaia DR3 5332606758797088512,5332606758797088512,212365817,2016.0,176.4703433412295,0.123706795,-64.81995316302832,0.12303076,0.42614979269022246,0.14661844,2.9065225,2.5348735,-1.4774781146657836,0.16352652,-2.059767470837037,0.15941492,0.07673667,-0.022264361,-0.11351791,0.2560375,0.27678916,0.29046085,0.15190029,0.05592076,0.22012486,0.18687138,345,0,344,1,-1.0778043,324.32956,0.0,0.0,31,False,1.4159176,,,,,,,,40,26,0.24793503,47,17,0,0.022061234,124.208755,0,0,0.9579246,0.21342537,0.15888566,0.22244556,0.26772228,-103.83231,-46.710842,34.88734,7.9052653,False,386,714.2511241479189,1.1259725,634.34155,18.55274,39,277.9650772791909,4.9653096,55.98142,19.228567,38,653.8117993136083,4.979099,131.31128,17.709263,1.3045508,0,30,0,31,0,1.5193043,0.675827,0.84347725,,,,,,,,,,,,,,,,,,,,,,,NOT_AVAILABLE,296.0285388033324,-2.8305218993754604,218.3475130261005,-57.21600389099442,False,False,0,False,False,False,False,False,True,False,False,2.478002e-11,7.556195e-11,0.9999861,4054.5938,4028.8997,4065.6113,4.8182,4.8042,4.8354,-2.4044,-2.6689,-2.1922,647.2536,636.0242,664.4344,0.0049,0.0011,0.0154,0.0037,0.0008,0.0114,0.002,0.0004,0.0062,MARCS,0.027869505236606678,IN,2
10,1636148068921376768,Gaia DR3 5332609404486154112,5332609404486154112,993970467,2016.0,176.37279787152576,0.13427949,-64.84937675503438,0.12287467,0.21816740972483134,0.15368752,1.419552,6.308474,-6.043290875906779,0.17949323,1.8098292878943423,0.17626105,0.09366161,0.08415423,0.05647044,0.26576686,0.13805363,0.24070883,0.10864322,-0.015677007,0.10929592,0.11929722,347,0,345,2,0.79603297,386.98373,0.28588998,0.4202135,31,False,1.2320293,,,,,,,,41,25,0.26440853,48,16,0,0.017321456,135.35027,0,0,1.0296911,0.15885772,0.12933493,0.17843075,0.28978863,-109.855156,-27.56629,31.08327,7.2174253,False,379,710.380034736555,1.2610412,563.3282,18.55864,46,97.96895867772993,5.9575324,16.444553,20.36082,45,936.0809332815081,5.8560348,159.84894,17.319613,1.4556291,0,2,0,1,0,3.0412083,1.8021812,1.239027,,,,,,,,,,,,,,,,,,,,,,,NOT_AVAILABLE,295.99577857946855,-2.8694540363105596,218.33532143870693,-57.266429787960895,False,False,0,False,False,False,False,False,True,False,False,1.02607776e-13,5.0962457e-13,0.99999946,4336.94,4316.2617,4378.7656,4.2636,4.2087,4.3264,-1.3682,-1.4688,-1.2705,609.1998,579.3759,646.2904,4.8196,4.7767,4.8751,3.2326,3.2026,3.2765,1.8076,1.7899,1.8345,MARCS,0.025082890922163124,IN,2
453,1636148068921376768,Gaia DR3 5332606552625696640,5332606552625696640,1108507863,2016.0,176.45564953656574,0.12101202,-64.83164436036483,0.1260915,1.427717975840648,0.15097378,9.456728,32.636303,-29.31079158973621,0.16510281,14.352897935129386,0.17390114,0.091829486,0.035118982,-0.0032403981,0.2453415,0.23994021,0.2287149,0.12603654,-0.012147769,0.2589006,0.09638193,332,0,331,1,-1.4079056,323.17365,0.0,0.0,95,False,,1.2668853,0.036191493,-0.10958356,-0.108149774,-0.052678797,0.0029684966,-0.086690396,39,26,0.2517358,46,15,0,0.01933959,119.54519,0,0,0.9442824,0.21302997,0.13036445,0.26984787,0.29250023,-105.12719,-58.243732,29.059517,5.263691,False,373,709.2958276940365,1.2377782,573.03955,18.560299,43,151.42990074205838,7.0599403,21.449175,19.888014,38,818.6806119621011,6.419195,127.53633,17.465109,1.3677093,0,2,0,1,0,2.422905,1.3277149,1.09519,,,,,,,,,,,,,,,,,,,,,,,NOT_AVAILABLE,296.02542638173594,-2.8434093850649464,218.35550064667154,-57.22853587910058,False,False,0,False,False,False,False,False,True,False,False,1.0332038e-13,5.2303084e-13,0.9998872,3394.006,3356.6133,3425.9646,4.5146,4.4436,4.6119,-0.6184,-0.6954,-0.5337,534.8117,466.3396,580.2414,0.7719,0.6988,0.8322,0.5105,0.4614,0.551,0.3028,0.2742,0.3262,PHOENIX,0.01508276041672453,IN,2
492,1636148068921376768,Gaia DR3 5332606350796955904,5332606350796955904,839704849,2016.0,176.46359847018928,0.13742885,-64.84329807186977,0.13020161,0.1994042610211609,0.16569994,1.2034057,8.890516,-8.890440007037197,0.18323521,0.036759871770387184,0.17459203,0.077821724,0.18514252,0.16474684,0.2508071,0.24478939,0.21737644,0.011196086,0.07435635,0.24210182,0.06734707,288,0,288,0,-0.975271,277.36908,0.0,0.0,95,False,,1.3356864,0.038131207,-0.05679403,-0.060333658,-0.010828932,0.05128353,-0.07230873,35,24,0.2635118,43,13,0,0.01651569,142.13255,0,0,0.95805055,0.23900932,0.06163185,0.2211422,0.31335768,-121.37741,-26.073538,36.54545,10.888238,False,317,700.0615593220022,1.2243462,571.784,18.574526,39,275.65353592563133,12.721351,21.668575,19.237633,40,722.6283847416885,12.67113,57.029514,17.600609,1.4259917,0,12,0,11,0,1.6370239,0.6631069,0.973917,,,,,,,,,,,,,,,,,,,,,,,NOT_AVAILABLE,296.03163707783324,-2.853837926297708,218.3755382973133,-57.23397737739554,False,False,0,False,False,False,False,False,True,False,False,1.0304994e-13,5.2044296e-13,0.99999756,3935.2612,3900.2556,4051.759,4.8866,4.8481,4.9178,-0.9745,-1.1194,-0.8516,810.4139,752.09,868.7957,0.2944,0.2093,0.5587,0.2116,0.15,0.4034,0.1153,0.082,0.2183,MARCS,0.014883537270596143,IN,2
101,1636148068921376768,Gaia DR3 5332606625674869632,5332606625674869632,1254080860,2016.0,176.3933964540425,0.19371384,-64.82279821338913,0.1949461,-0.7671657023053045,0.23733899,-3.2323627,6.4985847,-6.474407128811355,0.26303643,-0.5600483160615549,0.26649237,0.10396401,-0.033315085,-0.052504167,0.2194102,0.19191748,0.18876871,0.08282351,-0.13873889,0.032482516,0.19829892,361,0,359,2,24.437872,1531.1588,1.7937895,20.529634,95,False,,1.4678776,0.05307585,-0.08328528,-0.08722706,-0.058171906,0.006596481,-0.07386893,42,26,0.4034023,50,17,0,0.07007844,19.965235,6,0,2.0476682,0.22659911,0.11868883,0.23013967,0.2804843,-108.35656,-39.943054,32.46581,7.141095,False,396,699.5116773662111,3.3679454,207.69685,18.57538,46,328.35837782656733,15.358519,21.37956,19.047672,46,1065.574011797714,16.702824,63.79604,17.178936,1.9927222,0,46,0,46,0,1.8687363,0.47229195,1.3964443,,,,,,,,,,,,,,,,,,,,,,,NOT_AVAILABLE,295.9975378758657,-2.841524725619049,218.31025797340064,-57.24194841856134,False,False,0,False,False,False,False,False,False,False,False,2.8833353e-09,5.3272555e-07,0.99999714,,,,,,,,,,,,,,,,,,,,,,,0.024034851515875734,IN,2
480,1636148068921376768,Gaia DR3 5332606209028297216,5332606209028297216,1271869447,2016.0,176.4613508978874,0.11940583,-64.8578830492064,0.12051191,0.40765004802067506,0.1458426,2.795137,13.840866,-13.699681118822571,0.16880631,1.971879673805608,0.15688701,0.01749862,-0.084138155,-0.026034625,0.19101788,0.1858564,0.21732521,0.030902345,-0.00527239,0.13854745,0.07824729,350,0,350,0,-1.4872043,320.1951,0.0,0.0,31,False,1.3587543,,,,,,,,41,28,0.23883846,49,17,0,0.008439568,145.05489,0,0,0.94297314,0.1643143,0.1142715,0.1491669,0.23399572,-117.271904,-45.80185,35.711563,7.126647,False,393,687.0898868717793,1.0685644,643.0028,18.594833,46,213.30801262859086,5.469198,39.001698,19.516024,44,649.6313406764361,6.2639437,103.70964,17.716228,1.2559338,0,1,0,1,0,1.7997952,0.92119026,0.8786049,,,,,,,,,,,,,,,,,,,,,,,NOT_AVAILABLE,296.03438488636033,-2.8681941890347598,218.39411365141308,-57.244588548966725,False,False,0,False,False,False,False,False,True,False,False,1.08258556e-13,5.560604e-13,0.9999949,4778.0083,4649.3247,4809.2666,4.9033,4.871,4.9409,-2.3833,-3.058,-1.994,907.2195,821.8328,952.2201,1.6923,1.5596,1.7366,1.27,1.1636,1.3028,0.6992,0.6412,0.7183,MARCS,0.02141692643969435,IN,2
596,1636148068921376768,Gaia DR3 5332606346467260032,5332606346467260032,1336137586,2016.0,176.48135708949292,0.13216765,-64.84059454718825,0.12301599,0.14362138603212277,0.152799,0.9399367,6.890353,-6.828305795951384,0.17166199,0.9226096175845863,0.16772671,0.039637987,0.018510843,-0.050464857,0.20452477,0.16985457,0.17961656,0.111717395,-0.070625626,0.1569133,0.028317347,350,0,349,1,1.1213409,390.8853,0.3575781,0.66483724,31,False,1.3053372,,,,,,,,41,26,0.24074996,48,16,0,0.011500261,153.73997,0,0,1.0420713,0.18262543,0.08795889,0.22337466,0.30389944,-113.09522,-36.43866,30.143814,7.9636083,False,394,682.6625464995226,1.1035558,618.60266,18.601852,43,166.57236406477656,6.3078575,26.407122,19.784534,44,762.3234549438753,5.5504007,137.34566,17.542547,1.3606955,0,0,0,1,0,2.2419872,1.182682,1.0593052,,,,,,,,,,,,,,,,,,,,,,,NOT_AVAILABLE,296.0382726586846,-2.849323301837954,218.38135457998547,-57.22660221718838,False,False,0,False,False,False,False,False,True,False,False,1.0215209e-13,5.0976877e-13,0.99999714,4395.0894,4301.5933,4483.262,4.8339,4.7014,4.8609,-1.3157,-1.4539,-1.1915,632.8371,595.8948,711.8362,2.504,2.3765,2.6089,1.7809,1.6827,1.8631,0.9739,0.9206,1.0203,PHOENIX,0.02234656509464085,IN,2
179,1636148068921376768,Gaia DR3 5332606625675072000,5332606625675072000,803360868,2016.0,176.40879840659144,0.12693842,-64.8177471165891,0.13219927,0.3894423103274766,0.15704753,2.4797738,7.445017,-7.359698149739341,0.17286436,1.1238856136101016,0.18853423,0.071459964,0.00021975755,-0.05537527,0.20861252,0.23252344,0.16010472,-0.006057043,-0.11136998,-0.00733474,0.19209528,345,0,343,2,0.5479954,391.9511,0.29251012,0.48108667,95,False,,1.2616992,0.038121447,-0.11005192,-0.12596299,-0.052669737,0.007841968,-0.056647275,40,25,0.27596375,47,16,0,0.025026388,144.90678,1,0,1.0201862,0.22964047,0.15574524,0.2569736,0.2998557,-107.878044,-52.710552,31.733553,6.055038,False,378,678.8570989443249,1.46355,463.84277,18.607922,43,134.16513893149616,5.3946795,24.8699,20.019444,42,912.9383836391954,6.74697,135.31087,17.346792,1.5424505,0,1,0,2,0,2.6726513,1.4115219,1.2611294,,,,,,,,,,,,,,,,,,,,,,,NOT_AVAILABLE,296.0026095320471,-2.8349829015952657,218.31163962857732,-57.23370857298144,False,False,0,False,False,False,False,False,True,False,False,1.1360568e-13,5.1010265e-13,0.999996,3924.862,3873.372,3999.1643,4.1514,4.1179,4.215,-1.6028,-1.7556,-1.4799,598.0736,535.5044,628.0468,3.3009,3.2317,3.3944,2.2158,2.1641,2.29,1.2249,1.1955,1.269,PHOENIX,0.025254405847125037,IN,2
309,1636148068921376768,Gaia DR3 5332606415188903808,5332606415188903808,521927803,2016.0,176.43050392657534,0.12748855,-64.85679459785243,0.13184261,-0.03215362952052157,0.15502296,-0.20741203,6.9132643,-6.794287436511983,0.18130162,1.2770600890848216,0.1758544,-0.0023342671,-0.06657438,-0.09191993,0.19065845,0.22633263,0.21191065,-0.03677399,0.044677872,0.081185944,0.079627216,362,0,360,2,1.9839343,428.0586,0.3147695,0.5205274,31,False,1.3379834,,,,,,,,42,28,0.25842407,50,17,0,0.019354321,153.51595,0,0,1.0744103,0.14725964,0.12215324,0.13633342,0.24887699,-114.65268,-59.89842,30.618889,5.7917743,False,394,663.2993203232209,1.0691658,620.3896,18.633093,44,190.66450766001364,6.6589856,28.632666,19.637867,43,697.5318856636395,6.1931715,112.62919,17.638985,1.3390582,0,1,0,2,0,1.9988823,1.0047741,0.9941082,,,,,,,,,,,,,,,,,,,,,,,NOT_AVAILABLE,296.02141076832896,-2.870440890259716,218.37618041022398,-57.25346723039147,False,False,0,False,False,False,False,False,True,False,False,1.0233419e-13,5.1001347e-13,0.9999969,4155.42,4042.0503,4307.281,4.4781,4.267,4.5759,-2.4075,-2.4765,-2.2213,775.0001,685.1894,837.6403,1.6532,1.4989,1.8295,1.1795,1.0645,1.3138,0.647,0.5836,0.7224,PHOENIX,0.015291183005301459,IN,2
181,1636148068921376768,Gaia DR3 5332606453876140032,5332606453876140032,44808671,2016.0,176.4089791602753,0.12401202,-64.86488034890327,0.12448645,-0.018861343104049445,0.1477592,-0.1276492,7.3815527,-7.009653494345879,0.17760928,2.313455545902006,0.16552342,0.02562207,0.025458148,-0.011620833,0.241565,0.14505984,0.2559729,0.05024313,0.0014629661,0.1416509,0.065608,362,0,360,2,0.036815945,370.8629,0.0,0.0,31,False,1.3590121,,,,,,,,43,28,0.25124523,52,17,0,0.024121132,160.30357,0,0,1.0004427,0.1455453,0.10350021,0.15139921,0.25158554,-104.92225,-41.64826,27.586288,3.762477,False,393,661.8012316865072,1.0131615,653.20404,18.635548,42,208.21701683648394,5.1787505,40.20603,19.542252,44,666.7287569183597,6.42275,103.807365,17.688023,1.3220673,0,28,0,29,0,1.854229,0.90670395,0.947525,,,,,,,,,,,,,,,,,,,,,,,NOT_AVAILABLE,296.01459277497503,-2.8805713467730816,218.3756731713394,-57.265670465164106,False,False,0,False,False,False,False,False,True,False,False,1.0231198e-13,5.1026354e-13,0.99999815,4311.48,4220.2075,4469.9473,4.883,4.7699,4.9338,-1.5158,-1.6536,-1.3707,819.9099,743.9097,927.6708,1.2399,1.1079,1.4563,0.9065,0.8077,1.0739,0.4921,0.4378,0.5829,PHOENIX,0.02483806148325759,IN,2
315,1636148068921376768,Gaia DR3 5332606522570679424,5332606522570679424,431845366,2016.0,176.43139699474995,0.1252174,-64.83667429077347,0.1315583,0.3941890760819799,0.15402648,2.5592294,4.9393854,-4.883855340967872,0.16824122,0.7385704379321936,0.17250882,0.03048153,-0.03465405,-0.05327271,0.21361393,0.19990592,0.19575262,-0.048205126,-0.087525286,0.09269607,0.069875374,346,0,343,3,-0.5694964,336.97333,0.0,0.0,31,False,1.3516824,,,,,,,,41,26,0.2451866,49,17,0,0.026291108,142.74506,0,0,0.97719765,0.2317748,0.1410059,0.23307395,0.22693156,-103.458374,-56.746353,29.470934,6.2829804,False,379,656.7630651439501,1.0594549,619.90656,18.643845,42,200.37841092543474,4.849666,41.31798,19.583916,42,652.1567676578622,5.176683,125.97966,17.712015,1.2980864,0,0,0,0,0,1.8719006,0.9400711,0.93182945,,,,,,,,,,,,,,,,,,,,,,,NOT_AVAILABLE,296.0167015248815,-2.850874359930858,218.34936759789193,-57.23951967035178,False,False,0,False,False,False,False,False,True,False,False,1.0213754e-13,5.0991644e-13,0.999996,4092.229,4002.1885,4221.9243,4.589,4.4949,4.6712,-2.3053,-2.4627,-1.9527,683.0562,635.7156,784.4089,1.1078,0.9739,1.2835,0.7979,0.699,0.9317,0.4353,0.3809,0.5078,PHOENIX,0.004966146661506499,IN,2
409,1636148068921376768,Gaia DR3 5332606930585033600,5332606930585033600,42916211,2016.0,176.44723245450703,0.13415301,-64.82702662251475,0.1382557,-0.12666707183185633,0.16249123,-0.7795317,6.446408,-6.347804789816908,0.17691489,1.1231856709371277,0.17695023,0.064020015,0.0025389527,-0.080651835,0.20915261,0.14923878,0.19826137,0.067754656,-0.059307132,0.095794484,0.06316969,349,9,348,1,1.0106657,413.0515,0.6080218,1.907633,95,False,,1.2548344,0.040136628,-0.10864142,-0.07211841,-0.0343888,0.01081048,-0.07202879,41,27,0.2543268,48,17,0,0.014525071,130.36272,1,0,1.0379046,,,,,,,,,False,390,655.1412598750745,1.1092747,590.6032,18.64653,39,108.34523936670779,5.495129,19.716597,20.251518,38,819.6428946346898,5.2120376,157.2596,17.463833,1.4164703,0,2,0,0,0,2.7876854,1.6049881,1.1826973,,,,,,,,,,,,,,,,,,,,,,,NOT_AVAILABLE,296.0207936995167,-2.8398414265727867,218.34474804611682,-57.22802273827163,False,False,0,False,False,False,False,False,True,False,False,1.031475e-13,5.098024e-13,0.999996,4255.8086,4228.1523,4316.4297,4.3003,4.261,4.3451,-0.9819,-1.01,-0.9465,846.6467,794.748,882.8746,3.8039,3.7567,3.8896,2.5875,2.5519,2.655,1.4298,1.4102,1.4683,MARCS,0.01646922195749507,IN,2
83,1636148068921376768,Gaia DR3 5332606483919324160,5332606483919324160,887125315,2016.0,176.3898198202432,0.13622355,-64.84628134659783,0.13302565,0.19880749870264597,0.16255568,1.2230116,6.538202,-6.520269301207954,0.1849261,-0.4839100181015705,0.17973271,0.037167694,0.03706981,0.0033604964,0.19006845,0.1787271,0.17897904,0.026653202,-0.025920521,0.0886733,0.07276218,353,0,350,3,3.0905476,450.5358,0.54933745,1.5572221,31,False,1.3830056,,,,,,,,42,27,0.2633579,50,17,0,0.02010566,138.77072,0,0,1.1189297,0.20214972,0.10481771,0.14685932,0.26287305,-97.5837,-35.074863,29.144823,7.230182,False,393,654.7731864077307,1.0701303,611.86304,18.64714,47,232.7510112530404,4.487759,51.863525,19.421312,44,602.4748673316128,6.081217,99.071434,17.798048,1.2755958,0,2,0,1,0,1.6232643,0.7741718,0.8490925,,,,,,,,,,,,,,,,,,,,,,,NOT_AVAILABLE,296.0020037831608,-2.864630477793538,218.34020415415938,-57.259016919584845,False,False,0,False,False,False,False,False,True,False,False,2.1257475e-11,5.119779e-13,0.9999931,4197.983,4110.444,4399.0986,4.6864,4.6158,4.7831,-2.4288,-2.4816,-2.2476,836.1843,764.2911,952.2803,0.5751,0.4617,0.8284,0.4248,0.3394,0.6182,0.2311,0.1844,0.337,PHOENIX,0.017256095367785666,IN,2
105,1636148068921376768,Gaia DR3 5332606621348734848,5332606621348734848,1642253924,2016.0,176.39411957824345,0.14145266,-64.8166204264784,0.1278474,-0.038837487730788336,0.16121066,-0.24091141,5.854421,-5.574083665810853,0.20614988,1.7899276104045807,0.17389938,0.097673394,-0.0733882,0.19000207,0.26185253,0.18885073,0.24964172,0.16506183,-0.117544375,0.14150032,0.15545206,330,0,328,2,0.12882793,399.85303,0.59608597,2.0245852,95,False,,1.1770933,0.03744777,-0.03287564,-0.11488669,-0.101782426,0.038909342,-0.06413351,38,25,0.29743314,48,17,1,0.021559907,140.63586,0,23,1.004044,0.18461145,0.14397834,0.16416383,0.21733177,-122.14009,-30.470905,32.2603,6.7823076,False,311,650.0705660811882,9.226303,70.4584,18.654966,10,348.89097227388396,54.312878,6.4237247,18.981817,13,1232.1861959501146,39.473988,31.215143,17.021204,2.4321623,0,7,0,8,0,1.9606133,0.3268509,1.6337624,,,,,,,,,,,,,,,,,,,,,,,NOT_AVAILABLE,295.99627369502826,-2.8354695232606106,218.30226872974748,-57.23752463955061,False,False,0,False,False,False,False,False,False,False,False,7.696653e-11,1.6322451e-08,0.9999986,,,,,,,,,,,,,,,,,,,,,,,0.028948740610788875,IN,2
151,1636148068921376768,Gaia DR3 5332606488235897856,5332606488235897856,1294395389,2016.0,176.40480983378836,0.1426952,-64.84017283869895,0.14524114,0.4685013339889607,0.17498167,2.6774309,4.959058,-4.821119055608142,0.18903337,1.1614927985569388,0.18777798,0.053335402,-0.007753236,-0.06322248,0.19991395,0.23097414,0.17154942,0.050875735,-0.08779607,0.11855457,0.07692058,369,0,368,1,2.4860501,502.3644,0.84750444,3.673003,95,False,,1.2176439,0.04092576,-0.11376395,-0.089523874,-0.04367447,0.009523474,-0.08970804,43,27,0.27195257,51,18,0,0.02684745,125.30241,1,0,1.0928532,0.21312924,0.09927871,0.2190857,0.27625254,-105.386246,-46.294888,30.77891,7.160556,False,412,649.4451901179425,1.3172092,493.04633,18.65601,21,135.55599571499454,8.483391,15.978988,20.008245,21,993.5937322837414,6.4008546,155.22829,17.254873,1.7386374,0,21,0,21,0,2.7533722,1.3522358,1.4011364,,,,,,,,,,,,,,,,,,,,,,,NOT_AVAILABLE,296.0066327108081,-2.857110820940593,218.33991735419104,-57.250191118332545,False,False,0,False,False,False,False,False,True,False,False,1.2777462e-13,5.102424e-13,0.9999956,3837.0522,3734.3198,3879.1304,4.1006,4.0529,4.1341,-1.4542,-1.5399,-1.3744,546.364,524.9878,569.8118,3.6116,3.4367,3.6865,2.3903,2.2613,2.4438,1.3248,1.2544,1.3554,PHOENIX,0.010303696168719303,IN,2
481,1636148068921376768,Gaia DR3 5332606346467260672,5332606346467260672,634728546,2016.0,176.46151610317787,0.13893673,-64.83960881981028,0.13626452,-0.15098182764570764,0.16526076,-0.9135975,5.270685,-5.184317051479981,0.1815039,0.9502511217032099,0.17655687,-0.008670666,-0.058716547,-0.04052369,0.19050567,0.19007051,0.16789746,0.062780686,-0.11961588,0.123000994,0.011964106,334,9,334,0,0.7330599,387.46063,0.55559593,1.5488658,95,False,,1.2573395,0.04102745,-0.07378373,-0.0959919,-0.061592452,0.012602584,-0.07364634,39,27,0.25293794,47,17,0,0.016576521,126.247025,0,0,1.0277315,,,,,,,,,False,368,647.4817918111708,1.1407406,567.5977,18.659298,40,124.96841498846726,7.845947,15.927768,20.096542,38,802.9353433998249,6.943225,115.643,17.486195,1.4330963,0,1,0,1,0,2.6103477,1.4372444,1.1731033,,,,,,,,,,,,,,,,,,,,,,,NOT_AVAILABLE,296.02985004666385,-2.8504899863360516,218.36942634163555,-57.232119460073285,False,False,0,False,False,False,False,False,True,False,False,1.0299365e-13,5.0978774e-13,0.9999964,4352.7803,4323.3354,4391.715,4.3484,4.3049,4.3801,-1.3376,-1.4719,-1.1806,753.309,725.7103,781.42,4.0059,3.9609,4.0618,2.7382,2.7045,2.7824,1.5194,1.4995,1.5469,MARCS,0.014023458654301392,IN,2
462,1636148068921376768,Gaia DR3 5332606930582823424,5332606930582823424,1579151875,2016.0,176.45819630116398,0.13214134,-64.82085382911832,0.13430001,-0.0311341266592228,0.1634637,-0.1904651,5.7867894,-5.289835734010635,0.16875768,2.3461823350841864,0.17617166,0.017847328,-0.06683213,-0.045747552,0.21825638,0.19831863,0.20969346,0.0043248087,-0.0757629,0.18301658,0.107924365,340,0,339,1,-0.42205796,342.13794,0.0,0.0,31,False,1.2493565,,,,,,,,39,26,0.2539619,45,17,0,0.019630887,130.61417,0,0,0.9827222,0.23727039,0.12818073,0.23181318,0.2499735,-108.26032,-58.691895,31.5518,9.712001,False,373,645.4223613531965,1.182566,545.78125,18.662756,40,113.96528522373875,5.5269485,20.619928,20.196611,37,847.6113655704229,9.785896,86.61561,17.427404,1.489841,0,29,0,30,0,2.769207,1.5338554,1.2353516,,,,,,,,,,,,,,,,,,,,,,,NOT_AVAILABLE,296.02375759071487,-2.832693458814295,218.3422427432749,-57.22040583844624,False,False,0,False,False,False,False,False,True,False,False,1.03308685e-13,5.096684e-13,0.99999875,3937.9648,3909.8662,4062.7332,4.1371,4.1174,4.1804,-1.5961,-1.6903,-1.51,625.5146,602.0192,654.3394,3.4739,3.4206,3.6548,2.3262,2.2882,2.4629,1.2882,1.2661,1.3655,PHOENIX,0.02414484196708926,IN,2
206,1636148068921376768,Gaia DR3 5332606591290139904,5332606591290139904,81020928,2016.0,176.4134230178549,0.12678607,-64.83506185623692,0.12859727,0.10423593225591002,0.15443641,0.674944,5.584773,-5.439934880314574,0.1718223,1.2636458427970765,0.16996773,0.039431833,-0.036027376,-0.06555236,0.19235645,0.20560062,0.18057214,0.02540535,-0.08116439,0.1060008,0.08970894,361,0,360,1,0.44258747,382.04626,0.1074346,0.056013033,31,False,1.3793842,,,,,,,,42,27,0.24783808,50,18,0,0.028760465,138.60355,0,0,1.0157119,0.22944862,0.1140437,0.2035947,0.26545274,-110.786415,-49.611732,32.443275,6.6478376,False,386,639.77324335971,1.0660375,600.14136,18.672302,19,210.8283054874426,9.203898,22.906414,19.52872,17,580.7918573909493,8.943178,64.942444,17.837845,1.2373449,0,0,0,0,0,1.690876,0.8564186,0.8344574,,,,,,,,,,,,,,,,,,,,,,,NOT_AVAILABLE,296.0088894651792,-2.851241108663987,218.33758391109419,-57.244031564777565,False,False,0,False,False,False,False,False,True,False,False,3.898151e-11,5.9594905e-11,0.99999636,3729.2227,3713.906,3750.742,4.6208,4.4734,4.7543,-1.5047,-1.7184,-1.2462,729.8752,687.6795,771.6128,0.0055,0.0012,0.0159,0.0039,0.0009,0.0114,0.0021,0.0004,0.0061,PHOENIX,0.009201190542039063,IN,2
373,1636148068921376768,Gaia DR3 5332606419491317376,5332606419491317376,1176044411,2016.0,176.44100045541907,0.1251857,-64.85451749205953,0.12587664,0.803984785433989,0.14943232,5.3802605,7.80551,-7.804919968730591,0.17510772,0.09597338816023257,0.16352968,0.030738616,-0.048522573,-0.058984607,0.20205222,0.18459204,0.21613625,0.044424854,0.018003348,0.13520022,0.0798684,358,8,356,2,-1.1427325,338.62546,0.0,0.0,95,False,,1.3756047,0.039784938,-0.17419541,-0.09691044,-0.039234333,0.062441,-0.057974014,42,29,0.2481858,50,17,0,0.016803455,151.57065,0,0,0.9561828,,,,,,,,,False,397,639.0426752577571,1.0343604,617.81433,18.673542,49,242.09563038073892,6.7408824,35.91453,19.378574,46,600.2510039383179,9.996033,60.048923,17.802063,1.3181384,0,0,0,1,0,1.5765114,0.70503235,0.87147903,,,,,,,,,,,,,,,,,,,,,,,NOT_AVAILABLE,296.0251578470602,-2.867113552825489,218.3786913837066,-57.24864732028779,False,False,0,False,False,False,False,False,True,False,False,4.211715e-11,5.180119e-13,0.9999936,3940.0623,3932.5574,3947.8938,5.0443,5.0223,5.0619,-1.4116,-1.472,-1.3627,632.2086,600.5569,663.7289,0.0035,0.0008,0.0096,0.0025,0.0006,0.007,0.0014,0.0003,0.0038,PHOENIX,0.013987869526068421,IN,2
418,1636148068921376768,Gaia DR3 5332606934887663616,5332606934887663616,1607499912,2016.0,176.4491738719997,0.17267607,-64.82498431067064,0.15401308,-0.02524584733664762,0.19315527,-0.13070235,5.2330065,-5.052229014663795,0.20522213,1.3635759502548361,0.19003114,0.021295063,-0.20800216,-0.27763978,0.1646664,0.22291106,0.2191211,0.104459904,0.06283452,0.14688653,0.12035073,323,0,321,2,1.568419,406.84286,0.853304,3.417499,95,False,,1.2284148,0.048471864,-0.25979808,-0.024592789,0.0602587,0.10077897,-0.02366392,38,26,0.29805252,47,17,0,0.007038941,96.74079,0,0,1.0620538,0.24712555,0.16084726,0.2054909,0.26561096,-95.46796,-44.74082,34.615562,11.14552,False,360,636.372130096333,1.191191,534.2318,18.67809,29,109.64609189581094,5.8056655,18.886051,20.23856,29,804.7413237023508,6.5738015,122.416435,17.483755,1.4368753,0,0,0,0,0,2.7548046,1.5604706,1.194334,,,,,,,,,,,,,,,,,,,,,,,NOT_AVAILABLE,296.0210791010664,-2.837656991009491,218.34301794525356,-57.22602876329636,False,False,0,False,False,False,False,False,False,False,False,1.0318485e-13,5.097699e-13,0.99999666,4491.929,4435.3687,4553.456,4.7207,4.6975,4.7458,-0.7506,-0.8832,-0.633,518.1077,495.4628,541.2751,4.0753,3.9906,4.1566,2.7999,2.7354,2.8631,1.5431,1.5058,1.5805,MARCS,0.01866032665898381,IN,2
522,1636148068921376768,Gaia DR3 5332606346480229376,5332606346480229376,1167081731,2016.0,176.46977223887285,0.14401805,-64.84288386049316,0.13189791,0.03440753646398193,0.16671304,0.20638779,5.6070747,-5.262119093124799,0.18876109,1.9363346199920195,0.17322847,0.033768333,0.07815946,-0.04891444,0.22002493,0.20951404,0.21011129,0.050382394,0.021717709,0.18730035,0.042693883,304,0,304,0,-0.22352299,305.5548,0.0,0.0,31,False,1.37916,,,,,,,,36,26,0.26422462,44,16,0,0.013296527,166.24158,0,0,0.9897622,0.19960627,0.08522082,0.17223817,0.3033244,-124.23386,-38.086105,38.14615,9.744215,False,346,629.9299563027892,1.0967371,574.3673,18.689137,39,215.46929244905976,5.4950404,39.211594,19.50508,39,607.0864745892475,6.3452168,95.67624,17.789768,1.3057892,0,0,0,0,0,1.715311,0.81594276,0.8993683,,,,,,,,,,,,,,,,,,,,,,,NOT_AVAILABLE,296.0340760474701,-2.852777014794496,218.37827246833567,-57.23177067262385,False,False,0,False,False,False,False,False,True,False,False,1.02119756e-13,5.0995514e-13,0.99999774,4260.5234,4171.1055,4335.9497,4.954,4.8912,5.0197,-1.6286,-1.8836,-1.4876,758.0108,668.2188,848.0394,0.9687,0.8414,1.0648,0.7112,0.6139,0.7845,0.3857,0.3321,0.4262,PHOENIX,0.017454964441957772,IN,2
66,1636148068921376768,Gaia DR3 5332606621348733952,5332606621348733952,387361562,2016.0,176.38565515197703,0.15038593,-64.82035873067663,0.13287891,-0.17717202762953474,0.1672938,-1.0590472,7.07897,-6.840425100068061,0.19673188,1.8221966109613137,0.18208973,0.018127559,-0.15269709,-0.12437772,0.20772618,0.18001257,0.21881911,0.11468946,-0.050615806,0.108446844,0.12293972,339,0,335,4,0.9107587,382.83655,0.39670306,0.7477055,95,False,,1.3045443,0.04331938,-0.09794357,-0.14405045,-0.07470476,0.0013102997,-0.072348915,39,26,0.28249812,47,18,0,0.022052867,125.84593,0,0,1.0346894,0.16105193,0.14208274,0.19029605,0.26426023,-113.96771,-27.149555,32.42677,9.031255,False,380,626.664676401767,1.164659,538.0671,18.694778,39,210.69922972010517,10.639892,19.802761,19.529385,43,684.1886756937346,11.742987,58.2636,17.659956,1.4280171,0,1,0,0,0,1.8694286,0.8346062,1.0348225,,,,,,,,,,,,,,,,,,,,,,,NOT_AVAILABLE,295.9937302871103,-2.8399964088257312,218.30281429938196,-57.24270716861902,False,False,0,False,False,False,False,False,True,False,False,1.03502615e-13,5.8591e-11,0.9999969,3981.7964,3963.3376,4078.8435,4.2377,4.2175,4.3506,-3.2262,-3.4367,-2.8893,841.2712,820.1345,861.0864,1.3472,1.3123,1.4572,0.9593,0.9343,1.0417,0.5253,0.5113,0.5695,MARCS,0.028019226044237882,IN,2
239,1636148068921376768,Gaia DR3 5332606419491305344,5332606419491305344,228719323,2016.0,176.41912648090317,0.1493701,-64.85162383116382,0.14614324,0.4030089042871694,0.17510973,2.3014648,7.829794,-7.722618317812743,0.2021576,1.2910622571817658,0.1897667,0.08824087,-0.001754353,-0.027861776,0.25840512,0.297079,0.30114165,0.1893605,0.11331349,0.23966147,0.19036919,337,0,335,2,0.82519525,366.99164,0.41147873,0.73858416,31,False,1.3185848,,,,,,,,40,28,0.30397078,48,17,0,0.015352411,132.05376,0,0,1.0312713,0.12588528,0.13665307,0.13887659,0.2554442,-124.746445,-41.278587,33.12204,5.745804,False,349,626.0990996223823,1.1559666,541.62384,18.695759,22,190.44564610703657,7.815577,24.367445,19.639114,23,652.5956534823268,8.032616,81.24323,17.711285,1.3464981,0,0,0,0,0,1.9278297,0.94335556,0.9844742,,,,,,,,,,,,,,,,,,,,,,,NOT_AVAILABLE,296.0154212737915,-2.8666560003556096,218.36309404408559,-57.25350338667377,False,False,0,False,False,False,False,False,True,False,False,1.0218971e-13,5.1005315e-13,0.9999949,3738.9292,3684.9958,3763.0713,4.8849,4.7133,4.911,-0.715,-0.8424,-0.6424,638.1371,603.5275,724.8547,0.7404,0.6633,0.8056,0.5157,0.4609,0.5617,0.2832,0.2542,0.3083,PHOENIX,0.010914704276465854,IN,2
224,1636148068921376768,Gaia DR3 5332606483908403712,5332606483908403712,1035953471,2016.0,176.41624228015215,0.13393538,-64.84398010163662,0.13380317,0.08681214894771541,0.16185421,0.53636014,5.33058,-5.243662597611697,0.184127,0.9586913702886556,0.17335612,0.054373816,0.018718801,0.024315504,0.2009868,0.25639325,0.1918652,0.07640425,-0.0024065834,0.15741232,0.04429245,341,0,341,0,0.28467685,373.2216,0.22766487,0.24310903,95,False,,1.2947614,0.03896846,-0.12571374,-0.107396714,-0.05225578,-0.004066585,-0.09775177,40,26,0.25863472,48,16,0,0.012659271,134.73839,1,0,1.0100197,0.17266154,0.09277112,0.24731982,0.2812913,-108.7662,-41.954845,28.237942,6.54671,False,384,623.5555443502814,1.1052204,564.1911,18.700178,44,122.90575824485157,6.126328,20.061897,20.114613,43,720.3792333139635,5.9821897,120.42066,17.603992,1.3523815,0,0,0,1,0,2.51062,1.4144344,1.0961857,,,,,,,,,,,,,,,,,,,,,,,NOT_AVAILABLE,296.01230327078616,-2.859568572357899,218.35118486362794,-57.249210862195156,False,False,0,False,False,False,False,False,True,False,False,1.0224148e-13,5.0969634e-13,0.99999815,4050.976,4010.522,4107.8613,4.782,4.755,4.8057,-0.708,-0.8096,-0.6128,578.8329,549.679,608.7696,2.5202,2.4359,2.6087,1.7316,1.6704,1.7974,0.9446,0.9123,0.9799,PHOENIX,0.005892747007404083,IN,2
592,1636148068921376768,Gaia DR3 5332606209031883392,5332606209031883392,687470979,2016.0,176.4807867347256,0.12736776,-64.8636267627782,0.12637407,0.012093156839950362,0.15183057,0.07964902,5.243241,-5.158927770775727,0.18089406,0.9365039622904986,0.16933776,-0.009890193,-0.06021353,-0.019301524,0.18036096,0.11546464,0.18702626,-0.0011237687,-0.033094686,0.109529525,0.03083724,385,0,382,3,-0.41378003,422.92203,0.38632593,0.7201597,95,False,,1.2121325,0.039051373,-0.11009402,-0.038343553,-0.022704607,0.018172858,-0.08299393,45,29,0.25218093,52,19,0,0.01931563,157.16997,0,0,0.9840671,0.15797476,0.06711038,0.11688168,0.26295835,-121.17884,-52.20644,31.290186,7.533224,False,419,616.5860536217423,1.1057862,557.5997,18.712383,46,108.11365396624757,7.6261225,14.176753,20.253841,47,801.9764197173603,7.684384,104.36444,17.487492,1.4760147,0,29,0,29,0,2.7663498,1.5414581,1.2248917,,,,,,,,,,,,,,,,,,,,,,,NOT_AVAILABLE,296.0438323341132,-2.871677466781235,218.4122705617923,-57.24243222578061,False,False,0,False,False,False,False,False,False,False,False,1.0264177e-13,5.097037e-13,0.999998,4437.395,4382.4185,4497.464,4.397,4.3633,4.4901,-1.0681,-1.2591,-0.9574,744.5692,671.6742,777.9559,4.2304,4.1587,4.3134,2.8934,2.8387,2.9584,1.6068,1.5743,1.6424,MARCS,0.0312416995781007,IN,2
348,1636148068921376768,Gaia DR3 5332606934912523904,5332606934912523904,541490907,2016.0,176.43690006237327,0.15873303,-64.82115290179442,0.1729701,0.3460754657864983,0.19755198,1.7518197,5.7162204,-5.4831679346716165,0.2144617,1.615562624986473,0.25343603,-0.051613938,0.07217584,-0.111201026,0.14355,0.16846234,0.12741022,-0.0047606775,-0.018821957,0.030293822,-0.11223723,302,0,294,8,1.1430427,377.7089,0.9003488,3.1258438,95,False,,1.1867223,0.051030982,-0.096806444,-0.09164583,-0.05842451,-0.05304394,0.015188034,35,22,0.35651687,45,15,2,0.06847933,166.48892,9,6,1.0468274,0.25784102,0.14615057,0.31350327,0.3813144,-112.121185,-88.44358,30.369696,10.527929,False,332,612.3336223714408,2.5255985,242.4509,18.719896,26,236.20879271311992,13.151488,17.960613,19.405302,25,1168.4183985066995,34.80308,33.57227,17.0789,2.293892,0,26,0,25,0,2.3264027,0.68540573,1.6409969,,,,,,,,,,,,,,,,,,,,,,,NOT_AVAILABLE,296.0150536630445,-2.83526400893458,218.3312698214559,-57.22725375082982,False,False,0,False,False,False,False,False,False,False,False,1.1800256e-13,1.0891619e-09,0.99998814,,,,,,,,,,,,,,,,,,,,,,,0.020653479963701635,IN,2
380,1636148068921376768,Gaia DR3 5332606522595637760,5332606522595637760,1092849930,2016.0,176.44189399951802,0.14129247,-64.84612219784547,0.13352223,0.869646281986957,0.16755377,5.190252,14.33448,-14.123342226834984,0.18342967,2.4512314898509446,0.1718348,0.08041792,0.079521164,0.017566422,0.23829779,0.2389263,0.20959441,0.07002479,-0.033062577,0.16974047,0.066163845,340,0,340,0,0.031373683,372.85938,0.0,0.0,95,False,,1.2566644,0.040091902,-0.07568654,-0.08262799,-0.009952586,0.016308319,-0.03843029,40,26,0.25966677,48,17,0,0.005606423,36.671482,0,0,1.0002159,0.19806275,0.12656577,0.16657762,0.24236184,-116.63191,-39.56278,34.348377,8.606818,False,368,607.2795319022779,1.1963344,507.6169,18.728895,41,147.77626993151543,8.41376,17.563643,19.91453,42,745.878552392038,7.0205812,106.24171,17.566225,1.4715708,0,1,0,2,0,2.3483047,1.1856346,1.1626701,,,,,,,,,,,,,,,,,,,,,,,NOT_AVAILABLE,296.0234086952549,-2.858893256595588,218.36778194946302,-57.24266513040971,False,False,0,False,False,False,False,False,True,False,False,1.4521302e-13,5.406717e-13,0.9999169,3459.2915,3440.874,3482.7063,4.5277,4.4699,4.6037,-0.8608,-0.9141,-0.7999,505.6897,484.1967,524.3168,1.0442,0.9994,1.0927,0.6982,0.6679,0.7313,0.399,0.3822,0.4169,PHOENIX,0.007209914888069393,IN,2
417,1636148068921376768,Gaia DR3 5332606518268141952,5332606518268141952,1261511583,2016.0,176.4488460741589,0.14644936,-64.84418772131437,0.1345743,0.46731126327644745,0.17027599,2.7444344,6.692649,-5.7174397547924105,0.18521126,-3.478854719686345,0.17544,0.06805425,0.032729466,0.024819696,0.23335166,0.20796934,0.20255543,0.041632812,-0.05475248,0.15831307,0.07815839,329,0,327,2,-0.41012442,325.1896,0.0,0.0,95,False,,1.4012054,0.040729072,-0.06724392,-0.080839776,-0.017499335,0.006775549,-0.044484507,39,26,0.26360285,47,17,0,0.012549165,139.62236,0,0,0.9828248,0.1786121,0.1262861,0.15337783,0.22101168,-120.64867,-35.273014,31.574974,7.9601316,False,371,597.4179492730622,1.0282497,581.0047,18.746672,41,252.74007123158407,11.652406,21.689947,19.331858,39,547.0172528902166,14.075261,38.86374,17.902893,1.3386898,0,21,0,21,0,1.4289646,0.585186,0.8437786,,,,,,,,,,,,,,,,,,,,,,,NOT_AVAILABLE,296.02578441354,-2.856277008817923,218.36886966478212,-57.23918255288001,False,False,0,False,False,False,False,False,True,False,False,1.0232977e-13,8.215726e-11,0.99998355,4197.2617,4176.3066,4230.9453,5.0798,5.0084,5.1288,-2.0657,-2.2555,-1.7403,679.6472,619.9317,860.0824,0.0333,0.0091,0.0936,0.0249,0.0068,0.0703,0.0135,0.0036,0.0379,PHOENIX,0.00891401012683629,IN,2
292,1636148068921376768,Gaia DR3 5332606522600611456,5332606522600611456,732540343,2016.0,176.42745219837425,0.16353051,-64.84065794346829,0.15967754,0.45972961145740976,0.19635576,2.3413095,12.366641,-12.260687987822067,0.20935236,1.6153442658713573,0.20465852,0.037794575,-0.06011209,-0.0419494,0.20793979,0.20908007,0.18179384,0.072908804,-0.12369333,0.15001118,0.057181634,348,0,348,0,5.651842,535.1746,1.0077382,4.4657245,95,False,,1.4098017,0.046067167,-0.070333734,-0.089906126,-0.052083474,0.0076985518,-0.08682163,41,27,0.29725888,49,49,0,0.019453714,125.91295,1,0,1.2226672,0.20947014,0.10779348,0.18533963,0.2457401,-114.50808,-42.826794,31.079714,6.0358787,False,391,596.9101730200367,1.2453862,479.29724,18.747595,40,247.4982242986813,6.781078,36.49836,19.354612,41,709.4826172130211,12.070375,58.778835,17.62054,1.6032242,0,32,0,35,0,1.7340717,0.6070175,1.1270542,,,,,,,,,,,,,,,,,,,,,,,NOT_AVAILABLE,296.0160817418924,-2.8551521304784906,218.3526630975774,-57.24345702011394,False,False,0,False,False,False,False,False,True,False,False,3.9190465e-10,2.8227591e-08,0.99999505,4548.824,4397.9424,4982.965,4.9819,4.8197,5.0397,-2.8529,-3.1871,-2.0538,797.1548,642.1278,1172.8038,1.2024,0.9917,1.6734,0.8998,0.7386,1.2769,0.4935,0.4047,0.7045,MARCS,0.0010440329002636471,IN,2
233,1636148068921376768,Gaia DR3 5332606518268148224,5332606518268148224,165859392,2016.0,176.41838194518212,0.14363623,-64.8413345016241,0.14586857,0.5370342860877213,0.17706956,3.0329,7.73098,-7.65475663805693,0.19352108,1.0829368129160368,0.18265896,0.070198536,0.022198496,-0.003120123,0.21639083,0.23992546,0.2156661,0.03671147,-0.019070879,0.15411372,0.07412837,341,0,338,3,1.7747186,397.13123,0.40137345,0.6942175,31,False,1.3428665,,,,,,,,40,26,0.2747896,48,17,0,0.0056520132,124.78105,0,0,1.0685277,0.17500263,0.13528684,0.24492429,0.2321184,-93.517494,-48.479935,27.915535,6.381938,False,383,595.3474432482482,1.0305113,577.72046,18.75044,43,180.32796371033834,5.9782195,30.16416,19.698385,41,597.7869815361312,5.3881006,110.94577,17.80653,1.306993,0,43,0,41,0,1.8918552,0.94794464,0.9439106,,,,,,,,,,,,,,,,,,,,,,,NOT_AVAILABLE,296.0125164317982,-2.856779089112865,218.34873853517732,-57.246746119117915,False,False,0,False,False,False,False,False,True,False,False,1.9688818e-11,5.103126e-13,0.99999577,4454.057,4315.942,4732.3276,4.9166,4.8369,5.0061,-1.7284,-2.2951,-1.5641,791.0511,624.4125,897.1364,1.6894,1.4834,1.9484,1.2349,1.0782,1.4423,0.6744,0.5882,0.793,PHOENIX,0.004449071029556622,IN,2
135,1636148068921376768,Gaia DR3 5332606591290122496,5332606591290122496,717852192,2016.0,176.40097989961268,0.13714263,-64.834453740333,0.1363409,0.12675558125885725,0.16769269,0.7558802,9.127809,-8.998074180196692,0.18284926,1.5334773065787444,0.18247622,0.006977825,-0.068323426,-0.0328208,0.18021597,0.24189956,0.14509511,-0.008075605,-0.12681553,0.09724975,0.088900864,354,0,354,0,-0.6179004,346.81924,0.0,0.0,31,False,1.3629903,,,,,,,,42,27,0.26430947,50,18,0,0.021285785,136.11337,0,0,0.97575605,0.20708825,0.104365036,0.19577122,0.25674748,-112.911835,-41.54118,29.617079,5.717122,False,394,588.8637696616177,1.1056765,532.58234,18.76233,43,192.31448334469297,5.569923,34.527313,19.628511,44,573.7484848422221,5.1327057,111.78285,17.851091,1.3009171,0,0,0,0,0,1.77742,0.8661823,0.9112377,,,,,,,,,,,,,,,,,,,,,,,NOT_AVAILABLE,296.0036095390215,-2.851988025483704,218.33011481741417,-57.247500915832084,False,False,0,False,False,False,False,False,True,False,False,1.0255624e-13,5.111854e-13,0.9999969,4199.124,4125.242,4300.804,4.9447,4.7473,5.0126,-1.6557,-1.9321,-1.5184,734.8074,648.0361,821.4513,1.056,0.952,1.1946,0.7679,0.69,0.8739,0.4172,0.374,0.4753,PHOENIX,0.01379231266284151,IN,2
223,1636148068921376768,Gaia DR3 5332606385156666368,5332606385156666368,214813984,2016.0,176.41612148817765,0.14045715,-64.86218418614754,0.14183283,0.033224946820719296,0.16814286,0.19759952,5.43564,-5.406834989116041,0.1923244,0.5588525789800833,0.18447903,0.014608143,-0.020973291,-0.0018439131,0.20770302,0.12278833,0.22143267,0.0666732,-0.025875065,0.0913253,0.03871755,347,0,346,1,0.36766586,396.30234,0.4130521,0.7142077,95,False,,1.2298058,0.043097194,-0.11673384,-0.042843115,-0.06930665,-0.022651447,0.0046527255,41,28,0.2706035,50,18,0,0.015273641,140.16814,1,0,1.0131476,0.12522842,0.08335065,0.0793569,0.26514137,-112.833,-49.885,23.409811,3.0781672,False,389,588.7646852514417,1.1374454,517.6201,18.762512,45,80.39708120229128,3.7977448,21.169691,20.575441,45,762.960398418574,6.045006,126.21334,17.541641,1.4324186,0,0,0,0,0,3.0338001,1.8129292,1.220871,,,,,,,,,,,,,,,,,,,,,,,NOT_AVAILABLE,296.0168511280025,-2.8771969618626128,218.37582242805078,-57.261612478988624,False,False,0,False,False,False,False,False,True,False,False,1.0347486e-13,5.0967206e-13,0.9999985,3925.0603,3895.6934,3964.1755,4.2488,4.1965,4.2963,-0.7857,-0.7963,-0.7613,710.0541,677.4954,748.5813,3.9983,3.9429,4.0715,2.6339,2.5938,2.6856,1.4631,1.442,1.4909,PHOENIX,0.021359320794951373,IN,2
352,1636148068921376768,Gaia DR3 5332606934887677952,5332606934887677952,452033335,2016.0,176.43752739976628,0.1724738,-64.82103594178838,0.1884364,0.12943962442568005,0.21426392,0.60411304,3.5118172,-3.3420872195204634,0.2130109,1.0785699759590568,0.24523716,-0.16513154,-0.063078426,-0.07178662,0.14485486,0.2833456,0.13688163,0.0770733,-0.03052081,0.054731596,-0.07274899,294,0,272,22,1.5010852,319.79886,0.8813252,2.9922135,95,False,,1.3620335,0.050382253,-0.11249864,-0.040351346,-0.07995895,-0.04975512,0.0057286583,32,20,0.34311092,45,16,2,0.07003389,144.53546,7,27,1.0645014,0.36572424,0.14241533,0.15938923,0.5295346,-77.83126,67.246284,35.10485,8.774124,False,316,586.1331757080785,1.7089233,342.9839,18.767376,15,261.76440613338855,10.916837,23.978045,19.293766,15,1015.4025812242866,43.835617,23.163872,17.2313,2.1789706,0,15,0,15,0,2.0624657,0.5263901,1.5360756,,,,,,,,,,,,,,,,,,,,,,,NOT_AVAILABLE,296.0152827690729,-2.835083583944851,218.3314465220921,-57.22697849562207,False,False,0,False,False,False,False,False,False,False,False,1.383368e-10,2.208005e-09,0.99997276,,,,,,,,,,,,,,,,,,,,,,,0.02081453469100553,IN,2
34,1636148068921376768,Gaia DR3 5332600574033377280,5332600574033377280,1546335940,2016.0,176.37833735379377,0.13865474,-64.85941613461627,0.1401691,0.2518568443594861,0.16549036,1.5218823,7.6606517,-7.597707277221442,0.19285823,0.98001562594379,0.18310429,0.018212954,-0.039226625,-0.003697442,0.23675562,0.14689803,0.24881952,0.041594025,-0.03707989,0.111876994,0.07282447,352,0,351,1,0.26063702,368.29196,0.18690254,0.14342539,31,False,1.3218082,,,,,,,,42,28,0.27433142,51,19,0,0.027069762,143.63928,0,0,1.0089579,0.13784586,0.091571786,0.10667478,0.25410852,-123.96138,-42.20112,27.823883,2.071005,False,386,585.5434202220981,1.0902131,537.0908,18.768469,43,150.383121487551,5.5362144,27.16353,19.895544,43,639.6544110862359,6.2197194,102.84297,17.733032,1.3492382,0,0,0,1,0,2.1625118,1.1270752,1.0354366,,,,,,,,,,,,,,,,,,,,,,,NOT_AVAILABLE,296.00060043957745,-2.8785720299647775,218.35190940278403,-57.27151760974344,False,False,0,False,False,False,False,False,True,False,False,1.02272804e-13,5.099114e-13,0.9999951,3798.105,3699.5151,3956.1685,4.5042,4.4165,4.8505,-1.2674,-1.6776,-0.851,686.5163,613.5064,748.6631,1.3479,1.1855,1.6443,0.9343,0.8184,1.1491,0.5087,0.4457,0.6257,PHOENIX,0.027944475169312134,IN,2
57,1636148068921376768,Gaia DR3 5332606586988995200,5332606586988995200,361860669,2016.0,176.38285205839838,0.14699665,-64.82197818681473,0.1751852,0.4772076400858818,0.18294361,2.6084957,6.859078,-6.6794923456080495,0.1969215,1.5592725217535213,0.19584951,0.24930842,-0.06998883,0.07598993,0.3065978,0.06522453,0.31706265,0.18836705,-0.17360333,-0.028225541,0.20305064,316,0,316,0,0.33577266,350.34418,0.23805465,0.22697093,95,False,,1.2749778,0.0435464,-0.13594565,-0.13894911,-0.018431416,-0.037931688,-0.09921866,37,23,0.30902752,49,19,0,0.043568805,126.58198,0,0,1.0124353,0.23912911,0.2738624,0.2633723,0.22791481,-92.573006,-58.181316,29.475042,-2.099985,False,350,581.3231723426084,1.4296879,406.60843,18.776323,44,279.03823192941337,21.055763,13.252345,19.224382,49,727.1143539137173,20.87609,34.83001,17.59389,1.7307973,3,1,0,1,0,1.6304932,0.44805908,1.1824341,,,,,,,,,,,,,,,,,,,,,,,NOT_AVAILABLE,295.9929847732779,-2.841864674562895,218.30351274118692,-57.244682524568276,False,False,0,False,False,False,False,False,True,False,False,2.2093606e-11,1.1872415e-09,0.9999954,4802.0854,4756.339,4934.6772,4.8526,4.7984,4.9012,-2.0893,-3.2961,-1.6045,817.7329,761.2046,909.0957,2.4225,2.3513,2.5362,1.7808,1.7283,1.8745,0.9836,0.9546,1.0391,MARCS,0.02764682029492071,IN,2
116,1636148068921376768,Gaia DR3 5332606449548636160,5332606449548636160,1188719168,2016.0,176.3965585526539,0.15139015,-64.86087372036833,0.15031362,0.27425962348051486,0.17815728,1.5394241,8.1444435,-7.606651674056985,0.20923412,2.9104664039216006,0.19434658,0.030831179,-0.024991143,-0.034205746,0.22730714,0.1892128,0.24194194,0.03593763,0.0019159472,0.11415956,0.08691023,331,0,331,0,1.4034185,379.03784,0.5873285,1.3978924,31,False,1.3195437,,,,,,,,39,27,0.29742837,48,18,0,0.024808,134.93398,0,0,1.0544217,0.11600854,0.12837411,0.113637626,0.21781176,-114.08167,-35.263283,27.146845,1.8748251,False,376,580.4308105224361,1.0931637,530.96423,18.77799,46,151.54429490398266,4.002238,37.86489,19.887194,44,597.8958492320447,3.5345285,169.15858,17.806332,1.2911792,0,5,0,5,0,2.080862,1.1092033,0.9716587,,,,,,,,,,,,,,,,,,,,,,,NOT_AVAILABLE,296.0084683774901,-2.87802640804366,218.36360843936657,-57.26682367760454,False,False,0,False,False,False,False,False,True,False,False,1.9477411e-11,5.09963e-13,0.99999624,3757.1306,3705.322,3846.3193,4.3696,4.2731,4.4714,-1.911,-2.1078,-1.3846,644.8051,603.3016,717.3326,1.0836,0.9518,1.2466,0.7558,0.6616,0.8741,0.4097,0.3589,0.4752,PHOENIX,0.02372244602117337,IN,2
242,1636148068921376768,Gaia DR3 5332606415190306816,5332606415190306816,1369298482,2016.0,176.41969950866616,0.16004913,-64.8489766601645,0.16743258,0.05914302903464572,0.20604034,0.28704587,5.498596,-5.371710113906757,0.21199097,1.1744311201095754,0.20997408,0.10237668,0.09209577,0.020693533,0.18922895,0.3943032,0.14507316,-0.06258904,-0.03449794,0.028511146,0.16989475,332,0,328,4,0.94694746,364.4746,0.6301643,1.5278411,31,False,1.2800194,,,,,,,,40,26,0.31660777,48,18,0,0.028284857,148.31808,0,0,1.036443,0.19443671,0.13877788,0.104553185,0.24210471,-129.4426,-43.214188,34.15361,5.050943,False,360,576.4183843467447,1.092117,527.79913,18.785522,41,123.50417051462261,6.18113,19.98084,20.109339,43,696.1579933882662,6.170736,112.81604,17.641127,1.4219917,0,25,0,27,0,2.4682121,1.3238163,1.1443958,,,,,,,,,,,,,,,,,,,,,,,NOT_AVAILABLE,296.01498879209834,-2.8640329778241247,218.3598083132569,-57.25152658176751,False,False,0,False,False,False,False,False,True,False,False,1.0237139e-13,5.5569823e-11,0.9999987,3861.5483,3811.8704,3890.2222,4.2435,4.2053,4.3062,-2.0956,-2.1572,-1.9693,536.8526,505.2207,567.3113,2.2584,2.1784,2.3072,1.5458,1.4869,1.5805,0.8487,0.8152,0.8684,PHOENIX,0.00840798181721362,IN,2
120,1636148068921376768,Gaia DR3 5332606586998637824,5332606586998637824,1363807294,2016.0,176.39695725474462,0.14470029,-64.8258483191742,0.13785636,0.6088789863451561,0.16853406,3.612795,7.0603805,-6.913947290419454,0.19528888,1.4304918216625238,0.18560067,0.022537205,-0.11120584,-0.094658256,0.21855842,0.19166012,0.23393485,0.08720793,-0.040564574,0.1233629,0.11366157,348,0,345,3,-1.2300644,321.5621,0.0,0.0,31,False,1.3895469,,,,,,,,40,26,0.28165072,48,17,0,0.024908505,130.89647,0,0,0.9522373,0.18348263,0.13210055,0.23408636,0.26976863,-101.645355,-40.58287,30.985022,7.102106,False,390,576.0871894027972,1.0836492,531.6178,18.786146,45,187.95083259920372,4.9778857,37.75716,19.65343,45,500.02403359055285,7.2397614,69.06637,18.000418,1.1942201,0,1,0,1,0,1.6530132,0.8672848,0.78572845,,,,,,,,,,,,,,,,,,,,,,,NOT_AVAILABLE,295.9997765784545,-2.8440934107315647,218.31629598566107,-57.24290955497096,False,False,0,False,False,False,False,False,True,False,False,1.0283619e-13,5.13098e-13,0.9999977,3924.7715,3910.45,3938.4146,5.0518,5.0114,5.0815,-1.4451,-1.5399,-1.3464,643.9684,591.563,705.4592,0.0162,0.0043,0.0366,0.0118,0.0031,0.0266,0.0063,0.0016,0.0143,PHOENIX,0.020721860544061343,IN,2
67,1636148068921376768,Gaia DR3 5332606453850981760,5332606453850981760,966388291,2016.0,176.38574143175043,0.15134166,-64.85144804080535,0.13866615,0.567943581337005,0.1726686,3.2892118,7.521108,-7.350080511245882,0.194076,1.5947997033304415,0.18258776,0.030277096,0.017481035,-0.014976802,0.2225124,0.20228377,0.21222326,0.020878458,0.0069546173,0.14396563,0.07589912,360,0,357,3,1.5934141,412.30368,0.3319495,0.45605823,31,False,1.3859123,,,,,,,,43,28,0.27510065,51,19,0,0.027256664,133.39891,0,0,1.0596856,0.12698445,0.12566109,0.112033166,0.24208313,-112.58698,-30.083578,26.922451,6.5891547,False,400,575.3418529757402,1.1786265,488.14603,18.787552,44,214.27607013522226,5.890478,36.376686,19.511108,45,580.3313402144458,6.4040494,90.61944,17.838705,1.3811048,0,1,0,1,0,1.6724033,0.7235565,0.9488468,,,,,,,,,,,,,,,,,,,,,,,NOT_AVAILABLE,296.0016316554071,-2.8700674882900534,218.34504063106417,-57.263797907880345,False,False,0,False,False,False,False,False,True,False,False,1.0822366e-13,6.756569e-11,0.9999936,3864.8738,3848.233,3887.9868,4.8132,4.5786,4.896,-1.8124,-2.0824,-1.6366,632.0167,571.5438,706.4347,0.0198,0.0047,0.0434,0.0143,0.0034,0.0315,0.0077,0.0018,0.0169,PHOENIX,0.020835574884443004,IN,2
310,1636148068921376768,Gaia DR3 5332606415199846400,5332606415199846400,967294148,2016.0,176.43071243550776,0.13760212,-64.85459312412806,0.1469452,0.24867627700394002,0.16976641,1.4648144,5.0205045,-4.992345025198063,0.19426525,-0.5309940552154325,0.19302066,-0.004575182,-0.090184525,0.032840442,0.19284357,0.16464715,0.20264414,-0.01733244,-0.030890856,0.060435373,0.022507302,335,0,335,0,-0.5694508,328.90326,0.0,0.0,31,False,1.3480676,,,,,,,,39,28,0.27287552,47,16,0,0.014716699,147.93584,0,0,0.9769138,0.11476904,0.12853347,0.17635153,0.23630695,-122.89533,-62.3279,25.112423,4.3563337,False,368,574.362956160004,1.0823863,530.6451,18.7894,41,179.66285889135776,6.1479883,29.223032,19.702396,40,547.0216393055964,5.448158,100.404884,17.902884,1.2652009,0,0,0,0,0,1.7995129,0.9129963,0.8865166,,,,,,,,,,,,,,,,,,,,,,,NOT_AVAILABLE,296.02094108483016,-2.868288151094373,218.37330476296137,-57.25190689831245,False,False,0,False,False,False,False,False,True,False,False,2.0577116e-11,5.100565e-13,0.9999939,3678.3765,3650.5886,3716.641,4.9183,4.8434,4.9622,-0.7389,-0.8317,-0.6485,711.8983,653.6163,776.4037,0.0957,0.0426,0.1747,0.0673,0.0298,0.1232,0.0371,0.0164,0.0679,PHOENIX,0.013097559297823197,IN,2
89,1636148068921376768,Gaia DR3 5332606449548648704,5332606449548648704,823613200,2016.0,176.39143822553336,0.1596828,-64.85321224322823,0.14507686,0.140350240370333,0.1795788,0.7815524,5.2935295,-5.263928667737784,0.21302755,0.5590253400543177,0.18958093,0.028813628,-0.015662411,-0.054953206,0.21189854,0.20963214,0.22709996,0.038151752,0.054066654,0.13819739,0.09695968,348,0,346,2,0.8447266,380.01093,0.5189426,1.075142,31,False,1.3015469,,,,,,,,42,28,0.3015051,50,19,0,0.03315349,147.09937,0,0,1.0315322,0.14602593,0.1315895,0.12902424,0.23799291,-108.01702,-26.672188,28.207874,6.7145066,False,387,573.1358568128891,1.1024494,519.87494,18.791723,39,132.76277188527695,6.264112,21.19419,20.030851,41,642.3075654546527,7.0335035,91.321144,17.728539,1.3523327,0,0,0,0,0,2.3023129,1.2391281,1.0631847,,,,,,,,,,,,,,,,,,,,,,,NOT_AVAILABLE,296.00442321779667,-2.8711628129687687,218.35047534774796,-57.26321868869734,False,False,0,False,False,False,False,False,True,False,False,1.02334455e-13,5.827929e-11,0.9999969,3878.4895,3843.1956,3922.6238,4.8314,4.7828,4.8571,-0.7096,-0.8088,-0.6102,598.5242,567.8714,655.0496,1.8021,1.7243,1.8945,1.2395,1.1841,1.3059,0.6784,0.6487,0.7127,PHOENIX,0.01973323294882478,IN,2
162,1636148068921376768,Gaia DR3 5332606621348736000,5332606621348736000,694987302,2016.0,176.40627313265537,0.14984512,-64.82395520030575,0.1496846,0.1949369604898396,0.18303084,1.0650498,8.21631,-8.16286973223868,0.20424874,0.9355714356383618,0.21471488,0.04370238,-0.08500029,0.04143758,0.23449892,0.23323247,0.17120537,0.0027157697,-0.15048358,0.014390321,0.20645729,338,0,337,1,0.32241815,354.8333,0.3440297,0.46910006,31,False,1.3440547,,,,,,,,39,25,0.32106373,46,16,0,0.014751277,136.94832,0,0,1.0115303,0.2133199,0.14560853,0.2313031,0.25964558,-107.92903,-46.35615,29.565435,4.0694933,False,380,560.019400535033,1.0379573,539.5399,18.816858,43,156.6043156493583,5.425388,28.865091,19.851532,43,534.9041781513926,5.709409,93.68819,17.927206,1.2347938,0,2,0,1,0,1.924326,1.0346737,0.88965225,,,,,,,,,,,,,,,,,,,,,,,NOT_AVAILABLE,296.0031372735863,-2.841261178638173,218.3187056366209,-57.2387157599523,False,False,0,False,False,False,False,False,True,False,False,1.8467426e-11,5.101057e-13,0.99999833,3802.553,3736.6187,3971.0781,4.4644,4.3472,4.618,-1.7988,-2.0371,-1.4686,740.1263,681.3917,935.8541,0.6565,0.5252,0.9291,0.4649,0.3709,0.6646,0.2518,0.201,0.3597,MARCS,0.020014995448612297,IN,2
113,1636148068921376768,Gaia DR3 5332600574033368320,5332600574033368320,497092027,2016.0,176.39635293431476,0.15030468,-64.86511817690128,0.15513639,0.21720373021878023,0.17697819,1.227291,6.7814856,-6.764780853375914,0.21109214,0.47569518364685237,0.20184794,0.11789569,0.04597455,0.10017733,0.30136532,0.26092854,0.32240316,0.17696342,0.08052916,0.2109306,0.17019074,331,0,328,3,0.17316519,352.3745,0.0,0.0,95,False,,1.3095171,0.044463582,-0.14355904,-0.1337215,-0.06499563,-0.05801291,-0.08521971,39,26,0.31888896,49,17,0,0.0417303,139.6882,0,0,1.005794,0.11583831,0.12870052,0.16317531,0.2541408,-102.4485,-42.80808,26.395594,-0.06424369,False,361,557.8528845321329,1.8577237,300.2884,18.821068,45,149.01399613251195,8.723747,17.08142,19.905474,43,734.1025935606638,10.703332,68.586365,17.583504,1.5830636,0,20,0,22,0,2.32197,1.0844059,1.2375641,,,,,,,,,,,,,,,,,,,,,,,NOT_AVAILABLE,296.0094570026207,-2.882155345924872,218.3692621859979,-57.26976947216745,False,False,0,False,False,False,False,False,True,False,False,1.1164411e-12,3.0364614e-10,0.99999833,3931.9377,3879.4414,4003.5884,4.3949,4.1885,4.4646,-1.4952,-1.7578,-1.2711,676.7134,593.5466,786.5498,2.6821,2.598,2.7905,1.8259,1.7652,1.9057,1.0035,0.9699,1.047,PHOENIX,0.027339320455473767,IN,2
52,1636148068921376768,Gaia DR3 5332606586988994944,5332606586988994944,1740189579,2016.0,176.38207660231646,0.15221497,-64.82718096976942,0.13634984,0.5006664445929099,0.16824254,2.975861,5.2442675,-5.130142324824375,0.19904454,1.0881081094684875,0.19303437,0.0037852929,-0.12172415,-0.11801224,0.22341758,0.12259699,0.22719654,0.043054547,-0.033063624,0.077226505,0.1130537,362,0,358,4,0.95573866,394.60715,0.0,0.0,31,False,1.3911841,,,,,,,,42,27,0.28806946,50,19,0,0.027454384,129.78972,0,0,1.0352291,0.15146802,0.1357923,0.14485428,0.26058656,-110.39789,-32.78565,30.092453,6.5815034,False,396,553.7616892766941,1.016812,544.6058,18.82906,48,193.3913213894276,4.509673,42.883667,19.62245,39,500.43837830616513,6.280588,79.680176,17.99952,1.2529391,0,0,0,0,0,1.6229305,0.7933903,0.82954025,,,,,,,,,,,,,,,,,,,,,,,NOT_AVAILABLE,295.9939817868448,-2.8469819177559876,218.31015476036086,-57.24845936776186,False,False,0,False,False,False,False,False,True,False,False,4.876854e-11,5.1056625e-13,0.9999868,3909.291,3890.9697,3932.527,5.0082,4.9285,5.0561,-1.287,-1.3985,-1.0351,731.5793,635.5569,898.1575,0.0264,0.0065,0.0681,0.0191,0.0047,0.0494,0.0102,0.0025,0.0265,PHOENIX,0.024515411884494815,IN,2
569,1636148068921376768,Gaia DR3 5332606350771989376,5332606350771989376,1308024984,2016.0,176.47788105646393,0.14875454,-64.84542771097601,0.14472675,0.2608531841595888,0.17268051,1.5106115,4.938377,-4.716454497703274,0.20021717,1.4637698452601193,0.1916517,0.013284656,-0.02146457,0.03225556,0.21231307,0.10136727,0.21488483,0.10532464,-0.035925977,0.16792321,0.050898466,328,0,325,3,-1.1050967,312.59814,0.0,0.0,95,False,,1.3276329,0.0431383,-0.109609865,-0.042477604,0.01059683,-0.00020635889,-0.09256006,39,27,0.28329208,47,16,0,0.0057915715,121.33594,0,0,0.95554,0.17268118,0.03609018,0.19050188,0.33540052,-123.81066,-52.603382,29.03656,7.51495,False,351,543.3848494883802,1.0497396,517.63776,18.849598,43,171.17699168325123,5.982461,28.61314,19.754929,42,538.2593832584907,5.2664256,102.205826,17.920416,1.3055873,0,2,0,0,0,1.8345127,0.90533066,0.92918205,,,,,,,,,,,,,,,,,,,,,,,NOT_AVAILABLE,296.0380566795116,-2.8543727002042187,218.3860483933729,-57.23097117886987,False,False,0,False,False,False,False,False,True,False,False,1.0227259e-13,5.104675e-13,0.99998546,3780.2114,3686.2078,3825.1924,4.8983,4.6145,5.002,-1.0703,-1.4946,-0.856,704.863,632.5126,815.5461,0.1787,0.0791,0.2579,0.1273,0.0561,0.1843,0.0687,0.0302,0.0994,PHOENIX,0.021210865099097132,IN,2
331,1636148068921376768,Gaia DR3 5332606385131509376,5332606385131509376,218279319,2016.0,176.4342299066567,0.18005519,-64.86046864736151,0.18482834,0.5294960623359878,0.2160923,2.4503236,6.6710377,-6.293220434450488,0.24348122,2.213169398268587,0.24529196,0.005272887,-0.07358883,-0.053844683,0.1974723,0.21591683,0.19062646,-0.024843026,0.007150377,0.06054321,0.073734514,345,0,342,3,7.1224236,578.76825,1.2619635,6.570317,95,False,,1.4351677,0.05470002,-0.14662385,-0.0687263,-0.044119872,0.06968359,-0.05690771,40,28,0.35159424,48,17,0,0.035221506,167.36043,7,0,1.2858962,0.11746768,0.109455295,0.095977716,0.22809687,-121.77111,-51.630875,31.417444,6.76317,False,382,541.4592020398144,1.2711302,425.96677,18.853453,43,214.583406549643,8.641612,24.83141,19.509552,45,651.5212396807347,7.2013454,90.47215,17.713074,1.599575,0,43,0,45,0,1.7964783,0.6560993,1.140379,,,,,,,,,,,,,,,,,,,,,,,NOT_AVAILABLE,296.02387162996047,-2.873597450781835,218.38315333812025,-57.254800793843906,False,False,0,False,False,False,False,False,False,False,False,2.2139662e-13,5.321356e-10,0.99999166,,,,,,,,,,,,,,,,,,,,,,,0.01908687005511782,IN,2
392,1636148068921376768,Gaia DR3 5332606552629263232,5332606552629263232,990012172,2016.0,176.44422606256114,0.15817644,-64.83749241495771,0.17204478,0.16530297457942053,0.1932311,0.85546774,7.7919807,-7.406273659458327,0.21076171,2.4211717813743596,0.23084764,0.11094506,-0.015056176,0.016915474,0.27722883,0.28649884,0.2713215,0.28283685,-0.034247003,0.229402,0.17855847,333,0,333,0,1.8150585,404.0232,0.5695865,1.1807506,95,False,,1.3171993,0.046419602,-0.11705557,-0.09639082,-0.047555126,0.0144873485,-0.07062262,39,25,0.34528905,47,16,0,0.026895685,106.71647,1,0,1.0707644,0.16728218,0.14616859,0.20024398,0.32209486,-100.73269,-56.656086,30.784708,3.9431689,False,374,535.6296712534539,1.0591314,505.72543,18.865206,44,154.64277580500473,4.6872654,32.99211,19.865217,43,577.27931934597,3.7167163,155.31972,17.84443,1.3664705,0,1,0,0,0,2.0207863,1.0000114,1.0207748,,,,,,,,,,,,,,,,,,,,,,,NOT_AVAILABLE,296.022193333233,-2.850291943115874,218.35732654338597,-57.236073770721084,False,False,0,False,False,False,False,False,True,False,False,1.0253874e-13,5.100164e-13,0.99999875,4044.088,3975.925,4143.2764,4.9145,4.7927,4.9791,-1.2596,-1.4246,-1.0048,670.2347,585.3797,797.0152,1.3705,1.2611,1.5233,0.9719,0.8917,1.0868,0.5263,0.4823,0.5888,PHOENIX,0.00768249802845619,IN,2
260,1636148068921376768,Gaia DR3 5332606522570676224,5332606522570676224,1538111461,2016.0,176.4228123907624,0.15888792,-64.83534357336899,0.15033732,0.9526367463437395,0.187648,5.076722,17.837158,-17.811593148774758,0.20442599,-0.9546506913671905,0.19291227,-0.019726023,-0.065134704,-0.027519625,0.18332922,0.25663167,0.15987699,0.058365107,-0.0802185,0.15842612,0.015594435,351,0,351,0,2.172526,435.8025,0.44059852,0.73018193,95,False,,1.3180101,0.04478959,-0.09463466,-0.09117687,-0.05629884,0.022183564,-0.086507596,41,26,0.28434956,49,18,0,0.037989296,25.758902,0,27,1.0828441,0.1868821,0.10529799,0.23705342,0.24900666,-103.69038,-42.807156,28.184767,5.6402855,False,388,524.2923532755646,1.7017897,308.08292,18.888433,0,,,,,0,,,,,,,,,,2,,,,,,,,,,,,,,,,,,,,,,,,,,NOT_AVAILABLE,296.0128289033543,-2.850506754233172,218.34297955929205,-57.24129356495428,False,False,0,False,False,False,False,False,False,False,False,,,,,,,,,,,,,,,,,,,,,,,,,,0.00668653683473592,IN,2
552,1636148068921376768,Gaia DR3 5332606728754088064,5332606728754088064,369386308,2016.0,176.47386244040297,0.19350697,-64.8349895392242,0.19972542,0.7983567987542497,0.23808238,3.3532796,8.946043,-8.852728135284917,0.24716525,1.2887546042024736,0.25154215,0.044580463,-0.027054416,-0.11254496,0.21121381,0.22433874,0.19257422,0.043578587,-0.10363584,0.111024044,0.09694892,363,0,359,4,9.1960945,686.7078,1.538987,10.411903,95,False,,1.4181526,0.054331683,-0.09731804,-0.05915798,-0.03973987,-0.03202649,-0.025943737,43,27,0.36353803,51,18,0,0.05907111,75.120926,2,0,1.3643082,0.2389238,0.12369567,0.20889805,0.26077607,-110.34816,-53.51922,33.681137,7.924713,False,403,515.9173732086858,1.6119763,320.0527,18.905916,41,192.94093603419782,7.4554877,25.87905,19.62498,42,543.3542198357923,5.368221,101.21682,17.910189,1.4271572,0,0,0,0,0,1.7147923,0.7190647,0.99572754,,,,,,,,,,,,,,,,,,,,,,,NOT_AVAILABLE,296.0337741369325,-2.8446990490215955,218.36975901769148,-57.22512925201413,False,False,0,False,False,False,False,False,True,False,False,4.6403548e-10,4.4732924e-12,0.9999939,3719.8274,3698.8691,3749.3647,4.9899,4.9119,5.0228,-0.9203,-1.0413,-0.7711,639.116,579.2509,771.6425,0.0654,0.0215,0.1273,0.0463,0.0152,0.0905,0.0252,0.0083,0.049,PHOENIX,0.020226372215546608,IN,2
580,1636148068921376768,Gaia DR3 5332606758787696896,5332606758787696896,1298799795,2016.0,176.4794446925563,0.15258947,-64.81978896776334,0.15245053,0.22898969898307184,0.18316968,1.2501507,4.139119,-4.079619936987394,0.1981941,-0.6992904148248287,0.19702365,0.02181856,-0.053861067,-0.05667431,0.22671115,0.1843447,0.22380199,0.0026762104,-0.064499274,0.15203387,0.09970668,356,9,356,0,-1.0906768,337.50253,0.0,0.0,31,False,1.3035902,,,,,,,,41,27,0.28857604,47,16,0,0.01849657,122.77872,0,0,0.9581824,,,,,,,,,False,389,503.4133912648323,1.0961503,459.25583,18.932554,39,123.46906148441448,4.3018064,28.701677,20.109648,40,554.3443529556284,5.1073146,108.5393,17.888447,1.346435,0,0,0,0,0,2.221201,1.1770935,1.0441074,,,,,,,,,,,,,,,,,,,,,,,NOT_AVAILABLE,296.032250045197,-2.8293896418726403,218.35215357101143,-57.213053056475005,False,False,0,False,False,False,False,False,True,False,False,1.1218476e-13,5.714108e-11,0.99999774,3572.2417,3558.0562,3589.009,4.4278,4.408,4.4617,-1.128,-1.1752,-1.0627,696.9075,674.6265,720.3013,1.0561,1.0085,1.1091,0.7194,0.6871,0.7564,0.3976,0.3805,0.4173,PHOENIX,0.03058522624853476,IN,2
250,1636148068921376768,Gaia DR3 5332606415188907136,5332606415188907136,173672946,2016.0,176.42138036127184,0.15754306,-64.8553785133623,0.16375063,0.2043362194647849,0.18880175,1.0822792,9.592139,-9.484131560157405,0.21794847,1.435404375526222,0.20965241,0.09234516,-0.020150976,0.09424986,0.2635547,0.20037253,0.28589815,0.14067636,0.048229024,0.19510242,0.15655325,336,0,335,1,-1.6469688,297.53052,0.0,0.0,95,False,,1.5029136,0.04769711,-0.15423018,-0.13151586,-0.090087436,-0.04004334,-0.12174913,40,29,0.32627553,48,17,0,0.015792659,145.73154,0,0,0.93549544,0.11090866,0.123075694,0.13748942,0.23157941,-122.61997,-50.463814,28.721321,2.2817273,False,376,494.81071682708136,1.2146715,407.3618,18.95127,41,209.75165574826966,10.548456,19.884583,19.534279,41,626.0993826219978,14.384029,43.527397,17.756287,1.6892339,0,35,0,37,0,1.7779922,0.5830097,1.1949825,,,,,,,,,,,,,,,,,,,,,,,NOT_AVAILABLE,296.0172972798911,-2.870047805076297,218.3693913242278,-57.25535063536281,False,False,0,False,False,False,False,False,True,False,False,1.2306267e-13,1.6583012e-09,0.9999992,4000.0073,3935.2375,4052.9558,5.0032,4.8742,5.0337,-1.4845,-1.5847,-1.3994,642.8212,594.0966,716.4254,0.6925,0.5893,0.7825,0.4986,0.4231,0.565,0.2687,0.2281,0.305,PHOENIX,0.014216556990707962,IN,2
570,1636148068921376768,Gaia DR3 5332606758787696640,5332606758787696640,1010044527,2016.0,176.47809412267614,0.16806068,-64.81779923640906,0.16422686,1.6479920214248378,0.19698392,8.366125,19.15086,-18.572179716074615,0.2131653,-4.672213275895171,0.20922072,0.079809934,-0.026666427,0.008027255,0.26708812,0.24588366,0.26399297,0.10130062,-0.028815294,0.17670073,0.15719174,346,0,343,3,-0.10757405,385.9346,0.53084034,0.94992244,95,False,,1.1971173,0.048843466,-0.1271606,-0.13098115,-0.089220196,-0.075875334,-0.05717818,40,27,0.31980547,46,16,0,0.018542895,116.80958,0,0,0.9948717,0.2589453,0.13429265,0.23470317,0.22419494,-106.30347,-41.990906,33.051224,7.356889,False,380,489.20512387069635,1.1166158,438.11407,18.96364,41,78.44441312596614,4.8046637,16.326723,20.602137,39,616.3810849017419,5.951816,103.56185,17.773272,1.4203153,0,1,0,0,0,2.828865,1.6384964,1.1903687,,,,,,,,,,,,,,,,,,,,,,,NOT_AVAILABLE,296.03119253571185,-2.827608169651935,218.3487380441123,-57.212121246488714,False,False,0,False,False,False,False,False,False,False,False,1.1576273e-13,5.1663724e-13,0.9998932,3316.6416,3305.0183,3330.0786,4.4535,4.4251,4.4965,-0.467,-0.5582,-0.401,590.0688,556.1382,622.3064,1.0136,0.9418,1.0934,0.642,0.5964,0.6931,0.4235,0.3953,0.4552,MARCS,0.03164695317593633,IN,2
354,1636148068921376768,Gaia DR3 5332606522570586240,5332606522570586240,721800685,2016.0,176.43788235761596,0.24828528,-64.84793246471315,0.6209679,0.4532414915451158,0.33039376,1.3718222,6.2942505,-6.095650865836307,0.33936274,1.5686397334578195,0.6711803,0.26132905,0.2173348,0.35979444,0.4625904,0.020325487,0.5094024,-0.15238926,-0.033636946,0.2045405,0.28316486,157,0,157,0,1.2732404,182.5985,0.8605802,1.5296245,95,False,,1.3831004,0.07071203,-0.2634538,-0.07444015,-0.22349764,-0.048593715,-0.047398176,19,13,0.9520091,29,11,4,0.024223296,129.60463,0,53,1.0718943,0.5123283,0.7545261,0.23488693,0.3089111,-78.95355,-81.24253,39.525143,0.24496058,False,172,477.96077349530805,1.8679532,255.87407,18.988886,0,,,,,0,,,,,,,,,,1,,,,,,,,,,,,,,,,,,,,,,,,,,NOT_AVAILABLE,296.02221307070505,-2.861074644463612,218.36809583851544,-57.245146172253975,False,False,0,False,False,False,False,False,False,False,False,,,,,,,,,,,,,,,,,,,,,,,,,,0.0074767482703986,IN,2
364,1636148068921376768,Gaia DR3 5332606552629262592,5332606552629262592,1536323254,2016.0,176.44003489685335,0.18604441,-64.83169649884799,0.18778604,0.29528702577782895,0.22215998,1.3291639,3.794408,-3.749370051497789,0.24358597,0.5828866582856582,0.23858908,0.021379486,-0.04534485,0.030018138,0.177968,0.2228884,0.16353734,0.12462027,-0.06880224,0.15983243,0.024056118,309,0,307,2,1.8712596,361.41824,0.90384424,2.3990765,95,False,,1.4676067,0.05464134,-0.11668435,-0.10444082,-0.03221655,0.008539173,-0.07552139,37,27,0.34231022,44,14,0,0.021260181,139.38676,0,0,1.0760932,0.19175266,0.05909448,0.19400066,0.2837731,-108.058,-49.543873,25.793253,4.8258133,False,353,469.74012810808017,1.0009165,469.31003,19.007723,41,136.1811679268383,7.0338297,19.360886,20.00325,40,520.2827378564142,5.954313,87.37914,17.957296,1.3975044,0,0,0,2,0,2.0459538,0.99552727,1.0504265,,,,,,,,,,,,,,,,,,,,,,,NOT_AVAILABLE,296.0190049202376,-2.845131703608233,218.34723235158464,-57.23344222296483,False,False,0,False,False,False,False,False,False,False,False,1.8998188e-11,5.099468e-13,0.9999973,,,,,,,,,,,,,,,,,,,,,,,0.010916189252645354,IN,2
414,1636148068921376768,Gaia DR3 5332606934887714048,5332606934887714048,660626189,2016.0,176.44855953957165,0.17688617,-64.81991480795237,0.17117499,0.39718365402888706,0.20389742,1.9479582,6.724729,-6.6334385425720575,0.218137,1.1042993443699305,0.21306308,0.056543566,-0.049820427,-0.027446242,0.25416946,0.18012722,0.25709304,0.05133515,-0.024425304,0.15493894,0.13094822,335,0,334,1,1.8065954,400.8027,0.56395805,0.960259,95,False,,1.3443373,0.050247595,-0.119365044,-0.073760696,-0.08237145,-0.044718057,-0.06267124,39,28,0.32168552,45,16,0,0.021154767,155.23518,0,0,1.0703188,0.21327955,0.13709833,0.19580165,0.20568676,-108.05875,-47.477654,30.794977,6.322535,False,357,466.3653651270053,1.0091145,462.15308,19.01555,39,141.9297020555142,5.0792947,27.942797,19.958359,39,461.50023986491465,6.0168467,76.70135,18.087465,1.2938995,0,2,0,2,0,1.8708935,0.94280815,0.9280853,,,,,,,,,,,,,,,,,,,,,,,NOT_AVAILABLE,296.01954806075986,-2.832816555738263,218.3358220022687,-57.22277406703185,False,False,0,False,False,False,False,False,False,False,False,1.0240349e-13,5.102905e-13,0.99999374,,,,,,,,,,,,,,,,,,,,,,,0.023175940688861193,IN,2
452,1636148068921376768,Gaia DR3 5332606934887701120,5332606934887701120,308234781,2016.0,176.4554385361995,0.19715226,-64.8223561153457,0.19125798,0.44619532677310547,0.2305948,1.9349756,7.174136,-6.762257911765382,0.23924813,2.3958496110537233,0.24373363,0.0032347033,-0.023467416,-0.12901746,0.22212352,0.20754918,0.23378769,0.007574771,0.020051358,0.21131758,0.1191415,310,0,309,1,1.7540483,409.0765,0.97142005,2.8818028,95,False,,1.1754478,0.055586748,-0.15525931,-0.05870504,-0.03459137,-0.022886388,-0.030163195,36,26,0.35681805,43,15,0,0.04532309,94.08676,0,0,1.0709672,0.19669892,0.088917464,0.20711452,0.24074645,-121.87227,-45.161438,29.000526,9.011896,False,347,464.8034966405926,1.2513542,371.44037,19.019194,36,130.2800022828668,5.1215253,25.437735,20.051348,36,500.07610059354306,3.5218456,141.99263,18.000305,1.3561776,0,1,0,0,0,2.0510426,1.0321541,1.0188885,,,,,,,,,,,,,,,,,,,,,,,NOT_AVAILABLE,296.0229991729789,-2.8344426320304645,218.34280422221286,-57.22228759128267,False,False,0,False,False,False,False,False,False,False,False,1.9461766e-13,5.496323e-13,0.99999344,,,,,,,,,,,,,,,,,,,,,,,0.022253515680745732,IN,2
391,1636148068921376768,Gaia DR3 5332606419491349504,5332606419491349504,336486702,2016.0,176.4440536284969,0.17635734,-64.85137287278607,0.16732202,0.37933777994839946,0.20517303,1.8488677,8.789317,-8.789106848696074,0.24212503,-0.060758177554754406,0.21978699,-0.013225052,-0.11276434,-0.040164422,0.1877693,0.21918035,0.22994047,0.045945752,0.060288653,0.1684105,0.10880342,339,0,337,2,1.2938309,376.2823,0.48039442,0.7078035,95,False,,1.5333751,0.051439647,-0.019298423,-0.10647352,-0.13122052,-0.047878075,-0.08218243,40,29,0.34516612,48,17,0,0.029853007,143.45851,0,0,1.0496817,0.1129251,0.099682204,0.077321336,0.22058094,-141.90637,-40.097424,32.332176,6.0298038,False,382,463.92983657867285,1.0756794,431.29007,19.021236,41,168.70754347736505,6.238012,27.045082,19.770706,39,463.8576310023417,6.747205,68.748116,18.081934,1.3634932,0,0,0,0,0,1.6887722,0.74946976,0.93930244,,,,,,,,,,,,,,,,,,,,,,,NOT_AVAILABLE,296.02562206565426,-2.8637435409091982,218.37605523928224,-57.24555897165209,False,False,0,False,False,False,False,False,False,False,False,9.888066e-11,1.2007227e-10,0.99999744,,,,,,,,,,,,,,,,,,,,,,,0.011785933137434703,IN,2
600,1636148068921376768,Gaia DR3 5332606350771959168,5332606350771959168,635419933,2016.0,176.48169466159274,0.1859677,-64.84939566080594,0.15779382,0.017997346978830507,0.1994412,0.09023886,8.849493,-8.748657721822328,0.24512626,1.332106357637455,0.20895271,-0.08374571,-0.18277064,0.04689223,0.1512512,0.1536201,0.1814965,0.06898921,0.010165735,0.13953812,0.022674523,305,0,305,0,0.27015284,325.53778,0.26309413,0.21637587,95,False,,1.3426099,0.051752537,-0.019480286,-0.08548116,-0.06257867,-0.022989718,-0.100629896,36,26,0.34077975,45,15,0,0.0038229031,8.94719,0,18,1.009949,0.16628346,0.12627567,0.123027734,0.25177935,-140.62105,6.9864545,29.118887,9.572204,False,341,459.11457354952563,1.1858194,387.17075,19.032564,4,146.64102282837837,29.85272,4.9121494,19.922903,3,444.2416150840191,4.633368,95.87877,18.128847,1.2870047,0,0,0,1,0,1.7940559,0.8903389,0.90371704,,,,,,,,,,,,,,,,,,,,,,,NOT_AVAILABLE,296.0406258636579,-2.8578060102107736,218.39346152034943,-57.23247895156627,False,False,0,False,False,False,False,False,False,False,False,3.8940917e-10,1.2307809e-09,0.9999931,,,,,,,,,,,,,,,,,,,,,,,0.023807684212849314,IN,2
608,1636148068921376768,Gaia DR3 5332606763089066752,5332606763089066752,228475276,2016.0,176.48263069869242,0.18599133,-64.82218538892795,0.16207041,0.5709147246946178,0.20381266,2.8011742,7.0929303,-6.870356736467793,0.22402579,1.7629129317406016,0.20790192,0.0011223241,-0.12623666,-0.10134056,0.22397342,0.25127968,0.22952598,0.06836261,0.0025899,0.12823322,0.12769035,341,0,339,2,1.0572755,386.93695,0.47325152,0.681644,95,False,,1.3224685,0.049576752,-0.11972842,-0.0467263,-0.08579236,-0.0031664323,-0.070795484,40,27,0.3228576,47,17,0,0.017492449,116.33022,0,0,1.0402327,0.17368762,0.14654565,0.13686357,0.20968537,-111.7654,-25.57834,28.411823,7.3453703,False,376,456.0982910023186,0.9975676,457.21042,19.03972,24,149.8894163341386,7.295873,20.54441,19.899115,25,434.4995099317201,6.856556,63.369934,18.152922,1.2812785,0,0,0,0,0,1.7461929,0.8593941,0.88679886,,,,,,,,,,,,,,,,,,,,,,,NOT_AVAILABLE,296.03416651485924,-2.8313685957408845,218.3571004288976,-57.213688886641904,False,False,0,False,False,False,False,False,False,False,False,1.9454431e-11,5.1019166e-13,0.99999624,,,,,,,,,,,,,,,,,,,,,,,0.029952663045602675,IN,2
326,1636148068921376768,Gaia DR3 5332606556930508416,5332606556930508416,1010893717,2016.0,176.4338863144879,0.18129696,-64.8262074961564,0.17854927,0.35858848636693325,0.21026857,1.7053832,7.234667,-6.855079185393555,0.2331632,2.3126377129870925,0.2352805,-0.034581896,-0.041480098,-0.09928515,0.1848666,0.27316013,0.17976044,0.012199746,0.016908044,0.13135694,0.03105353,320,9,320,0,2.2821252,394.5047,0.48653257,0.7209803,95,False,,1.3741393,0.052748267,-0.15253504,-0.11050391,-0.01956563,-0.0040763915,-0.058432862,38,26,0.33095568,44,14,0,0.02324183,112.87899,0,0,1.0913421,,,,,,,,,False,352,455.86184790970896,1.0653187,427.91122,19.040283,40,125.76963251121462,5.939118,21.176483,20.089603,39,466.0341333298342,4.473527,104.175995,18.07685,1.2982086,0,0,0,1,0,2.0127525,1.0493202,0.9634323,,,,,,,,,,,,,,,,,,,,,,,NOT_AVAILABLE,296.01508649459305,-2.840478559514557,218.33650913791095,-57.23162984336397,False,False,0,False,False,False,False,False,False,False,False,1.03446474e-13,5.6822706e-11,0.9999979,,,,,,,,,,,,,,,,,,,,,,,0.01546205908298166,IN,2
318,1636148068921376768,Gaia DR3 5332606419491346944,5332606419491346944,621006188,2016.0,176.43168151916012,0.18135782,-64.84916317405929,0.17948683,0.07423443385816553,0.2091555,0.3549246,6.689823,-6.5802994810296624,0.23715343,1.2055680963598012,0.23676117,0.03837221,-0.037110273,0.042268466,0.23785684,0.21293914,0.24287236,0.053265765,0.051948998,0.113217264,0.103252135,313,0,312,1,0.27107418,326.83234,0.0,0.0,31,False,1.3786358,,,,,,,,38,27,0.3492616,45,17,0,0.026540704,145.90004,0,0,1.00987,0.12482092,0.13997968,0.16812414,0.19140945,-114.95891,-47.8287,24.13138,4.929999,False,336,454.3547572373974,0.97699934,465.05124,19.043879,38,154.2024242952917,5.2074194,29.612062,19.868315,37,415.13755542609897,5.404416,76.81451,18.202415,1.2530737,0,1,0,0,0,1.6658993,0.8244362,0.8414631,,,,,,,,,,,,,,,,,,,,,,,NOT_AVAILABLE,296.019969959446,-2.8629296786073315,218.36645579035053,-57.24791616158185,False,False,0,False,False,False,False,False,False,False,False,5.945841e-11,1.2072397e-10,0.9999963,,,,,,,,,,,,,,,,,,,,,,,0.007738326084388879,IN,2
517,1636148068921376768,Gaia DR3 5332606312111096704,5332606312111096704,906258015,2016.0,176.46912691986992,0.19070347,-64.85568723996136,0.17109364,0.563304624419855,0.20909679,2.6939898,6.5339994,-6.522524779242585,0.2528473,0.3870679011358856,0.22670524,-0.023867046,-0.13055377,0.0033084396,0.18608525,0.12030293,0.19119145,0.0071468567,0.0031999145,0.11694264,0.04557401,336,0,336,0,1.8617496,417.40817,0.8724125,2.3270314,95,False,,1.2497925,0.057738427,-0.16558252,-0.08753649,0.042150505,0.061073273,-0.05422913,40,28,0.35286087,48,17,0,0.015701938,157.26685,0,0,1.0723028,0.15776132,0.09129977,0.097164415,0.18543379,-141.01868,-16.84326,33.682602,10.276739,False,378,450.5766862849535,0.95128804,473.64905,19.052944,40,74.684915333717,5.705434,13.0901375,20.65546,42,518.5870950890254,3.5153337,147.52144,17.960842,1.3166949,0,1,0,1,0,2.6946182,1.6025162,1.092102,,,,,,,,,,,,,,,,,,,,,,,NOT_AVAILABLE,296.0370336242927,-2.865238003769272,218.39528453740704,-57.24067243931232,False,False,0,False,False,False,False,False,False,False,False,1.0855818e-13,6.0922996e-11,0.9999951,,,,,,,,,,,,,,,,,,,,,,,0.022224292846740656,IN,2
546,1636148068921376768,Gaia DR3 5332606312111097344,5332606312111097344,227587859,2016.0,176.47324344716802,0.18528959,-64.85928185872213,0.1679144,-0.21331509280978023,0.20584711,-1.0362792,6.2589493,-6.08373527317894,0.2430848,1.470582771202767,0.22357224,-0.044993192,-0.116354614,0.026766563,0.18912111,0.09986266,0.19365168,-0.010524295,-0.029542213,0.13697676,0.02470809,349,0,348,1,2.8343565,446.8596,0.8093475,1.9227537,95,False,,1.3564488,0.05568698,-0.08994745,-0.080300614,0.020052126,0.013378539,-0.06656514,41,28,0.33861905,48,17,0,0.003954058,60.12662,0,0,1.1092998,0.146593,0.056145903,0.07876219,0.20018308,-149.07901,-20.260904,26.992874,7.6417046,False,386,448.5523225631718,0.97796625,458.6583,19.057835,44,110.2585912410714,4.791742,23.010128,20.232512,47,470.21126243159046,4.7276993,99.45879,18.067163,1.2940962,0,1,0,1,0,2.165348,1.1746769,0.99067116,,,,,,,,,,,,,,,,,,,,,,,NOT_AVAILABLE,296.0396334523984,-2.8682774223584073,218.40235494210512,-57.241831488125165,False,False,0,False,False,False,False,False,False,False,False,1.12607494e-13,5.113707e-13,0.99999195,,,,,,,,,,,,,,,,,,,,,,,0.025915696493523533,IN,2
50,1636148068921376768,Gaia DR3 5332600578360631552,5332600578360631552,1303334948,2016.0,176.38195389859203,0.18884309,-64.8622769834628,0.16971967,-0.1430149503613041,0.20910664,-0.6839331,5.232299,-5.099936857205693,0.2538901,1.1694420036892654,0.22819957,-0.04191303,-0.0957165,-0.026656482,0.240104,0.1990871,0.25994265,0.011800823,0.0373958,0.15036412,0.06486544,326,0,326,0,-0.19075702,332.48975,0.0,0.0,31,False,1.2668306,,,,,,,,39,26,0.3572623,48,18,0,0.020979162,141.2291,0,0,0.99144524,0.060190283,0.14318569,0.050960764,0.22860028,-141.67616,-13.390399,15.207988,2.1597695,False,363,446.5964391164412,1.0273545,434.7053,19.062578,42,78.19059315496663,4.142489,18.875269,20.605656,45,512.9187248176155,4.3146834,118.87749,17.972775,1.3235872,0,0,0,0,0,2.6328812,1.5430775,1.0898037,,,,,,,,,,,,,,,,,,,,,,,NOT_AVAILABLE,296.0028128813217,-2.880951600808681,218.35772387761946,-57.27233161894051,False,False,0,False,False,False,False,False,False,False,False,1.2122139e-13,5.0973657e-13,0.9999989,,,,,,,,,,,,,,,,,,,,,,,0.028771912023884922,IN,2
465,1636148068921376768,Gaia DR3 5332606316412160640,5332606316412160640,1696037049,2016.0,176.458598181462,0.17417003,-64.85146210194492,0.16836669,0.5621349256523827,0.20517603,2.739769,8.897387,-8.71298477513223,0.2364618,-1.8020514560276375,0.22307667,-0.0018881676,-0.049672335,0.066541314,0.20994672,0.17414667,0.22054487,-0.0046958067,0.01135924,0.19070797,0.082212724,331,0,329,2,-0.008684551,337.3439,0.2546779,0.19281106,31,False,1.3733035,,,,,,,,38,28,0.33694243,46,16,0,0.007926468,170.93059,0,0,0.99863034,0.14187166,0.10229791,0.13677216,0.18831092,-118.21617,-41.28604,27.05281,5.5076714,False,359,444.8403329222371,0.9948437,447.14594,19.066856,13,143.67199371379516,5.3568115,26.82043,19.945112,13,423.32244173836784,11.780648,35.933712,18.181217,1.2746022,0,0,0,0,0,1.763895,0.87825584,0.8856392,,,,,,,,,,,,,,,,,,,,,,,NOT_AVAILABLE,296.03163396679685,-2.8622740498600834,218.38393755883175,-57.24108429140666,False,False,0,False,False,False,False,False,False,False,False,4.5932546e-11,1.3970611e-10,0.9999897,,,,,,,,,,,,,,,,,,,,,,,0.01608896506363917,IN,2
575,1636148068921376768,Gaia DR3 5332606763089050240,5332606763089050240,1622656967,2016.0,176.47898619340785,0.18354101,-64.8228118518423,0.16434507,0.5097005889187312,0.20266889,2.5149424,4.3119273,-3.7555258123069017,0.22426054,2.1186653728023135,0.21154694,-0.015825223,-0.118873306,-0.096217506,0.22664203,0.21154825,0.23476453,0.014140086,-0.016607005,0.14750747,0.11111673,333,0,331,2,0.15624166,343.8246,0.0,0.0,31,False,1.3763815,,,,,,,,39,27,0.32209694,46,16,0,0.024234464,120.471466,0,0,1.0051007,0.17766608,0.12565732,0.13170132,0.19990514,-119.1897,-30.835485,31.482351,7.892956,False,375,444.35647722691164,0.9162453,484.97546,19.068039,37,152.23400935000862,5.385144,28.269255,19.882263,35,398.4566383064583,4.90084,81.30375,18.246943,1.2392993,0,1,0,2,0,1.6353207,0.81422424,0.8210964,,,,,,,,,,,,,,,,,,,,,,,NOT_AVAILABLE,296.0328215667868,-2.8323645432801112,218.35600161840236,-57.215251690180004,False,False,0,False,False,False,False,False,False,False,False,2.1866684e-11,1.3276547e-10,0.9999929,,,,,,,,,,,,,,,,,,,,,,,0.02836912905031936,IN,2
280,1636148068921376768,Gaia DR3 5332606419491327616,5332606419491327616,1711281930,2016.0,176.425801866649,0.20160225,-64.8502863910677,0.18962656,0.2286768781297028,0.22716781,1.0066429,8.867213,-8.566406076466478,0.26580378,2.2900111919277153,0.24212311,0.12047373,-0.012991689,0.07185388,0.28809083,0.30021372,0.3340811,0.22738358,0.14448196,0.2633462,0.22051099,299,0,298,1,0.06599822,314.64307,0.37935466,0.38435483,95,False,,1.3204012,0.055542525,-0.057681877,-0.1512717,-0.15547444,-0.061219227,-0.1198621,35,25,0.403814,43,15,0,0.016969794,141.32881,0,0,1.0015899,0.110709034,0.17428449,0.1684594,0.17047408,-125.56424,-29.781492,26.701786,3.6324248,False,320,438.7828403565822,1.0637362,412.49216,19.081743,38,133.78250130182693,6.278153,21.309214,20.022545,41,413.72663754100046,5.6112113,73.73215,18.206112,1.2477907,0,1,0,0,0,1.816433,0.9408016,0.87563133,,,,,,,,,,,,,,,,,,,,,,,NOT_AVAILABLE,296.0178322624718,-2.864646465624433,218.36484172279214,-57.250512936876085,False,False,0,False,False,False,False,False,False,False,False,1.8748012e-11,5.1010113e-13,0.9999979,,,,,,,,,,,,,,,,,,,,,,,0.008861070346687646,IN,2
225,1636148068921376768,Gaia DR3 5332606591290084608,5332606591290084608,980866625,2016.0,176.41643100515478,0.18978463,-64.84127404230489,0.17280424,1.1117598968522004,0.21319343,5.214794,11.155885,-11.148588645555591,0.24223672,0.4034118818328609,0.22280827,0.016759777,-0.022153068,0.11148006,0.23554823,0.24930212,0.22560343,0.039599296,0.0068665985,0.18514287,0.09074942,311,0,309,2,0.04988444,318.00314,0.0,2.305305e-15,31,False,1.3722385,,,,,,,,37,25,0.34639928,45,15,0,0.020528479,154.53314,0,0,1.0009267,0.15340629,0.14614618,0.21427728,0.16470876,-111.95725,-20.05984,25.483843,5.3057876,False,352,436.2501446044551,0.97456086,447.63766,19.088028,24,146.8511632947983,6.6929207,21.941267,19.921349,24,431.0661077998169,8.302846,51.917873,18.161535,1.3247383,0,1,0,2,0,1.7598133,0.8333206,0.9264927,,,,,,,,,,,,,,,,,,,,,,,NOT_AVAILABLE,296.01169758259556,-2.856929775722817,218.34761504599197,-57.24731365768405,False,False,0,False,False,False,False,False,False,False,False,4.650972e-11,5.417844e-13,0.9999933,,,,,,,,,,,,,,,,,,,,,,,0.005280332036170806,IN,2
457,1636148068921376768,Gaia DR3 5332606522570610304,5332606522570610304,1625366913,2016.0,176.45621057794904,0.22204767,-64.8486083375131,0.17755699,0.42599286945168946,0.23883913,1.7835975,5.1769447,-4.980585521650848,0.27030608,1.4122759659592012,0.2366524,-0.027647069,-0.25260326,-0.016782137,0.18159388,0.18122235,0.22446027,0.007452814,0.0379924,0.18613316,0.08448787,296,0,295,1,1.3405012,341.96753,0.48572704,0.5761373,95,False,,1.3544737,0.05681848,-0.05980176,-0.114460796,-0.06841127,-0.003353892,-0.0810284,36,27,0.38038397,44,15,0,0.022976788,137.24359,0,0,1.055098,0.14780709,0.15171139,0.13688813,0.13492791,-125.434395,-20.124529,25.767159,8.478169,False,320,435.39183173199484,1.02186,426.0778,19.090166,38,146.50558970344443,5.1612864,28.385479,19.923906,40,410.74234131055664,5.0655594,81.08529,18.213972,1.2798768,0,0,0,0,0,1.7099342,0.83374023,0.876194,,,,,,,,,,,,,,,,,,,,,,,NOT_AVAILABLE,296.02993170946445,-2.8597674312060226,218.37879395405972,-57.23988973433081,False,False,0,False,False,False,False,False,False,False,False,1.956366e-11,5.101933e-13,0.999996,,,,,,,,,,,,,,,,,,,,,,,0.013624354930608481,IN,2
3,1636148068921376768,Gaia DR3 5332603528972278656,5332603528972278656,428318206,2016.0,176.37109447847422,0.23986544,-64.85774265241581,0.22654267,0.7381068786960197,0.27647677,2.6696887,8.059147,-7.715798919870377,0.32451817,2.3272949308506825,0.3086051,-0.024043964,0.0041133696,-0.009292161,0.22098103,0.25279224,0.18390428,-0.07612626,-0.04721185,0.073272675,0.107014105,313,0,310,3,6.2636724,521.92834,1.6013043,7.3394585,95,False,,1.314486,0.06590842,-0.10357603,-0.08637978,-0.079061136,-0.013497911,-0.019619267,37,24,0.4644918,46,15,0,0.04412833,14.9578,0,0,1.263309,0.14281517,0.091201596,0.09589221,0.2565307,-135.53609,-13.583304,23.330046,0.8209459,False,348,431.75477485579,1.5306491,282.073,19.099274,26,117.08264103112614,5.546112,21.11076,20.16731,27,539.5707781327211,9.831806,54.880127,17.917774,1.5208944,0,0,0,0,0,2.2495365,1.068037,1.1814995,,,,,,,,,,,,,,,,,,,,,,,NOT_AVAILABLE,295.9971958208367,-2.877731031027517,218.34577280974995,-57.272641002360984,False,False,0,False,False,False,False,False,False,False,False,1.2552865e-12,6.9578506e-13,0.999996,,,,,,,,,,,,,,,,,,,,,,,0.029418221013089295,IN,2
429,1636148068921376768,Gaia DR3 5332606552638659712,5332606552638659712,827277246,2016.0,176.451786705904,0.20639218,-64.83590979464662,0.19875886,0.2868519332177131,0.23820952,1.2042001,4.6944785,-4.694350324113464,0.26002395,0.03467590111293557,0.2695475,-0.020539882,-0.05762878,0.051017363,0.21681774,0.2580891,0.16680533,0.0008770661,-0.07288105,0.14941001,0.042116243,287,0,283,4,1.4761515,354.02917,0.7382938,1.4377538,95,False,,1.2116827,0.059369,-0.11115224,-0.13485149,-0.06888535,0.017593652,-0.094725,35,25,0.3804243,43,15,0,0.0045374753,172.05722,0,0,1.0621387,0.22295262,0.05056937,0.23402394,0.25090677,-105.37426,-23.44683,24.130096,4.789894,False,321,425.84145764837285,1.1188602,380.6029,19.114246,35,130.27859223256783,5.9410005,21.92873,20.05136,32,471.5760316904123,8.1856365,57.610184,18.064016,1.4133303,0,23,0,20,0,1.9873428,0.9371128,1.05023,,,,,,,,,,,,,,,,,,,,,,,NOT_AVAILABLE,296.02490947715717,-2.8479509382270143,218.35921830937218,-57.23263992688843,False,False,0,False,False,False,False,False,False,False,False,1.03973166e-13,5.10836e-13,0.9999958,,,,,,,,,,,,,,,,,,,,,,,0.011254810616620481,IN,2
439,1636148068921376768,Gaia DR3 5332606934887646848,5332606934887646848,697649123,2016.0,176.45324250307758,0.20603873,-64.82800600256147,0.20631985,-0.6076016592537009,0.23928832,-2.5392032,6.760105,-6.639535455970715,0.25797334,1.271059061713338,0.28325266,0.07875517,0.025261765,0.10347846,0.28449053,0.28083214,0.24735089,0.088859096,0.03727171,0.18069588,0.14888813,300,0,298,2,1.393656,352.25488,0.81801367,1.7844026,95,False,,1.2974405,0.05733974,-0.09710625,-0.118302085,-0.06780603,0.008026628,-0.07401026,36,24,0.41487625,43,14,0,0.028644921,133.88954,0,0,1.0570576,0.197849,0.12179837,0.2727876,0.1962759,-102.94788,-42.62941,26.35961,4.824513,False,342,425.24418973469636,1.351317,314.6887,19.11577,39,127.34663461249295,6.217765,20.481094,20.076073,38,545.8319227383279,8.676907,62.90628,17.905249,1.58304,0,26,0,26,0,2.170824,0.96030235,1.2105217,,,,,,,,,,,,,,,,,,,,,,,NOT_AVAILABLE,296.0235176052535,-2.8401457673198873,218.34928523308022,-57.2268135628226,False,False,0,False,False,False,False,False,False,False,False,8.561582e-13,5.342886e-10,0.9999981,,,,,,,,,,,,,,,,,,,,,,,0.01703861905306088,IN,2
221,1636148068921376768,Gaia DR3 5332606385131422720,5332606385131422720,335078053,2016.0,176.41584399482403,0.18408667,-64.86566736534371,0.17581482,0.1815287887972863,0.2088086,0.86935496,6.8574557,-6.842833223712822,0.24432555,0.4475860504760558,0.22923926,0.003853563,-0.056520376,0.07165637,0.21748812,0.07705843,0.2318673,0.051265188,-0.009943537,0.082729355,0.042834513,315,9,314,1,-1.178036,302.70947,0.0,0.0,95,False,,1.2806102,0.056722898,-0.14104739,-0.029862482,-0.0918288,-0.036310192,0.0031886853,37,26,0.34414154,46,16,0,0.024181623,149.07349,0,0,0.95184827,,,,,,,,,False,347,422.6586678899048,0.97971636,431.4092,19.122393,19,153.73049114880254,9.946813,15.455252,19.871643,19,410.91935131949714,7.392211,55.588154,18.213505,1.3359476,0,0,0,0,0,1.6581383,0.7492504,0.90888786,,,,,,,,,,,,,,,,,,,,,,,NOT_AVAILABLE,296.01761665647285,-2.880597237628517,218.380402828235,-57.26406417656118,False,False,0,False,False,False,False,False,False,False,False,1.1458316e-10,2.3213609e-10,0.99999887,,,,,,,,,,,,,,,,,,,,,,,0.0247708105844453,IN,2
573,1636148068921376768,Gaia DR3 5332606312111097984,5332606312111097984,1546205344,2016.0,176.47876554203964,0.1917644,-64.8599446487976,0.16365054,0.24006083058982314,0.2066651,1.1615934,8.283566,-8.026514272091434,0.2515847,2.0475680643134977,0.21791166,-0.054788362,-0.20664807,-0.03634604,0.17306577,0.13407281,0.21286093,0.04523727,0.041186605,0.13483188,0.050273985,348,0,345,3,0.19393624,379.85944,0.35472956,0.35686475,95,False,,1.2370353,0.053816628,-0.061636347,-0.078913845,-0.045101706,-0.036935933,-0.09855453,40,27,0.3513756,49,17,0,0.013278654,168.23735,0,0,1.0064718,0.14901188,0.1042696,0.117193334,0.19358537,-127.31182,-12.73631,23.991264,7.44701,False,380,421.88833103717644,1.0029707,420.63876,19.124372,44,139.87238987229054,9.137179,15.308049,19.974213,42,450.32378859004655,7.6695614,58.715717,18.114082,1.3989394,0,18,0,19,0,1.8601303,0.84984016,1.0102901,,,,,,,,,,,,,,,,,,,,,,,NOT_AVAILABLE,296.0420737804674,-2.8683292709377155,218.40619943763338,-57.24056048423551,False,False,0,False,False,False,False,False,False,False,False,1.0287394e-13,1.742311e-10,0.9999975,,,,,,,,,,,,,,,,,,,,,,,0.02810122943107632,IN,2
43,1636148068921376768,Gaia DR3 5332606449558389120,5332606449558389120,592510600,2016.0,176.3796148551236,0.21508084,-64.84603504825658,0.19116125,0.6004249330827041,0.23608895,2.543215,5.311144,-5.109814872859586,0.2798593,-1.4484614200713821,0.2780387,0.028187372,-0.028008293,0.14694004,0.26654655,0.19279248,0.19392174,0.0023596599,-0.07479432,0.011025677,0.23297974,300,0,298,2,1.5073851,344.93845,0.72025853,1.2024369,31,False,1.3693572,,,,,,,,36,23,0.43373227,44,15,0,0.018092325,140.43625,0,0,1.0617505,0.17031741,0.1662203,0.18132709,0.22092572,-117.23546,-20.73211,23.066126,-0.023224244,False,342,419.6181610361433,1.0384961,404.0633,19.130232,41,135.21225183894452,4.828578,28.002499,20.011002,41,386.26448288265027,5.4166303,71.310844,18.280684,1.2427411,0,0,0,0,0,1.7303181,0.8807697,0.84954834,,,,,,,,,,,,,,,,,,,,,,,NOT_AVAILABLE,295.9977393785892,-2.865488335524229,218.33442314776,-57.26203366163454,False,False,0,False,False,False,False,False,False,False,False,4.135376e-11,1.2572836e-10,0.99999493,,,,,,,,,,,,,,,,,,,,,,,0.021405867240130966,IN,2
229,1636148068921376768,Gaia DR3 5332606625649996160,5332606625649996160,1768466144,2016.0,176.4174631921762,0.19204628,-64.82167220366532,0.1782992,0.4917485264322863,0.2176517,2.259337,8.22767,-8.20336037998157,0.24312185,0.6319976090645985,0.23563614,-0.012348772,-0.041447707,0.023848165,0.21844113,0.2222755,0.20428963,0.045481578,-0.023796916,0.14271018,0.038686655,324,0,324,0,0.92607397,357.6074,0.37661102,0.3613955,31,False,1.3483154,,,,,,,,37,25,0.3426653,44,15,0,0.019963877,138.87923,0,0,1.0358293,0.21980537,0.107156545,0.23009095,0.2468768,-111.80131,-16.821714,29.407454,6.3453865,False,367,416.87898090339917,0.9639301,432.47845,19.137342,36,127.76345231494584,5.1111917,24.996803,20.072525,39,392.90053805778575,5.984727,65.650536,18.26219,1.2489572,0,1,0,1,0,1.8103352,0.9351826,0.8751526,,,,,,,,,,,,,,,,,,,,,,,NOT_AVAILABLE,296.00717268760434,-2.8378509753390104,218.3215890880316,-57.233672045122994,False,False,0,False,False,False,False,False,False,False,False,1.02234424e-13,5.6476566e-11,0.99999833,,,,,,,,,,,,,,,,,,,,,,,0.020428645086676203,IN,2
148,1636148068921376768,Gaia DR3 5332606625651942528,5332606625651942528,145548318,2016.0,176.4042537327727,0.20415713,-64.82503771100443,0.18421242,0.16106690133011564,0.22694884,0.70970577,6.1314135,-5.703607535555412,0.26570606,2.2501320283755577,0.2602298,0.038047064,-0.12061391,0.011184545,0.23418242,0.26489636,0.1819742,0.05022464,-0.079429224,0.031980567,0.2211045,303,0,301,2,-1.4395578,305.53293,0.0,0.0,95,False,,1.1650382,0.056789033,-0.1284157,-0.14326103,-0.08554189,0.05387826,-0.040979225,35,24,0.40456265,43,15,0,0.016005639,149.03374,0,0,0.9402165,0.18751489,0.1778895,0.20509008,0.20025714,-116.95262,-27.044283,28.604176,3.127468,False,334,412.0837339973831,0.99232805,415.26965,19.149902,40,99.2238345722107,5.0494275,19.650513,20.347002,37,434.4409055019177,4.503022,96.47763,18.153069,1.2950395,0,0,0,0,0,2.1939335,1.1970997,0.9968338,,,,,,,,,,,,,,,,,,,,,,,NOT_AVAILABLE,296.0025785862269,-2.8425254611666153,218.31909449545293,-57.24008159181371,False,False,0,False,False,False,False,False,False,False,False,1.03420365e-13,5.098084e-13,0.99999875,,,,,,,,,,,,,,,,,,,,,,,0.01951816907124085,IN,2
368,1636148068921376768,Gaia DR3 5332606385131495808,5332606385131495808,1306849416,2016.0,176.44059097082817,0.20818447,-64.86312769745733,0.19418567,3.817940139648171,0.23662673,16.134865,21.764683,9.282203583311807,0.27478048,-19.68608999721446,0.25113103,0.02037464,-0.11517222,0.12255851,0.22405544,0.22284777,0.22501835,0.07605527,-0.015115425,0.12120185,0.11269537,324,0,324,0,1.6652238,405.74002,0.87612396,1.8693413,95,False,,1.2176836,0.060440216,-0.11178258,-0.11370376,-0.075109005,-0.028867047,-0.0758674,38,27,0.3951491,46,15,0,0.015180385,128.96388,0,0,1.065681,0.1627472,0.11941001,0.12988688,0.16995752,-129.04295,-20.984875,29.707949,3.8930192,False,360,409.31664767519277,1.0022479,408.3986,19.157219,34,66.91012363492666,5.334265,12.543456,20.774813,40,561.7521452124306,7.217877,77.82789,17.874033,1.5358825,0,1,0,4,0,2.9007797,1.6175938,1.283186,,,,,,,,,,,,,,,,,,,,,,,NOT_AVAILABLE,296.02716069751483,-2.8754899815522226,218.39015446787056,-57.25462343850872,False,False,0,False,False,False,False,False,False,False,False,1.4203681e-13,5.209937e-13,0.99996066,,,,,,,,,,,,,,,,,,,,,,,0.02217756825228471,IN,2
256,1636148068921376768,Gaia DR3 5332606385131458432,5332606385131458432,1467130727,2016.0,176.4223130115391,0.4100147,-64.86329764733331,0.18317823,0.2910428095396008,0.27568337,1.055714,11.628174,-11.568107433234156,0.45953143,1.180386442984564,0.23668498,-0.030519178,-0.22572173,-0.55372673,0.19552311,0.20409575,0.2501333,0.055830687,0.20967111,0.12974833,0.06608517,224,0,224,0,0.42819118,235.71866,0.0,0.0,95,False,,1.4393332,0.07316293,0.035424236,-0.048345994,0.07446315,-0.059523128,-0.04865314,26,19,0.6897175,42,15,1,0.035881557,94.5759,0,23,1.0190375,0.065511286,0.5722719,0.06682103,0.15281387,-173.17603,-11.635956,27.196762,29.960884,False,250,408.1659690142438,1.077675,378.74683,19.160275,0,,,,,0,,,,,,,,,,2,,,,,,,,,,,,,,,,,,,,,,,,,,NOT_AVAILABLE,296.0196805784973,-2.877611127500264,218.3806362238772,-57.260437890654615,False,False,0,False,False,False,False,False,False,False,False,,,,,,,,,,,,,,,,,,,,,,,,,,0.021953655972269052,IN,2
314,1636148068921376768,Gaia DR3 5332606385131450112,5332606385131450112,1447939211,2016.0,176.43116299461013,0.21744573,-64.8660098588321,0.20346932,0.43193134949465034,0.24552125,1.7592422,5.939139,-5.937647405116465,0.29640707,0.13308913601393296,0.26646534,-0.027969819,-0.10720065,0.026927838,0.21322145,0.23526151,0.20149548,-0.027526483,-0.039789066,0.11349209,0.029916352,313,0,313,0,2.7899115,403.84872,0.97377974,2.176974,95,False,,1.3593346,0.06430221,-0.14480112,-0.12165777,-0.051141728,0.028691819,-0.07601427,36,25,0.41309133,46,16,0,0.008083467,154.03964,0,0,1.1135532,0.12928465,0.091203116,0.12922437,0.18079002,-140.34755,-25.770716,20.715569,1.9569242,False,340,407.0705334934747,0.88651013,459.18317,19.163193,39,107.9608188162655,5.707033,18.917152,20.255377,38,417.0578819148476,5.9269986,70.36578,18.197405,1.2897487,0,0,0,2,0,2.057972,1.0921841,0.9657879,,,,,,,,,,,,,,,,,,,,,,,NOT_AVAILABLE,296.0240074492277,-2.879288128953128,218.3890375364704,-57.25952026273358,False,False,0,False,False,False,False,False,False,False,False,1.0865581e-13,5.117849e-13,0.9999958,,,,,,,,,,,,,,,,,,,,,,,0.024509963651204534,IN,2
406,1636148068921376768,Gaia DR3 5332606934887677696,5332606934887677696,718931923,2016.0,176.44697012956888,0.20621759,-64.82315570138526,0.18714988,0.241388851768844,0.23225735,1.0393163,6.7079325,-6.707788491605361,0.24901445,0.043963906630794226,0.23610064,-0.01235478,-0.1690435,-0.043024354,0.20589423,0.21027896,0.23439792,0.088410966,-0.023123393,0.18265608,0.10393555,301,0,300,1,-0.048482243,306.1668,0.0,0.0,31,False,1.3780969,,,,,,,,35,25,0.35868457,41,15,0,0.012923863,125.27167,0,0,0.9968757,0.21398368,0.12996374,0.18605204,0.1854127,-102.55816,-28.777794,29.190914,7.984531,False,336,398.8888492768633,1.0793647,369.55893,19.185238,32,128.60929321790633,4.951277,25.974976,20.065361,33,357.86199624676414,7.356984,48.642487,18.363607,1.219566,0,0,0,0,0,1.7017536,0.88012314,0.8216305,,,,,,,,,,,,,,,,,,,,,,,NOT_AVAILABLE,296.0197097798227,-2.8361232979259734,218.33936325734078,-57.225473226572774,False,False,0,False,False,False,False,False,False,False,False,1.8868315e-11,1.14322746e-10,0.9999983,,,,,,,,,,,,,,,,,,,,,,,0.01991730888043292,IN,2
58,1636148068921376768,Gaia DR3 5332600578335637120,5332600578335637120,1152175838,2016.0,176.38308862239995,0.20169088,-64.85955224361317,0.17885278,0.5241356496582573,0.2243794,2.3359349,9.747837,-9.603798104016631,0.25852567,-1.6695492411036792,0.23765196,0.005036002,0.03197678,0.06394366,0.247997,0.2050398,0.23059276,0.024567287,0.013658777,0.16647999,0.062881015,331,0,330,1,-0.3117185,330.57172,0.0,0.0,31,False,1.3636233,,,,,,,,39,25,0.3652094,48,17,0,0.027975557,157.68298,0,0,0.98677707,0.07814775,0.15169445,0.08016143,0.20592465,-135.03886,-13.147644,18.375383,3.2054183,False,366,395.84218884988326,1.0195105,388.2669,19.193562,33,127.47241151726415,6.536122,19.50276,20.075,32,402.92567019545004,10.195248,39.52093,18.234833,1.339923,0,0,0,0,0,1.840168,0.8814392,0.9587288,,,,,,,,,,,,,,,,,,,,,,,NOT_AVAILABLE,296.00259033175485,-2.8781934898275865,218.35462878186323,-57.27012791719323,False,False,0,False,False,False,False,False,False,False,False,3.8496158e-11,1.159559e-10,0.9999979,,,,,,,,,,,,,,,,,,,,,,,0.02651767485489513,IN,2
247,1636148068921376768,Gaia DR3 5332606552629260416,5332606552629260416,350469359,2016.0,176.42081231737194,0.21202387,-64.82700043768405,0.1918051,-0.15425545878147356,0.23594406,-0.6537798,5.397285,-5.232915804263628,0.26682657,1.3218452704607202,0.24235508,-0.009155681,-0.13037921,-0.030137684,0.20434557,0.2538873,0.21969931,0.071482055,-0.008706093,0.15693446,0.07514284,307,0,304,3,0.58803934,327.9427,0.0,0.0,31,False,1.2987711,,,,,,,,36,25,0.37659645,43,15,0,0.028485809,124.4398,0,0,1.0230193,0.17957124,0.15323424,0.19923508,0.16285586,-115.56041,-25.751589,28.049623,4.6069503,False,331,394.12835378475467,0.95317787,413.48877,19.198273,36,96.35775527683823,6.8797946,14.005906,20.378826,40,423.1585065387129,4.3890867,96.411514,18.181639,1.3181398,0,2,0,2,0,2.1971874,1.1805534,1.016634,,,,,,,,,,,,,,,,,,,,,,,NOT_AVAILABLE,296.00989842165234,-2.8426476894738664,218.33060034619118,-57.23624812466661,False,False,0,False,False,False,False,False,False,False,False,2.0376706e-11,5.100066e-13,0.9999951,,,,,,,,,,,,,,,,,,,,,,,0.01491509814815097,IN,2
96,1636148068921376768,Gaia DR3 5332606625649949824,5332606625649949824,1135148291,2016.0,176.3927183754288,0.26831767,-64.82271333938175,0.47210115,1.076607102074065,0.33166087,3.2461083,5.685627,-5.683086706387592,0.34913415,-0.16994690587208555,0.57895887,0.25277135,-0.040221542,0.32945886,0.33712742,0.113277644,0.28486592,-0.37092948,-0.14066373,0.03437069,0.30450043,200,0,199,1,1.7905637,247.4559,1.119819,2.1640592,95,False,,1.3040639,0.07939098,-0.17313343,-0.18669084,-0.1605898,-0.045475937,-0.06804944,23,16,0.8425057,41,14,2,0.052345224,6.0034037,0,33,1.0907296,0.29904628,0.54728395,0.39105996,0.26152572,-111.525856,-66.56242,27.290997,-21.590046,False,229,393.21808744803974,1.313994,299.2541,19.200783,0,,,,,0,,,,,,,,,,2,,,,,,,,,,,,,,,,,,,,,,,,,,NOT_AVAILABLE,295.9972369535455,-2.8415154650625216,218.30978063708974,-57.242102391098555,False,False,0,False,False,False,False,False,False,False,False,,,,,,,,,,,,,,,,,,,,,,,,,,0.024282419462035305,IN,2
244,1636148068921376768,Gaia DR3 5332606419491270144,5332606419491270144,1374950215,2016.0,176.4203985495993,0.22628509,-64.85541946056205,0.220726,0.04414047847793216,0.26561278,0.16618356,5.152206,-5.150688017275338,0.29026413,-0.12505494583881369,0.3018941,0.115713224,0.09039466,0.12873234,0.33680752,0.2527474,0.31965566,0.1974277,0.07423174,0.3375176,0.18255697,282,0,280,2,1.6896096,345.8546,0.6371702,0.84515196,95,False,,1.2437142,0.06247224,-0.15720184,-0.11183421,-0.10710801,-0.04893355,-0.14118747,34,23,0.4643325,45,15,0,0.027822493,125.57364,0,35,1.0717927,0.13657805,0.10360734,0.243501,0.19488277,-133.2327,-33.53859,23.963757,3.2268884,False,321,383.8781495133331,1.143552,335.6893,19.226883,0,,,,,0,,,,,,,,,,2,,,,,,,,,,,,,,,,,,,,,,,,,,NOT_AVAILABLE,296.0169034177365,-2.870192628986258,218.3689230566332,-57.255684641654895,False,False,0,False,False,False,False,False,False,False,False,,,,,,,,,,,,,,,,,,,,,,,,,,0.014355017874370645,IN,2
51,1636148068921376768,Gaia DR3 5332600574034780672,5332600574034780672,32251650,2016.0,176.3819753990389,0.20280908,-64.86002345836782,0.19140129,0.24173864444222976,0.23188344,1.0425007,4.567599,-4.487364703827984,0.27497736,0.8523609260243092,0.2538534,-0.03422681,-0.0772914,0.048223875,0.21672639,0.20510323,0.22671299,0.02756654,0.0127797695,0.13522635,0.058899004,334,0,332,2,0.15546072,350.58826,0.0,0.0,31,False,1.2460277,,,,,,,,40,26,0.38736987,49,17,0,0.0129623,136.2989,0,0,1.0050639,0.09242361,0.13407251,0.087755844,0.20573919,-133.31477,-14.037073,18.73511,2.3884876,False,367,383.1844521698106,1.005054,381.25757,19.228848,23,56.80069822409203,5.534623,10.2627945,20.952658,20,468.748528767852,7.239905,64.745125,18.070545,1.3715307,0,1,0,0,0,2.8821125,1.7238102,1.1583023,,,,,,,,,,,,,,,,,,,,,,,NOT_AVAILABLE,296.0022514205477,-2.878768938142086,218.3546748594418,-57.27079506879081,False,False,0,False,False,False,False,False,False,False,False,2.0748719e-11,5.098235e-13,0.9999955,,,,,,,,,,,,,,,,,,,,,,,0.027184865703716324,IN,2
275,1636148068921376768,Gaia DR3 5332606385131476096,5332606385131476096,1539007086,2016.0,176.42526960007368,0.1988545,-64.86234673885917,0.20067124,0.2849670740621602,0.23400769,1.2177681,4.8332863,-4.734105253835291,0.26025087,0.9741179458826884,0.26496682,-0.039345697,-0.07632344,0.118718326,0.22351106,0.14117862,0.20744134,-0.07256543,-0.0019220154,0.13944994,0.066729076,299,0,298,1,0.56655216,320.36395,0.0,0.0,95,False,,1.3904418,0.059748594,-0.111459166,-0.08473434,-0.067956395,0.022348227,-0.04629926,35,25,0.3801085,43,16,0,0.01698584,164.34209,0,0,1.0223852,0.087951206,0.08177926,0.19194251,0.16567709,-119.07248,-49.38692,17.611935,0.37998313,False,335,382.5899083016905,0.9332931,409.93542,19.230534,38,113.03247948080129,3.9929302,28.308153,20.205534,39,398.8170687604832,5.593923,71.2947,18.24596,1.3378543,0,0,0,2,0,1.9595737,0.9750004,0.98457336,,,,,,,,,,,,,,,,,,,,,,,NOT_AVAILABLE,296.0206574026767,-2.8763742844398745,218.3809225557441,-57.25887022310953,False,False,0,False,False,False,False,False,False,False,False,1.02448215e-13,5.101088e-13,0.99999344,,,,,,,,,,,,,,,,,,,,,,,0.020882066024492014,IN,2
556,1636148068921376768,Gaia DR3 5332606763089074560,5332606763089074560,1187428166,2016.0,176.47511487781824,0.20867917,-64.81995122157466,0.19089462,0.3674096506850693,0.23533332,1.5612309,9.42138,-9.269442747516045,0.25322732,1.6851799943075354,0.24482425,0.070260055,-0.07486469,0.08741139,0.289496,0.24915254,0.27324054,0.11370121,-0.050552204,0.18476644,0.18157052,318,0,317,1,1.1953269,354.8272,0.20730017,0.10235358,95,False,,1.4461783,0.05785377,-0.1097416,-0.12540141,-0.09721707,-0.06146708,-0.04692409,37,25,0.38347536,44,15,0,0.016995937,132.32433,0,0,1.0472205,0.26084465,0.15051074,0.23970646,0.1643112,-108.75504,-27.31776,31.19117,6.603585,False,359,380.094995591932,1.0042336,378.4926,19.237637,40,105.46336573348046,3.8315053,27.525309,20.280788,40,394.3292195225309,5.7805386,68.21669,18.258247,1.314915,0,1,0,1,0,2.022541,1.0431519,0.9793892,,,,,,,,,,,,,,,,,,,,,,,NOT_AVAILABLE,296.0305056369877,-2.8300096694520542,218.35005982975724,-57.21451406157478,False,False,0,False,False,False,False,False,False,False,False,1.0292382e-13,5.1025205e-13,0.9999956,,,,,,,,,,,,,,,,,,,,,,,0.029198514969199785,IN,2
476,1636148068921376768,Gaia DR3 5332606316412235008,5332606316412235008,1706704341,2016.0,176.46052043113042,0.2835432,-64.8439876666486,0.22902359,0.5752499471195189,0.2906263,1.9793459,5.4154058,-5.371169730229586,0.37402588,0.6907657506530904,0.34266242,0.06592821,0.16415067,0.4218002,0.17146404,0.23070249,0.15440696,0.2116498,0.12396024,0.15612939,0.05236741,241,0,240,1,1.2903976,291.0142,0.83213633,1.2398896,95,False,,1.2289872,0.06896035,-0.04122048,-0.055381928,-0.03492311,0.027313069,0.049501944,29,21,0.54347384,35,8,0,0.0065070665,149.13394,0,0,1.0587856,0.1199849,0.122601554,0.18229643,0.26090398,-116.77876,-8.942791,21.4421,7.248269,False,268,379.08679343286974,1.8792444,201.72298,19.24052,30,303.49565771724076,43.512123,6.974968,19.133162,30,479.08411909031645,27.723722,17.280657,18.046865,2.0643816,0,1,0,0,0,1.0862961,-0.10735893,1.193655,,,,,,,,,,,,,,,,,,,,,,,NOT_AVAILABLE,296.03054282257096,-2.854834490356079,218.37483000732257,-57.23540588238108,False,False,0,False,False,False,False,False,False,False,False,9.496208e-10,7.233131e-08,0.9999996,,,,,,,,,,,,,,,,,,,,,,,0.013692479783231874,IN,2
166,1636148068921376768,Gaia DR3 5332606453850921088,5332606453850921088,711597394,2016.0,176.40683920082012,0.25813785,-64.86208647612635,0.23918027,-0.05004987954355696,0.27704206,-0.18065806,5.7675676,-5.68325402104468,0.34513214,0.982578073665398,0.31226492,0.092880405,-0.03826429,-0.00265304,0.27796137,0.21820584,0.32029977,0.22346312,0.13880552,0.18239309,0.16717725,298,0,294,4,2.2395067,363.87436,1.252796,3.1636536,95,False,,1.3670539,0.07361651,-0.22880003,-0.10784856,-0.027802754,-0.02777787,-0.07837995,35,25,0.5095404,45,15,0,0.019241545,133.57928,0,0,1.0935566,0.062029798,0.16570222,0.043277156,0.20381849,-145.06885,-19.960688,20.562796,2.613954,False,336,377.0509060191184,0.98858976,381.4028,19.246367,38,103.93351072376801,5.5320096,18.787659,20.296654,39,394.99880117772085,5.129633,77.00333,18.256407,1.3232492,0,0,0,0,0,2.040247,1.0502872,0.9899597,,,,,,,,,,,,,,,,,,,,,,,NOT_AVAILABLE,296.01300610785967,-2.8780973107652765,218.37073870668536,-57.26444081658352,False,False,0,False,False,False,False,False,False,False,False,1.043208e-13,5.1032177e-13,0.9999958,,,,,,,,,,,,,,,,,,,,,,,0.0225917264240591,IN,2
549,1636148068921376768,Gaia DR3 5332606728729199104,5332606728729199104,675893216,2016.0,176.47374570212838,0.21642819,-64.83427376234137,0.19874148,0.22213571683036765,0.24591711,0.90329504,7.0003557,-6.925804671114396,0.26182845,-1.0189262194450763,0.24991393,0.022418078,-0.095282085,0.01359627,0.24124098,0.22579521,0.22177526,0.03861474,-0.08380663,0.1336588,0.11621644,329,0,326,3,1.5745378,381.86954,0.73599654,1.1964145,95,False,,1.3615822,0.06013447,-0.10429353,-0.083214596,-0.07212698,-0.01192739,-0.016078448,39,26,0.3796056,46,16,0,0.017764315,122.5222,0,0,1.0618174,0.2390015,0.12641534,0.20521496,0.18088953,-113.45794,-28.267466,31.168108,7.945005,False,363,376.1276602737391,1.4507644,259.26172,19.24903,5,115.4255828101632,10.604107,10.884989,20.182787,7,466.03423373587697,24.479774,19.037521,18.07685,1.5459108,0,1,0,1,0,2.105936,0.9337578,1.1721783,,,,,,,,,,,,,,,,,,,,,,,NOT_AVAILABLE,296.03354587915936,-2.8440187347927885,218.36872695387657,-57.224679080132866,False,False,0,False,False,False,False,False,False,False,False,2.5701055e-09,3.192952e-09,0.9999982,,,,,,,,,,,,,,,,,,,,,,,0.02042250595455356,IN,2
69,1636148068921376768,Gaia DR3 5332606449550042368,5332606449550042368,264094062,2016.0,176.38629377311884,0.21442622,-64.85548492421051,0.20174225,0.5384852528600977,0.24034607,2.2404578,4.392812,-4.369041914515885,0.28785026,0.45636292360223274,0.2618614,0.0035668507,-0.017869513,0.083824344,0.24677487,0.14761469,0.24976577,0.038534466,-0.009269985,0.1505615,0.07416905,323,0,321,2,0.73812157,358.07693,0.79653805,1.6433296,95,False,,1.3159677,0.061575767,-0.121225804,-0.09040514,-0.05893413,-0.029571079,-0.0536187,38,26,0.40813443,48,17,0,0.04107846,136.18446,0,2,1.0284828,0.13190623,0.094357155,0.060460057,0.24193327,-124.34658,-14.939852,19.57234,0.44169122,False,355,374.5423490041248,1.0352255,361.79782,19.253614,37,79.79121372064488,7.4093165,10.769038,20.583654,39,442.5733957777863,8.122508,54.48728,18.132933,1.3946743,0,2,0,3,0,2.4507217,1.33004,1.1206818,,,,,,,,,,,,,,,,,,,,,,,NOT_AVAILABLE,296.002880405567,-2.8739140521836184,218.3508158867952,-57.26636665598525,False,False,0,False,False,False,False,False,False,False,False,1.063995e-13,5.1008227e-13,0.99999195,,,,,,,,,,,,,,,,,,,,,,,0.022846899024451195,IN,2
455,1636148068921376768,Gaia DR3 5332606209031880576,5332606209031880576,348315348,2016.0,176.45616204850904,0.21044047,-64.85736516770834,0.19997987,0.07980639482835519,0.24199688,0.32978272,5.012914,-4.7970382138451795,0.27991644,1.4552432960781554,0.26559624,0.0022986662,-0.09210456,0.06534734,0.20730662,0.1928188,0.21327814,0.021163903,0.023464985,0.18619153,0.07568114,313,0,309,4,-0.01645709,320.97086,0.6302379,0.97656006,95,False,,1.348213,0.06338669,-0.17089428,-0.11883998,-0.030483127,0.043424763,-0.05781065,37,27,0.39870268,45,16,0,0.010238309,11.479508,0,0,0.9982319,0.1089517,0.10542353,0.112755954,0.16896239,-133.9058,-28.375854,24.156357,5.039146,False,350,373.60133267357355,0.93556106,399.33398,19.256346,36,70.97547354985704,4.2478356,16.70862,20.710772,37,426.4247464819621,8.208308,51.950382,18.17329,1.3313663,0,0,0,0,0,2.5374813,1.4544258,1.0830555,,,,,,,,,,,,,,,,,,,,,,,NOT_AVAILABLE,296.03211808496076,-2.868247655063502,218.39064306538356,-57.245854434681036,False,False,0,False,False,False,False,False,False,False,False,1.0740792e-13,5.097279e-13,0.99999815,,,,,,,,,,,,,,,,,,,,,,,0.01964504130547717,IN,2
24,1636148068921376768,Gaia DR3 5332606449550040576,5332606449550040576,355113948,2016.0,176.375515758128,0.22461227,-64.84345352277987,0.18822865,0.09886259479616012,0.23304728,0.42421693,4.9348245,-4.819869310029468,0.28102523,1.0589388424605,0.26182702,0.042889085,-0.036020722,0.21016361,0.29714963,0.1444028,0.25151995,0.10664066,-0.029382832,0.11841151,0.17167826,319,0,317,2,-1.0804954,333.56473,0.0,0.0,95,False,,1.1422284,0.056703422,-0.14864214,-0.14065336,-0.07988946,-0.015956672,-0.066930756,38,24,0.41994482,46,15,0,0.015198392,133.28612,0,0,0.9559344,0.16807853,0.18951057,0.19018595,0.20614684,-115.870766,-11.260818,24.754065,3.0196428,False,363,372.97558020153986,1.0327709,361.1407,19.258165,37,51.14447622022094,4.011017,12.751,21.066545,40,510.44235762200395,4.5552464,112.05593,17.97803,1.5056933,0,1,0,0,0,3.0885162,1.8083801,1.2801361,,,,,,,,,,,,,,,,,,,,,,,NOT_AVAILABLE,295.9953979902908,-2.8634311844584874,218.32873114400093,-57.261559637488546,False,False,0,False,False,False,False,False,False,False,False,1.0437481e-13,5.0970117e-13,0.999998,,,,,,,,,,,,,,,,,,,,,,,0.022750132325130297,IN,2
238,1636148068921376768,Gaia DR3 5332606625650010240,5332606625650010240,469223942,2016.0,176.41902401077448,0.25568572,-64.8202124977806,0.24306598,0.3591651235175951,0.2951962,1.2166997,5.1968493,-5.043118972171485,0.31286067,1.254668686867168,0.31181273,0.0040846462,-0.023399498,0.024979396,0.191918,0.27376646,0.17481919,0.122516856,-0.013861586,0.16521405,0.07229062,315,0,311,4,3.9999142,457.62573,1.61268,6.0833054,95,False,,1.2326417,0.070815995,-0.062151767,-0.12151146,-0.047939084,-0.0171354,-0.09201267,37,25,0.45385617,44,14,0,0.04942102,125.45979,0,0,1.1650974,0.23398253,0.09322885,0.20483544,0.27131504,-105.57116,-12.676007,29.224405,7.796955,False,354,372.5415287078635,1.0631003,350.42932,19.25943,35,109.70725465469515,5.582315,19.652645,20.237953,35,413.04287458158274,5.5529857,74.382126,18.207907,1.4031997,0,0,0,0,0,2.0300465,0.97852325,1.0515232,,,,,,,,,,,,,,,,,,,,,,,NOT_AVAILABLE,296.0074474626595,-2.836270980200857,218.32044465815156,-57.232192838570214,False,False,0,False,False,False,False,False,False,False,False,4.1337055e-11,5.923228e-11,0.9999987,,,,,,,,,,,,,,,,,,,,,,,0.021712277007101675,IN,2
495,1636148068921376768,Gaia DR3 5332606213332869504,5332606213332869504,1623325797,2016.0,176.46421373764173,0.21321206,-64.86104496545234,0.18881115,0.47850499938080837,0.23209725,2.0616572,6.8890185,-6.814020917276556,0.2806384,1.0137539392601882,0.2565526,-0.047307577,-0.13945238,0.10471509,0.2148749,0.07979173,0.21601607,0.058490187,-0.046137404,0.093510374,0.09351876,334,0,329,5,2.2274466,401.02435,0.4376646,0.3777598,31,False,1.3265654,,,,,,,,40,26,0.39967147,48,17,0,0.034432594,25.255857,0,0,1.0877081,0.14573906,0.10277363,0.1465308,0.20874162,-141.20465,-7.3861275,23.062258,4.4689517,False,370,366.9497011637079,0.88987696,412.36005,19.27585,41,97.35077098791926,6.600876,14.748159,20.367693,39,357.9839271952851,6.6272025,54.017353,18.363237,1.240864,0,0,0,0,0,2.0044556,1.0918427,0.9126129,,,,,,,,,,,,,,,,,,,,,,,NOT_AVAILABLE,296.03635987308377,-2.870948490911023,218.39992924089694,-57.24584415731659,False,False,0,False,False,False,False,False,False,False,False,1.9882592e-11,5.935599e-11,0.9999964,,,,,,,,,,,,,,,,,,,,,,,0.024642206452416295,IN,2
167,1636148068921376768,Gaia DR3 5332606625651949312,5332606625651949312,462696598,2016.0,176.40697638677898,0.21368222,-64.82251323504629,0.20263852,0.5193261651735398,0.24584462,2.1124163,5.984565,-5.94369039748994,0.27760434,0.6982533871556651,0.28547618,0.008792951,-0.079723634,0.09158332,0.24478541,0.23415829,0.16684207,-0.003159915,-0.11999967,0.03230285,0.18637264,304,0,303,1,-0.44404513,345.89496,0.0,0.0,95,False,,1.0913577,0.06167367,-0.09654044,-0.14483263,-0.10509826,0.032191124,-0.041127622,35,24,0.428431,42,14,0,0.02616905,156.96092,0,0,0.98072076,0.22230709,0.12515754,0.20734711,0.24136415,-106.489075,-28.552149,27.921297,2.768608,False,346,364.72591775644844,0.98133266,371.66388,19.28245,38,102.01516295732627,6.961383,14.654439,20.316881,36,456.76750821662154,13.388601,34.11615,18.098658,1.5320618,0,33,0,35,0,2.2182236,1.0344315,1.1837921,,,,,,,,,,,,,,,,,,,,,,,NOT_AVAILABLE,296.00306274989566,-2.8397903869669725,218.3171265152637,-57.23751637259649,False,False,0,False,False,False,False,False,False,False,False,1.0387188e-13,5.101582e-13,0.99999815,,,,,,,,,,,,,,,,,,,,,,,0.021158656715763866,IN,2
161,1636148068921376768,Gaia DR3 5332606591315118208,5332606591315118208,1207287551,2016.0,176.40619716045754,0.2380083,-64.83668605797035,0.23250799,0.6122155398190179,0.28873965,2.1203032,8.707189,-8.56941932793451,0.29805398,1.5427874386414318,0.28433263,-0.002614271,-0.076862626,0.043955073,0.1824726,0.34502897,0.14336087,0.07434694,-0.08237697,0.15582322,0.0519284,323,0,322,1,2.138462,417.72696,1.1517208,2.6866453,95,False,,1.2115082,0.065071605,-0.108703256,-0.10841123,-0.072903536,0.010269428,-0.09454293,38,25,0.41994235,47,16,0,0.026070334,131.3247,0,33,1.0851741,0.20466107,0.10171724,0.23489238,0.21891765,-122.66835,-15.753115,28.37314,7.545105,False,351,355.2424129791727,1.1550876,307.54587,19.311054,0,,,,,0,,,,,,,,,,2,,,,,,,,,,,,,,,,,,,,,,,,,,NOT_AVAILABLE,296.00632302501396,-2.8535880522892962,218.33592841783738,-57.24738956997145,False,False,0,False,False,False,False,False,False,False,False,,,,,,,,,,,,,,,,,,,,,,,,,,0.010771579535990136,IN,2
473,1636148068921376768,Gaia DR3 5332606316437208064,5332606316437208064,5121320,2016.0,176.459632695571,0.22755472,-64.84899590417942,0.20851998,0.7426870142917934,0.25884125,2.8692763,5.39357,-5.253263607166466,0.30781075,1.2222193394806597,0.27957955,-0.035830226,-0.1275782,0.015019915,0.18034816,0.18873517,0.22314154,0.02132004,0.089525,0.19129573,0.0493221,304,0,303,1,0.97217774,346.02545,0.5915474,0.65045375,95,False,,1.2970144,0.06556884,-0.026630647,-0.12982476,-0.10953537,-0.047181904,-0.07518866,36,27,0.4319058,45,15,0,0.010526424,146.85977,0,0,1.039016,0.118383005,0.100392625,0.13418409,0.18689942,-146.32597,-23.831629,22.565311,5.3224897,False,346,351.1727458807479,0.9109456,385.50354,19.323565,39,78.13516244586596,5.239162,14.913675,20.606426,39,385.86348642336173,6.297471,61.27277,18.28181,1.3212832,0,1,0,0,0,2.3246155,1.2828617,1.0417538,,,,,,,,,,,,,,,,,,,,,,,NOT_AVAILABLE,296.03143874001523,-2.859776569442203,218.38114574811274,-57.23908599249929,False,False,0,False,False,False,False,False,False,False,False,1.073913e-13,5.0998246e-13,0.99999815,,,,,,,,,,,,,,,,,,,,,,,0.015074179254159133,IN,2
252,1636148068921376768,Gaia DR3 5332606385161652096,5332606385161652096,865206309,2016.0,176.42175980487806,0.23448418,-64.85892398498088,0.22308044,0.7202104602629105,0.26625624,2.7049525,4.760263,-4.62784359873645,0.30982798,1.1149743698933774,0.2868656,0.0021620963,-0.054655675,0.0838948,0.24877027,0.1345941,0.24952628,0.052824635,0.0023549255,0.16500668,0.084078506,300,0,296,4,1.0745127,329.14673,0.7945462,1.2266159,95,False,,1.4442003,0.0707664,-0.1632353,-0.05892877,-0.045001723,0.07882765,-0.08469564,35,25,0.4424981,43,43,0,0.0064005405,124.505394,0,0,1.0437807,0.10510752,0.09384977,0.11897831,0.21211156,-146.53833,-21.154213,24.67076,1.574878,False,328,348.2608873372107,1.1821854,294.59076,19.332605,36,139.78825397213413,5.8515434,23.889126,19.974865,38,421.3911752659945,7.1708555,58.76442,18.186182,1.6113765,0,36,0,38,0,1.7886829,0.6422596,1.1464233,,,,,,,,,,,,,,,,,,,,,,,NOT_AVAILABLE,296.01834864057037,-2.8734380521241736,218.37440509245891,-57.25764023571315,False,False,0,False,False,False,False,False,False,False,False,7.389071e-11,2.3571047e-09,0.9999964,,,,,,,,,,,,,,,,,,,,,,,0.017662236603821536,IN,2
49,1636148068921376768,Gaia DR3 5332606586988994688,5332606586988994688,1476997805,2016.0,176.3816133754374,0.22973461,-64.82524423176312,0.2006457,0.10158195552910601,0.24699743,0.41126725,5.0886507,-4.940375862360228,0.29468617,1.219448052879247,0.28212327,0.029728223,-0.0748099,0.096283495,0.27692008,0.13802664,0.24154462,0.07119319,-0.086524695,0.109509125,0.115239516,341,0,339,2,-1.579421,356.88077,0.49660212,0.4708394,95,False,,1.0702491,0.0620805,-0.119454704,-0.13146034,-0.087178245,0.0028144273,-0.06412181,39,25,0.4297831,47,16,0,0.0066634994,127.07401,0,0,0.93844706,0.18239573,0.16890652,0.18495916,0.20113142,-109.9363,-18.160393,26.236074,4.38742,False,376,340.76392043419236,0.9007457,378.3131,19.356234,35,48.23154892412513,5.7051187,8.454083,21.130215,41,461.73837902027765,8.511396,54.249428,18.086906,1.496549,0,0,0,0,0,3.0433083,1.7739811,1.2693272,,,,,,,,,,,,,,,,,,,,,,,NOT_AVAILABLE,295.9933007953308,-2.845157863752792,218.30728044229787,-57.24728817843267,False,False,0,False,False,False,False,False,False,False,False,1.0383456e-13,5.096334e-13,0.9999993,,,,,,,,,,,,,,,,,,,,,,,0.025849548878980933,IN,2
22,1636148068921376768,Gaia DR3 5332609443148382336,5332609443148382336,1638008275,2016.0,176.37530359445503,0.23104998,-64.83196810329012,0.201268,0.24326860510842513,0.2515038,0.96725625,6.9276958,-6.918766264242214,0.31504932,0.35162517620672484,0.2877105,0.0017812382,-0.10499141,0.18673149,0.19322394,0.12253624,0.1731445,0.11772922,-0.15272692,0.10313445,0.016027804,323,0,322,1,0.4126203,349.08017,0.0,0.0,95,False,,1.3159863,0.06283575,-0.102803156,-0.096655004,-0.10233486,0.017927216,-0.0054055043,38,24,0.44192538,47,15,0,0.012462419,163.63693,0,0,1.0153975,0.18152854,0.1437695,0.15985733,0.23381694,-107.82327,-12.378332,23.123154,3.1929286,False,357,338.2467272935742,0.9818243,344.50842,19.364283,43,96.83003067409864,4.404063,21.98652,20.373518,41,333.6226302983861,4.1885777,79.65058,18.439756,1.2725996,0,2,0,1,0,1.9337616,1.0092354,0.9245262,,,,,,,,,,,,,,,,,,,,,,,NOT_AVAILABLE,295.9924029284856,-2.8523417794792922,218.31303150636725,-57.253825278516,False,False,0,False,False,False,False,False,False,False,False,1.8496572e-11,5.099164e-13,0.99999833,,,,,,,,,,,,,,,,,,,,,,,0.024685674842195214,IN,2
127,1636148068921376768,Gaia DR3 5332606625649982720,5332606625649982720,217782988,2016.0,176.3993580790819,0.24023874,-64.82012863840377,0.22215691,0.25449223774966107,0.25964555,0.98015255,5.204498,-5.193172858390869,0.3152473,-0.3431502095795089,0.29066676,0.117717855,-0.07939459,0.21629922,0.30202547,0.15601183,0.2815348,0.16724911,-0.07676107,0.10891508,0.17371215,298,0,297,1,0.28343272,308.80777,0.0,0.0,95,False,,1.492103,0.0656815,-0.082157224,-0.16084918,-0.057878453,0.010789608,-0.083705224,35,25,0.4717609,42,13,0,0.043719288,140.71736,0,0,1.0106219,0.18473144,0.16251032,0.20577115,0.17403893,-119.47539,-22.724651,27.947884,3.3209026,False,337,332.80655559659954,0.9085445,366.3074,19.381887,38,96.71818240863071,6.5663915,14.729275,20.374771,39,320.85050742220756,7.4960766,42.80246,18.48214,1.2546889,0,0,0,0,0,1.8926315,0.9928837,0.89974785,,,,,,,,,,,,,,,,,,,,,,,NOT_AVAILABLE,295.99932002527044,-2.838301176753641,218.30982365489555,-57.23827359968897,False,False,0,False,False,False,False,False,False,False,False,5.520124e-11,5.098481e-13,0.9999987,,,,,,,,,,,,,,,,,,,,,,,0.024794664409635105,IN,2
433,1636148068921376768,Gaia DR3 5332606522600612736,5332606522600612736,1743175051,2016.0,176.45256492750104,0.26651224,-64.84274200105251,0.27033865,1.1552029222912878,0.35130888,3.2882829,7.180086,-7.002745244538426,0.3571497,1.5859361128521052,0.34953645,0.123591,0.12459857,0.00068471575,0.15219998,0.38300225,-0.016535329,-0.1733707,-0.29562888,0.01792547,0.20334333,239,0,236,3,0.7912515,256.88483,0.0,0.0,95,False,,1.4468127,0.07304206,-0.026759837,-0.09986032,-0.0114749875,-0.026325857,0.029575525,29,20,0.5407419,39,39,0,0.02950831,120.00425,0,5,1.0356516,0.15424438,0.16956551,0.19950804,0.1348924,-104.21466,-41.88425,25.006014,10.899213,False,254,327.93474776234035,1.2703055,258.15424,19.397898,9,200.7519896103418,48.21006,4.1641097,19.581892,9,386.3096288644658,30.405664,12.705186,18.280556,1.7901782,0,0,0,0,0,1.3013363,0.1839943,1.117342,,,,,,,,,,,,,,,,,,,,,,,NOT_AVAILABLE,296.02695189343405,-2.854479902525711,218.36889476536555,-57.23704034993571,False,False,0,False,False,False,False,False,False,False,False,1.4117474e-10,5.506518e-09,0.99999416,,,,,,,,,,,,,,,,,,,,,,,0.010160341343093359,IN,2
329,1636148068921376768,Gaia DR3 5332606518267058816,5332606518267058816,331915353,2016.0,176.4341914677824,0.27939722,-64.84354853638331,0.27709222,0.9076002054121646,0.31808373,2.8533375,6.3150306,-6.190321195093626,0.3388825,1.2488124664451534,0.38049644,0.13479869,0.16535173,0.26913336,0.3175076,0.24684255,0.28314283,0.19507806,0.10846636,0.24299364,0.14174795,236,0,236,0,0.5095847,264.32724,0.57774156,0.48254636,95,False,,1.2358813,0.07816573,-0.1124394,-0.04255108,-0.08446504,-0.026144711,-0.002714182,28,20,0.56549424,37,12,2,0.013018041,143.8653,0,22,1.022393,0.1908272,0.10978203,0.22420096,0.18317859,-117.51404,-57.988754,32.19725,14.6133795,False,263,322.6746040944012,1.0725596,300.8454,19.415455,0,,,,,0,,,,,,,,,,2,,,,,,,,,,,,,,,,,,,,,,,,,,NOT_AVAILABLE,296.0195870694561,-2.857227391554304,218.36018055900277,-57.243318845287504,False,False,0,False,False,False,False,False,False,False,False,,,,,,,,,,,,,,,,,,,,,,,,,,0.0030487079496266905,IN,2
39,1636148068921376768,Gaia DR3 5332600578335600128,5332600578335600128,179383040,2016.0,176.37927804487538,0.2276026,-64.86301599108505,0.20912527,0.5107501536891033,0.25288722,2.0196757,5.986238,-5.8336464758454065,0.30660495,1.3429876464605635,0.2800349,-0.048004344,-0.0786726,0.0112588005,0.23982944,0.16848476,0.24874346,-0.008904623,0.014036534,0.124870256,0.039543018,324,0,323,1,-1.5832454,291.84262,0.0,0.0,31,False,1.3713769,,,,,,,,38,25,0.42943826,47,17,0,0.024883054,158.82224,0,0,0.9368559,0.086888425,0.15251121,0.07281253,0.21281482,-125.811844,-10.974217,19.525627,2.2309473,False,361,322.3520962725903,0.8690166,370.93893,19.41654,44,97.33682562410377,4.1969185,23.192451,20.36785,45,302.436463603671,6.3234463,47.82779,18.54631,1.2401758,0,0,0,0,0,1.8215389,0.9513092,0.8702297,,,,,,,,,,,,,,,,,,,,,,,NOT_AVAILABLE,296.0018987665948,-2.8819539323308723,218.35730035450135,-57.273667932655115,False,False,0,False,False,False,False,False,False,False,False,4.151545e-11,5.106984e-13,0.9999945,,,,,,,,,,,,,,,,,,,,,,,0.030093878093306773,IN,2
540,1636148068921376768,Gaia DR3 5332606316412222720,5332606316412222720,505867515,2016.0,176.47258158833563,0.24960747,-64.84750040130047,0.20826665,0.3303483299553169,0.26417714,1.2504803,10.03427,-9.655476276575317,0.32005587,2.730999216952148,0.2768844,-0.06035575,-0.16248028,0.04907374,0.18972519,0.18173538,0.2190524,0.070329376,0.036053617,0.17451651,0.057580464,300,0,298,2,-0.18304539,311.90445,0.0,0.0,95,False,,1.2611153,0.06678954,-0.032953728,-0.079644345,-0.04029527,-0.016072642,-0.084009044,37,27,0.44831604,45,15,0,0.02824617,122.97003,0,0,0.99129665,0.1553305,0.15104033,0.12542644,0.22232133,-120.7397,-6.635037,28.046556,6.9901476,False,340,319.04490719331403,0.9367635,340.58212,19.427738,37,88.15097648492751,4.32365,20.388094,20.475475,39,319.5182926435787,5.579506,57.266415,18.486656,1.2777802,0,0,0,2,0,1.9888191,1.0477371,0.941082,,,,,,,,,,,,,,,,,,,,,,,NOT_AVAILABLE,296.03639540806466,-2.856945032546944,218.38602912078807,-57.23403218486834,False,False,0,False,False,False,False,False,False,False,False,1.03203206e-13,5.102127e-13,0.9999985,,,,,,,,,,,,,,,,,,,,,,,0.019532401027378955,IN,2
330,1636148068921376768,Gaia DR3 5332606385131457664,5332606385131457664,38616788,2016.0,176.43421340475197,0.22751482,-64.86599751731795,0.21744657,0.5534779082186392,0.26059845,2.1238728,6.2153354,-5.97729342743814,0.30129117,1.7036298122557199,0.28498375,-0.03961245,-0.07707538,0.0699861,0.2335743,0.18504839,0.23482597,0.016581682,-0.0071995934,0.15483044,0.05553933,318,0,315,3,0.075707816,345.93985,0.0,0.0,95,False,,1.2125255,0.06870929,-0.10801729,-0.11686478,-0.07800212,-0.00673976,-0.051638134,38,26,0.42638427,47,16,0,0.01756206,142.15576,0,0,1.0019673,0.13350487,0.07621216,0.12294228,0.20920615,-146.88652,-19.050232,20.592173,1.9561247,False,354,318.5988856062554,0.94819134,336.00696,19.429256,37,92.9583921413107,4.1268425,22.525307,20.41782,37,311.7460451368378,5.9443197,52.44436,18.513393,1.2702632,0,1,0,0,0,1.9044266,0.98856354,0.91586304,,,,,,,,,,,,,,,,,,,,,,,NOT_AVAILABLE,296.0252597283987,-2.878949692043498,218.3906475960489,-57.25856082780806,False,False,0,False,False,False,False,False,False,False,False,1.8768792e-11,5.0994473e-13,0.99999774,,,,,,,,,,,,,,,,,,,,,,,0.02458404253036253,IN,2
335,1636148068921376768,Gaia DR3 5332606419491313664,5332606419491313664,581865756,2016.0,176.4350556874317,0.22514948,-64.853783323446,0.22211254,0.20191935664058033,0.2612069,0.7730246,6.412787,-6.376956201890354,0.30442968,0.6769531386528095,0.29338327,-0.034547444,-0.11704779,0.12180133,0.22154944,0.22188196,0.21988446,-0.029932646,0.00888939,0.093916096,0.073522225,326,0,325,1,-0.0183789,334.12112,0.0,0.0,31,False,1.3143494,,,,,,,,38,26,0.43548164,46,16,0,0.018744703,175.03482,0,0,0.99823236,0.13555394,0.09272675,0.11292229,0.17331503,-129.55821,-36.97246,24.808846,3.1840312,False,365,317.8609125943297,0.8521969,372.99,19.431774,40,78.63796789015694,4.1303163,19.039213,20.59946,39,324.8669910003168,5.7010317,56.983894,18.468632,1.2694387,0,0,0,1,0,2.1308289,1.1676865,0.9631424,,,,,,,,,,,,,,,,,,,,,,,NOT_AVAILABLE,296.02252499652695,-2.8670394189969794,218.3745235469402,-57.250002394714485,False,False,0,False,False,False,False,False,False,False,False,1.0402779e-13,5.862067e-11,0.99999666,,,,,,,,,,,,,,,,,,,,,,,0.012545001752153943,IN,2
187,1636148068921376768,Gaia DR3 5332606625649945344,5332606625649945344,1549249623,2016.0,176.41029388618395,0.2474426,-64.82684133623039,0.22720818,0.4595687396539263,0.27809745,1.6525457,10.215253,-9.872772817965961,0.31249467,-2.622926056094317,0.29371235,-0.008996905,-0.09372183,-0.016584693,0.20360683,0.27728572,0.18203719,0.024490807,-0.025607336,0.14405428,0.07397213,309,0,308,1,-1.6202543,275.32724,0.0,0.0,95,False,,1.415497,0.06912679,-0.13697572,-0.12579995,-0.062171333,0.017170057,-0.11474689,37,25,0.4416675,44,16,0,0.0019992234,4.511213,0,0,0.93372357,0.16742359,0.15129156,0.20037818,0.17437404,-115.70741,-22.900162,26.821543,4.9856644,False,343,309.5250329409846,0.9071576,341.20316,19.460627,9,89.26238379966958,6.839743,13.050547,20.46187,10,396.17722508656436,18.52628,21.384607,18.253172,1.5683372,0,1,0,1,0,2.2086983,1.0012436,1.2074547,,,,,,,,,,,,,,,,,,,,,,,NOT_AVAILABLE,296.00552352240743,-2.8436222938914173,218.32476627301656,-57.2394222482235,False,False,0,False,False,False,False,False,False,False,False,3.6502967e-10,3.333142e-10,0.999998,,,,,,,,,,,,,,,,,,,,,,,0.016662622330328263,IN,2
627,1636148068921376768,Gaia DR3 5332606728729266176,5332606728729266176,1108329211,2016.0,176.48607684327678,0.2355882,-64.82880517289841,0.21971636,-0.1415439859418462,0.2626183,-0.53897226,8.102591,-7.712979777491725,0.2883344,2.4823218403251075,0.29701486,-0.019014003,-0.06611085,0.009368118,0.2018959,0.14194351,0.2012978,0.13729215,-0.049613606,0.09319811,0.09650648,326,0,324,2,0.24443896,344.78152,0.48259106,0.41078025,95,False,,1.3198607,0.06679091,-0.13978396,0.04084561,-0.054926123,-0.04453049,0.043300387,39,25,0.43045136,48,16,0,0.016724978,112.910446,0,23,1.0086569,0.23966971,0.07820988,0.14081284,0.2681619,-93.52722,-21.320923,27.18102,8.796575,False,351,308.9379713559889,0.9584322,322.3368,19.462688,0,,,,,0,,,,,,,,,,2,,,,,,,,,,,,,,,,,,,,,,,,,,NOT_AVAILABLE,296.03725219200027,-2.837407826533277,218.36790519731568,-57.2171154046274,False,False,0,False,False,False,False,False,False,False,False,,,,,,,,,,,,,,,,,,,,,,,,,,0.027460167553640467,IN,2
468,1636148068921376768,Gaia DR3 5332606213332905344,5332606213332905344,1679142577,2016.0,176.45918108673965,0.2568248,-64.8556278901472,0.23294026,-0.23424013316706527,0.28864238,-0.81152374,8.606398,-8.398019915425442,0.33904207,1.8823781668908992,0.30775374,-0.026826674,-0.16548492,-0.031961653,0.19479544,0.19028458,0.23289411,0.013731112,0.08924832,0.18663703,0.079058796,310,0,310,0,0.9642702,345.97037,0.7053957,0.82805,95,False,,1.3564497,0.07528576,-0.14561547,-0.11695604,-0.046211313,0.049745165,-0.065878294,37,27,0.47929725,46,16,0,0.02112385,157.52013,0,0,1.0382496,0.099049315,0.11944715,0.085069545,0.15166555,-134.80927,-27.55208,24.087387,6.476011,False,338,303.8313178295557,0.878375,345.9016,19.480785,39,77.37793949327515,4.286539,18.051378,20.616999,38,321.4083343796478,6.368332,50.469784,18.480253,1.3125253,0,1,0,1,0,2.1367455,1.1362133,1.0005322,,,,,,,,,,,,,,,,,,,,,,,NOT_AVAILABLE,296.0329234329228,-2.866243504931847,218.38989762180876,-57.24373289966374,False,False,0,False,False,False,False,False,False,False,False,1.10226166e-13,5.107625e-13,0.99999756,,,,,,,,,,,,,,,,,,,,,,,0.019114057311762987,IN,2
538,1636148068921376768,Gaia DR3 5332606316412186880,5332606316412186880,1539280842,2016.0,176.47249662820917,0.24668701,-64.85100441002471,0.2212609,-0.11818460328017566,0.27457592,-0.43042597,11.029566,-10.815503700958304,0.32869238,2.1624516633922193,0.30086917,-0.05089502,-0.15707767,0.14896093,0.16995168,0.15778354,0.18234955,0.06933431,-0.06482203,0.19513628,0.040615264,320,0,320,0,1.8373474,384.65457,0.6420669,0.71460724,95,False,,1.3221703,0.07014639,-0.096539035,-0.07267899,0.022736344,-0.008755941,-0.033817016,38,26,0.46144018,46,15,0,0.013874857,140.38632,0,0,1.0731199,0.18101071,0.08146109,0.12094549,0.19754024,-121.40248,-6.8640857,31.733154,8.119791,False,359,303.75814107847657,0.88516057,343.16727,19.481047,13,96.8701614628619,9.515734,10.179999,20.373068,14,359.6694936810962,7.39997,48.604183,18.358137,1.5029709,0,1,0,0,0,2.0149307,0.8920212,1.1229095,,,,,,,,,,,,,,,,,,,,,,,NOT_AVAILABLE,296.03724241704157,-2.860345582668212,218.39073362953178,-57.23643989506502,False,False,0,False,False,False,False,False,False,False,False,2.747264e-11,3.3183542e-10,0.9999942,,,,,,,,,,,,,,,,,,,,,,,0.020840303360920253,IN,2
349,1636148068921376768,Gaia DR3 5332606419491362048,5332606419491362048,1705915770,2016.0,176.43700010333052,0.25502548,-64.84899126723731,0.2323217,0.1393561099485271,0.28189477,0.49435505,7.2622657,-7.181429444243474,0.32840168,1.0805449436320866,0.30278078,0.007613015,-0.040297225,0.03136418,0.22511047,0.23012534,0.22284289,0.031007322,0.040109873,0.14766788,0.0778957,316,0,313,3,0.043001432,332.76382,0.5032069,0.40771723,95,False,,1.2678971,0.07005359,-0.093482226,-0.1193145,-0.078570805,0.0121757435,-0.05425931,38,26,0.46548083,46,16,0,0.0026216586,120.528076,0,0,1.0006497,0.15600568,0.12990041,0.12226511,0.17402121,-131.10591,-24.15058,25.011158,6.4295354,False,357,298.5433253623996,0.8859563,336.97296,19.49985,37,80.61715735251143,4.5960393,17.540571,20.572474,40,304.7917427656961,4.6870475,65.02852,18.537888,1.2909647,0,0,0,0,0,2.034586,1.0726242,0.96196175,,,,,,,,,,,,,,,,,,,,,,,NOT_AVAILABLE,296.0221168110002,-2.862193761368774,218.36906100480465,-57.246140647468806,False,False,0,False,False,False,False,False,False,False,False,1.02822834e-13,5.099463e-13,0.9999964,,,,,,,,,,,,,,,,,,,,,,,0.008237655465595422,IN,2
7,1636148068921376768,Gaia DR3 5332603533275374336,5332603533275374336,25001845,2016.0,176.37176204507446,0.34775618,-64.85487963580827,0.31989306,0.4473041125580392,0.39026073,1.1461674,6.217659,-5.9372800190947,0.5975608,1.8460735969909554,0.5170458,-0.26809624,-0.041133687,0.11266223,-0.1389931,0.2983844,-0.18322968,0.27385944,-0.25604635,0.066459455,-0.24069439,192,0,192,0,0.45714086,205.16039,0.701102,0.60009027,95,False,,1.3606144,0.092389554,-0.06743662,-0.035610758,-0.12711644,-0.17210148,0.10126547,23,15,0.8824638,29,15,0,0.03016952,51.371323,2,18,1.0219893,0.110315405,0.20680429,0.11018152,0.61808777,-93.52965,34.385365,8.041585,6.1289277,False,220,298.18397148485496,1.2695458,234.87453,19.501156,0,,,,,0,,,,,,,,,,2,,,,,,,,,,,,,,,,,,,,,,,,,,NOT_AVAILABLE,295.9967455863305,-2.874889356109342,218.34224077938367,-57.2704891036034,False,False,0,False,False,False,False,False,False,False,False,,,,,,,,,,,,,,,,,,,,,,,,,,0.027693936666739027,IN,2
117,1636148068921376768,Gaia DR3 5332600578335612800,5332600578335612800,1087498207,2016.0,176.39656470985383,0.2512245,-64.86467184052637,0.22984235,0.3329178602409867,0.27613905,1.2056167,12.513217,-12.24373148921067,0.3415243,2.5829511184936558,0.29641664,0.058342025,-0.041553468,0.21770975,0.27131718,0.20155162,0.27541843,0.04827444,0.04044365,0.15034385,0.11920356,304,0,301,3,0.15509054,315.88113,0.0,0.0,95,False,,1.3385751,0.071654074,-0.18039255,-0.1178828,-0.015516298,-0.031916272,-0.08266033,36,24,0.49272147,47,16,0,0.040287193,149.52043,0,27,1.0052596,0.11710029,0.16462815,0.13814382,0.15670022,-125.66021,-16.959082,21.294641,-3.7028499,False,334,298.1316114165833,2.4191213,123.23963,19.501347,0,,,,,0,,,,,,,,,,0,,,,,,,,,,,,,,,,,,,,,,,,,,NOT_AVAILABLE,296.009431289709,-2.8817007602480214,218.3687690232577,-57.26940040959983,False,False,0,False,False,False,False,False,False,False,False,2.2969633e-08,1.2776296e-06,0.99999386,,,,,,,,,,,,,,,,,,,,,,,0.026909083035747235,IN,2
103,1636148068921376768,Gaia DR3 5332606591292772352,5332606591292772352,475757048,2016.0,176.39402333586884,0.25561184,-64.83178964099702,0.23183303,0.7650249407733438,0.2856828,2.6778824,10.182378,-10.154859068260127,0.33442688,0.748098468255909,0.3346564,0.036968786,-0.11797346,0.126018,0.25814524,0.21752597,0.17368616,-0.005747554,-0.14092393,0.00012223555,0.20712699,318,0,316,2,1.6030269,372.47055,0.30740547,0.14901294,95,False,,1.3278722,0.070185445,-0.12577255,-0.11523093,-0.07976038,0.04346912,-0.021203062,38,24,0.5142119,45,16,0,0.027757859,160.62053,0,0,1.0639671,0.20885229,0.17291534,0.19987655,0.20252624,-103.6295,-27.033775,26.511736,0.14575627,False,350,298.0087284216211,0.927854,321.18063,19.501795,41,97.01947114289325,4.9514465,19.594168,20.371395,41,293.8155057484737,6.8466063,42.914036,18.57771,1.3114884,0,13,0,13,0,1.7936859,0.8696003,0.9240856,,,,,,,,,,,,,,,,,,,,,,,NOT_AVAILABLE,296.00006997868155,-2.8501572877426726,218.32278646886715,-57.24786182347393,False,False,0,False,False,False,False,False,False,False,False,2.0164523e-11,5.938598e-11,0.9999969,,,,,,,,,,,,,,,,,,,,,,,0.01771478279986688,IN,2
177,1636148068921376768,Gaia DR3 5332606625649923072,5332606625649923072,1214049570,2016.0,176.40836798433799,0.39629817,-64.82799950000998,0.45517382,1.182774010334741,0.45575613,2.5951905,8.824476,-7.85484273258502,0.4778815,4.021545812206678,0.5608414,-0.13237965,-0.078479044,0.2861928,0.07045886,0.34269616,0.10511465,0.47145683,0.040076096,0.11578332,0.021446172,154,0,154,0,1.9089365,198.1089,1.2044029,1.4216874,95,False,,1.2783129,0.11575654,-0.21783918,-0.054637637,-0.0004833438,0.039892215,0.0011875262,18,14,0.81722486,20,19,1,0.0097232545,103.92149,2,10,1.1106486,0.38243482,0.18664393,0.26712823,0.6058816,-100.17109,45.714447,36.050934,3.9455216,False,166,297.44900690387584,1.4662198,202.86795,19.503836,0,,,,,0,,,,,,,,,,2,,,,,,,,,,,,,,,,,,,,,,,,,,NOT_AVAILABLE,296.0050224888421,-2.8449496878081098,218.32530783380275,-57.240810237173555,False,False,0,False,False,False,False,False,False,False,False,,,,,,,,,,,,,,,,,,,,,,,,,,0.016080050569052224,IN,2
424,1636148068921376768,Gaia DR3 5332606522570592640,5332606522570592640,851745228,2016.0,176.45078088459712,0.2513041,-64.84983094514301,0.2270837,0.8925344673794883,0.28380945,3.144837,12.906135,-12.763497495383024,0.34618044,-1.9134880062618693,0.29977924,-0.046229493,-0.16955392,0.05243573,0.15877481,0.20878267,0.20049168,0.034575276,0.02827884,0.19501455,0.03319294,314,0,312,2,-0.42555538,340.72382,0.0,2.297759e-15,95,False,,1.1471225,0.07294321,-0.038274765,-0.13593146,-0.08927841,0.009780791,-0.06774753,38,27,0.48250234,45,15,0,0.012052134,117.30999,0,0,0.9817645,0.114087865,0.117033236,0.08964517,0.17140865,-135.3538,-25.418528,25.249037,6.1099105,False,347,296.8739533011405,0.9465403,313.6411,19.505938,40,66.69468582756473,5.4515824,12.234005,20.778315,39,319.73127282847463,5.6898828,56.192947,18.485933,1.3016499,0,0,0,0,0,2.2923813,1.272377,1.0200043,,,,,,,,,,,,,,,,,,,,,,,NOT_AVAILABLE,296.0280036705666,-2.861531474595764,218.3775540853619,-57.24241358450156,False,False,0,False,False,False,False,False,False,False,False,1.5304319e-13,5.182155e-13,0.9999925,,,,,,,,,,,,,,,,,,,,,,,0.01249264894350105,IN,2
193,1636148068921376768,Gaia DR3 5332606625674869376,5332606625674869376,120786966,2016.0,176.41184552608667,0.2585322,-64.8266440137214,0.23016353,0.09965845514304648,0.29341805,0.33964664,7.252198,-6.941074782070719,0.3451754,2.101395161621252,0.31600305,-0.024680087,-0.14897832,0.08628942,0.16467904,0.21041688,0.15509233,0.024973085,-0.11558758,0.22562608,0.00260848,304,0,304,0,-2.074032,262.48236,0.0,0.0,95,False,,1.3767385,0.071007855,-0.11139188,-0.12519173,-0.075147316,0.052194253,-0.0930062,36,25,0.4801108,43,15,0,0.0244452,117.53359,0,0,0.91517264,0.15607356,0.13776505,0.20306413,0.17138812,-118.705605,-14.549761,22.687916,5.7937284,False,337,295.0264531232158,1.488865,198.15527,19.512714,15,98.70599310938233,7.936502,12.436964,20.352684,16,421.0985455185616,10.750429,39.170395,18.186935,1.7618912,0,10,0,11,0,2.1657486,0.83996964,1.325779,,,,,,,,,,,,,,,,,,,,,,,NOT_AVAILABLE,296.00611310835285,-2.8432648291732514,218.32532756360038,-57.2388039577531,False,False,0,False,False,False,False,False,False,False,False,7.9481376e-13,9.2665736e-10,0.99999446,,,,,,,,,,,,,,,,,,,,,,,0.01653795932389821,IN,2
535,1636148068921376768,Gaia DR3 5332606724424387328,5332606724424387328,1664821581,2016.0,176.47232152363412,0.7732427,-64.83439794917933,0.7413006,-3.0407671783241166,0.88365775,-3.4411142,4.912062,-1.8871398629517422,0.9253092,-4.535091995006221,0.9476595,0.12725684,-0.036811605,-0.031016551,0.2656714,0.2645809,0.2473774,0.17918503,-0.0375068,0.0675558,0.25238508,315,0,312,3,39.11271,2750.519,8.009812,93.33986,95,False,,1.5150033,0.19468215,-0.07913419,-0.022819636,-0.036790773,-0.063122116,-0.0503527,37,24,1.4746212,44,14,0,0.32260448,146.48714,0,0,2.942241,0.20138809,0.13403797,0.24026471,0.2008376,-120.07021,-36.04685,31.430305,8.313609,False,349,294.3058825720784,3.351107,87.82349,19.51537,9,132.68578661442166,9.754552,13.602448,20.03148,10,487.13812454345384,53.21608,9.153965,18.028765,2.1060534,0,0,0,0,0,2.002716,0.5161114,1.4866047,,,,,,,,,,,,,,,,,,,,,,,NOT_AVAILABLE,296.0329902489463,-2.8442911776013027,218.36813470166848,-57.22520766164327,False,False,0,False,False,False,False,False,False,False,False,2.0565973e-10,7.596017e-09,0.9999969,,,,,,,,,,,,,,,,,,,,,,,0.01981251290550638,IN,2
263,1636148068921376768,Gaia DR3 5332606522570678656,5332606522570678656,288979581,2016.0,176.42386206782953,0.2498065,-64.83485752937428,0.2312253,1.1764475552301228,0.2841173,4.140711,17.06672,-17.041657902008353,0.31293115,-0.9245352015181653,0.29463413,0.00031003106,-0.06524422,0.020087164,0.21388757,0.244499,0.19547431,0.066486984,-0.056910023,0.18377148,0.045975666,323,0,323,0,1.3240091,378.59424,0.0,0.0,95,False,,1.2744145,0.06980309,-0.10228755,-0.12877066,-0.0676842,-0.0043744068,-0.106616065,38,25,0.43985423,46,16,0,0.045848045,161.3473,0,29,1.0519717,0.1746412,0.12562943,0.23614268,0.1961732,-106.86834,-23.83419,26.205715,4.470142,False,350,289.84755264351696,1.1287475,256.7869,19.531942,0,,,,,0,,,,,,,,,,2,,,,,,,,,,,,,,,,,,,,,,,,,,NOT_AVAILABLE,296.0131386685008,-2.849923874446582,218.34288103194964,-57.24063582361468,False,False,0,False,False,False,False,False,False,False,False,,,,,,,,,,,,,,,,,,,,,,,,,,0.006990158013721588,IN,2
107,1636148068921376768,Gaia DR3 5332606449550043136,5332606449550043136,1768977761,2016.0,176.39433919731505,0.2514633,-64.85661823693819,0.23514253,-0.04410399129758061,0.28314984,-0.15576202,6.0378513,-5.911095643761441,0.33732748,1.2306891194932144,0.3143061,0.007743589,-0.024656365,0.088239916,0.24617484,0.19959286,0.24131036,0.044051737,0.012239095,0.13513447,0.08828978,336,0,336,0,-1.5688396,361.31778,0.66841507,0.6938842,95,False,,0.98105747,0.07155426,-0.110182315,-0.08727352,-0.041956276,-0.01638116,-0.03896715,40,26,0.48227614,48,17,0,0.028260037,148.79843,0,0,0.93856966,0.10300139,0.12235559,0.106301695,0.2118947,-130.33098,-17.813715,19.253174,0.84596866,False,371,288.5968029253893,0.8970932,321.70215,19.536638,34,48.0875833835175,3.6873007,13.041406,21.13346,39,381.2610922282817,5.110525,74.60311,18.29484,1.4877111,0,17,0,19,0,2.8386192,1.5968208,1.2417984,,,,,,,,,,,,,,,,,,,,,,,NOT_AVAILABLE,296.0064788074612,-2.874147004847922,218.35664692120787,-57.26462651788334,False,False,0,False,False,False,False,False,False,False,False,1.03992566e-13,5.096345e-13,0.9999993,,,,,,,,,,,,,,,,,,,,,,,0.021046211980899898,IN,3
82,1636148068921376768,Gaia DR3 5332606453850948224,5332606453850948224,960862407,2016.0,176.38970758729994,0.27044505,-64.85599702729574,0.25562352,0.25052593062914025,0.30502364,0.8213328,9.51124,-9.075593769188021,0.3687657,-2.845573436065773,0.34924364,0.07378393,0.009577354,0.15369508,0.30872822,0.23344569,0.3134213,0.15158716,0.064149626,0.2274275,0.17278829,329,0,327,2,2.6529286,412.99008,1.0291299,1.7451293,95,False,,1.372769,0.07447948,-0.111712754,-0.10758931,-0.07372454,-0.049878884,-0.079858154,39,25,0.55520046,48,16,0,0.014848924,177.17847,0,0,1.1054353,0.0837924,0.13579082,0.14726754,0.2247261,-119.6142,-19.542284,22.322159,0.14580786,False,370,288.50719546159837,0.91512954,315.26376,19.536976,43,85.99632565389025,4.3379297,19.824278,20.502342,40,299.0892012285161,5.6161976,53.25475,18.558393,1.3347518,0,0,0,0,0,1.9439487,0.96536636,0.9785824,,,,,,,,,,,,,,,,,,,,,,,NOT_AVAILABLE,296.00441518785584,-2.8740430451855086,218.35333252054446,-57.265649453159085,False,False,0,False,False,False,False,False,False,False,False,2.3379023e-11,5.131706e-13,0.99999106,,,,,,,,,,,,,,,,,,,,,,,0.022049384380047592,IN,3
191,1636148068921376768,Gaia DR3 5332606453851006592,5332606453851006592,199210406,2016.0,176.4112249937821,0.25326645,-64.85372893585239,0.23151548,0.9046125485788816,0.28495747,3.174553,4.9033923,-4.757797448013841,0.34132063,1.1860106020999648,0.30218193,-0.023621775,-0.1332823,0.018491434,0.20738447,0.229952,0.24862683,0.03257301,0.102369756,0.14793667,0.090411484,335,0,334,1,-0.16520359,339.20627,0.0,0.0,95,False,,1.3871773,0.07189468,-0.07768693,-0.12923823,-0.11022388,-0.06786606,-0.08372071,39,27,0.4835933,47,17,0,0.019201064,158.21236,0,4,0.9925429,0.080880605,0.15156184,0.106911875,0.1788946,-109.16108,-21.437222,22.427752,3.6443944,False,352,284.9592863272919,0.9134577,311.95676,19.55041,36,93.56478877455459,6.442278,14.523557,20.41076,37,362.10103311843005,10.634451,34.04981,18.35082,1.5990559,0,18,0,19,0,2.0599403,0.86035156,1.1995888,,,,,,,,,,,,,,,,,,,,,,,NOT_AVAILABLE,296.01269976352455,-2.869540032631089,218.36173438350323,-57.25739759454325,False,False,0,False,False,False,False,False,False,False,False,2.166864e-11,3.8702086e-10,0.9999944,,,,,,,,,,,,,,,,,,,,,,,0.014321458386628442,IN,3
378,1636148068921376768,Gaia DR3 5332606934887693184,5332606934887693184,1022772107,2016.0,176.44172472886854,0.35243785,-64.82048342383976,0.35115823,1.5690380512435298,0.4130766,3.798419,7.4346766,-7.432759464002071,0.4401034,0.1688283974270489,0.44257432,0.06807394,0.010960781,0.02436389,0.2518908,0.22555564,0.22775769,0.047034882,-0.06506607,0.12090375,0.13950919,319,0,318,1,10.910638,704.65106,2.6728566,10.483672,95,False,,1.3790346,0.0973549,-0.10832101,-0.105794765,-0.07643516,-0.07280601,-0.03939358,38,26,0.660165,46,16,0,0.13479505,78.02709,11,0,1.4659611,0.2246215,0.12752989,0.20342666,0.171003,-109.83321,-33.593277,29.166193,7.2278824,False,363,278.98102882817096,2.0547287,135.77512,19.573431,40,87.61445258506373,5.6357656,15.546149,20.482103,40,368.5836974417848,4.1983247,87.793045,18.331554,1.6352301,0,0,0,1,0,2.150549,0.90867233,1.2418766,,,,,,,,,,,,,,,,,,,,,,,NOT_AVAILABLE,296.01687372683426,-2.834099075399388,218.33294050560346,-57.225293215524694,False,False,0,False,False,False,False,False,False,False,False,7.67989e-12,2.2559221e-10,0.99999833,,,,,,,,,,,,,,,,,,,,,,,0.02173857442173787,IN,3
482,1636148068921376768,Gaia DR3 5332606316412138240,5332606316412138240,97375357,2016.0,176.4617053022469,0.25789756,-64.8545716807724,0.23450327,-0.0650820145231645,0.29227456,-0.22267422,3.9231036,-3.83331605034739,0.34639996,0.8345236431855656,0.30696005,-0.02422586,-0.15891115,0.15813215,0.20622987,0.19777688,0.21797553,0.04615431,-0.03913651,0.14800395,0.08301451,321,0,321,0,-1.1531923,300.87384,0.0,0.0,31,False,1.3448921,,,,,,,,38,27,0.49124494,46,15,0,0.008104418,143.34985,1,0,0.9534426,0.17598918,0.12624164,0.14757125,0.16403963,-125.5194,-19.47294,30.150578,3.7402244,False,365,278.15581706756245,0.82334405,337.83667,19.576647,15,75.30930948835325,9.279709,8.115482,20.646421,15,262.5209008300302,11.329639,23.171162,18.699986,1.2145358,0,2,0,2,0,1.9464359,1.0697746,0.8766613,,,,,,,,,,,,,,,,,,,,,,,NOT_AVAILABLE,296.03369674214457,-2.86495143124127,218.38981207995195,-57.242228298494375,False,False,0,False,False,False,False,False,False,False,False,3.7612796e-10,5.5736654e-10,0.99999505,,,,,,,,,,,,,,,,,,,,,,,0.019117783247739988,IN,3
544,1636148068921376768,Gaia DR3 5332606316412161024,5332606316412161024,375270649,2016.0,176.4728346491147,0.25106758,-64.85417802180378,0.2318572,-0.21545087013454228,0.28351936,-0.7599159,9.435067,-9.255040351807711,0.33747923,1.8343194444739068,0.31876397,-0.04908388,-0.14618911,0.1293586,0.18057755,0.15249178,0.20092176,0.07841102,-0.02263738,0.21444334,0.045910086,321,0,320,1,0.16583514,338.353,0.18831593,0.050948158,95,False,,1.2999852,0.073164254,-0.09922052,-0.064600416,0.018734304,0.026050894,-0.043013416,38,26,0.47617656,45,14,0,0.026514614,175.3889,0,0,1.0055611,0.13854699,0.05512457,0.11627439,0.2192896,-125.98981,-25.95089,29.811888,6.3082986,False,355,277.6264279305519,0.8281461,335.23846,19.578714,40,84.5810133530434,5.58078,15.155769,20.52036,40,265.84761344590817,5.6559906,47.00284,18.686314,1.2622308,0,2,0,1,0,1.8340473,0.9416466,0.89240074,,,,,,,,,,,,,,,,,,,,,,,NOT_AVAILABLE,296.0381804535858,-2.863381159304265,218.39521649915827,-57.23849105235197,False,False,0,False,False,False,False,False,False,False,False,2.0598218e-11,5.117997e-13,0.9999961,,,,,,,,,,,,,,,,,,,,,,,0.022581024288273757,IN,3
316,1636148068921376768,Gaia DR3 5332606934887696640,5332606934887696640,169896641,2016.0,176.43156907513077,0.26130792,-64.81772563465292,0.23902841,0.2563815992167352,0.29888558,0.8577918,7.343375,-7.1456996180305445,0.31800476,1.6923764061284252,0.3022272,0.012099784,-0.09217589,0.0673312,0.2567768,0.25286794,0.23005672,0.03653885,-0.0876777,0.17443264,0.12042533,322,0,322,0,0.17967731,335.8266,0.0,2.2611098e-15,95,False,,1.3861724,0.072703436,-0.11878327,-0.1081079,-0.078358665,-0.05178245,-0.045225292,37,24,0.46293992,44,15,0,0.01645267,123.461494,0,0,1.0060985,0.2324518,0.14720742,0.27047703,0.16941774,-100.290474,-23.372505,28.610718,7.245245,False,362,276.76090532489707,0.8381485,330.2051,19.582106,37,67.61157879004682,4.9142566,13.758252,20.763489,37,340.40675955101335,10.328151,32.95912,18.4179,1.474263,0,22,0,20,0,2.3455887,1.1813831,1.1642056,,,,,,,,,,,,,,,,,,,,,,,NOT_AVAILABLE,296.01199135988287,-2.832518821232642,218.32377789341845,-57.22658747846518,False,False,0,False,False,False,False,False,False,False,False,1.9589637e-11,5.707123e-11,0.9999979,,,,,,,,,,,,,,,,,,,,,,,0.023822507986386604,IN,3
415,1636148068921376768,Gaia DR3 5332606522570579200,5332606522570579200,728239558,2016.0,176.4485993121383,0.27458516,-64.85093899045414,0.25813538,0.5837238949367084,0.3117389,1.8724768,6.8941984,-6.728576536203229,0.37148207,1.5020751506205925,0.34104517,-0.052716162,-0.15701155,-0.014176173,0.20802703,0.24731998,0.23723994,-0.036921263,0.08091814,0.10541327,0.07858666,314,0,314,0,1.079635,351.81302,0.7319088,0.70859706,31,False,1.3526628,,,,,,,,37,26,0.5251242,45,16,0,0.022268344,157.38771,0,0,1.0426481,0.10666743,0.113349535,0.09160527,0.15546419,-134.93155,-31.048754,24.350033,5.4545245,False,358,273.5208102370125,0.9010653,303.5527,19.59489,40,90.64552762041914,5.1763077,17.51162,20.445177,40,256.48428884309124,8.572953,29.917845,18.725245,1.2691166,0,1,0,1,0,1.7199326,0.8502865,0.8696461,,,,,,,,,,,,,,,,,,,,,,,NOT_AVAILABLE,296.02738456440466,-2.862837231736465,218.37789251308232,-57.243846695591294,False,False,0,False,False,False,False,False,False,False,False,6.45156e-11,2.6037722e-10,0.9999945,,,,,,,,,,,,,,,,,,,,,,,0.012620286980836462,IN,3
634,1636148068921376768,Gaia DR3 5332606350772021888,5332606350772021888,1560278168,2016.0,176.4872331495242,0.29470816,-64.84338561552168,0.22204602,0.06291572522432136,0.2974722,0.21150118,6.787715,-6.673888620345711,0.3555843,1.237854266884818,0.3065944,-0.02739851,-0.082451046,0.12571514,0.18345997,0.16491878,0.15913744,0.09621324,-0.013474174,0.13679993,-0.00013131037,314,0,312,2,-0.40049702,313.25858,0.0,0.0,95,False,,1.3218957,0.07326929,-0.10033364,-0.005472562,0.04867726,0.065823816,-0.114467375,37,25,0.4952263,44,14,0,0.033748493,154.06052,0,0,0.9827714,0.185274,0.22301319,0.19329795,0.21602562,-122.00427,-4.392099,21.512438,10.936226,False,339,272.38509371687036,0.889317,306.2857,19.59941,35,90.01962604997105,5.68047,15.847215,20.4527,34,333.0149248216265,7.3779693,45.136395,18.441736,1.5530753,0,21,0,21,0,2.0109634,0.85329056,1.1576729,,,,,,,,,,,,,,,,,,,,,,,NOT_AVAILABLE,296.04139559425045,-2.851397306236717,218.38827309585085,-57.22666727260594,False,False,0,False,False,False,False,False,False,False,False,1.2150193e-10,2.4403346e-10,0.99999714,,,,,,,,,,,,,,,,,,,,,,,0.024894226728565484,IN,3
502,1636148068921376768,Gaia DR3 5332606316437430656,5332606316437430656,632849032,2016.0,176.46679206710508,0.29852667,-64.85006680815731,0.27845398,-0.06803368757739316,0.34352553,-0.1980455,7.630001,-7.619596429706721,0.39524147,0.39832672376094236,0.36576235,-0.0643455,-0.22856556,0.0056345128,0.13814317,0.29435098,0.14780463,-0.026772566,0.006526016,0.09911845,0.13236503,278,0,278,0,0.4323682,324.47455,0.98705554,1.3472711,95,False,,1.1475382,0.09387533,-0.11909807,-0.18378827,-0.068970636,0.03266958,0.025674442,33,25,0.5667917,43,14,0,0.0037247445,157.82812,0,2,1.017362,0.18440683,0.12869777,0.07383554,0.15983677,-138.17003,-23.823244,50.538723,7.5187364,False,317,268.6966800408161,0.94857454,283.26364,19.614212,35,80.23541937998796,7.025979,11.419821,20.577627,36,262.5405547224007,6.241632,42.062805,18.699905,1.2756985,0,0,0,0,0,1.8777218,0.96341515,0.91430664,,,,,,,,,,,,,,,,,,,,,,,NOT_AVAILABLE,296.03465700130147,-2.8600476830129264,218.38641834365922,-57.237581355577355,False,False,0,False,False,False,False,False,False,False,False,2.0783647e-11,1.2498698e-10,0.99999434,,,,,,,,,,,,,,,,,,,,,,,0.018256763861094857,IN,3
36,1636148068921376768,Gaia DR3 5332600574034779776,5332600574034779776,949967572,2016.0,176.37902351841848,0.27280408,-64.85696591073608,0.24460776,0.4283077390844262,0.2991013,1.4319823,6.9879026,-6.500828121211035,0.34971696,2.5632047624176932,0.32705933,0.022106951,0.026159553,0.08246147,0.26208782,0.20874877,0.24136661,0.06014802,0.007399225,0.17154081,0.07997999,330,0,330,0,0.8250792,367.67313,0.0,0.0,95,False,,1.2937847,0.074006915,-0.14868475,-0.08996196,-0.06846711,-0.030852253,-0.06769042,39,25,0.49987984,48,17,0,0.016756922,147.88849,0,0,1.031547,0.12690601,0.1519386,0.14543892,0.20492189,-122.294395,-15.787049,19.434986,2.3288276,False,364,267.906864216065,0.8547045,313.44968,19.617407,38,62.55051166924251,4.51318,13.859521,20.847965,38,335.53488241159465,9.537069,35.18218,18.433552,1.4859097,0,31,0,30,0,2.4144135,1.2305584,1.183855,,,,,,,,,,,,,,,,,,,,,,,NOT_AVAILABLE,296.00026264436667,-2.8761276966781315,218.34894802149236,-57.26964012644113,False,False,0,False,False,False,False,False,False,False,False,1.055288e-13,6.198621e-11,0.9999944,,,,,,,,,,,,,,,,,,,,,,,0.026206988161603918,IN,3
589,1636148068921376768,Gaia DR3 5332606312111098368,5332606312111098368,1003333459,2016.0,176.48035595851718,0.289371,-64.8541198384875,0.24627648,0.495369761422666,0.31428626,1.5761738,4.617272,-4.373588470509039,0.39108157,1.4801768876150374,0.33203384,-0.059466027,-0.16722915,0.16910015,0.16723384,0.156216,0.1770009,0.040417638,-0.025937611,0.18037578,0.04771608,320,0,319,1,1.6320069,369.12427,0.96525073,1.2630461,95,False,,1.4636788,0.07929042,-0.101614796,-0.06900611,0.022673508,0.030776238,-0.07374661,38,25,0.5478073,45,13,0,0.04448246,148.38641,2,0,1.0648445,0.14628562,0.1389021,0.061510555,0.19855918,-116.42807,-0.44931543,25.740702,8.942741,False,356,266.1569141836658,0.89592403,297.07532,19.624523,38,65.29051779756705,6.3753242,10.241129,20.801416,40,364.25992859714466,7.8566995,46.362972,18.344366,1.6138992,0,2,0,3,0,2.4570503,1.1768932,1.2801571,,,,,,,,,,,,,,,,,,,,,,,NOT_AVAILABLE,296.04126306793916,-2.8625215675379403,218.3991507407618,-57.236106767039395,False,False,0,False,False,False,False,False,False,False,False,1.05782265e-13,5.103831e-13,0.9999875,,,,,,,,,,,,,,,,,,,,,,,0.025262778696644922,IN,3
106,1636148068921376768,Gaia DR3 5332606453850938240,5332606453850938240,1787037359,2016.0,176.39417764045615,0.2606871,-64.85784193950822,0.24754764,0.3510091158899084,0.29167804,1.203413,6.711303,-6.272478722780702,0.35236466,2.3869655868044424,0.32628152,0.0071391794,-0.05963157,0.10628689,0.25028473,0.15090548,0.25473952,0.058469877,-0.006229647,0.13872609,0.066770874,332,0,331,1,0.9216608,365.994,0.0,0.0,95,False,,1.3810823,0.075170785,-0.14760888,-0.113904916,-0.05749452,-0.030337814,-0.0803399,39,26,0.5007857,48,17,0,0.020318588,162.04721,0,0,1.0353297,0.12774888,0.11216362,0.08858796,0.21510142,-135.62996,-19.764284,20.201458,-0.13951367,False,357,266.0598285756407,0.8897393,299.03122,19.624918,38,54.70322485882672,3.4309044,15.944258,20.99351,42,288.8578583243837,5.4190087,53.304558,18.596186,1.2912925,0,1,0,1,0,2.3973236,1.3685913,1.0287323,,,,,,,,,,,,,,,,,,,,,,,NOT_AVAILABLE,296.00672176782655,-2.8753483700613853,218.35822206437078,-57.26550779990617,False,False,0,False,False,False,False,False,False,False,False,1.9722678e-11,5.7661407e-11,0.9999975,,,,,,,,,,,,,,,,,,,,,,,0.021986377038484606,IN,3
54,1636148068921376768,Gaia DR3 5332606453853168768,5332606453853168768,1251994483,2016.0,176.38239630218908,0.32559428,-64.84886429578361,0.28034225,0.6364446942099793,0.36181176,1.7590492,4.5716877,-4.076393443152868,0.38710424,2.0696241201936294,0.3763799,0.04510075,0.10037924,0.1439477,0.22905537,0.29940197,0.14625974,-0.01095349,-0.028358405,0.09267012,0.15957041,296,0,296,0,0.39161727,347.00616,1.1991631,1.6360633,95,False,,1.1136012,0.082392275,-0.093684986,-0.13852003,-0.071235836,0.009552804,-0.02553124,35,23,0.57737434,43,15,0,0.0030005663,3.904579,1,0,1.0151496,0.1785713,0.18402623,0.15056159,0.19514343,-136.88226,-14.017127,25.143885,5.138579,False,336,265.3770926818701,0.9597742,276.4995,19.627708,38,50.98516352431795,4.8820314,10.443432,21.069933,39,300.1699319011307,4.699064,63.878666,18.554478,1.3232306,0,1,0,1,0,2.5154552,1.4422245,1.0732307,,,,,,,,,,,,,,,,,,,,,,,NOT_AVAILABLE,295.99960065426706,-2.867926890746871,218.33974810220502,-57.263087066481695,False,False,0,False,False,False,False,False,False,False,False,2.0046327e-11,5.765695e-11,0.9999975,,,,,,,,,,,,,,,,,,,,,,,0.021062817811154134,IN,3
432,1636148068921376768,Gaia DR3 5332606556930416896,5332606556930416896,522883705,2016.0,176.45230036656247,0.270732,-64.84076669434535,0.25742877,-0.3761782884055965,0.31437498,-1.196591,5.615942,-5.614218402513287,0.34208733,-0.1391178435831297,0.34938127,-0.005565318,-0.14346322,0.099526614,0.22292247,0.17927605,0.20071992,0.07574065,-0.13860434,0.19020078,0.06995734,299,0,298,1,-0.45390013,294.43103,0.0,0.0,95,False,,1.3866905,0.07735221,-0.10514497,-0.111795716,-0.049214177,0.029570788,-0.061727144,35,24,0.5031799,42,14,0,0.023406578,149.30057,0,0,0.98014224,0.20982195,0.102050945,0.21028368,0.20237117,-100.873085,-37.147305,25.98904,3.6633556,False,328,265.00404699620674,0.9318444,284.38657,19.629236,15,96.55314837567289,15.388835,6.274234,20.376627,16,274.1036214011609,16.136272,16.9868,18.653109,1.3986834,0,0,0,0,0,1.7235184,0.74739075,0.9761276,,,,,,,,,,,,,,,,,,,,,,,NOT_AVAILABLE,296.0263451118099,-2.8525964974554987,218.36607580039546,-57.235780515747074,False,False,0,False,False,False,False,False,False,False,False,8.1903324e-11,1.8535931e-10,0.99999624,,,,,,,,,,,,,,,,,,,,,,,0.01000285382975066,IN,3
427,1636148068921376768,Gaia DR3 5332606934887638016,5332606934887638016,644668199,2016.0,176.45146587761917,0.32779577,-64.82877501231188,0.28612748,0.23306974236744427,0.36436227,0.6396649,5.5977263,-5.355589328653708,0.41411096,1.6285585310028239,0.37874416,0.0696982,-0.04273189,0.045393676,0.27024838,0.33634928,0.32665068,0.21487698,0.23954333,0.2870101,0.1946351,287,0,286,1,1.8393774,342.67578,0.89075506,0.9569174,95,False,,1.361808,0.08765536,-0.14424227,-0.1371842,-0.050821435,-0.013844306,-0.09435911,34,24,0.62538934,41,13,0,0.015704248,110.02639,0,0,1.0775056,0.21450403,0.18023832,0.26373005,0.19203316,-114.98727,-23.019098,27.770485,8.084801,False,323,264.67804616958415,0.929044,284.8929,19.630571,31,51.941678943630016,5.154072,10.077795,21.049753,32,299.994648901367,5.8854804,50.97199,18.55511,1.3296771,0,0,0,0,0,2.4946423,1.4191818,1.0754604,,,,,,,,,,,,,,,,,,,,,,,NOT_AVAILABLE,296.0229791738888,-2.8410802148380103,218.3493782666296,-57.22789052725707,False,False,0,False,False,False,False,False,False,False,False,1.0545702e-13,5.0985827e-13,0.99999535,,,,,,,,,,,,,,,,,,,,,,,0.015969023283112463,IN,3
71,1636148068921376768,Gaia DR3 5332606488210861440,5332606488210861440,666869165,2016.0,176.38634548058295,0.3238557,-64.83619913712677,0.27346295,-0.10658895774719554,0.335047,-0.31813136,10.596419,-10.594559585838205,0.4325525,-0.19850871632662118,0.37218747,0.10998668,-0.002436554,0.24109001,0.3086915,0.20463268,0.2874871,0.1271434,0.036813334,0.13113676,0.19544916,311,0,309,2,1.644503,375.51245,1.1711587,1.5975976,95,False,,1.24136,0.082391165,-0.1299514,-0.09603065,-0.057506274,0.024953505,-0.054078262,37,24,0.63980865,46,15,0,0.044047873,145.03561,0,26,1.0664176,0.12890755,0.20599231,0.1635883,0.16135946,-111.03939,-17.624903,24.324139,2.7479436,False,350,261.4138167710617,0.92307407,283.1992,19.644045,0,,,,,0,,,,,,,,,,2,,,,,,,,,,,,,,,,,,,,,,,,,,NOT_AVAILABLE,295.9980223470801,-2.855248568568607,218.32466826132426,-57.25325322908071,False,False,0,False,False,False,False,False,False,False,False,,,,,,,,,,,,,,,,,,,,,,,,,,0.01883362976269679,IN,3
489,1636148068921376768,Gaia DR3 5332606728754088448,5332606728754088448,1234248090,2016.0,176.46261116688294,0.2648351,-64.83196975152504,0.2686566,0.6784977236859271,0.3164119,2.1443496,11.52926,-11.528268833291953,0.34686103,0.15114654999912608,0.33412176,0.033064563,0.0022483415,0.007205448,0.2090509,0.2609978,0.19696137,0.04786411,-0.019844996,0.1453935,0.043659553,313,0,312,1,-0.0034524656,322.08887,0.0,0.0,95,False,,1.3508877,0.08308358,-0.118814714,-0.140475,-0.0020465378,0.009373177,-0.03400722,37,26,0.48912814,44,14,0,0.017337322,153.07196,0,0,0.99877137,0.27153337,0.07577345,0.26799658,0.24247856,-128.9947,-47.949287,33.708763,9.547248,False,342,259.1253555284405,0.96917886,267.36588,19.653591,39,83.81702536174203,6.626021,12.649677,20.530212,39,348.3382731631644,9.766718,35.665848,18.392893,1.6677461,0,36,0,36,0,2.1373196,0.87662125,1.2606983,,,,,,,,,,,,,,,,,,,,,,,NOT_AVAILABLE,296.02837726605003,-2.8429794304985814,218.35965936345352,-57.22658560437459,False,False,0,False,False,False,False,False,False,False,False,1.0881708e-10,1.3796871e-09,0.99999106,,,,,,,,,,,,,,,,,,,,,,,0.017245867676092295,IN,3
95,1636148068921376768,Gaia DR3 5332606591290180736,5332606591290180736,822492963,2016.0,176.39241752110166,0.3017764,-64.82598794263393,0.26317373,0.2520046000109247,0.32938093,0.7650856,5.203017,-5.1520461744383175,0.37687874,0.7265031608040132,0.36216933,0.0018566968,-0.16574246,-0.010172442,0.23253922,0.18372543,0.22566873,0.12952746,-0.048061084,0.14590052,0.09752344,329,0,328,1,1.179424,372.1669,0.87544215,0.958366,95,False,,1.3337243,0.08119393,-0.110822424,-0.15346262,-0.08842002,0.03744834,-0.091404974,38,26,0.543754,46,16,0,0.023985494,135.26025,0,0,1.045783,0.15255052,0.14949869,0.15884784,0.2265762,-123.92566,-19.397606,28.703362,7.0686455,False,373,256.05493249838815,0.8542466,299.74356,19.666534,32,49.524038739190175,3.677719,13.465965,21.101501,38,260.39898093958004,5.3340936,48.817852,18.708797,1.2103771,0,0,0,0,0,2.392704,1.434967,0.95773697,,,,,,,,,,,,,,,,,,,,,,,NOT_AVAILABLE,295.9979411150456,-2.8447162122117295,218.31406034670158,-57.2444212769141,False,False,0,False,False,False,False,False,False,False,False,1.0824088e-13,5.097812e-13,0.999998,,,,,,,,,,,,,,,,,,,,,,,0.021934204125798797,IN,3
73,1636148068921376768,Gaia DR3 5332606591290158720,5332606591290158720,1043386556,2016.0,176.38674332533446,0.43644333,-64.82774145417008,0.35226145,1.10939040921461,0.44161782,2.5121052,6.0623503,-6.048954145268135,0.5772921,0.4027930056869145,0.48965177,0.12891163,-0.027982853,0.16536798,0.32604617,0.1864109,0.31425062,0.13402712,0.076141514,0.140875,0.25428066,312,0,311,1,7.491848,599.54236,2.851603,9.780158,95,False,,1.1803604,0.10332608,-0.10276248,-0.117896914,-0.055947337,-0.011230415,-0.079724275,37,24,0.8629139,44,14,0,0.08857826,132.2814,0,0,1.3169922,0.11770576,0.2440063,0.108993545,0.15782635,-117.98043,-12.332892,25.030952,6.4107776,False,343,254.87781682265242,1.1279753,225.96043,19.671537,39,60.297503195907034,6.22426,9.687498,20.887794,41,356.50266875985795,7.1096244,50.143673,18.367739,1.6352941,0,3,0,5,0,2.5200558,1.2162571,1.3037987,,,,,,,,,,,,,,,,,,,,,,,NOT_AVAILABLE,295.99604651727543,-2.847022586384881,218.3134076249371,-57.247383590665535,False,False,0,False,False,False,False,False,False,False,False,6.034946e-10,5.364965e-13,0.9999916,,,,,,,,,,,,,,,,,,,,,,,0.02258885907954574,IN,3
320,1636148068921376768,Gaia DR3 5332606522570639232,5332606522570639232,387188680,2016.0,176.43235425014015,0.29227486,-64.84116073451237,0.29285735,0.19631203648842352,0.337764,0.5812107,7.7368517,-7.597133062285883,0.39800298,1.4637086042139904,0.38875613,0.1313798,0.084190935,0.15990037,0.34097424,0.2523795,0.33204734,0.12046132,0.05765417,0.24639004,0.16094922,289,0,288,1,1.0599691,323.86536,0.5348915,0.35919103,95,False,,1.3529412,0.08369947,-0.13719995,-0.14171197,-0.06834115,-0.027593974,-0.084102236,34,24,0.60664827,41,13,0,0.033635106,169.72452,0,0,1.0437639,0.1603728,0.14105296,0.26823774,0.16976482,-102.425,-37.22401,24.150618,0.44982326,False,331,254.82692162082643,0.90693164,280.977,19.671753,33,60.03713114214798,4.8958077,12.262967,20.892492,37,260.24022731993495,5.1339235,50.69032,18.70946,1.2568427,0,1,0,2,0,2.183033,1.2207394,0.9622936,,,,,,,,,,,,,,,,,,,,,,,NOT_AVAILABLE,296.0182278753272,-2.855113445354379,218.35596185335143,-57.24226953052267,False,False,0,False,False,False,False,False,False,False,False,1.04923747e-13,1.12424695e-10,0.99999833,,,,,,,,,,,,,,,,,,,,,,,0.0015372944611058465,IN,3
15,1636148068921376768,Gaia DR3 5332609546227692672,5332609546227692672,992406422,2016.0,176.37324957288055,0.31585395,-64.82099821934185,0.29075164,-0.5387901188698937,0.35368338,-1.5233685,5.6972346,-5.642142496605873,0.4071164,0.7903877098952607,0.3953536,0.053217117,-0.09880368,0.09997744,0.26207623,0.15181817,0.24445015,0.1292961,-0.08820933,0.13055563,0.12933217,320,0,317,3,3.7595134,430.8324,1.4823028,2.7312675,95,False,,1.4481114,0.08686746,-0.0962624,-0.15548764,-0.09861897,-0.0015412553,-0.064682506,37,25,0.6019556,46,15,0,0.017827587,167.54031,0,0,1.1533446,0.17889032,0.13474359,0.25043646,0.20152919,-110.622444,-23.679836,26.645376,4.513731,False,361,254.1719993860387,0.8405877,302.37418,19.674547,41,63.7536663448974,5.2190847,12.2154875,20.82728,40,267.1653560426921,5.3087616,50.325363,18.680944,1.3019491,0,1,0,0,0,2.1463356,1.1527328,0.99360275,,,,,,,,,,,,,,,,,,,,,,,NOT_AVAILABLE,295.98877928092253,-2.8419493167113603,218.2970534874591,-57.247014268725465,False,False,0,False,False,False,False,False,False,False,False,1.8825081e-13,1.1095395e-10,0.9999991,,,,,,,,,,,,,,,,,,,,,,,0.03130549867339874,IN,3
305,1636148068921376768,Gaia DR3 5332606385131465600,5332606385131465600,1639621954,2016.0,176.429561867041,0.27684128,-64.864321194047,0.2648142,0.5192720697722144,0.31286427,1.6597358,8.263694,-8.175478150466166,0.36089098,1.2042362251648382,0.34541163,-0.059574727,-0.105950214,0.116987675,0.24342376,0.18225072,0.22124575,-0.037727922,-0.04926298,0.10466781,0.05603089,299,0,299,0,-0.8600943,288.52484,0.0,0.0,95,False,,1.3120521,0.0823594,-0.1369779,-0.13150148,-0.049387608,-0.023581725,-0.050973013,35,24,0.5123822,43,14,0,0.022244819,115.59244,1,0,0.9635572,0.14855629,0.092177354,0.18050225,0.18913768,-140.94951,-13.521317,20.61387,-0.72313106,False,334,253.7096493512922,0.8815817,287.78915,19.676525,37,80.04598790441223,7.4098096,10.802705,20.580193,37,253.9208017471269,4.9196234,51.61387,18.73615,1.3163346,0,0,0,0,0,1.8440418,0.90366745,0.9403744,,,,,,,,,,,,,,,,,,,,,,,NOT_AVAILABLE,296.0229223568202,-2.8778253781859955,218.38589167438658,-57.25887271950097,False,False,0,False,False,False,False,False,False,False,False,3.8677825e-11,5.108857e-13,0.9999971,,,,,,,,,,,,,,,,,,,,,,,0.022803456098550556,IN,3
437,1636148068921376768,Gaia DR3 5332606522570611328,5332606522570611328,144769269,2016.0,176.4531474564381,0.291204,-64.84779364075207,0.25537062,0.6246244450835441,0.32306454,1.9334356,6.6952243,-6.6528917141149515,0.38461107,0.7517028630417386,0.34417847,-0.008363112,-0.10324014,0.14040157,0.19064078,0.17297398,0.1942672,0.031241499,-0.060667947,0.23145412,0.011822936,303,0,303,0,-0.0049744113,311.0066,0.0,0.0,95,False,,1.3810139,0.08005141,-0.096032664,-0.11703301,-0.06795413,0.032070573,-0.067478605,36,26,0.5372607,42,14,0,0.0110628875,162.59163,1,0,0.99867386,0.1816104,0.13270915,0.16512562,0.14382707,-115.99072,-22.601307,24.714674,7.2541456,False,329,253.50487685387384,0.92160517,275.06885,19.6774,37,79.51611684152645,6.126358,12.979345,20.587404,36,254.04536316939001,6.408348,39.64288,18.735617,1.3157991,0,0,0,1,0,1.8517876,0.91000366,0.9417839,,,,,,,,,,,,,,,,,,,,,,,NOT_AVAILABLE,296.02846487237883,-2.8593065946369394,218.3760545586195,-57.24029134400325,False,False,0,False,False,False,False,False,False,False,False,1.9253358e-11,5.8342546e-11,0.9999973,,,,,,,,,,,,,,,,,,,,,,,0.01208870110521243,IN,3
287,1636148068921376768,Gaia DR3 5332606522570629376,5332606522570629376,480818424,2016.0,176.4270346395183,0.32160097,-64.84097537407385,0.283098,0.19085605407969183,0.3455228,0.55236894,5.395102,-5.286181169479123,0.45046732,-1.078617220274756,0.37944672,-0.11416507,-0.05913154,0.27249214,0.13385867,0.22039331,0.115640074,0.074808195,-0.12007608,0.21399158,-0.15321943,255,0,253,2,0.034000766,261.41333,0.0,0.0,95,False,,1.3276906,0.08577235,-0.076201685,-0.12788463,-0.074057564,0.054390896,-0.12091226,30,20,0.644351,45,15,0,0.021534069,88.52438,0,30,1.0001802,0.22394262,0.18961212,0.26389027,0.3567356,-152.28464,13.971588,20.665308,-0.5155531,False,301,253.4063959783366,0.9972456,254.10631,19.677822,0,,,,,0,,,,,,,,,,2,,,,,,,,,,,,,,,,,,,,,,,,,,NOT_AVAILABLE,296.01598985747523,-2.8555040584374254,218.35287065112857,-57.243802944475554,False,False,0,False,False,False,False,False,False,False,False,,,,,,,,,,,,,,,,,,,,,,,,,,0.0009403727572266006,IN,3
267,1636148068921376768,Gaia DR3 5332606556930515328,5332606556930515328,904049244,2016.0,176.4243415949089,0.29507172,-64.82357525901917,0.2788354,0.5392981794343668,0.3302049,1.6332228,5.2424884,-5.2345328189842,0.37271345,0.28870285379240535,0.3698789,-0.048652153,-0.09340009,0.020289548,0.16323602,0.21705228,0.15781397,0.1874627,-0.024663137,0.16466069,-0.016915847,289,0,289,0,1.2442312,329.8696,0.4529111,0.23776089,95,False,,1.35439,0.08934177,-0.11611668,-0.16059275,-0.01645322,0.0018677475,-0.074660785,34,24,0.5201847,40,13,0,0.025730167,145.06723,0,0,1.0515542,0.23375385,0.07472512,0.16797265,0.2969486,-110.416245,-5.4479103,27.560785,7.0504193,False,331,252.23082695890645,0.9354826,269.6264,19.68287,26,53.892613743277025,5.429986,9.925,21.00972,34,270.4045937014688,5.1681423,52.32143,18.66786,1.2857159,0,1,0,1,0,2.3418598,1.326849,1.0150108,,,,,,,,,,,,,,,,,,,,,,,NOT_AVAILABLE,296.01048829949497,-2.838954641883539,218.32784306045554,-57.23281899938292,False,False,0,False,False,False,False,False,False,False,False,1.9401775e-11,5.0981723e-13,0.99999815,,,,,,,,,,,,,,,,,,,,,,,0.018046153307214232,IN,3
189,1636148068921376768,Gaia DR3 5332606453851001728,5332606453851001728,799538622,2016.0,176.41108780832212,0.30809286,-64.85422967999764,0.26062086,1.145035415247431,0.33145246,3.4545991,9.580203,-9.041647926009736,0.38773733,3.1668428896102565,0.33462134,-0.06222714,-0.1754706,-0.0012855303,0.20188141,0.22017108,0.23163754,0.05480233,0.11118628,0.17772955,0.07678181,301,0,300,1,-0.3123868,298.86255,0.0,0.0,95,False,,1.4181074,0.08717884,-0.22977325,-0.117064044,0.0061387233,0.059841983,-0.09317659,36,26,0.54616356,46,15,0,0.01694223,155.35648,0,20,0.9860164,0.08607724,0.17624532,0.14549826,0.18362246,-149.53691,-10.013529,24.727451,5.5916014,False,335,246.68269321636853,1.3122236,187.98831,19.70702,8,113.21131437818228,18.956703,5.9720993,20.203817,8,291.0588499225578,26.212011,11.104026,18.587944,1.6388266,0,5,0,4,0,1.6158733,0.49679756,1.1190758,,,,,,,,,,,,,,,,,,,,,,,NOT_AVAILABLE,296.0127697899416,-2.8700392835238717,218.36234074698547,-57.25778045921026,False,False,0,False,False,False,False,False,False,False,False,9.174775e-09,9.93608e-08,0.9999976,,,,,,,,,,,,,,,,,,,,,,,0.01478030920565187,IN,3
298,1636148068921376768,Gaia DR3 5332606419491308416,5332606419491308416,1474254255,2016.0,176.42819076257885,0.30753273,-64.85290798975667,0.28817746,0.2416902640115915,0.34771726,0.695077,6.9050155,-6.84461693558089,0.41135985,0.9112953351935199,0.3809197,-0.028808601,-0.254534,0.11023257,0.24262422,0.20767656,0.27609855,0.0948594,-0.011748308,0.10375456,0.10741198,275,0,272,3,-1.8932868,236.06071,0.0,0.0,95,False,,1.3546252,0.08834368,-0.046426535,-0.1349707,-0.104925,-0.058870856,-0.051450823,32,23,0.5937818,41,14,0,0.024583241,144.56694,1,0,0.91783094,0.12656982,0.11066732,0.14698848,0.18583661,-84.65963,-32.528675,27.21095,0.6932445,False,317,246.6072472264046,0.90149176,273.55463,19.707352,32,70.93116588739278,5.7533503,12.328671,20.711449,32,254.0634108237103,4.983144,50.984562,18.73554,1.317863,0,11,0,11,0,1.9759083,1.004097,0.9718113,,,,,,,,,,,,,,,,,,,,,,,NOT_AVAILABLE,296.0194775833717,-2.8669274933308038,218.36967305223598,-57.25154867010193,False,False,0,False,False,False,False,False,False,False,False,2.119231e-10,4.579971e-10,0.99998796,,,,,,,,,,,,,,,,,,,,,,,0.0113915022686974,IN,3
217,1636148068921376768,Gaia DR3 5332606488210822016,5332606488210822016,175006,2016.0,176.41490640924673,0.3120626,-64.84613488745495,0.26868957,-0.5265343628368298,0.35087729,-1.5006225,9.731304,-9.708655538586513,0.3772287,0.663543123608864,0.36532828,0.033983484,0.07170885,0.14440271,0.2639593,0.22777912,0.21065718,0.008022613,-0.006971866,0.28503722,0.045325257,299,0,298,1,-0.8286749,285.66788,0.0,0.0,95,False,,1.3716863,0.08226783,-0.099309556,-0.08562018,-0.059555758,0.013697367,-0.13189316,35,24,0.5405738,43,15,0,0.013839516,150.70323,0,0,0.9647777,0.12548552,0.16542582,0.20898545,0.14020185,-105.51755,-21.29403,23.839483,7.7773175,False,341,245.0973761520635,0.8251068,297.0493,19.71402,38,69.84152844785753,5.6797843,12.296511,20.728258,41,258.66535047891625,4.6925187,55.122925,18.71605,1.3403116,0,0,0,1,0,2.012209,1.0142384,0.9979706,,,,,,,,,,,,,,,,,,,,,,,NOT_AVAILABLE,296.0122973330869,-2.861796913409955,218.3533949306891,-57.25109131842194,False,False,0,False,False,False,False,False,False,False,False,1.3642901e-13,6.017455e-11,0.99999624,,,,,,,,,,,,,,,,,,,,,,,0.007508102401835862,IN,3
351,1636148068921376768,Gaia DR3 5332606419521391232,5332606419521391232,1750893376,2016.0,176.43718453666406,0.31251615,-64.85728731449842,0.2916987,0.24432394896669396,0.35345706,0.6912408,5.736328,-5.726117801456441,0.40943468,-0.34210270657504804,0.38080713,-0.006056316,-0.12362826,0.10071227,0.21270695,0.1961927,0.20568942,0.04805557,-0.014938265,0.14266358,0.070257716,313,0,312,1,2.3567693,385.2702,1.3454578,2.02505,95,False,,1.3914025,0.09430801,-0.18469489,-0.107523225,-0.027139222,0.046905447,-0.088806115,37,27,0.58064926,45,45,0,0.020408839,92.88029,0,0,1.0956405,0.14635877,0.13669814,0.11376742,0.16286877,-134.64365,-18.164257,30.64711,5.796711,False,357,244.79219745625292,0.9168842,266.98267,19.715372,40,92.66435763806645,6.821684,13.583796,20.42126,39,350.78917409877613,6.9146547,50.731262,18.38528,1.811551,0,36,0,36,0,2.0359802,0.70588875,1.3300915,,,,,,,,,,,,,,,,,,,,,,,NOT_AVAILABLE,296.02428538619995,-2.870202480533619,218.38041302650527,-57.25171869197476,False,False,0,False,False,False,False,False,False,False,False,1.06923164e-13,4.4771228e-10,0.9999963,,,,,,,,,,,,,,,,,,,,,,,0.016161580831402657,IN,3
18,1636148068921376768,Gaia DR3 5332609443148310912,5332609443148310912,46317616,2016.0,176.37378152784487,0.40875667,-64.83926939481456,0.3727188,-0.04419974701546292,0.4522325,-0.097736776,9.667359,-8.894240870923975,0.51454556,3.7881819037140723,0.52133584,0.015488725,-0.07330033,0.055603597,0.24142382,0.13446413,0.20434944,0.0850203,-0.10603684,0.072606206,0.09191433,341,0,339,2,9.595741,682.42474,3.1809986,10.7782545,95,False,,1.3370509,0.10722014,-0.11972708,-0.10592725,-0.0690584,-0.0030756176,-0.06933661,40,25,0.75926447,48,16,0,0.09094045,62.701065,0,0,1.3928789,0.18508607,0.14966407,0.18017529,0.21513227,-106.53459,-18.424494,26.549467,3.9655132,False,383,243.51282889716197,1.3114433,185.68307,19.721062,13,64.92140651275821,10.122002,6.4138904,20.807573,14,280.4836882787945,10.752321,26.085873,18.628126,1.4184266,0,1,0,1,0,2.1794472,1.0865116,1.0929356,,,,,,,,,,,,,,,,,,,,,,,NOT_AVAILABLE,295.99362447447453,-2.859569453109969,218.32212642333155,-57.25925931666285,False,False,0,False,False,False,False,False,False,False,False,8.2532403e-10,1.8603935e-10,0.9999948,,,,,,,,,,,,,,,,,,,,,,,0.023514790434325555,IN,3
268,1636148068921376768,Gaia DR3 5332606522570688256,5332606522570688256,713423492,2016.0,176.42441587433683,0.30825314,-64.83407549031973,0.29470778,-0.4201336319839716,0.36031783,-1.1660085,7.0290327,-6.843389988997711,0.39898437,1.6047790798539396,0.38088503,-0.0016498778,-0.071901806,-0.05492669,0.20401996,0.24371651,0.21633938,0.04608071,0.016853938,0.2313563,0.047714956,315,0,314,1,1.4649644,363.5974,1.13007,1.4119961,95,False,,1.3499976,0.090606734,-0.14518593,-0.11988293,-0.018473068,0.014825617,-0.07749061,37,25,0.5625928,45,15,0,0.0151272705,157.11926,0,0,1.0584989,0.20167883,0.08851018,0.29252017,0.20479313,-105.52386,-43.690273,27.257582,7.559923,False,347,240.26789395368584,0.84446883,284.51956,19.735628,24,64.1255177586025,4.991694,12.846444,20.820965,26,257.689252325889,7.6821012,33.54411,18.720154,1.3393998,0,1,0,2,0,2.100811,1.0853367,1.0154743,,,,,,,,,,,,,,,,,,,,,,,NOT_AVAILABLE,296.01316943015854,-2.8491077247148513,218.34211643093425,-57.239931647049694,False,False,0,False,False,False,False,False,False,False,False,2.317876e-11,2.700395e-10,0.9999914,,,,,,,,,,,,,,,,,,,,,,,0.007678112374308608,IN,3
615,1636148068921376768,Gaia DR3 5332606763089062784,5332606763089062784,256855037,2016.0,176.48358776713138,0.29589343,-64.82272102810057,0.26482278,-0.2211986394492783,0.3290249,-0.6722854,6.3769174,-6.371895633838976,0.36717206,-0.25302149354309095,0.3422871,-0.008146199,-0.13295107,-0.022733849,0.21306302,0.21728684,0.22381185,0.12149232,-0.026242014,0.13157146,0.09358086,330,0,328,2,0.2018197,346.72952,0.0,0.0,95,False,,1.3051472,0.08151306,-0.122142784,-0.034489367,-0.09824986,0.009505111,-0.032597423,39,27,0.52437955,46,16,0,0.018712396,109.55769,0,0,1.0069256,0.1736443,0.11974798,0.10636416,0.23373903,-99.22136,-27.351654,25.821457,8.097823,False,347,239.42001996373108,0.8975021,266.7626,19.739466,11,72.43480207480408,8.816294,8.216015,20.688675,11,259.4418211138123,8.160795,31.791243,18.712795,1.3861691,0,0,0,0,0,1.9758797,0.9492092,1.0266705,,,,,,,,,,,,,,,,,,,,,,,NOT_AVAILABLE,296.0346958338056,-2.831784761830571,218.35833698608045,-57.213754607199064,False,False,0,False,False,False,False,False,False,False,False,1.6325999e-10,3.6739148e-10,0.99999815,,,,,,,,,,,,,,,,,,,,,,,0.029925135219046994,IN,3
606,1636148068921376768,Gaia DR3 5332606350801920512,5332606350801920512,1367555853,2016.0,176.4824621129428,0.5174341,-64.84571525846935,0.45109555,3.8056492205402392,0.57971823,6.5646534,3.5858474,-3.5582452121530395,0.77033484,0.44406370861778466,0.6176863,0.030692551,-0.031505425,0.26092905,0.1387094,0.18181808,0.12009937,0.12209996,-0.1869475,0.20429139,-0.01009172,294,0,285,9,23.616783,1460.7239,4.06251,24.730139,95,False,,1.167883,0.12527929,-0.01725197,-0.008016284,-0.043974884,0.0089439275,-0.12111763,35,24,1.0799772,43,43,0,0.19157273,76.881096,50,0,2.149829,0.16687459,0.10873289,0.28982776,0.22419098,-141.84496,-2.8428364,22.624523,5.3481245,False,332,239.3811695245303,2.8856394,82.956024,19.739641,38,87.93874688515822,4.25717,20.65662,20.478092,36,353.4034014122191,5.6347337,62.718742,18.377218,1.8436794,0,0,0,0,0,2.100874,0.738451,1.362423,,,,,,,,,,,,,,,,,,,,,,,NOT_AVAILABLE,296.040016108217,-2.854161715823642,218.38888322191266,-57.22973829167177,False,False,0,False,False,False,False,False,False,False,False,6.479795e-11,3.7687692e-10,0.99999326,,,,,,,,,,,,,,,,,,,,,,,0.023177884767369483,IN,3
533,1636148068921376768,Gaia DR3 5332606728729269376,5332606728729269376,1803592252,2016.0,176.47169957574232,0.29318866,-64.82572380200331,0.2742409,0.5149206403478006,0.331729,1.5522327,7.593385,-7.581361222938086,0.36254492,-0.4271506861180994,0.35191226,0.015499913,-0.06008388,0.029082235,0.244828,0.2029809,0.23589,0.021455005,-0.047812723,0.15460539,0.10591192,332,8,332,0,2.0329287,396.628,0.8302654,0.7961864,95,False,,1.4335111,0.082087636,-0.12669446,-0.09747463,-0.07210367,-0.036414392,-0.00456911,39,26,0.52703047,46,16,0,0.027775975,107.2648,0,0,1.0796138,,,,,,,,,False,371,238.7306242423091,0.8221512,290.37314,19.742596,40,67.53654995337655,4.4574513,15.151382,20.764694,38,261.1085767914886,5.536508,47.16124,18.705843,1.3766358,0,0,0,0,0,2.0588512,1.0220985,1.0367527,,,,,,,,,,,,,,,,,,,,,,,NOT_AVAILABLE,296.03055052731935,-2.8359621218014457,218.35605252862777,-57.21950455063749,False,False,0,False,False,False,False,False,False,False,False,3.639275e-11,5.101562e-13,0.99999946,,,,,,,,,,,,,,,,,,,,,,,0.02411902904378528,IN,3
358,1636148068921376768,Gaia DR3 5332606522570580992,5332606522570580992,825295475,2016.0,176.43847153511365,0.29840165,-64.84874127310167,0.2736839,0.024184656065533217,0.3315137,0.0729522,8.452434,-8.352713408104464,0.38248625,1.2945337515571043,0.35056475,0.012962176,-0.07748824,0.040557936,0.22996068,0.23315334,0.23508543,0.09981672,0.02604006,0.16913651,0.074958615,326,0,323,3,-1.1700199,313.16846,0.0,0.0,95,False,,1.2372333,0.08239213,-0.110048875,-0.11723681,-0.056800433,0.039650068,-0.064850025,39,27,0.5429872,46,17,0,0.02793607,147.38689,0,0,0.9528594,0.13901827,0.113829635,0.10765807,0.20945744,-136.20697,-31.061852,24.053942,4.991959,False,368,237.0306622306304,0.8660007,273.70724,19.750355,0,,,,,0,,,,,,,,,,2,,,,,,,,,,,,,,,,,,,,,,,,,,NOT_AVAILABLE,296.0226597102189,-2.8617942876594316,218.36950721357564,-57.245511916320964,False,False,0,False,False,False,False,False,False,False,False,,,,,,,,,,,,,,,,,,,,,,,,,,0.008301625908743745,IN,3
186,1636148068921376768,Gaia DR3 5332606591290139520,5332606591290139520,928931758,2016.0,176.41021172849597,0.287862,-64.83453519216249,0.27163687,0.2362265346774656,0.32855693,0.71898204,7.349154,-6.826498174171247,0.36587828,2.721945112390048,0.36145192,0.012856252,-0.12529579,0.077718556,0.24423932,0.18400556,0.22449364,0.103176504,-0.096839696,0.15173107,0.081558764,338,0,338,0,-1.0472573,321.0551,0.0,0.0,95,False,,1.3615444,0.08144524,-0.12273719,-0.10799853,-0.057355914,0.028221657,-0.094219916,40,27,0.5324894,48,17,0,0.005789835,126.55091,0,0,0.9586449,0.16972387,0.10526155,0.16751708,0.21417889,-121.64333,-25.896984,26.291418,5.371348,False,363,236.88919831477386,0.8183503,289.47162,19.751003,40,68.72865401898106,4.5456295,15.119722,20.745697,42,228.927304557135,4.1194196,55.57271,18.848652,1.2565198,0,0,0,0,0,1.8970451,0.99469376,0.9023514,,,,,,,,,,,,,,,,,,,,,,,NOT_AVAILABLE,296.00743342576897,-2.851076011780405,218.3351549308335,-57.244675687666835,False,False,0,False,False,False,False,False,False,False,False,1.03540704e-13,5.101577e-13,0.9999989,,,,,,,,,,,,,,,,,,,,,,,0.010559571568949924,IN,3
118,1636148068921376768,Gaia DR3 5332606586988996864,5332606586988996864,691812915,2016.0,176.3966847916518,0.53010535,-64.83055917353155,0.50622547,-1.1380039429588025,0.6108539,-1.8629724,10.733939,-10.200357973428359,0.7024742,3.3421774632007626,0.7094374,0.1401705,0.020196125,0.13363743,0.27223426,0.3103753,0.20345162,0.05657548,-0.048562616,0.019980393,0.3018103,305,0,304,1,13.628288,838.1949,4.553196,21.388048,95,False,,1.2355404,0.1346939,-0.12801374,-0.12978835,-0.09359091,-0.020140132,-0.08496668,36,24,1.1272588,44,14,0,0.09220993,109.869385,3,0,1.6060234,0.1761747,0.1683627,0.19639017,0.18870994,-118.96392,-26.212646,27.22261,2.371164,False,338,236.5001673500857,1.3472999,175.53638,19.752789,33,65.59525044663812,4.4930506,14.599268,20.796362,37,353.19767457949337,6.183075,57.123306,18.377851,1.7707933,0,33,0,37,0,2.4185104,1.0435734,1.374937,,,,,,,,,,,,,,,,,,,,,,,NOT_AVAILABLE,296.0008553890147,-2.8486808519014692,218.3225389461817,-57.24619530772374,False,False,0,False,False,False,False,False,False,False,False,3.0593788e-09,5.309657e-10,0.9999931,,,,,,,,,,,,,,,,,,,,,,,0.017523063109086898,IN,3
235,1636148068921376768,Gaia DR3 5332606385131447168,5332606385131447168,544076505,2016.0,176.418773538889,0.28217837,-64.86402250512435,0.27650782,0.3913532430858879,0.32796657,1.1932718,10.297685,-10.017880525035475,0.38086745,2.384193616168308,0.36042738,-0.014780457,-0.103661925,0.07509389,0.20458452,0.08250626,0.23324251,0.07710463,-0.026784595,0.10891753,0.020790206,325,9,322,3,-1.7486928,310.32486,0.0,0.0,95,False,,1.1617646,0.09010946,-0.16196825,-0.05087405,-0.07911442,-0.04642565,-0.0003262377,38,28,0.53425467,46,15,0,0.020397622,117.21532,0,0,0.9302236,,,,,,,,,False,357,234.7594573223583,0.84100693,279.14093,19.760809,40,60.458032385118855,4.531656,13.341268,20.884907,42,221.64652293656027,4.629259,47.879482,18.883743,1.2016749,0,0,0,1,0,2.0011635,1.1240978,0.87706566,,,,,,,,,,,,,,,,,,,,,,,NOT_AVAILABLE,296.01840688202134,-2.8786917028333003,218.37973232867085,-57.26203379031575,False,False,0,False,False,False,False,False,False,False,False,6.724714e-11,2.3978333e-10,0.999997,,,,,,,,,,,,,,,,,,,,,,,0.02290553082804103,IN,3
222,1636148068921376768,Gaia DR3 5332606385156670976,5332606385156670976,547523549,2016.0,176.41607360819677,0.29807594,-64.85554553850297,0.29209617,0.07575140483383236,0.3449369,0.21960944,9.186925,-8.83649980051348,0.40415838,2.513136953410919,0.382234,0.08328011,-0.055079397,0.2188773,0.28559667,0.29776955,0.3019554,0.19889225,0.057304546,0.2467898,0.19171013,317,0,315,2,-0.29894927,316.79712,0.0,0.0,95,False,,1.3589152,0.08382066,-0.15971531,-0.13175862,-0.08151667,-0.021397375,-0.100761995,37,26,0.6162872,46,14,0,0.024126748,113.56968,0,0,0.9869244,0.15606466,0.13446255,0.17057548,0.18976411,-124.582726,-26.852257,30.397053,1.6189522,False,358,234.65703678508316,0.8236902,284.88507,19.761282,40,63.90191493861439,4.2670493,14.975668,20.824757,39,218.68934012829877,5.1431475,42.520527,18.898327,1.2042735,0,2,0,1,0,1.9264297,1.0634747,0.8629551,,,,,,,,,,,,,,,,,,,,,,,NOT_AVAILABLE,296.0151547501004,-2.870778115174783,218.36678664607254,-57.25711910490004,False,False,0,False,False,False,False,False,False,False,False,5.8198155e-11,2.2949201e-10,0.99999905,,,,,,,,,,,,,,,,,,,,,,,0.015038378206130402,IN,3
617,1636148068921376768,Gaia DR3 5332606350772042624,5332606350772042624,1667972235,2016.0,176.48436869764728,0.31089467,-64.84045116851333,0.25406235,0.6047987929785048,0.32534176,1.8589646,5.153108,-5.121407605647329,0.36576307,-0.5707062713269478,0.34652558,0.006500492,-0.041214846,0.042861123,0.24979647,0.16600712,0.21890298,0.14789522,-0.06762519,0.16886799,0.082848124,322,0,322,0,0.75771725,365.51804,0.0,0.0,95,False,,1.2291628,0.07949232,-0.08422795,0.020119622,-0.016327882,-0.0022422464,-0.044578936,38,25,0.52460724,45,14,0,0.010137408,152.25214,1,0,1.0292261,0.16339204,0.15823452,0.15715618,0.24119769,-98.91524,-10.408556,22.870167,7.7098627,False,356,233.61194452507658,0.80793756,289.14603,19.766129,36,70.65134027430689,5.146654,13.727626,20.715742,35,261.5340872731681,7.0917892,36.878433,18.704075,1.4219539,0,15,0,15,0,2.0116673,0.9496136,1.0620537,,,,,,,,,,,,,,,,,,,,,,,NOT_AVAILABLE,296.0394774094049,-2.848862842945447,218.38276809391496,-57.225565697094645,False,False,0,False,False,False,False,False,False,False,False,4.136725e-11,1.8721613e-10,0.99999493,,,,,,,,,,,,,,,,,,,,,,,0.023631966152136388,IN,3
505,1636148068921376768,Gaia DR3 5332606213332894976,5332606213332894976,1610109165,2016.0,176.46713951896302,0.31396636,-64.85857388161361,0.26926446,0.11579984796047703,0.33830303,0.3422962,8.248114,-7.885854370221893,0.41037175,2.4175783952665246,0.36254576,-0.063749835,-0.18304251,0.037146837,0.20066592,0.06396747,0.21774608,-0.019287758,-0.06247132,0.15644045,0.014322689,316,0,314,2,1.3437498,360.31805,0.97570705,1.0718675,95,False,,1.3467767,0.093923934,-0.16780448,-0.08037756,0.065043636,0.020354126,-0.047869004,37,26,0.5714842,44,15,0,0.020637225,152.82469,0,0,1.0535254,0.16122551,0.13752212,0.105549455,0.15165307,-147.38647,-4.1763406,27.357489,8.685367,False,351,231.90281325063162,0.88703156,261.43695,19.774101,21,85.00451597058768,7.4217873,11.453376,20.514936,19,248.06395765625112,8.505393,29.165491,18.761486,1.4362416,0,1,0,1,0,1.7534504,0.7408352,1.0126152,,,,,,,,,,,,,,,,,,,,,,,NOT_AVAILABLE,296.0369421361049,-2.8682442245447057,218.3981386436271,-57.24325328044859,False,False,0,False,False,False,False,False,False,False,False,6.007684e-11,6.055232e-11,0.99999636,,,,,,,,,,,,,,,,,,,,,,,0.02357546781935276,IN,3
344,1636148068921376768,Gaia DR3 5332606385156668928,5332606385156668928,313385516,2016.0,176.43664294713165,0.6435937,-64.86124506080996,0.3873822,1.850002251950643,0.581842,3.1795611,11.88814,-11.752787466057539,1.0043316,1.7888114304264005,0.4665817,0.16325319,-0.037721585,-0.314763,-0.0050422014,0.54859567,-0.09908836,-0.079869084,-0.18259028,-0.120642036,0.3355593,177,0,177,0,-0.885429,160.76434,0.0,0.0,95,False,,1.5480288,0.12704167,0.0135524925,-0.15413815,-0.05176594,0.19052504,0.017890105,21,15,1.4280792,26,8,2,0.016032977,155.44339,0,12,0.9505883,0.2119362,0.60495013,0.119659275,0.08671663,175.23332,-15.786393,38.009346,30.878576,False,201,231.87948154075292,1.367688,169.54121,19.774212,0,,,,,0,,,,,,,,,,2,,,,,,,,,,,,,,,,,,,,,,,,,,NOT_AVAILABLE,296.0250607791827,-2.8740905356795596,218.3854940351063,-57.254575728647914,False,False,0,False,False,False,False,False,False,False,False,,,,,,,,,,,,,,,,,,,,,,,,,,0.020002160298788194,IN,3
613,1636148068921376768,Gaia DR3 5332606316412121728,5332606316412121728,999120220,2016.0,176.48318247078683,0.30602688,-64.86007781873042,0.2721934,0.16551244800630407,0.3415273,0.48462433,9.9891815,-9.065082461618598,0.40472034,4.196191008558294,0.36380628,-0.09027186,-0.19349371,0.13533832,0.14430603,0.16724819,0.16382748,0.074836016,-0.06843056,0.16971764,0.010526164,330,0,327,3,0.6235959,354.41983,0.8381365,0.85718846,31,False,1.3403918,,,,,,,,39,26,0.5642901,46,15,0,0.0031697748,121.22861,0,0,1.02363,0.16814986,0.0995143,0.09426967,0.20910162,-115.78825,-3.1600242,26.265162,7.350181,False,362,231.81915269186544,0.79617685,291.1654,19.774494,33,73.06790181833972,6.3298955,11.5433035,20.679226,36,221.63733950280414,6.5637603,33.766823,18.88379,1.2712722,0,1,0,0,0,1.7954369,0.90473175,0.8907051,,,,,,,,,,,,,,,,,,,,,,,NOT_AVAILABLE,296.04392580802755,-2.8679866632981943,218.4087361754298,-57.23927419821489,False,False,0,False,False,False,False,False,False,False,False,5.850531e-11,1.7529396e-10,0.99999785,,,,,,,,,,,,,,,,,,,,,,,0.029627377952661998,IN,3
509,1636148068921376768,Gaia DR3 5332606763089062016,5332606763089062016,276051261,2016.0,176.46781821841282,0.31461036,-64.81975276380584,0.29390085,0.4468896468626026,0.3529529,1.2661453,8.996903,-8.785032988847425,0.3859924,1.9409950760910737,0.38278228,0.11123245,-0.029160075,0.15612657,0.34470946,0.27688968,0.33235332,0.14410724,0.0024841514,0.2474047,0.23400018,300,0,299,1,-1.8574167,266.31577,0.0,0.0,95,False,,1.2856481,0.08890625,-0.104432784,-0.16956984,-0.08392375,-0.07275491,-0.0102765625,35,24,0.61130375,41,14,0,0.013517,154.95346,0,0,0.9231526,0.2651172,0.16071784,0.2674984,0.14791466,-113.943825,-33.274975,33.776123,6.883087,False,333,231.53064652915987,0.8681983,266.67947,19.775846,37,59.310872637240756,4.5239334,13.110465,20.905706,37,228.369341761635,5.181521,44.073803,18.851301,1.2425146,0,0,0,0,0,2.0544052,1.1298599,0.9245453,,,,,,,,,,,,,,,,,,,,,,,NOT_AVAILABLE,296.0274472461314,-2.830598078563996,218.34589247663587,-57.21665537348598,False,False,0,False,False,False,False,False,False,False,False,1.2486294e-13,5.130006e-13,0.9999985,,,,,,,,,,,,,,,,,,,,,,,0.027361201021493177,IN,3
400,1636148068921376768,Gaia DR3 5332606522600607360,5332606522600607360,1703448174,2016.0,176.44579725165795,0.3144805,-64.85087077487552,0.29543057,0.45946528482794713,0.36362496,1.2635691,6.05767,-5.652768719888184,0.43011057,2.1775152611138364,0.37895918,-0.0046234443,-0.13362485,-0.039733183,0.20498742,0.229133,0.25767913,0.07732368,0.12984638,0.15908407,0.08110668,321,0,320,1,1.8564109,381.30527,1.085442,1.3407123,95,False,,1.3569016,0.0941523,-0.12704016,-0.11607691,-0.03805125,0.007611862,-0.07226664,37,27,0.6090706,45,45,0,0.007312466,7.2897735,0,0,1.0738988,0.17362647,0.14477298,0.14169252,0.18668321,-126.598656,-25.36501,30.365479,7.5092096,False,360,230.93761068119306,0.9728722,237.37714,19.77863,21,45.924255781909615,4.4915643,10.224557,21.183437,23,234.34513757137546,6.559218,35.727604,18.823256,1.2136152,0,1,0,0,0,2.3601818,1.404808,0.95537376,,,,,,,,,,,,,,,,,,,,,,,NOT_AVAILABLE,296.0262134830268,-2.8630710322955486,218.37630472568478,-57.24467412766015,False,False,0,False,False,False,False,False,False,False,False,2.4571062e-10,1.8085015e-10,0.99999684,,,,,,,,,,,,,,,,,,,,,,,0.011806869451248453,IN,3
599,1636148068921376768,Gaia DR3 5332606350771976832,5332606350771976832,585211766,2016.0,176.48162145706758,0.30957627,-64.84752161781196,0.26120803,0.5381643167393841,0.32990107,1.6312901,4.371753,-4.2497995849004635,0.41390988,1.0253930222213676,0.34966463,-0.12127693,-0.2122448,-0.01780107,0.15566143,0.113039695,0.20051607,0.061643288,-0.014749182,0.14768234,-0.03513447,306,0,305,1,0.10352933,317.167,0.0,0.0,95,False,,1.3443304,0.0867406,-0.023173785,-0.09310888,-0.017760431,-0.04412688,-0.07537805,36,26,0.5758221,44,15,0,0.013352637,132.92363,0,0,1.0031204,0.15641847,0.12153702,0.10700752,0.27023607,-156.45515,11.634999,22.681416,7.7235565,False,345,230.25709712230926,0.7669826,300.21164,19.781834,36,55.581231974568865,4.884839,11.378314,20.976221,34,238.20502063174308,4.9384685,48.234592,18.80552,1.2759053,0,1,0,0,0,2.170702,1.1943874,0.97631454,,,,,,,,,,,,,,,,,,,,,,,NOT_AVAILABLE,296.0401242490198,-2.8559999058451657,218.39088253905885,-57.231228108602345,False,False,0,False,False,False,False,False,False,False,False,1.9531174e-11,5.100359e-13,0.99999774,,,,,,,,,,,,,,,,,,,,,,,0.023225768883320074,IN,3
220,1636148068921376768,Gaia DR3 5332606625649997312,5332606625649997312,1105632061,2016.0,176.41564982119155,0.31735057,-64.8212112441068,0.294858,0.3783769831081982,0.35574436,1.0636204,5.909526,-5.904193821904865,0.40751657,-0.250976537085429,0.41075948,0.034369346,-0.05789927,0.10235723,0.24514772,0.20806539,0.20778146,0.08681464,-0.037142143,0.07392291,0.14211795,317,0,316,1,1.3123635,361.75998,0.99799454,1.078831,95,False,,1.3435762,0.090568066,-0.100321546,-0.12590833,-0.067231044,-0.011014626,-0.09433221,37,25,0.6137368,44,14,0,0.010146781,135.7648,0,0,1.0520723,0.20167224,0.13154915,0.25996542,0.23112275,-114.01611,-29.58303,28.37005,4.828651,False,348,229.58832286431075,0.8278048,277.34595,19.784992,20,71.55570156078062,8.834134,8.099911,20.701931,19,254.01598336926236,8.59858,29.541618,18.735743,1.4180672,0,0,0,0,0,1.9661884,0.9169388,1.0492496,,,,,,,,,,,,,,,,,,,,,,,NOT_AVAILABLE,296.0063088229788,-2.8375995101172538,218.31999550250424,-57.23392466469201,False,False,0,False,False,False,False,False,False,False,False,6.371805e-11,1.2873233e-10,0.9999935,,,,,,,,,,,,,,,,,,,,,,,0.021068852654816866,IN,3
201,1636148068921376768,Gaia DR3 5332606625651957760,5332606625651957760,187676838,2016.0,176.4130731560734,0.32357982,-64.82164018284776,0.3040593,0.567091698927748,0.37739035,1.5026661,1.668182,-1.6671871210815505,0.45495954,-0.05760340095024599,0.4270068,-0.0021396396,-0.1517145,0.17238481,0.21050696,0.26616,0.11328215,-0.00242615,-0.21383795,0.04843688,0.13592133,283,0,280,3,0.2055129,295.3738,0.0,0.0,95,False,,1.304955,0.09618612,-0.04212758,-0.17698242,-0.13210444,0.07286383,-0.035371356,33,22,0.6619599,40,17,0,0.014517896,111.574005,4,7,1.007572,0.15810786,0.1739712,0.25680274,0.20276444,-118.543724,-25.110088,24.129463,-0.50289357,False,321,226.74732009455371,1.0413544,217.7427,19.798512,19,195.26512251787094,22.196619,8.797066,19.61198,20,498.03231242831475,33.73816,14.761692,18.004751,3.0575771,0,13,0,13,0,1.6072292,-0.18653107,1.7937603,,,,,,,,,,,,,,,,,,,,,,,NOT_AVAILABLE,296.00535509245975,-2.8382911110248394,218.31920026732936,-57.23502031713819,False,False,0,False,False,False,False,False,False,False,False,2.1175557e-08,9.734642e-06,0.9999902,,,,,,,,,,,,,,,,,,,,,,,0.020979770604993998,IN,3
436,1636148068921376768,Gaia DR3 5332606419491310464,5332606419491310464,1440164165,2016.0,176.45313844354774,0.30471367,-64.85764729902047,0.28079948,0.5738853373852528,0.34529495,1.6620148,7.4728985,-7.4718318639994505,0.40528917,0.12625477991093276,0.3736899,-0.034364335,-0.14670485,0.08670746,0.22056726,0.16196251,0.23450795,0.00037075754,-0.033935376,0.19213676,0.038456872,297,0,296,1,1.3534832,340.48456,0.19109309,0.049164157,95,False,,1.3483571,0.0920266,-0.17385697,-0.114079446,-0.008644356,0.03647305,-0.041343935,35,26,0.5688365,41,15,0,0.019461367,166.45227,0,0,1.055553,0.1254672,0.12580776,0.14069289,0.13584486,-134.27208,-18.333189,22.927305,3.1413636,False,330,226.4755528486985,0.8159961,277.5449,19.799814,35,62.50543563986966,6.1286025,10.198971,20.848747,33,220.45269026186702,6.8881416,32.00467,18.889606,1.2493981,0,0,0,0,0,1.9591408,1.048933,0.91020775,,,,,,,,,,,,,,,,,,,,,,,NOT_AVAILABLE,296.03094432366294,-2.8688440086487805,218.38941266048602,-57.246988793468354,False,False,0,False,False,False,False,False,False,False,False,5.865372e-11,5.898278e-11,0.9999971,,,,,,,,,,,,,,,,,,,,,,,0.0191508060087856,IN,3
30,1636148068921376768,Gaia DR3 5332606453853161856,5332606453853161856,1653400433,2016.0,176.37685990932823,0.328894,-64.84777400248716,0.29031685,1.1345873274399463,0.36084706,3.1442335,13.678194,-13.664109168303204,0.42665297,-0.6205777485491354,0.42582986,-0.011511227,-0.06656318,0.17806518,0.25930128,0.1960817,0.164613,-0.004189506,-0.09045367,0.041616436,0.20433682,304,0,304,0,-0.6106775,304.47473,0.0,0.0,95,False,,1.2552662,0.08905831,-0.125382,-0.1910434,-0.13439523,0.021737486,-0.03521188,36,23,0.65585804,44,14,0,0.019470252,139.51067,0,0,0.97398126,0.19679463,0.15240477,0.17818539,0.22868466,-130.89433,-15.242631,25.75952,2.9877033,False,345,223.95200736089885,0.9009041,248.58585,19.81198,39,59.31091384238046,4.127383,14.370101,20.905706,38,238.34831713574857,5.1848407,45.97023,18.804865,1.3291206,0,3,0,1,0,2.1008415,1.0937271,1.0071144,,,,,,,,,,,,,,,,,,,,,,,NOT_AVAILABLE,295.99704520899394,-2.867466829316735,218.33531334515308,-57.26407409166643,False,False,0,False,False,False,False,False,False,False,False,4.3469083e-11,5.532436e-13,0.99999666,,,,,,,,,,,,,,,,,,,,,,,0.022962732750674467,IN,3
175,1636148068921376768,Gaia DR3 5332606625651949184,5332606625651949184,368626656,2016.0,176.40810388195925,0.3331987,-64.82304888637567,0.32324636,0.7882885789364174,0.39021775,2.020125,12.091808,-12.056685128449569,0.44898796,0.9209619697769401,0.51030785,0.011883321,-0.007918708,0.2255287,0.29769102,0.16467682,0.17436892,-0.11689676,-0.06541531,0.19218342,0.2045279,285,0,285,0,0.904953,328.30557,0.6032975,0.33928585,95,False,,1.2240726,0.09363964,-0.11227952,-0.12362044,-0.1443161,0.033908606,-0.08306599,33,23,0.75092447,42,13,0,0.018912032,78.793076,0,0,1.0373436,0.17511137,0.15315111,0.24129987,0.14848164,-101.73645,-34.04524,22.546307,2.301807,False,327,222.5535744649935,0.8955104,248.52148,19.81878,16,40.270484871028614,6.842722,5.8851557,21.326075,16,316.38936518637746,9.241461,34.23586,18.497341,1.6025797,0,16,0,16,0,2.8287334,1.5072937,1.3214397,,,,,,,,,,,,,,,,,,,,,,,NOT_AVAILABLE,296.003662799158,-2.8401876517965263,218.318455002324,-57.23752850974667,False,False,0,False,False,False,False,False,False,False,False,3.4034837e-11,6.237965e-11,0.9999944,,,,,,,,,,,,,,,,,,,,,,,0.020467689213957866,IN,3
248,1636148068921376768,Gaia DR3 5332606419491339392,5332606419491339392,105198076,2016.0,176.42114397365273,0.7667403,-64.8477936365855,0.378911,-0.7875748860337766,0.61145943,-1.2880248,8.444559,-8.132247602432386,1.0065676,-2.2753319157902925,0.47593856,-0.21447182,-0.11882947,0.18352926,0.16585936,0.47671452,0.34136346,0.23560004,0.52549785,0.20956236,-0.02293145,159,0,159,0,-0.68754214,146.64885,0.0,0.0,95,False,,1.4868156,0.14141573,-0.019902974,-0.0047058677,0.086018085,0.18671417,-0.014109191,18,14,1.4254589,23,7,1,0.017820809,92.58641,0,26,0.9588053,0.14462738,0.69331974,0.13018611,0.3359703,177.40773,4.9124846,18.086275,8.599249,False,195,220.30782791472438,1.0396152,211.91287,19.829792,0,,,,,0,,,,,,,,,,2,,,,,,,,,,,,,,,,,,,,,,,,,,NOT_AVAILABLE,296.01528490816196,-2.8627333717971992,218.35897428724496,-57.25027243577925,False,False,0,False,False,False,False,False,False,False,False,,,,,,,,,,,,,,,,,,,,,,,,,,0.007075151698875855,IN,3
375,1636148068921376768,Gaia DR3 5332606556930461312,5332606556930461312,718660272,2016.0,176.44121568610063,0.3567775,-64.83363966692578,0.3580144,0.015928232145828322,0.41087672,0.03876645,10.241492,-10.21187836813134,0.45581347,0.7782637195245699,0.47849372,0.12226659,-0.068216406,0.1979869,0.30477494,0.26212877,0.2878331,0.30366102,-0.06353496,0.24762443,0.17736614,281,0,280,1,2.350107,349.72324,1.2694147,1.5491456,95,False,,1.3542812,0.09788308,-0.12331857,-0.09657345,-0.06237697,0.034970712,-0.09187639,34,23,0.733509,41,13,0,0.017385311,118.673355,1,0,1.1007967,0.20188504,0.1313723,0.299294,0.2354112,-98.45819,-39.162975,28.0052,0.8039376,False,323,219.65653041986394,0.8895401,246.93271,19.833006,34,78.28649850361441,8.352959,9.372308,20.604324,34,251.53190397353407,8.822621,28.509884,18.746412,1.5015187,0,19,0,18,0,1.8579121,0.77131844,1.0865936,,,,,,,,,,,,,,,,,,,,,,,NOT_AVAILABLE,296.0199815120988,-2.8468857482811023,218.35049669993217,-57.234394496841716,False,False,0,False,False,False,False,False,False,False,False,7.18051e-11,6.43228e-11,0.99999565,,,,,,,,,,,,,,,,,,,,,,,0.00947592009168035,IN,3
594,1636148068921376768,Gaia DR3 5332606316412119680,5332606316412119680,561597833,2016.0,176.48112593068984,0.30238214,-64.85997200141276,0.28447875,0.33926193393377946,0.34546036,0.9820575,4.9244165,-4.602430289646164,0.41125855,1.751432210187167,0.3830862,-0.0797541,-0.12931693,0.08079899,0.15466623,0.16831872,0.1706525,0.08862947,-0.024400562,0.18285692,-0.0028360153,338,0,337,1,0.54659414,379.758,0.89062995,0.82850707,95,False,,1.210671,0.091543086,-0.15399617,-0.026049754,0.022982853,0.021241713,-0.07037989,40,26,0.5717701,46,15,0,0.015770271,10.243522,0,0,1.020305,0.16433562,0.038830705,0.11118261,0.2564555,-125.330055,-4.609737,30.065659,8.79621,False,367,217.85531421398423,0.76383024,285.2143,19.841946,23,70.80789740495052,8.782995,8.061931,20.713339,21,208.43417059135143,9.379501,22.22231,18.950474,1.2817776,2,0,0,0,0,1.7628651,0.8713932,0.89147186,,,,,,,,,,,,,,,,,,,,,,,NOT_AVAILABLE,296.04305247191576,-2.8681037596642946,218.40749565693417,-57.23984332259121,False,False,0,False,False,False,False,False,False,False,False,1.0539123e-10,3.1920205e-10,0.9999948,,,,,,,,,,,,,,,,,,,,,,,0.028883588064883992,IN,3
327,1636148068921376768,Gaia DR3 5332606522570608256,5332606522570608256,823007211,2016.0,176.4340710527342,0.3571393,-64.84457129673373,0.33370844,0.9095965067097901,0.3989412,2.2800264,10.516679,-10.26668424804194,0.44561574,2.279413551581018,0.45202452,0.1897824,0.18084931,0.19765277,0.40092698,0.3022148,0.35821572,0.17445043,0.11093619,0.2932607,0.1887754,277,0,276,1,0.5960668,298.37335,0.0,0.0,95,False,,1.3604302,0.09548788,-0.107930474,-0.10632292,-0.05940996,-0.008935851,-0.09521885,33,23,0.71244425,41,14,0,0.04019895,138.81607,0,0,1.0245152,0.15176967,0.16236894,0.22904776,0.1666167,-97.882996,-31.643183,27.407932,2.6540945,False,320,217.69335417831425,0.85638714,254.19969,19.842754,18,57.786574738119235,7.042636,8.205248,20.933975,17,257.8286506116932,7.005378,36.80439,18.719568,1.4498156,0,0,0,1,0,2.214407,1.0912209,1.1231861,,,,,,,,,,,,,,,,,,,,,,,NOT_AVAILABLE,296.0197955003206,-2.858230049693659,218.36150326180876,-57.24405128895381,False,False,0,False,False,False,False,False,False,False,False,1.4599989e-10,6.72889e-10,0.99999416,,,,,,,,,,,,,,,,,,,,,,,0.003776228881770375,IN,3
420,1636148068921376768,Gaia DR3 5332606522570618112,5332606522570618112,58996803,2016.0,176.4494292539737,0.32065183,-64.8464837249125,0.29882875,0.4991670636813661,0.36302993,1.3750025,7.796585,-7.357521247271456,0.41093403,-2.5794616597818356,0.40355545,0.03210367,0.07041568,0.102318674,0.27338126,0.21077102,0.23854186,0.0036531829,0.00097206363,0.1775832,0.038473915,302,0,299,3,-0.39687374,295.3175,0.0,0.0,95,False,,1.4857225,0.08987043,-0.100292414,-0.12158629,-0.031853046,0.009954198,-0.037300136,36,25,0.58636296,44,15,0,0.009837431,129.92424,0,0,0.982519,0.17511493,0.1291245,0.19369256,0.15799902,-116.93745,-24.21298,24.24649,5.5618,False,343,216.74067255272206,0.8379856,258.64487,19.847515,32,51.55191562116177,6.434766,8.011467,21.05793,40,222.555666108049,5.1388335,43.308598,18.8793,1.2646799,0,0,0,0,0,2.1786308,1.2104149,0.96821594,,,,,,,,,,,,,,,,,,,,,,,NOT_AVAILABLE,296.02660334968675,-2.8584366595492443,218.3722939847963,-57.24056079478673,False,False,0,False,False,False,False,False,False,False,False,1.08288324e-13,5.100564e-13,0.9999998,,,,,,,,,,,,,,,,,,,,,,,0.010062522473492786,IN,3
515,1636148068921376768,Gaia DR3 5332606728729282432,5332606728729282432,177645610,2016.0,176.46896605770755,0.32643098,-64.82398926753477,0.3055162,0.012393376183171517,0.36072716,0.034356646,5.8602147,-5.8478910877641335,0.40210533,0.37985068344914863,0.3944796,0.017912367,-0.07416553,-0.039075308,0.28362954,0.2178111,0.30337512,0.08423357,0.01268117,0.2015971,0.11962836,301,0,299,2,0.28998977,312.42163,0.0,0.0,95,False,,1.4657396,0.095273204,-0.12710229,-0.15757772,-0.045312736,-0.043871615,0.0024633107,36,26,0.5945409,43,16,0,0.02378389,59.668606,0,0,1.0108613,0.19134027,0.09963594,0.1892071,0.21533361,-142.08342,-36.087555,30.617311,5.9688416,False,341,215.9140612144728,0.8042837,268.4551,19.851665,36,58.693052435702704,4.083732,14.372405,20.917076,39,193.6759465424491,4.040868,47.929295,19.030207,1.16884,0,0,0,0,0,1.8868694,1.0654106,0.8214588,,,,,,,,,,,,,,,,,,,,,,,NOT_AVAILABLE,296.02898705654053,-2.8345756662709474,218.3522430850737,-57.21917789151971,False,False,0,False,False,False,False,False,False,False,False,4.3420892e-11,6.5794106e-11,0.9999923,,,,,,,,,,,,,,,,,,,,,,,0.024464857274104763,IN,3
243,1636148068921376768,Gaia DR3 5332606419491294208,5332606419491294208,1545557710,2016.0,176.4197897051279,0.5211447,-64.85317280659353,0.5025267,0.570044460994656,0.6131045,0.92976713,6.7645025,-6.6217825382848,0.6722194,1.3822056664872882,0.62479794,0.064195365,0.01980557,0.060935747,0.2420488,0.38975435,0.30528077,0.26565945,0.19409987,0.2938089,0.21713036,294,0,292,2,18.239347,1063.519,3.7677288,13.732857,95,False,,1.2375227,0.13718665,-0.064335875,-0.109392844,-0.13223308,-0.07339049,-0.11044417,35,24,1.0322196,42,14,2,0.05834503,137.55598,8,0,1.8511707,0.14183907,0.13308029,0.16776976,0.21599314,-143.27008,-25.689178,29.581785,6.8704906,False,316,214.59661858676,1.3846096,154.98709,19.858309,17,73.58433949375254,7.635859,9.636682,20.67158,16,318.54190453966675,9.949497,32.01588,18.489979,1.8272713,0,17,0,16,0,2.1816006,0.81327057,1.36833,,,,,,,,,,,,,,,,,,,,,,,NOT_AVAILABLE,296.0160854738667,-2.868083830839682,218.36554965933422,-57.25434862050352,False,False,0,False,False,False,False,False,False,False,False,6.500402e-08,3.016523e-08,0.99999696,,,,,,,,,,,,,,,,,,,,,,,0.012271233100985603,IN,3
525,1636148068921376768,Gaia DR3 5332606728729202048,5332606728729202048,319993085,2016.0,176.47056964148553,0.30543715,-64.83310224466645,0.31152022,0.6605394872770429,0.3695459,1.7874355,8.1444,-7.938065385355895,0.40046895,1.8216372161750507,0.3865587,0.045260593,-0.023307344,0.0538108,0.24310435,0.27485928,0.2513335,0.04674225,-0.04207743,0.22520712,0.0919945,311,0,308,3,-0.08787798,322.86215,0.0,0.0,95,False,,1.2469047,0.093365766,-0.15534371,-0.10419873,-0.045403767,-0.028997242,0.02736472,37,26,0.58018357,45,15,0,0.01643829,0.9679653,0,0,0.9953242,0.25203398,0.08578238,0.25372803,0.21242365,-126.42185,-43.042313,32.954075,8.057991,False,343,213.6564017270521,0.8044682,265.58713,19.863077,38,62.39055763778124,4.7413235,13.158891,20.850744,42,224.60004513996904,6.462481,34.75446,18.869371,1.3432343,0,23,0,27,0,1.9813728,0.9876671,0.99370575,,,,,,,,,,,,,,,,,,,,,,,NOT_AVAILABLE,296.03194215017913,-2.8432243879574615,218.36544377344484,-57.22487322854767,False,False,0,False,False,False,False,False,False,False,False,1.035657e-13,5.711307e-11,0.99999774,,,,,,,,,,,,,,,,,,,,,,,0.01963918756347985,IN,3
558,1636148068921376768,Gaia DR3 5332606213332833024,5332606213332833024,575446195,2016.0,176.4752501859297,0.36400512,-64.86600375894221,0.3094518,0.9780678537333528,0.39621878,2.4685047,7.6138406,-7.165948815571376,0.5148166,2.572887253705947,0.41587064,-0.028306002,-0.020055756,-0.08788656,0.1909081,0.10186204,0.19431646,0.033749208,-0.117545575,0.11783548,0.03486028,344,0,340,4,7.6080813,617.0508,1.8559893,3.5618126,95,False,,1.2450058,0.103835806,-0.09161097,-0.06035901,0.062924,-0.08162265,-0.08818281,40,27,0.71680135,47,16,0,0.032000173,15.686404,1,0,1.3072753,0.1577661,0.11601033,0.1374851,0.19393061,-127.70304,-8.4632635,26.155327,6.5663786,False,373,213.30132904945685,0.7896062,270.13632,19.864883,16,82.77539626421546,5.420226,15.271576,20.543789,13,290.64878470361526,6.3633823,45.675205,18.589474,1.7506884,0,16,0,13,0,1.9543152,0.6789055,1.2754097,,,,,,,,,,,,,,,,,,,,,,,NOT_AVAILABLE,296.04215140852864,-2.874569195355132,218.41254141043325,-57.24577273926732,False,False,0,False,False,False,False,False,False,False,False,9.879643e-10,1.3494257e-08,0.99999446,,,,,,,,,,,,,,,,,,,,,,,0.03143906953973261,IN,3
520,1636148068921376768,Gaia DR3 5332606763089057152,5332606763089057152,1602190339,2016.0,176.46954729455345,0.3207447,-64.82059710380548,0.31889507,-0.2587317443485683,0.3690917,-0.70099586,9.217029,-9.095466179750385,0.40057915,1.4920139058467212,0.4153895,0.103964545,-0.008111349,0.110744864,0.30682755,0.27854255,0.30967703,0.20274659,0.02928403,0.21535595,0.2102431,313,0,311,2,-0.039234158,330.17188,0.0,0.0,95,False,,1.230532,0.09190836,-0.13122612,-0.12362084,-0.09004571,-0.053113025,-0.01409377,36,25,0.6424129,43,14,0,0.021973498,121.98001,0,0,0.99731976,0.23971806,0.1282471,0.20067757,0.22141446,-103.26074,-35.660416,30.957918,6.6033363,False,353,211.18019622927045,0.8311639,254.07768,19.875734,20,68.0268233398212,5.390363,12.620082,20.756842,20,256.5643186719416,5.230472,49.051846,18.724905,1.537034,0,7,0,8,0,2.0319366,0.88110733,1.1508293,,,,,,,,,,,,,,,,,,,,,,,NOT_AVAILABLE,296.0283727025151,-2.8312303097505147,218.34795970017777,-57.216690091579004,False,False,0,False,False,False,False,False,False,False,False,1.10539196e-13,6.396928e-11,0.99999344,,,,,,,,,,,,,,,,,,,,,,,0.027157023486609908,IN,3
97,1636148068921376768,Gaia DR3 5332606453853175936,5332606453853175936,658586662,2016.0,176.39282388894117,0.32266262,-64.85451083961948,0.3140185,0.19654941352228522,0.38161436,0.51504725,5.040753,-4.983237761591237,0.45938137,0.7592977181520071,0.4384757,-0.048443776,-0.09164656,-0.038895097,0.16502607,0.24061213,0.18418573,0.00728364,0.028947994,0.050710313,0.07437741,311,0,310,1,-0.31822917,327.189,0.6840998,0.44572744,95,False,,1.2021862,0.09921179,-0.081414685,-0.15653224,-0.104699224,-0.09321813,-0.01221338,37,27,0.6501361,45,15,0,0.016951887,11.774287,0,0,0.98603034,0.13720876,0.098207414,0.0810783,0.2452419,-128.42429,-21.80283,24.57524,5.223887,False,353,210.29197117288194,0.8539816,246.24883,19.88031,31,47.94680529941189,5.865162,8.174848,21.136642,37,235.22595477847585,5.1924706,45.301357,18.819183,1.3465695,0,0,0,0,0,2.317459,1.2563324,1.0611267,,,,,,,,,,,,,,,,,,,,,,,NOT_AVAILABLE,296.0053220866745,-2.872270562964037,218.35297754239633,-57.2636682301874,False,False,0,False,False,False,False,False,False,False,False,3.950062e-11,5.0981024e-13,0.9999979,,,,,,,,,,,,,,,,,,,,,,,0.0200764989328381,IN,3
338,1636148068921376768,Gaia DR3 5332606934887718144,5332606934887718144,268026503,2016.0,176.43556090392337,0.37459517,-64.8170026361338,0.35531226,-0.7400731248892658,0.43436685,-1.7037975,5.7402735,-5.376790468198277,0.44915184,2.010189980418397,0.45462403,-0.011896582,-0.11880489,0.020395515,0.24611692,0.29615116,0.2035319,-0.040650252,-0.052434042,0.09999125,0.11302038,321,0,317,4,2.4286938,396.084,1.8897854,3.3291748,95,False,,1.3187526,0.10224377,-0.094223894,-0.11017155,-0.07339215,-0.03757772,-0.06150834,37,24,0.6657931,43,16,0,0.015929198,131.93135,0,0,1.0978397,0.19919994,0.12914267,0.24917533,0.16513674,-95.325035,-35.37823,26.129925,7.435716,False,358,209.27704373585092,0.83768183,249.8288,19.885563,36,51.17408218330248,3.931517,13.016371,21.065918,36,235.56698071688274,4.008407,58.768227,18.81761,1.3701506,0,0,0,0,0,2.2483082,1.1803551,1.0679531,,,,,,,,,,,,,,,,,,,,,,,NOT_AVAILABLE,296.01345470785384,-2.8313911616207736,218.324931427608,-57.22485028347524,False,False,0,False,False,False,False,False,False,False,False,1.4077192e-13,6.2422664e-11,0.99999416,,,,,,,,,,,,,,,,,,,,,,,0.024683342727981485,IN,3
626,1636148068921376768,Gaia DR3 5332606350771996544,5332606350771996544,639404086,2016.0,176.48599146156894,0.345053,-64.84589803369215,0.29632342,0.17541737432608331,0.37200645,0.4715439,7.3270245,-6.836714005592791,0.46368316,2.6352666432473675,0.4068915,0.01168203,-0.086480215,0.17133163,0.202708,0.17811254,0.19652614,0.15628378,-0.036222298,0.15704057,0.049692567,315,0,313,2,0.97041947,352.10895,1.1257086,1.1762959,95,False,,1.2840713,0.09285579,-0.0915267,-0.031024959,-0.015059247,0.036279883,-0.11486917,37,25,0.65256554,44,12,0,0.019368641,111.528755,0,0,1.0383178,0.20647788,0.1502167,0.2744727,0.24106342,-118.20401,-6.723335,26.474155,7.592861,False,339,208.35399230249902,0.82584405,252.29218,19.890362,33,38.39376517991257,4.2477536,9.038605,21.37789,35,225.83387790664614,5.2720146,42.836353,18.863422,1.2681669,0,0,0,1,1,2.5144672,1.4875278,1.0269394,,,,,,,,,,,,,,,,,,,,,,,NOT_AVAILABLE,296.04151594426605,-2.85396175152851,218.3910146823293,-57.22876214674166,False,False,0,False,False,False,False,False,False,False,False,1.8982085e-11,5.096569e-13,0.99999964,,,,,,,,,,,,,,,,,,,,,,,0.024686567317636233,IN,3
286,1636148068921376768,Gaia DR3 5332606380830569216,5332606380830569216,380094842,2016.0,176.42701181079732,0.3367219,-64.86072209739706,0.32366908,0.13627895082219613,0.39307746,0.34669745,1.9139538,-1.9116612230419083,0.48980224,0.09365034976679192,0.4234442,-0.016867483,0.032589883,-0.02993504,0.18641204,0.15508687,0.1796886,-0.011367908,-0.104328774,0.055500608,0.048260536,273,0,269,4,-1.035776,265.73846,0.6375736,0.47026873,95,False,,1.1962632,0.1048731,-0.16391452,-0.10539618,0.024848865,-0.036389645,-0.050989717,32,24,0.68267924,40,13,0,0.033776663,108.209625,0,0,0.95393175,0.10194999,0.11466464,0.21450056,0.21972014,-159.37198,-18.353867,22.318699,2.5100381,False,312,207.7584200362102,0.832087,249.68355,19.89347,31,39.85618470121899,5.1134377,7.794401,21.337303,35,264.60405829872246,5.0512385,52.383995,18.691404,1.4654531,0,0,0,0,0,2.6458988,1.4438324,1.2020664,,,,,,,,,,,,,,,,,,,,,,,NOT_AVAILABLE,296.02096442609906,-2.874615538477845,218.37964696305642,-57.25722364046731,False,False,0,False,False,False,False,False,False,False,False,1.2660592e-13,5.0999087e-13,0.9999927,,,,,,,,,,,,,,,,,,,,,,,0.01921796559888283,IN,3
35,1636148068921376768,Gaia DR3 5332600578335606400,5332600578335606400,1060462436,2016.0,176.37873269362157,0.35106713,-64.86230574401594,0.32195312,-1.1415611809607922,0.39469805,-2.892239,5.8711057,-5.817381857993888,0.47437915,-0.792432365368701,0.43427792,-0.05118863,-0.033002537,-0.028079446,0.20315695,0.15489106,0.21824293,0.052857354,0.008301468,0.15067118,-0.025849637,326,0,325,1,1.6813692,391.50143,1.4867994,1.9737978,95,False,,1.2456203,0.10618846,-0.21652988,-0.041615635,-0.006775309,-0.011419339,-0.014595794,38,27,0.66151434,47,16,0,0.028026924,176.40466,0,0,1.0662315,0.10721884,0.11010999,0.062083784,0.2621557,-101.949,-10.040208,23.329626,4.367976,False,361,206.6660137495659,0.850829,242.8996,19.899195,14,48.32953585078019,7.9933634,6.046208,21.12801,14,210.98168510811465,10.4739275,20.143513,18.937284,1.2547357,0,0,0,1,1,2.1907253,1.2288151,0.96191025,,,,,,,,,,,,,,,,,,,,,,,NOT_AVAILABLE,296.0014945707681,-2.8813253182579763,218.35604479976618,-57.27335590446431,False,False,0,False,False,False,False,False,False,False,False,4.416194e-10,6.250909e-10,0.99999833,,,,,,,,,,,,,,,,,,,,,,,0.02975631123560032,IN,3
551,1636148068921376768,Gaia DR3 5332606728731225728,5332606728731225728,1763615744,2016.0,176.4738340578567,0.34336257,-64.82776041839409,0.34786883,0.07579255752842756,0.4135468,0.18327445,5.5761504,-5.517550511864802,0.4421723,-0.8062799851045175,0.46609515,0.009119596,-0.0012102118,-0.06579678,0.21652853,0.24541545,0.17867798,-0.07577938,-0.0940151,0.12862767,0.14092776,315,0,313,2,1.1477624,391.19485,1.557368,2.1957664,95,False,,1.028524,0.101517975,-0.1199414,-0.1110335,-0.0694104,-0.028334197,0.036971733,37,24,0.6759261,43,15,0,0.031075861,133.85703,0,0,1.0455735,0.2782087,0.10244723,0.16872787,0.22759452,-112.939255,-40.72389,31.603298,5.2802577,False,345,206.2126662495851,0.8932921,230.84572,19.901579,38,54.49006186216423,5.726218,9.51589,20.99775,40,303.2012452000219,7.204343,42.0859,18.543568,1.7345749,0,0,0,0,1,2.4541817,1.0961704,1.3580112,,,,,,,,,,,,,,,,,,,,,,,NOT_AVAILABLE,296.03194297962636,-2.837705091971598,218.3599511023544,-57.22022346668163,False,False,0,False,False,False,False,False,False,False,False,2.0962204e-11,5.106227e-13,0.9999985,,,,,,,,,,,,,,,,,,,,,,,0.023567328892337792,IN,3
370,1636148068921376768,Gaia DR3 5332606522570595200,5332606522570595200,42507306,2016.0,176.440867084087,0.33419162,-64.84741347746647,0.30913207,0.3707726255761715,0.3746226,0.989723,5.8887362,-5.526422505509195,0.4427576,2.033683338895789,0.408094,0.076631315,0.034837276,0.09829171,0.284274,0.18411388,0.26388222,0.12047335,-0.049928755,0.14999315,0.10320934,303,0,303,0,-0.39538515,317.46198,0.3054451,0.07826586,95,False,,1.201232,0.09469454,-0.14058334,-0.12697159,-0.042204358,-0.017203484,-0.05789238,36,25,0.63842195,44,14,0,0.027299402,140.77275,0,0,0.98270506,0.17822026,0.14920701,0.21014573,0.19631559,-123.88372,-24.562166,27.686916,3.0275517,False,338,205.8228040144732,0.8359255,246.22145,19.903633,32,51.09912181567582,5.6794133,8.997253,21.067509,40,274.79985593748,6.4085345,42.880295,18.650354,1.5833958,0,0,0,0,0,2.4171543,1.1638756,1.2532787,,,,,,,,,,,,,,,,,,,,,,,NOT_AVAILABLE,296.0233113909781,-2.860252842536912,218.36898495558572,-57.24386272330427,False,False,0,False,False,False,False,False,False,False,False,1.05931716e-13,5.098173e-13,0.9999989,,,,,,,,,,,,,,,,,,,,,,,0.00780257464795899,IN,3
572,1636148068921376768,Gaia DR3 5332606350772027904,5332606350772027904,530086088,2016.0,176.4785394694921,0.3500188,-64.84125623717722,0.29101557,0.22430643466591207,0.37708738,0.5948394,9.756117,-9.483986532522572,0.45190766,2.2881885353898146,0.40332457,0.006613316,0.069638155,0.07192917,0.23964219,0.15843503,0.21013337,0.11263031,-0.002423262,0.22377817,-0.00085895514,294,0,294,0,1.4500968,341.56583,0.0,0.0,95,False,,1.31669,0.09986155,-0.08069042,-0.03984408,0.107862964,0.0325021,-0.03815695,35,24,0.62922704,42,13,0,0.017500484,140.85498,0,0,1.0598449,0.17279206,0.14998862,0.22763701,0.25037768,-144.5197,-6.295713,27.237522,9.3161745,False,334,203.07142495650473,0.7780879,260.98776,19.918245,32,49.85681187242109,5.1873126,9.611299,21.09423,36,213.76340739770214,5.941605,35.977383,18.923061,1.298165,0,1,0,0,0,2.1711693,1.1759853,0.99518394,,,,,,,,,,,,,,,,,,,,,,,NOT_AVAILABLE,296.03727827570077,-2.8502647665661054,218.3807469628047,-57.22793057280086,False,False,0,False,False,False,False,False,False,False,False,4.035415e-11,5.1082755e-13,0.99999887,,,,,,,,,,,,,,,,,,,,,,,0.021130928680933258,IN,3
133,1636148068921376768,Gaia DR3 5332600578335613952,5332600578335613952,938156593,2016.0,176.40055349458274,0.3414248,-64.865772758067,0.3619504,0.33281437882270437,0.42359832,0.7856839,6.5804987,-6.541906128767819,0.4649963,0.7116362153943355,0.50792694,0.038714036,-0.0026536204,0.14819449,0.3092862,0.28019363,0.2948775,0.041768674,0.05200848,0.26576284,0.13563287,298,0,298,0,0.8771324,345.31412,0.8460187,0.5630006,95,False,,1.2054566,0.105065614,-0.20129405,-0.1193789,-0.113422155,-0.033335738,-0.107691534,35,24,0.7431022,43,14,1,0.01164969,114.78085,0,0,1.0353596,0.1168504,0.108180806,0.273145,0.18577246,-82.1451,-41.65172,22.675707,0.42180663,False,343,200.90976882303076,0.8076554,248.75679,19.929865,29,29.672459401056965,2.6688914,11.117897,21.657658,39,234.99158833286774,5.9445944,39.530296,18.820265,1.317328,0,0,0,1,0,2.8373928,1.7277927,1.1096001,,,,,,,,,,,,,,,,,,,,,,,NOT_AVAILABLE,296.0113510384776,-2.8823381959807555,218.37239130748964,-57.268903876780115,False,False,0,False,False,False,False,False,False,False,False,1.0489356e-13,5.0978644e-13,0.99999624,,,,,,,,,,,,,,,,,,,,,,,0.02706775577150365,IN,3
55,1636148068921376768,Gaia DR3 5332606625649978368,5332606625649978368,886519258,2016.0,176.38248231775205,0.32602695,-64.81732585192714,0.3155425,0.7322654939484814,0.3756971,1.9490848,5.88896,-5.296101302129361,0.4364845,2.5751035990145783,0.45957568,-0.0066992766,-0.006891657,0.03846692,0.24496825,0.13844217,0.22256124,0.06886708,-0.07618891,0.08957675,0.05064162,318,0,317,1,-0.8663845,332.44427,0.22176167,0.04192817,95,False,,1.0587639,0.09925924,-0.10990308,-0.14468406,-0.11251925,-0.016244704,0.032048624,37,25,0.64961606,43,14,0,0.025516171,152.62726,1,0,0.9644039,0.1795664,0.062554955,0.20996606,0.2743612,-105.604355,-29.937588,23.758574,5.86226,False,358,200.6944237090993,0.8050684,249.28867,19.931028,29,54.59981966677358,4.8709135,11.209359,20.995564,33,210.66929170586965,6.237699,33.77356,18.938892,1.3217562,0,1,0,0,0,2.0566711,1.0645351,0.992136,,,,,,,,,,,,,,,,,,,,,,,NOT_AVAILABLE,295.99165512555936,-2.8374031340942674,218.29700663507177,-57.24163678627799,False,False,0,False,False,False,False,False,False,False,False,5.900877e-11,5.1009517e-13,0.9999966,,,,,,,,,,,,,,,,,,,,,,,0.031209957720013934,IN,3
353,1636148068921376768,Gaia DR3 5332606556930521344,5332606556930521344,506665902,2016.0,176.43765773153874,0.3547746,-64.82536651353277,0.32667357,-0.22973936377113804,0.38938376,-0.59000754,14.204909,-13.395546730760364,0.44951504,-4.726391204317205,0.4299828,-0.040860314,-0.084054366,-0.0478515,0.2484017,0.18961328,0.23568298,0.006255156,0.0238423,0.12478765,0.0134793725,291,0,289,2,0.7574339,316.25186,0.58527726,0.2970978,95,False,,1.3510985,0.10472075,-0.124893054,-0.14226873,-0.018050114,0.044649873,-0.08896667,35,25,0.6283663,40,14,0,0.054639876,142.67946,0,0,1.0308156,0.25568673,0.09569634,0.23313309,0.2289041,-103.42314,-20.201647,29.283504,7.863839,False,323,199.88443139008393,0.8446806,236.63907,19.93542,35,72.28089518480672,5.174215,13.969442,20.690983,33,212.87816112170125,6.5693755,32.404625,18.927568,1.4266196,0,18,0,18,0,1.7634144,0.75556374,1.0078506,,,,,,,,,,,,,,,,,,,,,,,NOT_AVAILABLE,296.0164287684213,-2.839260524082322,218.33738405579064,-57.2298815207225,False,False,0,False,False,False,False,False,False,False,False,1.7209387e-10,2.6734626e-10,0.99999124,,,,,,,,,,,,,,,,,,,,,,,0.016582986408315348,IN,3
308,1636148068921376768,Gaia DR3 5332606556932488960,5332606556932488960,1033085747,2016.0,176.43042828313276,0.3539875,-64.83099226063197,0.36039686,1.1337984485911388,0.4267779,2.6566474,5.5639324,-5.561622454334088,0.4838134,0.16031641833993157,0.51049095,0.0047142757,0.0035648523,-0.023799244,0.2188355,0.28082693,0.145385,-0.13805763,-0.11072623,0.022535942,0.115385145,313,0,311,2,1.5107379,383.2786,1.4949821,1.8680934,95,False,,1.1755348,0.10782153,-0.13586645,-0.1688413,-0.06996632,-0.00022970626,-0.009843254,37,23,0.73313695,44,14,0,0.030723443,176.51062,0,0,1.0606726,0.25752613,0.11642945,0.27353296,0.20282006,-105.99628,-31.560232,26.895178,3.9224546,False,344,199.25903347832244,0.8033736,248.02786,19.938822,35,50.03410574612083,4.496266,11.127924,21.090378,34,220.7097800543675,4.978591,44.331776,18.888342,1.3587533,0,0,0,1,0,2.202036,1.151556,1.0504799,,,,,,,,,,,,,,,,,,,,,,,NOT_AVAILABLE,296.01486864629925,-2.845479546533293,218.34114734656652,-57.23596064338904,False,False,0,False,False,False,False,False,False,False,False,2.2314785e-11,1.8427053e-10,0.99999523,,,,,,,,,,,,,,,,,,,,,,,0.010549240084671539,IN,3
98,1636148068921376768,Gaia DR3 5332606586988996224,5332606586988996224,1158289036,2016.0,176.39287396707218,0.34182474,-64.82937877015627,0.314523,-0.17367697955784014,0.38945165,-0.4459526,4.1667094,-4.075652578599322,0.44466275,0.8663271810116466,0.42021248,-0.008492081,-0.18143058,-0.015782392,0.21628408,0.20148581,0.23217657,0.11175216,-0.03909242,0.13645968,0.08343909,328,0,327,1,-0.27021715,343.711,0.0,0.0,95,False,,1.2167428,0.098475814,-0.048342727,-0.14510418,-0.11342999,-0.0073893555,-0.069569714,39,26,0.6344698,48,16,0,0.019064449,129.43024,0,0,0.9883198,0.15531571,0.13162212,0.20977546,0.23449358,-111.51921,-29.743696,29.264164,5.8827553,False,364,198.32809135086623,0.9010101,220.1175,19.943907,23,35.135187580755094,5.0939527,6.897431,21.474186,43,269.09770490003626,5.5687594,48.32274,18.67312,1.5339879,0,0,0,1,0,2.8010654,1.5302792,1.2707863,,,,,,,,,,,,,,,,,,,,,,,NOT_AVAILABLE,295.99898673728575,-2.8479480497614573,218.31890273548865,-57.246582614196264,False,False,0,False,False,False,False,False,False,False,False,2.7574349e-13,5.557603e-11,0.9999987,,,,,,,,,,,,,,,,,,,,,,,0.019526163602018497,IN,3
635,1636148068921376768,Gaia DR3 5332606316412127488,5332606316412127488,1190661134,2016.0,176.48742783200734,0.3943418,-64.86044121791333,0.33460277,-0.23556222789070072,0.43587145,-0.54043967,5.6111197,0.774349404262331,0.51938677,-5.557431818998504,0.45483834,-0.13013136,-0.26376837,0.14882454,0.15238392,0.22822635,0.13482964,0.057756852,-0.15358882,0.1278684,-0.011176754,304,0,303,1,2.9077952,391.40146,1.6711972,2.4728527,95,False,,1.3823568,0.106451154,-0.09039024,-0.010767952,0.0068953424,-0.018447733,-0.11638142,36,22,0.72473395,42,13,0,0.017080672,70.29963,1,0,1.1204842,0.16004431,0.14419082,0.17735064,0.19754104,-112.776474,3.6783423,21.285727,7.2262683,False,327,198.1107554376156,0.9430689,210.07028,19.945097,33,83.02918098838161,6.9335523,11.974984,20.540464,35,325.00290929439865,9.257157,35.108284,18.468178,2.059616,0,33,0,35,0,2.0722866,0.59536743,1.4769192,,,,,,,,,,,,,,,,,,,,,,,NOT_AVAILABLE,296.04576511207154,-2.867885339853428,218.4114935103259,-57.23819787886155,False,False,0,False,False,False,False,False,False,False,False,2.2988344e-11,2.0405544e-09,0.9999966,,,,,,,,,,,,,,,,,,,,,,,0.03127272782114484,IN,3
94,1636148068921376768,Gaia DR3 5332606488212947584,5332606488212947584,29081517,2016.0,176.39240527565303,0.36256337,-64.83859225066325,0.36293557,-0.31042659164296227,0.43391407,-0.7154103,9.263006,-9.15798493699331,0.48925143,1.3908946623107168,0.53575045,-0.019439952,-0.13390867,0.110535115,0.23169434,0.2646354,0.122030854,-0.04183237,-0.18087006,-0.059474565,0.12769258,269,0,268,1,0.99227154,297.90976,0.7763782,0.51029897,95,False,,1.407454,0.10923055,-0.12131814,-0.19064987,-0.06313844,0.03784667,0.0008335511,32,21,0.7700711,39,12,0,0.014772313,45.56824,0,0,1.042369,0.26763275,0.08981224,0.343543,0.23506196,-126.97729,-34.974754,26.635443,0.7939615,False,302,195.79278130767167,0.8814211,222.13309,19.957874,29,52.765721695377714,5.0558677,10.436531,21.032663,35,226.3810517336925,6.833465,33.128296,18.860796,1.4257256,0,14,0,14,0,2.1718674,1.074789,1.0970783,,,,,,,,,,,,,,,,,,,,,,,NOT_AVAILABLE,296.00112376712383,-2.8569131130416636,218.3311505415396,-57.25298783604532,False,False,0,False,False,False,False,False,False,False,False,2.1187066e-11,2.3203568e-10,0.9999977,,,,,,,,,,,,,,,,,,,,,,,0.01576356373026766,IN,3
446,1636148068921376768,Gaia DR3 5332606522573342592,5332606522573342592,368729748,2016.0,176.45443771189778,0.47432804,-64.84377244893795,0.57868385,0.44498983116119273,0.6414354,0.6937407,8.540441,-7.787222692917253,0.55798817,3.5068912075311944,0.7055462,-0.107438475,0.10746975,-0.10332347,0.3224886,0.4665123,0.14630014,-0.41022024,-0.06756793,0.033671,0.034263324,211,0,211,0,1.9326903,259.6008,1.6423563,1.6409441,95,False,,1.3394315,0.12929572,-0.14350061,-0.01926436,0.010206947,0.039752875,-0.04721293,25,17,1.0275272,34,22,1,0.010213869,9.193604,2,6,1.0952749,0.34452826,0.06448453,0.11747533,0.29926264,-104.887,86.49869,48.16526,5.956206,False,248,195.6661547522495,1.5376532,127.24986,19.958578,15,216.87747754084458,53.956116,4.019516,19.498007,15,298.60194240051874,19.40499,15.387896,18.560163,2.6344843,0,0,0,0,0,0.9378433,-0.4605713,1.3984146,,,,,,,,,,,,,,,,,,,,,,,NOT_AVAILABLE,296.0279830046706,-2.8552768129229955,218.37129138876867,-57.237156533121016,False,False,0,False,False,False,False,False,False,False,False,4.5751844e-10,2.0838125e-07,0.99999946,,,,,,,,,,,,,,,,,,,,,,,0.011113201408563284,IN,3
300,1636148068921376768,Gaia DR3 5332606419491335424,5332606419491335424,521990982,2016.0,176.4286401919906,0.45960864,-64.84974589070202,0.43129483,-0.3310843308296603,0.5299767,-0.62471485,6.2786303,-6.27461924699452,0.602899,0.22439381731229072,0.5517305,0.08939616,-0.14103639,0.0033626924,0.27624708,0.34400707,0.37389576,0.19913371,0.2351406,0.23541367,0.26088408,268,0,266,2,1.399678,341.34128,1.9931709,3.1659532,95,False,,1.0021776,0.12413504,-0.09892818,-0.13723606,-0.12940988,-0.081105895,-0.08617051,31,23,0.9310332,39,12,0,0.07365851,130.4053,0,0,1.0606959,0.19762003,0.16892885,0.31770462,0.13465005,-103.34792,-32.81986,28.570261,9.715699,False,279,195.41897191119878,1.1347991,172.20578,19.95995,32,58.04059487969724,4.76241,12.187231,20.929213,31,253.5771824322575,6.17309,41.077835,18.73762,1.5946138,0,32,0,31,0,2.1915932,0.9692631,1.2223301,,,,,,,,,,,,,,,,,,,,,,,NOT_AVAILABLE,296.0188646095271,-2.8638193506528884,218.36562317959317,-57.249260546602315,False,False,0,False,False,False,False,False,False,False,False,1.2284021e-10,6.860123e-10,0.99999505,,,,,,,,,,,,,,,,,,,,,,,0.008226509579449221,IN,3
100,1636148068921376768,Gaia DR3 5332600578335639680,5332600578335639680,1635601081,2016.0,176.3932023129286,0.34169814,-64.8611789747175,0.34133792,0.38735900806863716,0.39969534,0.96913564,5.513567,-4.8986701304176306,0.478818,2.5303064111928317,0.45444754,-0.017341405,-0.10266383,-0.059168734,0.23930448,0.1594102,0.2891198,-0.030984275,0.11769018,0.18866359,0.057093117,292,0,291,1,0.19900523,330.77805,0.0,0.0,95,False,,1.0730683,0.10906428,-0.21596898,-0.1571417,0.0060773664,-0.04452578,-0.0604383,35,26,0.67925984,44,15,0,0.01907016,20.819134,0,0,1.0071744,0.11780275,0.12471819,0.14489444,0.14571586,-110.035866,-31.503536,26.107592,8.691823,False,337,195.3234555916334,0.8587835,227.44203,19.960482,16,59.552123496327766,8.181635,7.278756,20.901299,15,247.30905418583183,7.195185,34.371464,18.764795,1.5710411,0,0,0,0,0,2.1365032,0.9408169,1.1956863,,,,,,,,,,,,,,,,,,,,,,,NOT_AVAILABLE,296.0071642684358,-2.878681864108703,218.36223265466276,-57.26807772289302,False,False,0,False,False,False,False,False,False,False,False,1.8728612e-11,5.5690143e-11,0.9999991,,,,,,,,,,,,,,,,,,,,,,,0.02481585876248506,IN,3
448,1636148068921376768,Gaia DR3 5332606522570601216,5332606522570601216,1230535917,2016.0,176.4546790009832,0.33971742,-64.84924967120679,0.32931864,0.2626684452835522,0.40279797,0.6521097,5.0714426,-5.037721493541494,0.49118322,-0.5838615012459458,0.44680157,-0.009247172,-0.030810364,-0.03623458,0.2244012,0.15607284,0.2674459,0.014227761,0.07136456,0.25944397,0.043491233,313,0,310,3,0.30604157,328.71213,0.7180537,0.41250497,95,False,,1.3006868,0.103446,-0.10851165,-0.11562634,-0.050674226,-0.07539957,-0.07100758,37,27,0.68983954,44,15,0,0.019780118,137.61952,0,0,1.0113364,0.17024702,0.10925815,0.17218499,0.18283066,-112.91835,-30.709955,27.4112,6.5689626,False,349,191.16557434407693,0.8088975,236.32857,19.983843,18,61.45746665905896,6.7624526,9.088044,20.867105,19,182.58605012368912,7.9400773,22.9955,19.094227,1.2766081,0,0,0,1,0,1.7728786,0.88326263,0.889616,,,,,,,,,,,,,,,,,,,,,,,NOT_AVAILABLE,296.02946253796074,-2.8605519342579133,218.37884616945433,-57.240803091075975,False,False,0,False,False,False,False,False,False,False,False,1.5643181e-10,2.0269952e-10,0.9999936,,,,,,,,,,,,,,,,,,,,,,,0.013431234768691703,IN,3
269,1636148068921376768,Gaia DR3 5332606556930528768,5332606556930528768,333850903,2016.0,176.4244905936491,0.34618694,-64.82196250960035,0.35944888,0.3656363179551178,0.41762164,0.8755205,7.8891845,-7.842818695242144,0.4753128,0.8540637736297473,0.4738893,0.01021382,0.048830412,0.094200484,0.2416796,0.22634567,0.2384969,0.08726281,0.015618083,0.19675542,0.017191198,287,0,287,0,0.65803957,311.78714,0.7407139,0.42581248,95,False,,1.3222424,0.10728009,-0.15658098,-0.13699082,-0.02133687,-0.060226705,-0.075259306,33,23,0.6769585,39,12,0,0.022965739,128.91066,0,0,1.0266888,0.26591673,0.022776129,0.23725724,0.31628367,-107.46512,-56.816364,30.60403,8.999332,False,334,190.99602539736716,0.8577193,222.67894,19.984806,31,41.33300315651608,4.711441,8.772901,21.2978,31,239.95571172898389,8.647906,27.747261,18.797567,1.4727464,0,20,0,20,0,2.5002327,1.312994,1.1872387,,,,,,,,,,,,,,,,,,,,,,,NOT_AVAILABLE,296.0101426210978,-2.8373780068551815,218.32573697114043,-57.23167635728997,False,False,0,False,False,False,False,False,False,False,False,1.13196995e-13,2.3038571e-10,0.9999977,,,,,,,,,,,,,,,,,,,,,,,0.01964450631246416,IN,3
322,1636148068921376768,Gaia DR3 5332606556960354688,5332606556960354688,223548881,2016.0,176.43283796803013,0.3887207,-64.83155238685525,0.35786188,-0.6842512004231466,0.44161677,-1.549423,7.2256956,-7.200596666578316,0.4890276,0.6017360444090715,0.47236606,-0.026210472,-0.14257704,0.1311978,0.21998553,0.24786331,0.17273472,0.010769986,-0.12917627,0.12455332,0.038026,304,0,303,1,2.152518,369.67377,1.439057,1.5415069,95,False,,1.3873127,0.107862,-0.06513508,-0.12728336,-0.07337436,0.027535306,-0.06741009,36,24,0.6914325,44,44,0,0.013802054,114.60799,0,0,1.0884517,0.23417176,0.12736486,0.24014784,0.1475199,-110.53431,-22.682922,26.494257,4.4807096,False,343,190.3130676297852,0.79447806,239.54477,19.988695,31,51.420880293438636,4.463328,11.520749,21.060694,37,193.90804584123256,5.6518917,34.30852,19.028906,1.2890809,0,0,0,0,0,2.0317879,1.0719986,0.9597893,,,,,,,,,,,,,,,,,,,,,,,NOT_AVAILABLE,296.0160029290619,-2.8457633381369094,218.34319351584912,-57.23558951757454,False,False,0,False,False,False,False,False,False,False,False,2.3193865e-11,6.1062926e-11,0.9999953,,,,,,,,,,,,,,,,,,,,,,,0.010111478024398981,IN,3
178,1636148068921376768,Gaia DR3 5332606453850963328,5332606453850963328,281564085,2016.0,176.40863052227164,0.34302747,-64.85796698433285,0.3879071,0.9174667149641181,0.40642095,2.2574296,8.660957,-7.6739215411815795,0.4885721,4.015359843003844,0.5300598,0.100802734,0.037562523,0.23945943,0.26352012,0.17964391,0.29502508,0.28547767,0.12059238,0.12206641,0.14791977,285,0,285,0,-1.1721442,269.17383,0.0,0.0,95,False,,1.2617155,0.1032848,-0.24073881,-0.12490399,-0.085067816,-0.09640327,-0.045167133,34,23,0.7896806,41,11,0,0.019871162,141.3593,0,0,0.94961727,0.22815391,0.06711953,0.22937183,0.25689617,-89.485916,-50.995384,28.165455,4.452396,False,329,190.06367205443024,0.83908325,226.51347,19.99012,36,63.838843030054434,5.3780093,11.870348,20.82583,34,173.1331632866547,5.6773214,30.495571,19.151945,1.2468033,0,0,0,0,0,1.6738853,0.8357105,0.8381748,,,,,,,,,,,,,,,,,,,,,,,NOT_AVAILABLE,296.0127024678173,-2.8739191075309534,218.36610214018233,-57.26108487920556,False,False,0,False,False,False,False,False,False,False,False,1.4657513e-10,5.172891e-13,0.9999986,,,,,,,,,,,,,,,,,,,,,,,0.018554391188817246,IN,3
377,1636148068921376768,Gaia DR3 5332606419516412800,5332606419516412800,1590423230,2016.0,176.44153222228545,0.79608196,-64.85656368220552,0.8564517,-4.157389073003219,1.0044374,-4.1390224,8.476861,-3.1303031588195043,1.0255184,7.877713533829327,1.0174383,0.0710424,-0.11790735,0.1701938,0.27302793,0.3322663,0.23957945,0.032358807,-0.09912221,0.1287173,0.13585274,249,0,246,3,24.928795,1451.8274,6.860154,39.348175,95,False,,1.1819514,0.20206894,-0.08603123,-0.087019935,-0.06766313,-0.034474183,-0.1285772,30,21,1.540133,40,13,1,0.058700103,30.118544,2,5,2.3301954,0.195162,0.114250086,0.16120593,0.12098365,-114.951,-43.670948,23.79726,-8.484946,False,296,189.4752871714234,1.5110152,125.39601,19.993484,29,69.44209733252049,7.520317,9.2339325,20.734486,28,353.9716175509611,10.810338,32.743805,18.375475,2.2346647,0,29,0,28,0,2.3590107,0.7410011,1.6180096,,,,,,,,,,,,,,,,,,,,,,,NOT_AVAILABLE,296.02589280089944,-2.8690368682413214,218.38175082422333,-57.24987147291918,False,False,0,False,False,False,False,False,False,False,False,8.010892e-10,8.505119e-10,0.99997795,,,,,,,,,,,,,,,,,,,,,,,0.015981999741820713,IN,3
486,1636148068921376768,Gaia DR3 5332606316412148224,5332606316412148224,1369834810,2016.0,176.46231750706244,0.36622813,-64.85371164535698,0.35542506,1.0806738191326866,0.42529324,2.5410087,9.070529,-9.04748021434656,0.5056919,0.6462203327026279,0.47223175,-0.016057542,-0.091028444,0.10586319,0.24124683,0.20259714,0.23494662,-0.020483196,-0.040250577,0.11342421,0.045670994,309,0,309,0,3.1196218,406.61023,1.4334167,1.6379067,95,False,,1.3106588,0.107319556,-0.10916532,-0.124366395,-0.04584799,-0.009114935,-0.044303857,36,25,0.7122649,43,13,0,0.01030423,155.30125,0,0,1.1282206,0.19275251,0.10369449,0.19572456,0.1583415,-115.73759,-20.844225,26.979975,2.4657228,False,345,188.21945839670988,0.806397,233.40793,20.000706,18,47.448233762138486,7.410947,6.4024525,21.147991,18,194.91718528978637,10.37639,18.784681,19.02327,1.2876747,0,1,0,1,0,2.1247215,1.1472855,0.97743607,,,,,,,,,,,,,,,,,,,,,,,NOT_AVAILABLE,296.0337322135129,-2.864053612241249,218.38897250831175,-57.24145308432168,False,False,0,False,False,False,False,False,False,False,False,1.1694132e-10,1.3424241e-10,0.99999297,,,,,,,,,,,,,,,,,,,,,,,0.018738273412398015,IN,3
390,1636148068921376768,Gaia DR3 5332606934887658624,5332606934887658624,318369523,2016.0,176.4438217491501,0.37784767,-64.82450731185737,0.364,-0.24375010485793613,0.42966673,-0.5673004,9.868004,-9.259140265735164,0.49215963,3.4125983710168963,0.48412177,0.051917028,-0.0065715867,0.046725832,0.2648736,0.19770822,0.2849693,0.21853743,0.08211807,0.214569,0.09189466,278,0,276,2,0.042914927,287.20343,0.0,0.0,95,False,,1.2792531,0.11413002,-0.1457488,-0.062967725,-0.09480213,0.015266898,-0.02117877,33,24,0.7279588,38,10,0,0.01654608,143.39732,0,0,1.0006123,0.22984394,0.12109485,0.2929421,0.22909552,-104.17687,-28.939556,28.361162,5.2760997,False,303,187.6460923851673,0.869054,215.91994,20.004019,28,51.557057570731715,6.619257,7.7889495,21.057821,35,220.2691151582882,5.172848,42.581787,18.89051,1.4486109,0,1,0,0,0,2.1673107,1.0538025,1.1135082,,,,,,,,,,,,,,,,,,,,,,,NOT_AVAILABLE,296.01875276473476,-2.8377686008943823,218.3395125878474,-57.22737431093767,False,False,0,False,False,False,False,False,False,False,False,9.2153174e-11,6.0468665e-11,0.99999654,,,,,,,,,,,,,,,,,,,,,,,0.01816661657958041,IN,3
114,1636148068921376768,Gaia DR3 5332606483908418944,5332606483908418944,268112442,2016.0,176.39641511153877,0.37057358,-64.84013677880903,0.35013568,0.6465409625575548,0.42854363,1.5086935,5.0216327,-4.959354958452832,0.49034935,0.7884103789108877,0.47357404,-0.002673498,-0.04777316,0.083028585,0.25765648,0.25073472,0.21676911,-0.027841406,-0.061857753,0.11833182,0.08797154,310,0,309,1,1.6417915,380.8081,1.1389711,1.3416622,95,False,,1.1992973,0.10228388,-0.11615338,-0.106704004,-0.06160322,-0.032058634,-0.06663022,37,25,0.7053108,44,14,0,0.021021929,152.59909,0,0,1.066305,0.1656964,0.12401227,0.22682734,0.18187523,-113.32508,-21.026985,23.786728,4.7635403,False,351,186.88746993604656,0.86703366,215.54811,20.008417,24,37.026097854053994,6.495126,5.7005973,21.417273,37,272.99386859098024,7.284984,37.473503,18.657513,1.658859,0,0,0,0,0,2.75976,1.4088554,1.3509045,,,,,,,,,,,,,,,,,,,,,,,NOT_AVAILABLE,296.0031659407424,-2.85797699372128,218.33538681410602,-57.25278580958881,False,False,0,False,False,False,False,False,False,False,False,1.1460265e-13,5.096624e-13,0.99999946,,,,,,,,,,,,,,,,,,,,,,,0.013853375351352162,IN,3
278,1636148068921376768,Gaia DR3 5332606419493494528,5332606419493494528,1797894251,2016.0,176.42535453052548,0.474458,-64.85601657356747,0.51096594,0.057746091951844575,0.6173883,0.09353285,10.195768,-10.190231546067883,0.6663673,0.3359736159799689,0.6793977,0.0065480256,-0.049269672,0.1970896,0.21651998,0.3166058,0.10111772,-0.110045835,-0.20708773,-0.017554194,0.13963255,282,0,280,2,10.391014,664.7022,3.3498113,9.546764,95,False,,1.1771582,0.12958793,-0.06157734,-0.10776802,-0.06127686,-0.010018711,0.002094454,33,23,1.0063647,40,12,0,0.12614726,77.21237,3,0,1.4738734,0.22125496,0.095624894,0.18887357,0.18024704,-107.233154,-36.03174,25.26684,-1.0793059,False,309,186.4521913152011,1.8970336,98.28619,20.010948,34,67.0379596912161,5.5828543,12.007829,20.77274,36,361.0022127658687,7.0070515,51.519848,18.35412,2.29571,0,34,0,36,0,2.4186192,0.7617912,1.6568279,,,,,,,,,,,,,,,,,,,,,,,NOT_AVAILABLE,296.0190944782525,-2.8702394902422905,218.37237746041535,-57.25454461138655,False,False,0,False,False,False,False,False,False,False,False,1.2102597e-09,1.1405429e-08,0.99999285,,,,,,,,,,,,,,,,,,,,,,,0.014572173542380459,IN,3
479,1636148068921376768,Gaia DR3 5332606728729304704,5332606728729304704,987247013,2016.0,176.46124570748853,0.33438632,-64.8199789368271,0.34211865,-0.2001253268587638,0.39908993,-0.50145423,5.350893,-1.8703959065871192,0.4368114,5.0133498637345415,0.4626314,0.002388187,0.0020469523,0.0086532915,0.28788373,0.13582815,0.28107935,-0.08799613,-0.057153523,0.2144945,0.064737454,306,0,304,2,0.18959677,317.24948,0.0,0.0,95,False,,1.3722812,0.101199046,-0.13083754,-0.1331534,-0.04168903,-0.08350363,0.01999398,36,24,0.6582863,40,15,0,0.00980957,8.967897,0,0,1.006655,0.29316577,0.120230064,0.30190623,0.15519264,-101.874374,-47.00113,28.862036,10.201523,False,332,185.0846220940338,0.76624,241.54915,20.018942,30,45.589214408231,4.4130516,10.330542,21.191387,33,185.93885479317993,4.83394,38.46528,19.07447,1.2509309,0,4,0,5,0,2.1169167,1.1724453,0.94447136,,,,,,,,,,,,,,,,,,,,,,,NOT_AVAILABLE,296.0247944087263,-2.8315203040191275,218.3426870698773,-57.21885962153797,False,False,0,False,False,False,False,False,False,False,False,1.8763512e-11,5.097878e-13,0.99999887,,,,,,,,,,,,,,,,,,,,,,,0.02557288364971348,IN,3
102,1636148068921376768,Gaia DR3 5332606591292172288,5332606591292172288,1204259902,2016.0,176.39373599062682,0.42135224,-64.83427258340883,0.39178,0.21002316450457262,0.47935185,0.4381399,15.234148,-15.076613335280465,0.5613355,2.185174470835486,0.60719615,-0.020478051,-0.12933059,-0.0155446315,0.2323215,0.21030799,0.1654351,-0.052350122,-0.10670728,-0.10299439,0.15611546,298,0,295,3,1.9008499,352.89346,1.734862,1.8806314,95,False,,1.4030303,0.120170295,-0.056284666,-0.14986223,-0.106779695,-0.022856465,0.025299314,35,22,0.88152134,42,14,0,0.008475215,83.06674,0,0,1.0789146,0.25128686,0.133677,0.23580424,0.21331617,-93.403366,-29.557352,23.783827,0.85847604,False,328,183.90582469710256,0.75126594,244.79457,20.025879,35,42.98097827847108,5.7748537,7.4427824,21.255352,35,231.34748299856764,5.483203,42.19203,18.837234,1.4916791,0,0,0,0,0,2.4181175,1.2294731,1.1886444,,,,,,,,,,,,,,,,,,,,,,,NOT_AVAILABLE,296.0005794937614,-2.852590592413918,218.3260009486181,-57.2496382742709,False,False,0,False,False,False,False,False,False,False,False,1.0627832e-10,4.4687234e-10,0.99999034,,,,,,,,,,,,,,,,,,,,,,,0.01659130248828184,IN,3
41,1636148068921376768,Gaia DR3 5332600578335636608,5332600578335636608,1276217008,2016.0,176.37938542608183,0.36143863,-64.85892265662149,0.3538739,1.2501372780163615,0.41222066,3.0326896,8.776392,7.289370894924165,0.49302045,-4.887753426024583,0.4706471,0.093605176,0.011375137,0.13589016,0.2888314,0.15157525,0.28273562,0.15142839,-0.047423027,0.14774984,0.09989927,305,0,303,2,0.40608472,344.26852,0.73646,0.45360985,95,False,,1.1393962,0.10581971,-0.21957281,-0.15183498,-0.019041035,-0.057397768,-0.08511022,36,24,0.7206194,42,12,0,0.012122769,155.1426,0,0,1.0155797,0.2316763,0.13850835,0.27470458,0.20974332,-111.60647,-24.654215,29.15977,3.1320026,False,335,183.78220655246767,0.8676042,211.82724,20.026608,7,18.730369527823587,5.072671,3.6924078,22.157177,13,227.19673600200738,10.730139,21.1737,18.85689,1.3381443,0,0,0,0,0,3.3002872,2.1305695,1.1697178,,,,,,,,,,,,,,,,,,,,,,,NOT_AVAILABLE,296.0009068795689,-2.877982016957287,218.35179832743322,-57.270855659965534,False,False,0,False,False,False,False,False,False,False,False,5.853224e-11,5.098411e-13,0.99999535,,,,,,,,,,,,,,,,,,,,,,,0.027286663593067154,IN,3
253,1636148068921376768,Gaia DR3 5332606522570683776,5332606522570683776,949323611,2016.0,176.42187747914394,0.36671194,-64.83439341940071,0.36004785,0.6553734278199539,0.43308643,1.5132624,5.5450497,-3.85659415183657,0.47853193,-3.9842511143016806,0.47277626,0.01406886,-0.052087747,-0.06200702,0.2422638,0.2298591,0.21924435,-0.004555928,-0.035519306,0.15338553,0.01261297,313,0,313,0,1.4211403,359.52704,1.2811236,1.2712338,95,False,,1.4019786,0.111018024,-0.20267008,-0.13174653,0.010626028,0.024146449,-0.09120046,36,23,0.6688317,44,16,0,0.027073935,147.84586,0,0,1.0567912,0.24204303,0.12587492,0.3366238,0.19645423,-97.2841,-34.003532,25.227205,6.052788,False,358,183.15106633291552,0.8158316,224.49617,20.030344,19,54.06773211937164,9.705259,5.5709724,21.006197,19,172.91432182903316,4.3839407,39.44267,19.153318,1.239316,0,0,0,0,0,1.8528786,0.97585297,0.8770256,,,,,,,,,,,,,,,,,,,,,,,NOT_AVAILABLE,296.01220384696103,-2.8496875412490765,218.34119201881612,-57.240939625694615,False,False,0,False,False,False,False,False,False,False,False,1.3327646e-10,1.2990868e-10,0.99999434,,,,,,,,,,,,,,,,,,,,,,,0.007716503115558027,IN,3
91,1636148068921376768,Gaia DR3 5332606453851022336,5332606453851022336,496648182,2016.0,176.39171658484742,0.39488345,-64.8489169446441,0.34108886,0.07837821684092036,0.4346634,0.18031935,8.153061,-7.513926093742622,0.4840423,3.164383095085518,0.48601758,-0.018348563,0.18424892,0.15410385,0.21565914,0.121261984,0.18525288,0.033409745,0.042589396,0.1051926,-0.012089963,283,0,283,0,-0.7011065,273.47928,0.0,0.0,95,False,,1.3556467,0.10887712,-0.13349795,-0.07053905,-0.03809074,-0.041750636,0.03583248,34,21,0.68241805,41,13,0,0.028907217,138.07715,0,0,0.9691701,0.20610845,0.15532297,0.19199653,0.22923326,-88.184586,-4.7785764,19.840546,7.3101206,False,330,182.38613096636465,0.892217,204.41904,20.034887,35,57.15379619733451,4.849603,11.785253,20.945929,37,166.74139281165722,4.3546157,38.290726,19.192787,1.2275889,0,0,0,0,0,1.7531414,0.91104126,0.84210014,,,,,,,,,,,,,,,,,,,,,,,NOT_AVAILABLE,296.0034514279572,-2.866976935021518,218.34479354814235,-57.26021503986573,False,False,0,False,False,False,False,False,False,False,False,9.592073e-11,5.837744e-11,0.9999987,,,,,,,,,,,,,,,,,,,,,,,0.01742691779511925,IN,3
529,1636148068921376768,Gaia DR3 5332606213332852480,5332606213332852480,219225211,2016.0,176.47124357657685,0.38442516,-64.86436040984897,0.369574,1.0783013777143116,0.4420722,2.4391973,3.2435732,-3.1044020952401246,0.52336544,0.9399222956548876,0.5227265,-0.07527354,-0.12006368,0.046420496,0.23443028,0.03020969,0.23722787,-0.15686859,-0.08539416,0.18176672,-0.026186977,315,0,314,1,2.1229432,382.1558,1.779479,2.3701081,95,False,,1.3377203,0.11820735,-0.13057737,-0.093449585,0.030443417,-0.018541139,-0.053957853,37,26,0.7462216,42,15,0,0.018749602,148.59358,0,0,1.0856314,0.1687348,0.040748596,0.17583978,0.13789928,-120.9176,-19.987907,23.98101,8.849112,False,328,180.58007932286046,0.722356,249.98764,20.045692,36,56.351876973972985,5.2292624,10.7762575,20.961271,36,201.45730543210465,6.237579,32.297356,18.987438,1.4276724,0,13,0,12,0,1.9738331,0.91557884,1.0582542,,,,,,,,,,,,,,,,,,,,,,,NOT_AVAILABLE,296.04008853657274,-2.8734064413237848,218.40817564623063,-57.2459051654708,False,False,0,False,False,False,False,False,False,False,False,1.0364907e-10,7.5094686e-10,0.99999434,,,,,,,,,,,,,,,,,,,,,,,0.029093105137238975,IN,3
603,1636148068921376768,Gaia DR3 5332606728729267328,5332606728729267328,1634589200,2016.0,176.48202674660678,0.37247446,-64.82787922165319,0.41302794,0.5133170801778881,0.45809937,1.1205366,5.7530103,-5.500498262481529,0.49597013,1.6857180253677488,0.5938334,-0.07961654,0.05655047,0.00087894767,0.23262857,0.049152855,0.20781575,-0.12788147,-0.074227445,0.17399728,-0.06770852,275,0,272,3,1.89559,349.2576,1.3335233,1.3549094,95,False,,1.1459254,0.12143793,-0.16845417,-0.026807552,-0.08898631,0.0013807983,-0.036614943,33,24,0.8359225,39,12,2,0.018044446,163.85518,1,10,1.0820131,0.34429318,0.07924589,0.26454514,0.26183608,-96.69988,-77.10916,29.866488,8.867685,False,305,180.5089208531953,0.98048985,184.10075,20.04612,28,86.02011030942678,5.788599,14.860264,20.502043,29,289.46281869750004,11.033315,26.235346,18.593914,2.080135,0,28,0,29,0,1.9081287,0.45592308,1.4522057,,,,,,,,,,,,,,,,,,,,,,,NOT_AVAILABLE,296.0353498521435,-2.836944335239948,218.36448798040365,-57.21774895885696,False,False,0,False,False,False,False,False,False,False,False,1.9158239e-10,4.5461963e-09,0.9999929,,,,,,,,,,,,,,,,,,,,,,,0.026412384120020147,IN,3
17,1636148068921376768,Gaia DR3 5332609541926493440,5332609541926493440,1189062845,2016.0,176.37342173618276,0.44249704,-64.82531806229456,0.4094189,0.6776730411566315,0.4940119,1.3717747,5.4065695,-5.349167091383776,0.63357097,-0.7857508981713717,0.670051,0.07911172,0.012066371,0.22123227,0.3330941,0.28132647,0.25197855,0.07075236,0.012397083,0.076803036,0.2607048,284,0,284,0,2.645596,362.3273,1.653038,1.6714565,95,False,,1.3490072,0.12173694,-0.085508145,-0.20351896,-0.14137657,-0.0046526664,-0.011024256,33,22,1.0322235,40,11,0,0.014908171,178.93161,0,0,1.113028,0.17170534,0.14728634,0.25768435,0.24388668,-122.465004,-24.827349,25.1399,2.6141608,False,320,177.7580047200696,0.8456468,210.20361,20.062794,32,40.26173293818259,4.5905824,8.770507,21.326311,38,230.47916287897766,5.5195847,41.756615,18.841316,1.5230869,0,1,0,1,0,2.484995,1.2635174,1.2214775,,,,,,,,,,,,,,,,,,,,,,,NOT_AVAILABLE,295.98994395754124,-2.8461102391044877,218.30300477945693,-57.249895306202845,False,False,0,False,False,False,False,False,False,False,False,1.11984254e-13,5.108788e-13,0.99997866,,,,,,,,,,,,,,,,,,,,,,,0.028598068626438655,IN,3
361,1636148068921376768,Gaia DR3 5332606556930459008,5332606556930459008,1572684698,2016.0,176.4391698483593,0.35950473,-64.8335505902345,0.36966866,0.4954795092469841,0.4356217,1.1374078,5.5739274,-5.125364070793025,0.53442377,2.1907326060102794,0.51365346,0.010738524,-0.09488932,0.16994876,0.19121002,0.18348745,0.17472416,0.11660072,-0.18291934,0.17341375,-0.058097467,272,0,272,0,0.7600575,297.6079,0.0,0.0,95,False,,1.4012462,0.111318134,-0.12548193,-0.12270331,-0.057359133,0.046261117,-0.062107388,32,21,0.75515896,39,11,0,0.0011110672,147.77313,0,0,1.0318664,0.23493747,0.062641844,0.37612322,0.27489358,-101.535995,-38.12073,24.318277,0.39104146,False,317,177.7016879791255,0.85655993,207.45972,20.063137,17,56.20392908203968,7.2601337,7.7414455,20.964125,18,185.1558280084638,5.1477494,35.968307,19.079052,1.35823,0,1,0,0,0,1.8850727,0.9009876,0.9840851,,,,,,,,,,,,,,,,,,,,,,,NOT_AVAILABLE,296.0191160671444,-2.8470186755142755,218.34928347198164,-57.23497216096069,False,False,0,False,False,False,False,False,False,False,False,7.605069e-11,5.716002e-11,0.9999987,,,,,,,,,,,,,,,,,,,,,,,0.00909977453318203,IN,3
53,1636148068921376768,Gaia DR3 5332600578335584768,5332600578335584768,951450328,2016.0,176.38226658785445,0.47877592,-64.86512059333013,0.5344562,1.1095640782062264,0.58287877,1.9035933,6.846627,-6.750748106055199,0.65917206,1.1417983698372922,0.6760108,0.19995902,0.14172924,0.15888272,0.31177083,0.33978462,0.29534912,0.13573052,0.016196163,0.13268939,0.100746386,270,0,266,4,6.121193,448.653,2.5855024,4.429388,95,False,,1.3052616,0.13441162,-0.2306234,-0.17156403,-0.052565254,-0.092066355,-0.114908785,32,20,1.0035492,37,10,1,0.020826567,111.383736,0,27,1.2787135,0.28083798,0.10279436,0.23210928,0.27207386,-101.56714,-29.839556,27.828993,-0.3339956,False,296,177.11307105181336,1.2398899,142.84581,20.06674,0,,,,,0,,,,,,,,,,2,,,,,,,,,,,,,,,,,,,,,,,,,,NOT_AVAILABLE,296.00366119467157,-2.8836693099256534,218.36175287982476,-57.274164417401174,False,False,0,False,False,False,False,False,False,False,False,,,,,,,,,,,,,,,,,,,,,,,,,,0.03080001420187079,IN,3
8,1636148068921376768,Gaia DR3 5332609443148360320,5332609443148360320,98676753,2016.0,176.37202609960144,0.36680192,-64.8335351728562,0.3554941,0.1772146248792397,0.42276862,0.41917637,8.417415,-7.800474956874472,0.51271814,3.163141968976282,0.5340067,0.0128826685,0.0006964765,0.08699758,0.20797268,0.10395459,0.20011547,0.084036954,-0.06115703,0.014046614,0.009634575,315,0,311,4,0.69639784,336.41376,0.9081237,0.59117377,95,False,,1.549375,0.10935741,-0.16025096,-0.113863714,-0.10319612,-0.03500111,0.046047006,37,23,0.74545723,44,12,0,0.037386872,143.83902,0,0,1.0272255,0.24629518,0.0958831,0.26281515,0.2588422,-96.859,-18.69019,25.385696,4.79929,False,355,176.7663328932121,0.794877,222.382,20.068869,39,51.62069034450915,4.277566,12.067772,21.056482,41,179.10004970901164,4.910735,36.471127,19.115156,1.3052301,0,0,0,0,0,1.9413261,0.9876137,0.95371246,,,,,,,,,,,,,,,,,,,,,,,NOT_AVAILABLE,295.991449520141,-2.8542103708472624,218.3134075341595,-57.255912621192024,False,False,0,False,False,False,False,False,False,False,False,5.9398444e-11,5.106259e-13,0.9999975,,,,,,,,,,,,,,,,,,,,,,,0.02544118748270632,IN,3
422,1636148068921376768,Gaia DR3 5332606522572755072,5332606522572755072,6782921,2016.0,176.44988214412214,0.42141992,-64.84448172362424,0.4228114,0.8736477787853628,0.51575583,1.6939175,4.258637,-4.204159447173382,0.5486513,0.6789925107738182,0.6097833,0.035595298,0.0718448,-0.036976784,0.19461784,0.2548945,0.1282369,-0.12673008,-0.12676488,-0.010657474,0.069332145,288,0,286,2,5.0897756,439.46185,2.0832763,5.6555963,95,False,,1.3821774,0.123805344,-0.103066735,-0.13556352,-0.03415213,-0.0045534824,0.025203548,34,23,0.85596275,40,14,1,0.00033547656,83.47843,0,25,1.2213446,0.22092064,0.12320824,0.14149857,0.1944533,-111.856865,-35.968193,27.022882,7.8277955,False,303,176.50006317650863,0.8885773,198.6322,20.070505,0,,,,,0,,,,,,,,,,2,,,,,,,,,,,,,,,,,,,,,,,,,,NOT_AVAILABLE,296.02628527678536,-2.8564506714510403,218.3698213014971,-57.23905921304252,False,False,0,False,False,False,False,False,False,False,False,,,,,,,,,,,,,,,,,,,,,,,,,,0.009423376925251832,IN,3
138,1636148068921376768,Gaia DR3 5332606453881127808,5332606453881127808,935663941,2016.0,176.4013999776419,0.3351254,-64.85732809599807,0.3509088,0.10298522265380505,0.40206468,0.25614092,7.158238,-6.472748456611221,0.49063444,3.056778489374863,0.46240562,0.022008568,0.0016805264,0.1110844,0.20383623,0.13506109,0.23293285,0.096744426,0.007595355,0.12298313,0.0057628066,334,0,331,3,0.38770822,369.2668,0.0,0.0,95,False,,1.2041254,0.10753774,-0.18443342,-0.09097991,-0.06886269,-0.061430562,-0.018296711,39,27,0.68696886,45,45,0,0.004905828,3.2610157,0,0,1.014215,0.14409316,0.08814964,0.12531415,0.25100923,-105.36075,-44.03234,24.838226,1.7205344,False,367,174.18199652815915,0.80409694,216.61815,20.084858,38,43.80970541396894,3.923461,11.166087,21.234617,35,163.79916698066853,5.135123,31.89781,19.212116,1.1919078,0,1,0,2,0,2.022501,1.1497593,0.8727417,,,,,,,,,,,,,,,,,,,,,,,NOT_AVAILABLE,296.0095646984802,-2.874076316115442,218.36137750747113,-57.26290618576623,False,False,0,False,False,False,False,False,False,False,False,2.1543248e-11,5.1083947e-13,0.99999714,,,,,,,,,,,,,,,,,,,,,,,0.01964396778847786,IN,3
484,1636148068921376768,Gaia DR3 5332606350772074496,5332606350772074496,105636215,2016.0,176.46204869922673,0.4049845,-64.8324994595203,0.39825207,0.3413654069135671,0.48748574,0.70025724,5.4139986,-5.4019543181405965,0.49876288,0.3609334126660272,0.5668795,-0.015192963,-0.09797098,0.15217902,0.24299762,0.31217816,0.21990107,0.1313663,-0.03690387,0.30400494,0.06331686,262,0,260,2,0.18399781,270.40762,0.0,0.0,95,False,,1.4139836,0.11342379,-0.11063479,-0.1338739,-0.04126394,0.0072493395,-0.030659301,32,21,0.8088883,39,12,0,0.010298561,51.50967,0,7,1.0068591,0.2177481,0.051940996,0.31647775,0.23410784,-113.621605,-50.108765,25.061617,5.722245,False,304,173.77458925961875,0.7484249,232.18707,20.0874,0,,,,,2,177.88961507233523,16.31574,10.902945,19.122519,,,,0,0,1,,,0.9648819,,,,,,,,,,,,,,,,,,,,,,,NOT_AVAILABLE,296.0282788825893,-2.843552276074109,218.36007669547485,-57.22712111649599,False,False,0,False,False,False,False,False,False,False,False,4.8387955e-10,5.9892924e-10,0.9999973,,,,,,,,,,,,,,,,,,,,,,,0.016756119046026745,IN,3
493,1636148068921376768,Gaia DR3 5332606350772071936,5332606350772071936,1416653214,2016.0,176.46375257070412,0.37294644,-64.83303191687439,0.37178448,-0.3853067629917051,0.44463494,-0.8665688,6.194442,-6.155563104627205,0.49831203,-0.6929287604800792,0.49876007,-0.05555551,-0.07710932,0.047185637,0.18960504,0.21967553,0.17057091,0.0039083995,-0.12899643,0.19124007,-0.04551897,276,0,276,0,0.0342926,285.10223,0.643169,0.31588936,95,False,,1.3366182,0.1190113,-0.11390071,-0.14936723,0.008434057,-0.035252605,-0.0033410804,33,22,0.7113437,39,11,0,0.0060916385,164.97488,0,0,1.0002412,0.29005384,0.023897333,0.3033173,0.23489942,-122.113914,-28.982187,29.928148,8.660113,False,321,173.38854492385892,0.77453476,223.86154,20.089815,24,61.18460218293557,5.4124794,11.304358,20.871937,26,174.69463109657968,10.7862015,16.196121,19.142197,1.3604084,0,13,0,15,0,1.7297401,0.78212166,0.9476185,,,,,,,,,,,,,,,,,,,,,,,NOT_AVAILABLE,296.0291151400247,-2.8438853501430095,218.3617080476274,-57.22695161290357,False,False,0,False,False,False,False,False,False,False,False,9.6797445e-11,1.7423142e-10,0.99999887,,,,,,,,,,,,,,,,,,,,,,,0.017100474460487403,IN,3
38,1636148068921376768,Gaia DR3 5332606488210793600,5332606488210793600,1075708828,2016.0,176.37924324979136,0.41038755,-64.8425929664922,0.35898778,-0.16791595237965498,0.43927455,-0.38225743,4.2075477,-4.198753497586829,0.54760504,0.2718946233772681,0.5208203,0.019850185,-0.07795397,0.14842021,0.28842738,0.17621033,0.27453718,0.09617524,-0.024303194,0.16948098,0.1013201,299,0,299,0,0.9439297,348.93948,0.40015674,0.09216924,95,False,,1.2017214,0.10920622,-0.12890223,-0.14192782,-0.06645897,-0.02844862,-0.022868097,36,22,0.79664236,43,13,0,0.0052344473,25.781067,0,0,1.0380936,0.20298924,0.17784631,0.19241908,0.19493161,-92.12019,-13.786072,25.197716,4.925958,False,345,171.55513109934373,0.73648864,232.93655,20.101358,38,41.95852285484391,4.7886486,8.76208,21.281492,40,183.23882206042086,5.0164824,36.52735,19.090351,1.312682,0,0,0,1,0,2.1911411,1.1801338,1.0110073,,,,,,,,,,,,,,,,,,,,,,,NOT_AVAILABLE,295.9967151481092,-2.8621979784890614,218.3295528570771,-57.25981210053711,False,False,0,False,False,False,False,False,False,False,False,3.7199913e-11,5.0974367e-13,0.99999964,,,,,,,,,,,,,,,,,,,,,,,0.02111084686362969,IN,3
65,1636148068921376768,Gaia DR3 5332600578337896320,5332600578337896320,10070703,2016.0,176.38547137534667,0.3562835,-64.85813148253408,0.37886417,-0.17730407406344656,0.43969068,-0.40324727,5.5075364,-5.415661700444604,0.5024937,-1.0017808238953076,0.5375441,-0.024379777,-0.05302753,0.117502466,0.22448593,0.26580283,0.17501664,-0.13024475,-0.042921647,0.029345395,0.10736737,299,0,297,2,-0.7419116,288.4306,0.0,0.0,95,False,,1.3415488,0.110495485,-0.17392014,-0.13420913,-0.06777229,-0.028823027,0.0055726096,36,23,0.76945585,42,13,0,0.03142057,162.84273,0,0,0.9682715,0.21899492,0.08273246,0.23862046,0.1862854,-121.81258,-30.079763,28.667212,4.883801,False,331,171.39003011641375,0.7933959,216.02083,20.102404,34,35.36822302506157,4.5573936,7.7606254,21.467009,34,167.9214712150941,6.19394,27.110605,19.18513,1.1861233,0,0,0,0,0,2.2818794,1.364605,0.9172745,,,,,,,,,,,,,,,,,,,,,,,NOT_AVAILABLE,296.0032115129692,-2.876563016210397,218.35397059775624,-57.26842008486335,False,False,0,False,False,False,False,False,False,False,False,5.067652e-11,5.10014e-13,0.99999887,,,,,,,,,,,,,,,,,,,,,,,0.024811955388720712,IN,3
628,1636148068921376768,Gaia DR3 5332606763089064832,5332606763089064832,1559100398,2016.0,176.4861506438596,0.43054968,-64.82304032883168,0.3748188,0.14738120419732761,0.4628628,0.3184123,8.036721,-8.001708838894388,0.5500761,0.7493596843232952,0.47527084,0.040846907,-0.052872505,0.0034000205,0.2987567,0.2715305,0.30519497,0.0831992,0.029517053,0.109193504,0.1642316,305,0,304,1,2.3564575,384.58154,1.4462649,1.5807885,95,False,,1.2603322,0.113066524,-0.15822624,-0.044071116,-0.06067375,-0.03633065,-0.04025244,36,24,0.7962992,42,14,0,0.02172874,165.3349,0,0,1.096907,0.20595369,0.17922564,0.20247397,0.15085745,-100.04034,-20.686522,26.57297,7.926544,False,338,171.01086541655607,0.7703997,221.9768,20.104807,38,56.390963063952285,4.3086195,13.087942,20.960518,38,180.76692573230133,4.892088,36.950874,19.105099,1.3868002,0,0,0,1,0,1.8554192,0.855711,0.9997082,,,,,,,,,,,,,,,,,,,,,,,NOT_AVAILABLE,296.03583276446057,-2.831819931989646,218.36013849496896,-57.21317235105489,False,False,0,False,False,False,False,False,False,False,False,1.1783698e-10,1.368092e-10,0.9999916,,,,,,,,,,,,,,,,,,,,,,,0.030586693373007085,IN,3
311,1636148068921376768,Gaia DR3 5332606934887696768,5332606934887696768,243651082,2016.0,176.4307783025943,0.412241,-64.81803297291985,0.39104897,0.654185683817193,0.46340108,1.4117051,9.293587,-9.269934677918673,0.55420566,0.6626140179840762,0.5709425,-0.012256978,0.06685229,0.21683359,0.18552256,0.13390884,0.1796929,0.13666208,0.047282428,0.016962597,0.011532668,259,0,258,1,-0.58724654,267.50873,0.7271451,0.30780888,95,False,,1.1418561,0.11802151,-0.15023243,-0.09372925,-0.08653182,-0.07273591,0.013922409,30,20,0.8024888,39,12,0,0.013365346,74.79132,0,35,0.97264546,0.22780149,0.070229225,0.35960752,0.26912135,-85.89055,-16.121336,23.092636,5.811651,False,292,169.48707991313088,0.8520592,198.91467,20.114525,0,,,,,0,,,,,,,,,,2,,,,,,,,,,,,,,,,,,,,,,,,,,NOT_AVAILABLE,296.01174289715135,-2.8329010342303085,218.3237717532728,-57.22704317428789,False,False,0,False,False,False,False,False,False,False,False,,,,,,,,,,,,,,,,,,,,,,,,,,0.023501328926620768,IN,3
155,1636148068921376768,Gaia DR3 5332600578335615104,5332600578335615104,1296738013,2016.0,176.40502968958168,0.68606997,-64.86637902949597,0.6826453,-0.6183979425894937,0.8035233,-0.76960796,12.47344,-11.84948075886254,1.016421,3.8957060111036586,0.94003993,0.08974375,0.07315948,0.27123913,0.25377235,0.2656236,0.26251847,0.299844,0.07163757,0.21168528,0.11824145,291,0,288,3,14.334215,815.60785,5.5686836,28.66936,95,False,,1.6840185,0.18805365,-0.17252465,-0.06451783,-0.050027307,-0.081365414,-0.08718763,35,24,1.4965991,41,9,0,0.13027063,45.401947,0,0,1.6593397,0.12768419,0.05434051,0.21560194,0.32214877,-99.96284,-10.554537,27.240986,4.840512,False,327,168.57000424991983,1.2435579,135.5546,20.120417,34,56.79951017574278,5.1212974,11.090844,20.95268,36,220.32185313425373,5.221615,42.1942,18.890251,1.6439542,0,0,0,0,0,2.0624294,0.83226395,1.2301655,,,,,,,,,,,,,,,,,,,,,,,NOT_AVAILABLE,296.0133462343798,-2.8824448838416945,218.3756017311873,-57.26791959511351,False,False,0,False,False,False,False,False,False,False,False,2.3513373e-08,2.1835436e-11,0.99999464,,,,,,,,,,,,,,,,,,,,,,,0.02683899944044859,IN,3
577,1636148068921376768,Gaia DR3 5332606316412167424,5332606316412167424,1043220339,2016.0,176.47903594387063,0.38352713,-64.8544076926794,0.36480656,0.6881466556786414,0.44785553,1.5365372,5.2589345,-4.979984356707125,0.5370175,1.6900142330883228,0.4992988,-0.08228545,-0.1222972,0.05122039,0.18074158,0.15166643,0.18636604,-0.06591244,-0.07765972,0.15750046,-0.03872692,313,0,309,4,1.0860898,360.44046,1.1488814,0.9153091,95,False,,1.2272111,0.11799343,-0.10524737,-0.07277245,0.021294706,-0.037202246,-0.0581402,38,24,0.7506462,42,12,0,0.020842992,48.019688,0,0,1.0433263,0.20491615,0.08957089,0.14595416,0.1788945,-106.958206,-10.571218,27.432606,8.778619,False,330,168.42189285716762,0.7391231,227.86717,20.12137,11,39.653964307679324,4.434148,8.942861,21.342825,11,173.1492917389349,7.277356,23.792885,19.151844,1.2635131,0,0,0,0,0,2.190981,1.2214546,0.9695263,,,,,,,,,,,,,,,,,,,,,,,NOT_AVAILABLE,296.0407919109762,-2.862941135849724,218.39883665552355,-57.236713876027785,False,False,0,False,False,False,False,False,False,False,False,6.117066e-11,3.5704928e-10,0.99999744,,,,,,,,,,,,,,,,,,,,,,,0.02492559714694955,IN,3
383,1636148068921376768,Gaia DR3 5332606419493515776,5332606419493515776,681951307,2016.0,176.4425750303535,0.4340456,-64.8587341559183,0.40857798,-0.8661263073599375,0.49919775,-1.7350365,4.843306,-4.8351950888247845,0.60697234,0.280183097496596,0.5628054,-0.0068300585,-0.12208608,0.018278286,0.21313706,0.22265793,0.1866087,-0.052235473,-0.044771843,0.0550367,0.1377978,294,0,293,1,2.2018757,361.06836,2.0073934,2.869844,95,False,,1.386011,0.1348506,-0.18168633,-0.14354342,-0.04031629,0.063241415,-0.0075779557,35,25,0.8738087,42,14,0,0.02414042,11.508396,0,0,1.0921019,0.2080097,0.15921621,0.13130988,0.15289359,-130.44713,-20.628761,32.29127,1.8498375,False,337,168.04188241001293,0.72868615,230.6094,20.123823,27,51.63186489584649,4.829027,10.69198,21.056248,34,160.6193907992372,6.332166,25.365631,19.2334,1.2630855,0,0,0,0,0,1.8228474,0.93242455,0.8904228,,,,,,,,,,,,,,,,,,,,,,,NOT_AVAILABLE,296.0268694473935,-2.8710257895914992,218.38525166240575,-57.251020655600264,False,False,0,False,False,False,False,False,False,False,False,1.2012472e-13,5.123903e-13,0.99999875,,,,,,,,,,,,,,,,,,,,,,,0.01817734102322917,IN,3
215,1636148068921376768,Gaia DR3 5332606488212957696,5332606488212957696,1800667716,2016.0,176.4147416889094,0.43556967,-64.85353286122182,0.3869549,-0.7066470619546422,0.48161307,-1.4672506,7.5636597,-7.53053033885804,0.6203711,0.7071491701815367,0.57967764,-0.008897484,-0.14239207,0.1287715,0.22754075,0.27800822,0.23243661,0.09440863,0.09507756,0.11190009,0.16841537,268,0,267,1,-1.1602868,259.55283,0.0,0.0,95,False,,1.2040377,0.12716073,-0.12412313,-0.16723691,-0.09923442,-0.0020943494,-0.037789136,32,23,0.91423887,38,11,0,0.007547053,93.82281,0,0,0.94839287,0.108125076,0.2220886,0.1375774,0.19855188,-124.67211,-10.755842,22.645603,1.5491154,False,311,166.86670867458938,0.77348644,215.7332,20.131443,27,45.359985047888166,4.459452,10.17165,21.19686,30,186.29124919736745,6.208105,30.007748,19.072414,1.3882412,0,0,0,1,0,2.124445,1.0654163,1.0590286,,,,,,,,,,,,,,,,,,,,,,,NOT_AVAILABLE,296.01409806595535,-2.868973289994805,218.36334471480615,-57.25616758320859,False,False,0,False,False,False,False,False,False,False,False,2.4060576e-11,5.7556654e-11,0.99999774,,,,,,,,,,,,,,,,,,,,,,,0.01342424746928276,IN,3
396,1636148068921376768,Gaia DR3 5332606385131473152,5332606385131473152,1001248206,2016.0,176.44489420938407,0.4571367,-64.86645345955144,0.43970954,-0.28288755696472073,0.52028155,-0.5437201,10.657323,-9.848499114265923,0.65970486,4.072540973974305,0.60812545,-0.035582725,-0.057752833,0.193528,0.21165268,0.13186409,0.20993249,0.04961156,-0.048856203,0.048081167,-0.0044142897,278,0,277,1,3.3756,383.22522,1.9274628,2.938838,31,False,1.2665265,,,,,,,,33,22,0.9233692,39,10,0,0.026692525,5.954216,0,0,1.1468815,0.18343477,0.045152355,0.35044423,0.28975335,-129.84811,-16.026382,24.588797,0.4729946,False,305,165.41230887086294,0.8224722,201.11598,20.140947,17,36.865183757257675,5.0815125,7.254766,21.422,17,212.8769095886003,9.182086,23.183937,18.927574,1.5098157,0,0,0,0,0,2.4944267,1.2810535,1.2133732,,,,,,,,,,,,,,,,,,,,,,,NOT_AVAILABLE,296.0297704802663,-2.878248211253339,218.39696247740977,-57.25554060333095,False,False,0,False,False,False,False,False,False,False,False,2.1047372e-10,1.7669832e-10,0.9999977,,,,,,,,,,,,,,,,,,,,,,,0.025850242857591396,IN,3
531,1636148068921376768,Gaia DR3 5332606728731227008,5332606728731227008,450898092,2016.0,176.4713641053318,0.4136883,-64.8245361197905,0.40233007,0.24812857424439608,0.46398988,0.5347715,8.717409,-8.704228951501156,0.53320867,0.479190565690846,0.5376187,0.036536172,-0.1293207,-0.04198719,0.25834364,0.2199543,0.22339837,-0.11151468,-0.10236278,-0.052754905,0.20015942,289,0,287,2,0.66312385,312.12686,0.0,0.0,95,False,,1.4422321,0.11848991,-0.18742244,-0.17055172,-0.032417856,-0.024613447,0.05606565,34,23,0.81501096,40,15,0,0.020164877,148.7758,0,0,1.0269052,0.30019608,0.16187756,0.19132042,0.13947992,-117.20589,-37.901928,32.453594,3.3454614,False,331,164.7950454651662,0.78926796,208.7948,20.145006,34,46.77630176969732,4.184845,11.177547,21.163477,34,182.71730100161938,6.305566,28.977146,19.093447,1.3926002,0,14,0,15,0,2.0700302,1.0184708,1.0515594,,,,,,,,,,,,,,,,,,,,,,,NOT_AVAILABLE,296.03011327862816,-2.834848463570593,218.35426476967362,-57.21880166880856,False,False,0,False,False,False,False,False,False,False,False,7.8511996e-11,1.1558108e-10,0.99999845,,,,,,,,,,,,,,,,,,,,,,,0.02480914793029533,IN,3
591,1636148068921376768,Gaia DR3 5332606763089106816,5332606763089106816,1574554670,2016.0,176.4805601774002,0.40570185,-64.81748410498888,0.39078686,-0.19115333684464353,0.47197822,-0.4050046,7.741494,-5.949138285052159,0.5225329,4.953633298213413,0.52088183,-0.010103444,-0.035318557,0.00021786186,0.24551299,0.20146671,0.2261988,-0.01905129,-0.08772965,0.090372756,0.069476984,304,0,303,1,1.4574816,353.63824,1.5572801,1.6270294,95,False,,1.3217899,0.12380545,-0.08559525,-0.07920485,-0.086612485,-0.06643264,0.080474555,35,24,0.7526176,41,14,0,0.011149294,121.67025,0,0,1.059249,0.27730927,0.09920156,0.23256649,0.19215469,-100.32827,-28.819561,27.90205,8.381582,False,342,163.52402996372592,0.760785,214.94118,20.153414,27,54.587107191672935,5.426748,10.058899,20.995817,33,147.6982062107386,5.7157464,25.84058,19.324457,1.2370372,0,0,0,0,0,1.67136,0.8424034,0.8289566,,,,,,,,,,,,,,,,,,,,,,,NOT_AVAILABLE,296.032130124831,-2.827039468987769,218.3496291483205,-57.21113763853404,False,False,0,False,False,False,False,False,False,False,False,4.1636347e-11,1.2313543e-10,0.99999523,,,,,,,,,,,,,,,,,,,,,,,0.032582653765987624,IN,3
523,1636148068921376768,Gaia DR3 5332606316437431552,5332606316437431552,1306372026,2016.0,176.47021853292213,0.3993981,-64.85102642936158,0.3924448,0.7832822113477818,0.46075064,1.7000133,8.758976,-8.750274452433157,0.57679003,0.3903251386595221,0.60084164,-0.033323057,-0.14570756,0.19614188,0.25502226,0.19259511,0.20023762,0.023894874,-0.09305194,0.08244899,0.16773957,273,0,273,0,1.043244,307.27484,0.0,0.0,95,False,,1.4794267,0.118887335,-0.09747848,-0.10616929,0.01975784,0.02529927,0.02483653,33,22,0.89274335,40,12,0,0.015187252,21.829617,0,0,1.0442168,0.17752628,0.07771212,0.19285503,0.21812616,-127.678696,-52.150974,31.24627,4.217534,False,317,161.69717650700952,1.0663631,151.63426,20.165611,11,80.49115355634483,9.375761,8.585026,20.574171,12,217.8455199656186,12.424092,17.534119,18.902523,1.8450333,0,10,0,10,0,1.671648,0.4085598,1.2630882,,,,,,,,,,,,,,,,,,,,,,,NOT_AVAILABLE,296.0363097583113,-2.8606102988832967,218.38954781195628,-57.237165117431864,False,False,0,False,False,False,False,False,False,False,False,1.1815234e-09,2.8171668e-08,0.9999931,,,,,,,,,,,,,,,,,,,,,,,0.01999340715848,IN,3
307,1636148068921376768,Gaia DR3 5332606419493503104,5332606419493503104,53166459,2016.0,176.43013527942853,0.43414742,-64.8554945489962,0.415968,1.0350825876373562,0.50248146,2.059942,8.734313,-8.436057014363618,0.58624566,2.262999692872474,0.5754404,-0.056842696,-0.20111182,0.05831583,0.2188349,0.23886569,0.1611734,-0.13903455,-0.058290955,-0.011969525,0.124029174,281,0,281,0,0.7564047,325.00928,1.3081388,0.97115755,95,False,,1.1980592,0.12705539,-0.07466538,-0.15229246,-0.10216039,0.060849752,0.020749986,33,24,0.8565402,40,15,1,0.03533969,163.96692,0,0,1.0312011,0.13665622,0.13115172,0.14143777,0.14013521,-135.29515,-30.817144,20.25505,-3.155964,False,322,161.39582615593594,0.8410434,191.89952,20.167637,18,48.16435568030087,6.213299,7.751817,21.131727,22,168.56884308941306,7.567752,22.274626,19.180952,1.3428674,0,0,0,0,0,1.9507751,0.96409035,0.9866848,,,,,,,,,,,,,,,,,,,,,,,NOT_AVAILABLE,296.0209309347341,-2.869222285098126,218.37421982511034,-57.25269916702904,False,False,0,False,False,False,False,False,False,False,False,9.965599e-11,2.7606725e-10,0.99997604,,,,,,,,,,,,,,,,,,,,,,,0.013985606693271048,IN,3
136,1636148068921376768,Gaia DR3 5332606488210773120,5332606488210773120,1203669688,2016.0,176.40120211121118,0.45248932,-64.84930644434354,0.41338888,0.08070549028504616,0.5188737,0.15553975,10.212272,-10.208619193553734,0.56283504,-0.2731004685286357,0.5663224,0.1747967,0.26883197,0.22251487,0.39514905,0.31565714,0.3343068,0.17795292,0.1339013,0.31426167,0.17892842,279,0,279,0,-0.38398433,290.90677,0.0,2.4326738e-15,95,False,,1.2164794,0.11829077,-0.12271347,-0.12999193,0.013118957,-0.027569156,-0.07416873,33,21,0.8956709,38,11,0,0.033399418,164.28902,0,0,0.98239803,0.19786991,0.15409836,0.28530455,0.20005645,-116.01586,-22.125162,27.195663,3.5721283,False,318,159.8917463297702,0.71085256,224.92955,20.177801,30,34.68392487414464,3.4312215,10.108332,21.488222,33,183.03733998919455,5.1932077,35.245525,19.091547,1.3616792,0,1,0,0,0,2.396675,1.310421,1.0862541,,,,,,,,,,,,,,,,,,,,,,,NOT_AVAILABLE,296.00745551680694,-2.866335743016216,218.3503842970062,-57.25752044463695,False,False,0,False,False,False,False,False,False,False,False,1.7763086e-13,5.115893e-13,0.999994,,,,,,,,,,,,,,,,,,,,,,,0.014093428765027179,IN,3
325,1636148068921376768,Gaia DR3 5332606385156669696,5332606385156669696,1613919761,2016.0,176.43368369354855,0.5709017,-64.86055296869169,1.9710562,,,,,,,,,-0.6389894,,,,,,,,,,119,0,119,0,0.298054,117.87699,0.0,0.0,3,False,,,,,,,,,14,11,3.5318112,18,7,3,0.0951483,158.3758,0,11,,0.47903985,0.6192039,0.2235306,0.4563308,-95.88537,77.361755,26.193455,-0.17031038,False,138,159.0151372494162,1.2242973,129.88278,20.183771,0,,,,,0,,,,,,,,,,2,,,,,,,,,,,,,,,,,,,,,,,,,,NOT_AVAILABLE,296.02366806429075,-2.8737375212669836,218.38297639231075,-57.25502837699078,False,False,0,False,False,False,False,False,False,False,False,,,,,,,,,,,,,,,,,,,,,,,,,,0.01914422655124063,IN,3
510,1636148068921376768,Gaia DR3 5332606763089052800,5332606763089052800,1724435212,2016.0,176.46788146715005,0.42413592,-64.82050864543359,0.41354844,-0.0976634032501423,0.49006975,-0.1992847,5.527088,-5.368901349857055,0.5757275,1.3128604309029008,0.5502615,0.12337833,0.039849486,0.20487565,0.3667257,0.3121337,0.37386513,0.13443817,0.050405424,0.29781196,0.21888767,261,0,259,2,-0.048574135,266.5978,0.3482605,0.082322136,95,False,,1.359877,0.12449281,-0.1273234,-0.15964775,-0.07739995,-0.11651169,0.01746118,30,22,0.8946135,36,11,0,0.01943089,147.7603,1,0,0.9965251,0.22494932,0.13855556,0.31050888,0.14151901,-128.90857,-25.391823,30.107225,9.661492,False,291,158.3968682199903,0.71582913,221.27748,20.188,0,,,,,0,,,,,,,,,,1,,,,,,,,,,,,,,,,,,,,,,,,,,NOT_AVAILABLE,296.02766363143866,-2.8313229046063473,218.3469498803088,-57.21714961716224,False,False,0,False,False,False,False,False,False,False,False,,,,,,,,,,,,,,,,,,,,,,,,,,0.02678030842018133,IN,3
609,1636148068921376768,Gaia DR3 5332606728729267200,5332606728729267200,259718181,2016.0,176.4827568553159,0.5220221,-64.82779263087969,0.51219904,-0.12971074939716729,0.62161416,-0.20866764,6.977937,-6.923162549196783,0.61330926,-0.872600127357238,0.71865594,-0.1551326,0.014427695,0.12422354,0.22095929,0.048452314,0.18465908,-0.12869507,-0.087540045,0.29695213,-0.021242974,221,0,218,3,1.409073,270.0277,2.3057904,7.001583,95,False,,1.1691678,0.15104507,-0.16893199,-0.03553699,-0.057123356,-0.13199492,0.10895671,26,18,1.0157385,37,14,3,0.015603919,170.47511,2,37,1.0675979,0.31118798,0.09115272,0.2137593,0.25045678,-91.74325,62.17051,21.486387,12.91786,False,255,158.14833629968604,0.98267233,160.937,20.189705,7,97.88352381086354,4.037821,24.24167,20.361769,8,245.24486862963,20.36153,12.04452,18.773895,2.1696618,0,7,0,8,0,1.5878735,0.17206383,1.4158096,,,,,,,,,,,,,,,,,,,,,,,NOT_AVAILABLE,296.03562902145194,-2.836782498743276,218.3647606876682,-57.217462370358525,False,False,0,False,False,False,False,False,False,False,False,3.6841838e-10,3.809909e-09,0.99999297,,,,,,,,,,,,,,,,,,,,,,,0.026723131428574028,IN,3
625,1636148068921376768,Gaia DR3 5332606763090977280,5332606763090977280,126940986,2016.0,176.48566460426537,0.43640316,-64.82564109259876,0.41335782,0.36495009577978466,0.48714197,0.7491658,6.29376,-6.272857849553976,0.5989153,0.5125088246484252,0.6359484,0.15860972,0.042717855,0.2607347,0.43001926,0.33636126,0.32864457,0.11607965,-0.003273321,0.113917805,0.40422422,289,0,288,1,-0.8049273,286.44803,0.0,0.0,95,False,,1.246561,0.11519047,-0.16076057,-0.12265718,-0.12322005,-0.04148812,-0.028531369,34,21,1.0391039,39,11,0,0.022980839,102.13909,0,0,0.96513027,0.22349162,0.20155974,0.27047703,0.19958282,-96.38563,-34.53892,26.67763,-0.7842144,False,316,158.07197394325192,0.8105285,195.02333,20.19023,32,38.74892660241306,3.4945655,11.088339,21.367893,35,150.3536367313234,5.8494544,25.703873,19.30511,1.1963067,0,0,0,1,0,2.0627823,1.1776638,0.8851185,,,,,,,,,,,,,,,,,,,,,,,NOT_AVAILABLE,296.03628648515564,-2.834389243532932,218.3634003267547,-57.21509249678628,False,False,0,False,False,False,False,False,False,False,False,1.07096845e-10,2.2822283e-10,0.99999905,,,,,,,,,,,,,,,,,,,,,,,0.028915372816792486,IN,3
86,1636148068921376768,Gaia DR3 5332606453853180032,5332606453853180032,1236199362,2016.0,176.39082957034728,0.510838,-64.8514373498123,0.47130334,1.4942685148940515,0.57051075,2.6191766,22.775665,-22.26225884843793,0.6752273,-4.808612058596268,0.69429964,0.00044282246,0.027133243,-0.021510398,0.24908778,0.27101898,0.2037616,-0.084484674,0.00885767,-0.005050303,0.20330736,281,0,281,0,2.3842092,375.36734,2.3805776,2.9429212,95,False,,0.95141745,0.13506316,-0.093819335,-0.13360238,-0.09876577,-0.053904675,-0.0070456094,34,22,1.0436828,41,15,0,0.023532052,161.52965,0,0,1.1021143,0.1269374,0.13748416,0.20087169,0.22417568,-131.17784,-25.79155,21.603266,2.6208665,False,323,157.32676116323967,0.84651375,185.85257,20.19536,6,35.80284304632596,9.507319,3.7658188,21.453749,8,209.23439212316748,11.519272,18.163857,18.946312,1.5575051,0,0,0,1,0,2.5074368,1.2583885,1.2490482,,,,,,,,,,,,,,,,,,,,,,,NOT_AVAILABLE,296.0037237133735,-2.869510824210111,218.34774124136044,-57.2622033205902,False,False,0,False,False,False,False,False,False,False,False,1.66099e-10,2.71159e-10,0.99999386,,,,,,,,,,,,,,,,,,,,,,,0.018956629952440573,IN,3
341,1636148068921376768,Gaia DR3 5332606934887664512,5332606934887664512,1101415678,2016.0,176.4359193080317,0.5348989,-64.82233233587971,0.51708066,1.6772564912720596,0.6108257,2.745884,5.2364707,-4.687585917342938,0.6652683,2.3339157078386075,0.6883267,0.033697702,-0.11578061,0.12093843,0.27917287,0.17067637,0.2338187,0.06797772,-0.1210907,0.035392933,0.088969305,283,0,283,0,4.0486174,422.14206,3.230399,5.159538,95,False,,1.2181028,0.14944623,-0.07309427,-0.14977841,-0.07628625,-0.017705094,-0.07230383,33,22,1.0010284,38,12,0,0.056215897,82.4234,0,0,1.1755798,0.19723822,0.1254337,0.38709494,0.17965324,-93.244026,-29.889694,24.386343,1.5943692,False,317,157.14154304389092,0.8778478,179.00774,20.19664,29,38.7205167381927,4.0410213,9.581864,21.368689,34,214.93982307648557,7.750629,27.73192,18.917103,1.6142156,0,0,0,1,0,2.4515858,1.1720486,1.2795372,,,,,,,,,,,,,,,,,,,,,,,NOT_AVAILABLE,296.0149468807772,-2.836510518541161,218.33234391662606,-57.228361507829966,False,False,0,False,False,False,False,False,False,False,False,1.5652975e-10,1.1681735e-10,0.9999983,,,,,,,,,,,,,,,,,,,,,,,0.01942235552646612,IN,3
277,1636148068921376768,Gaia DR3 5332606385131517440,5332606385131517440,1204804380,2016.0,176.42533425630515,0.46717045,-64.85777623153446,0.48032653,-0.5081816498285174,0.5468812,-0.92923594,3.3562822,-3.3523386633819756,0.6376456,-0.1626515822497577,0.6202585,0.111018784,-0.07854138,0.16337328,0.32910088,0.25611436,0.36529896,0.17769699,0.07729947,0.21787457,0.20812418,260,0,259,1,1.6472577,324.4804,1.6409045,1.6577905,95,False,,1.1867104,0.14424066,-0.22064723,-0.124930464,-0.0057643666,-0.01830358,-0.08811259,31,23,0.9917884,37,11,0,0.024325255,142.69057,3,2,1.0727671,0.17077969,0.1376477,0.26405305,0.12954265,-125.65984,-39.615738,29.299137,0.09602663,False,289,157.01161805553738,1.0146295,154.74774,20.197536,10,73.822413624178,12.195854,6.0530744,20.668072,10,238.3875770806512,12.222331,19.504265,18.804686,1.9884515,0,0,0,0,0,1.8633862,0.47053528,1.3928509,,,,,,,,,,,,,,,,,,,,,,,NOT_AVAILABLE,296.0195303090797,-2.871944482446954,218.3747543996827,-57.25574606350312,False,False,0,False,False,False,False,False,False,False,False,1.0988728e-09,8.693314e-09,0.9999908,,,,,,,,,,,,,,,,,,,,,,,0.01632448369593512,IN,3
548,1636148068921376768,Gaia DR3 5332606728731222016,5332606728731222016,69589142,2016.0,176.47343372679154,0.4083558,-64.83232136994032,0.4358064,0.28241605500121114,0.50808346,0.55584574,6.583243,-5.608323914541932,0.566526,-3.4475777627499937,0.60428876,-0.07618665,-0.07604005,0.05567778,0.17363651,0.31970972,0.10969652,-0.101872616,-0.119659245,0.011679561,0.0061084745,282,0,280,2,1.0015072,316.18182,0.56936353,0.18760383,95,False,,1.3875258,0.12862197,-0.14468832,-0.13834651,-0.072072424,0.02308025,0.025903326,33,21,0.8407424,41,13,0,0.03792169,42.494835,0,17,1.0418524,0.32164806,0.04285759,0.24819063,0.2842022,-106.37891,-35.564327,27.784588,2.9222221,False,326,156.47003009881712,0.8098762,193.20241,20.201288,2,29.135792052195175,1.9911336,14.632766,21.677475,2,282.7355809219155,29.090221,9.719265,18.619444,1.99317,0,0,0,0,0,3.058031,1.4761868,1.5818443,,,,,,,,,,,,,,,,,,,,,,,NOT_AVAILABLE,296.03292591586916,-2.842162386720951,218.3659153942774,-57.223449123169836,False,False,0,False,False,False,False,False,False,False,False,8.399782e-11,2.8035516e-09,0.9999925,,,,,,,,,,,,,,,,,,,,,,,0.021075177079258225,IN,3
438,1636148068921376768,Gaia DR3 5332606934887646720,5332606934887646720,338754346,2016.0,176.45315277381977,0.8515722,-64.82763527627502,0.4678436,0.01810525247767813,0.6779164,0.026707206,4.194553,-3.3375635972392654,1.1386366,2.5406580524095648,0.7564348,0.048123047,0.20979854,-0.264784,0.20363553,0.3698323,0.21660428,0.025335355,0.084797844,0.2633078,0.3757109,181,0,179,2,0.6239036,194.86908,0.61600804,0.15252349,95,False,,1.418236,0.1772664,0.24281615,-0.18832396,0.018310063,-0.11321691,-0.011378113,21,16,1.6614618,35,11,1,0.03979117,49.382984,0,31,1.0317805,0.17295666,0.5137155,0.13976067,0.10419113,135.04906,-12.466966,17.419086,23.291817,False,221,155.82590462956915,1.0571008,147.40875,20.205769,0,,,,,0,,,,,,,,,,2,,,,,,,,,,,,,,,,,,,,,,,,,,NOT_AVAILABLE,296.02338720262003,-2.8397965804394776,218.34873501198058,-57.22658954563594,False,False,0,False,False,False,False,False,False,False,False,,,,,,,,,,,,,,,,,,,,,,,,,,0.017311349970556875,IN,3
504,1636148068921376768,Gaia DR3 5332606213332890496,5332606213332890496,604807732,2016.0,176.4670948705812,0.46117505,-64.85924516348656,0.39489046,0.14305443531493695,0.48768592,0.2933331,7.97443,-7.318505018850191,0.6001726,3.1671788127009712,0.55755025,-0.11365632,-0.27337563,0.19012234,0.2231487,0.09280781,0.19516006,-0.0017937341,-0.119397484,0.029920572,-0.0081115635,283,0,282,1,0.7879864,311.80865,1.0919695,0.6970958,95,False,,1.4530907,0.13093284,-0.11640879,-0.08346907,0.049309354,0.0072188443,-0.038372163,33,22,0.84155744,40,13,1,0.009653937,135.96126,0,0,1.0325048,0.17326568,0.10574228,0.22041048,0.18189652,-123.32904,3.1372046,25.995419,3.1478348,False,325,153.26043936021517,0.7635636,200.71733,20.223791,3,41.104535129174444,2.169507,18.946486,21.303818,4,139.68441266372216,10.80413,12.928799,19.385025,1.1796192,0,0,0,0,0,1.9187927,1.0800266,0.8387661,,,,,,,,,,,,,,,,,,,,,,,NOT_AVAILABLE,296.0370927808825,-2.868898703082717,218.39902518177612,-57.2437232666105,False,False,0,False,False,False,False,False,False,False,False,2.2710427e-09,1.4351639e-09,0.9999978,,,,,,,,,,,,,,,,,,,,,,,0.02405255706580936,IN,4
108,1636148068921376768,Gaia DR3 5332606488212952320,5332606488212952320,262830674,2016.0,176.3944722169181,0.49610892,-64.83747834997395,0.522783,0.935395728717139,0.60950756,1.5346745,10.060836,-10.006172707833251,0.69072247,1.047342909562887,0.79488915,0.02957712,-0.03624552,-0.035269797,0.2092037,0.24173354,0.15620385,-0.05702576,-0.114139624,0.032124612,0.1220505,257,0,257,0,2.7233424,341.6913,2.538149,2.8280263,95,False,,1.2841508,0.15108876,-0.06936309,-0.18754172,-0.070114575,-0.06757489,-0.022011636,31,21,1.1244823,38,11,0,0.025959797,120.90587,0,0,1.1225983,0.25537336,0.11393084,0.29993585,0.23478003,-102.3531,-43.84856,25.944124,3.6081505,False,303,152.9396753227572,0.78426915,195.00917,20.226067,26,31.300547608649218,4.3479233,7.198965,21.599663,32,173.46746871415277,5.7492733,30.17207,19.14985,1.3388809,0,0,0,0,0,2.449812,1.3735962,1.0762157,,,,,,,,,,,,,,,,,,,,,,,NOT_AVAILABLE,296.00169345241966,-2.8556133583665413,218.33074288266732,-57.251586240917796,False,False,0,False,False,False,False,False,False,False,False,1.1829254e-10,5.124018e-13,0.9999969,,,,,,,,,,,,,,,,,,,,,,,0.015159524777217957,IN,4
79,1636148068921376768,Gaia DR3 5332600578337887872,5332600578337887872,368336575,2016.0,176.389336573281,0.7225189,-64.86641329153926,0.7053823,1.1558324295786098,0.8429563,1.3711653,7.204627,-6.825514234890391,1.0094551,-2.3062972033487217,1.0704854,0.026603594,-0.08606019,0.12848763,0.31028947,0.21445468,0.20175518,-0.09572616,-0.1722469,-0.11351509,0.22451974,290,0,286,4,14.4377575,879.2236,5.853396,17.7714,95,False,,1.0090376,0.19560826,-0.16209906,-0.14541468,-0.048583135,-0.05982804,-0.056261837,34,22,1.6173207,39,13,0,0.03558377,42.30396,4,0,1.6670632,0.21059003,0.1348128,0.16717912,0.2208401,-98.36089,-30.945618,26.665632,-4.176845,False,314,152.85586822730272,1.2264019,124.63766,20.226662,34,46.416359717055826,5.5197597,8.409127,21.171865,35,239.77319562265419,6.7400084,35.574615,18.798393,1.8722837,0,34,0,35,0,2.3734722,0.9452038,1.4282684,,,,,,,,,,,,,,,,,,,,,,,NOT_AVAILABLE,296.00689740534364,-2.884161224034548,218.36727916378226,-57.2728368841756,False,False,0,False,False,False,False,False,False,False,False,2.2338036e-11,4.3691728e-10,0.9999887,,,,,,,,,,,,,,,,,,,,,,,0.03002384834648324,IN,4
623,1636148068921376768,Gaia DR3 5332606728731231232,5332606728731231232,608018616,2016.0,176.48564976079223,0.435076,-64.83409354120136,0.40015727,0.6903782902924226,0.49062946,1.4071276,12.805441,-12.687145942294935,0.5888544,-1.7365589449729935,0.62227815,0.0163007,-0.07407357,0.09050065,0.305098,0.16950448,0.22916602,0.0264395,-0.13694744,-0.021868933,0.26467797,305,0,304,1,1.2274948,368.5856,1.3973519,1.0707233,95,False,,1.1552393,0.11652518,-0.10668565,-0.008951704,-0.04502443,-0.011819999,-0.01296146,36,23,0.954725,41,12,0,0.006721099,117.965225,0,0,1.0495622,0.20403166,0.13308063,0.19320044,0.23227283,-85.99279,-31.74343,23.132227,5.0937457,False,333,152.4284831933715,0.7432399,205.08652,20.229702,25,37.06005733932498,5.2868214,7.009894,21.416277,34,204.3710006790787,4.307279,47.44782,18.971848,1.5838972,0,0,0,0,0,2.4444294,1.1865749,1.2578545,,,,,,,,,,,,,,,,,,,,,,,NOT_AVAILABLE,296.0384062187375,-2.842572254932928,218.37483953200504,-57.22084419757112,False,False,0,False,False,False,False,False,False,False,False,1.7179503e-13,6.5859054e-11,0.99999243,,,,,,,,,,,,,,,,,,,,,,,0.025271057036966537,IN,4
593,1636148068921376768,Gaia DR3 5332606213335125632,5332606213335125632,1682785639,2016.0,176.48089191534316,0.4375268,-64.86200398486676,0.43075755,-0.3393812307373756,0.5105133,-0.6647843,5.190903,-5.182378730152553,0.59802336,0.2973646283585982,0.64849544,-0.118586406,-0.09515519,0.085180536,0.21198756,0.09109452,0.14826874,-0.18702081,-0.09486055,0.13746724,0.052106053,301,0,300,1,2.2084098,374.98138,1.8040959,1.9175674,95,False,,1.3333106,0.13133839,-0.118690975,-0.047511093,-0.007626024,0.020163046,-0.060113825,35,23,0.9129414,41,15,0,0.0342477,162.07704,0,0,1.0912745,0.17318636,0.04107322,0.15820003,0.20462227,-116.7727,-3.0009654,16.186457,3.8210163,False,339,152.40367270720412,0.77746886,196.02544,20.229877,20,43.207762572306805,7.4527454,5.797563,21.249638,29,192.29161111019243,8.008496,24.01095,19.037994,1.5452342,0,0,0,0,0,2.2116432,1.0197601,1.1918831,,,,,,,,,,,,,,,,,,,,,,,NOT_AVAILABLE,296.04346735412184,-2.8700955286766883,218.41012610022142,-57.2412968929793,False,False,0,False,False,False,False,False,False,False,False,1.0766166e-13,1.3192407e-10,0.99999183,,,,,,,,,,,,,,,,,,,,,,,0.030148511994661096,IN,4
393,1636148068921376768,Gaia DR3 5332606556930437760,5332606556930437760,190350488,2016.0,176.44431759419444,0.44336772,-64.83665597316995,0.45765778,0.11943244733310163,0.518968,0.2301345,8.089185,-7.766828387114121,0.58822185,2.2608169415912664,0.66590214,0.0464258,-0.0021388284,0.18434444,0.29634887,0.259172,0.25291717,0.23792525,-0.054357845,0.22698784,0.12064011,263,0,260,3,-2.0107176,221.6119,0.0,0.0,95,False,,1.6137336,0.12974146,-0.13750434,-0.12342901,-0.081815295,0.002973355,-0.06865577,31,20,0.96883637,36,9,0,0.033234086,122.466736,0,0,0.9108563,0.23853454,0.07376935,0.3160701,0.2869291,-93.79016,-32.359756,25.047121,1.1958938,False,298,151.97491622210552,0.80422246,188.97124,20.232937,11,47.605264230746194,8.9018955,5.3477674,21.144405,11,173.2870865809664,14.631366,11.843534,19.15098,1.453479,0,0,0,1,0,1.9934254,0.9114685,1.0819569,,,,,,,,,,,,,,,,,,,,,,,NOT_AVAILABLE,296.0220201519589,-2.84947265567314,218.35624158001,-57.23547678835311,False,False,0,False,False,False,False,False,False,False,False,2.6270308e-10,7.40467e-10,0.99998856,,,,,,,,,,,,,,,,,,,,,,,0.008183509103357467,IN,4
557,1636148068921376768,Gaia DR3 5332606316442182016,5332606316442182016,858464453,2016.0,176.47516547935314,0.4681973,-64.84939052851193,0.40364763,0.27377801483384023,0.49936634,0.54825085,5.0909724,-5.079149686291613,0.6814489,-0.3467550450793229,0.599828,-0.10354885,-0.11242928,0.13250762,0.24103768,0.16624464,0.2058586,-0.06536207,0.04909726,0.11171881,0.13946486,269,0,268,1,0.63856006,294.099,0.7011961,0.25829208,95,False,,1.425163,0.12944156,-0.023698747,-0.11403931,-0.024333326,0.007545401,-0.024072098,31,22,0.9755168,38,38,0,0.036270108,157.66043,0,0,1.0267411,0.1610023,0.16572501,0.14398098,0.19305696,-117.81623,-4.4554176,21.97768,3.7856677,False,309,147.32156452412045,0.76678455,192.12903,20.2667,23,34.52862708960075,3.9005597,8.852223,21.493093,27,145.17341709052164,5.2327137,27.74343,19.343178,1.2197945,0,1,0,1,0,2.1499157,1.2263927,0.92352295,,,,,,,,,,,,,,,,,,,,,,,NOT_AVAILABLE,296.03793538667236,-2.8584984040084764,218.38997014153748,-57.23451107297044,False,False,0,False,False,False,False,False,False,False,False,6.110029e-11,5.79973e-11,0.9999977,,,,,,,,,,,,,,,,,,,,,,,0.021206617550468192,IN,4
425,1636148068921376768,Gaia DR3 5332606556930459136,5332606556930459136,687208893,2016.0,176.45085150215527,0.51598465,-64.835804060468,0.64741457,-0.4739855879618215,0.64017254,-0.7404028,6.989066,-6.978447778264119,0.69268686,-0.3851098029494319,1.1039778,0.008229556,0.07978025,0.28456697,0.42696124,-0.10878431,0.28204602,-0.3188111,-0.12026595,0.3670561,0.14906624,189,0,188,1,-0.29158667,196.83041,0.9072785,0.35206965,95,False,,1.0112106,0.15375917,-0.22239532,-0.12878858,-0.11831336,-0.013520564,-0.12859519,23,18,1.5760151,35,11,0,0.04455541,138.39653,0,40,0.9829341,0.32114834,0.2880066,0.41580847,0.17160949,-98.475296,-71.13148,25.75572,-9.179603,False,209,147.19095535505687,1.0297409,142.93979,20.267664,0,,,,,0,,,,,,,,,,2,,,,,,,,,,,,,,,,,,,,,,,,,,NOT_AVAILABLE,296.02449749682285,-2.8479487048756575,218.35857564523027,-57.23285976714163,False,False,0,False,False,False,False,False,False,False,False,,,,,,,,,,,,,,,,,,,,,,,,,,0.010966659621069809,IN,4
296,1636148068921376768,Gaia DR3 5332606385133754624,5332606385133754624,1653280205,2016.0,176.42813990053656,0.46944502,-64.85977986822712,0.47440192,1.2041360480436283,0.5355632,2.248355,2.5292346,-2.0745532578526467,0.6723374,1.4468089375199304,0.7330828,0.06492415,-0.07394048,0.27127486,0.31986395,0.27220076,0.26043254,0.15039118,-0.0013824353,0.089018054,0.280573,246,0,242,4,-0.5049659,253.87689,0.0,0.0,95,False,,1.0826682,0.14635408,-0.20484203,-0.1608938,-0.048412204,0.044177294,-0.0049139494,29,20,1.1283576,36,10,0,0.028936135,151.82274,0,0,0.9754462,0.14736165,0.111704595,0.25976604,0.2895644,-122.02542,-29.160267,24.832285,-2.3780122,False,283,146.77277736146402,0.84830326,173.01923,20.270754,21,46.014426951115965,11.418482,4.02982,21.181307,29,169.5825957621476,7.5724206,22.394768,19.174442,1.468917,0,0,0,1,0,2.0068645,0.910553,1.0963116,,,,,,,,,,,,,,,,,,,,,,,NOT_AVAILABLE,296.02119096853016,-2.8735829311926993,218.37897005778387,-57.256231962491974,False,False,0,False,False,False,False,False,False,False,False,2.2535597e-11,1.2795535e-10,0.9999936,,,,,,,,,,,,,,,,,,,,,,,0.018262467858887802,IN,4
294,1636148068921376768,Gaia DR3 5332606556932489984,5332606556932489984,1241367787,2016.0,176.42790988794889,0.45191774,-64.82765989804845,0.49061072,1.6457694577834168,0.5844101,2.8161209,26.2622,-24.206592829466103,0.6250819,10.185479293707017,0.63858765,0.045599043,0.02329806,0.19719952,0.20653655,0.43684238,0.10929405,-0.10840233,-0.089229405,0.025061961,0.11649019,278,0,271,7,0.53693354,305.43433,0.0,2.4691203e-15,95,False,,1.2444379,0.13019581,-0.11042029,-0.18932173,-0.1012172,0.03241581,0.030715514,33,21,0.9338182,39,12,0,0.035678923,53.38009,0,0,1.022146,0.22134675,0.11886254,0.26222366,0.1905676,-99.79266,-22.58738,23.878145,3.2386339,False,293,146.43265978233188,0.87613577,167.13467,20.273272,24,27.383078862921202,2.7265422,10.043152,21.744837,31,189.865340193053,4.906458,38.69703,19.05178,1.4836063,0,0,0,0,0,2.693056,1.4715652,1.2214909,,,,,,,,,,,,,,,,,,,,,,,NOT_AVAILABLE,296.0129899006102,-2.842524731851117,218.33528532210488,-57.23448168621897,False,False,0,False,False,False,False,False,False,False,False,3.1517223e-11,5.24425e-13,0.9999951,,,,,,,,,,,,,,,,,,,,,,,0.01386553379561016,IN,4
512,1636148068921376768,Gaia DR3 5332606728731218816,5332606728731218816,7488653,2016.0,176.46826596725467,0.48077926,-64.83143816260767,0.47739622,-0.6361287274929479,0.57942337,-1.0978651,5.1961684,-4.977913673988547,0.62627876,1.4901475779563198,0.6444358,-0.017676605,-0.110387504,0.05474258,0.2268545,0.299773,0.13208312,-0.16300254,-0.19573747,0.027168132,0.14553417,282,0,281,1,3.0608027,377.5014,2.0030062,2.0056236,95,False,,1.3513652,0.14418645,-0.14345482,-0.18398952,-0.051214077,-0.010069567,0.11814536,33,22,0.94887084,38,12,0,0.019609237,168.98172,0,0,1.1320486,0.3152666,0.086870305,0.27142984,0.1575443,-127.07541,-42.403023,30.209862,5.369637,False,316,145.95893748051506,0.791489,184.41057,20.27679,28,44.06020922864118,6.0877295,7.237544,21.228426,32,135.6329571586903,6.2467775,21.712467,19.416983,1.2311214,0,1,0,1,0,1.8114433,0.95163536,0.85980797,,,,,,,,,,,,,,,,,,,,,,,NOT_AVAILABLE,296.03057383897954,-2.8418601020216054,218.36195908715447,-57.224460482461176,False,False,0,False,False,False,False,False,False,False,False,5.384414e-11,1.8191819e-10,0.9999967,,,,,,,,,,,,,,,,,,,,,,,0.019562684617224813,IN,4
195,1636148068921376768,Gaia DR3 5332606488210797824,5332606488210797824,324551536,2016.0,176.41205325949784,0.5376936,-64.84848573648883,0.47646472,0.942149354930786,0.62470436,1.5081524,4.9371843,-4.3422511150499234,0.6503106,2.3496048957914217,0.643606,0.15847336,0.24813516,0.27543393,0.36395612,0.37825233,0.28458256,0.28710738,0.08682438,0.4126205,0.14945549,268,0,268,0,0.70653427,305.01965,1.0289272,0.48777655,95,False,,1.2569685,0.1321072,-0.07858061,-0.107533425,-0.03173647,-0.02848808,-0.06312613,32,20,1.0283575,38,11,0,0.034603905,136.23135,0,0,1.0297383,0.1522631,0.17246115,0.29189104,0.24464214,-98.8868,-10.126938,24.798716,3.5960426,False,306,144.5174834761592,0.80030805,180.57732,20.287565,30,39.473187307243236,4.3698993,9.032974,21.347786,36,146.53388000792185,5.398613,27.142876,19.33305,1.2870904,0,0,0,0,0,2.0147362,1.0602207,0.95451546,,,,,,,,,,,,,,,,,,,,,,,NOT_AVAILABLE,296.01171622713713,-2.864377657932033,218.35506161983184,-57.25357813142867,False,False,0,False,False,False,False,False,False,False,False,6.503508e-11,6.2817154e-11,0.9999945,,,,,,,,,,,,,,,,,,,,,,,0.009971393240737954,IN,4
398,1636148068921376768,Gaia DR3 5332606522570584448,5332606522570584448,863932691,2016.0,176.44547326233027,0.49665344,-64.84957257649971,0.4603464,1.3410120171309603,0.55502635,2.4161232,6.2990127,-6.184304880242843,0.6579353,1.1966341395003743,0.6168518,-0.021726087,-0.086771764,0.052084863,0.23297162,0.21881554,0.24878414,0.045031607,0.042800613,0.1309757,0.024785705,269,0,268,1,0.84679455,303.526,1.4738785,1.0732825,95,False,,1.3093324,0.14512444,-0.044091873,-0.1547317,-0.026504392,-0.0675765,-3.40134e-05,33,25,0.9230299,40,13,1,0.019933222,141.32849,0,0,1.035932,0.20057146,0.11632656,0.17758821,0.13746499,-116.4079,-21.068249,29.545921,9.752326,False,310,144.35989160815777,0.7727929,186.80283,20.28875,27,46.83480828551485,5.61006,8.348361,21.16212,26,135.96411087108592,6.053903,22.458918,19.414335,1.2662722,0,0,0,0,0,1.7477856,0.8733711,0.87441444,,,,,,,,,,,,,,,,,,,,,,,NOT_AVAILABLE,296.02575276613305,-2.8618493338437383,218.37437124714,-57.24389316620783,False,False,0,False,False,False,False,False,False,False,False,8.1853795e-11,2.369484e-10,0.99999803,,,,,,,,,,,,,,,,,,,,,,,0.010716561029683148,IN,4
416,1636148068921376768,Gaia DR3 5332606419493524608,5332606419493524608,117738979,2016.0,176.4487197037987,0.46571505,-64.85692445478087,0.46810582,0.4815306675756514,0.55175424,0.87272674,8.103526,-8.094444205971026,0.6591186,0.38354168905243446,0.7185407,-0.0135099925,-0.03532144,0.19982602,0.2511978,0.28330863,0.17987646,0.0010480414,-0.0142929945,0.17245159,0.16217017,248,0,244,4,-0.97607815,238.17717,0.0,0.0,95,False,,1.2563604,0.14727898,-0.19337872,-0.1688968,-0.019283334,0.035787843,0.016271107,30,21,1.0498981,37,11,0,0.019191865,147.75691,0,0,0.9542176,0.16399774,0.09343479,0.22009885,0.26790625,-124.18096,-15.805646,23.487713,-0.7282474,False,289,143.78507987058418,0.79305136,181.30614,20.293083,25,49.84189310464559,7.305117,6.822874,21.094557,31,177.06652159922243,13.362596,13.250908,19.127554,1.5781082,0,8,0,14,0,1.9670029,0.8014736,1.1655293,,,,,,,,,,,,,,,,,,,,,,,NOT_AVAILABLE,296.02894290332495,-2.8686170284537336,218.3860747990772,-57.24787545632341,False,False,0,False,False,False,False,False,False,False,False,1.2038286e-10,1.1644662e-10,0.99999887,,,,,,,,,,,,,,,,,,,,,,,0.017569863739267715,IN,4
372,1636148068921376768,Gaia DR3 5332606419491300224,5332606419491300224,788088571,2016.0,176.4409687809602,1.0043343,-64.8564723110825,1.3736125,-1.2929859592997746,1.1271087,-1.1471707,11.250527,-10.748967394587021,1.5291024,3.3217556402746036,2.114835,0.25966057,0.0561287,0.54792833,0.5474039,0.018571367,0.39620477,-0.17594771,0.010335092,0.23151837,0.49533072,192,0,183,9,8.315351,407.44662,6.020838,17.523115,95,False,,1.900251,0.23874818,-0.16248326,-0.17582431,-0.08007436,-0.098143764,-0.0749235,23,16,3.256657,34,10,1,0.31051314,22.332502,0,32,1.4709235,0.26879245,0.45660806,0.3421834,0.24189055,-138.235,-65.912186,31.443617,-25.553389,False,204,141.9336524446681,1.0770843,131.7758,20.307154,3,70.749340648488,20.008255,3.5360076,20.714235,4,314.587179261874,23.446611,13.417171,18.503544,2.714906,0,3,0,4,1,2.2106915,0.4070816,1.8036098,,,,,,,,,,,,,,,,,,,,,,,NOT_AVAILABLE,296.025637786992,-2.8690087395966373,218.38132626842113,-57.24998509556561,False,False,0,False,False,False,False,False,False,False,False,3.1486094e-10,3.7808004e-08,0.9999964,,,,,,,,,,,,,,,,,,,,,,,0.01581635568983528,IN,4
419,1636148068921376768,Gaia DR3 5332606556930428800,5332606556930428800,1595852860,2016.0,176.449351931486,0.48400095,-64.83874446773046,0.43073457,0.9616848926203618,0.531906,1.807998,6.273966,-6.126580577917321,0.66365623,1.3519082685208588,0.58230233,-0.04256738,0.043099996,0.2235664,0.1963681,0.19844136,0.17754179,0.030656643,0.018768534,0.17136838,-0.03436983,260,0,258,2,-1.8267974,238.66174,0.0,2.5320072e-15,95,False,,1.1834544,0.1339641,-0.12435588,-0.101759695,-0.010565166,0.047401924,-0.046899166,31,21,0.92979074,37,11,0,0.0125964945,127.75447,0,0,0.91845566,0.20731871,0.1473859,0.25043246,0.22025064,-124.93567,1.1725763,21.528429,4.1270437,False,296,141.3201273364808,0.9080873,155.62395,20.311857,24,39.33674840891546,4.7637377,8.257539,21.351545,32,161.04173059433938,6.6632895,24.168503,19.230549,1.4179047,0,0,0,0,1,2.1209965,1.0396881,1.0813084,,,,,,,,,,,,,,,,,,,,,,,NOT_AVAILABLE,296.0246207718026,-2.850954927365446,218.36176050140512,-57.23532583614698,False,False,0,False,False,False,False,False,False,False,False,3.726641e-11,5.160235e-13,0.9999993,,,,,,,,,,,,,,,,,,,,,,,0.009152268398692369,IN,4
184,1636148068921376768,Gaia DR3 5332606488212971008,5332606488212971008,68694119,2016.0,176.4099618895049,0.5341718,-64.8419505995019,0.50930375,-0.34091187139488666,0.6293276,-0.5417082,6.9945765,-6.988383778706788,0.6868213,-0.2942615637992281,0.728331,0.0830374,0.08818068,0.17899005,0.31143463,0.2875853,0.23302484,0.13371,-0.015900478,0.27313992,0.2019764,268,0,266,2,0.5388234,305.691,1.8216764,1.5011525,95,False,,1.1747001,0.14494029,-0.19989148,-0.1566657,-0.06576265,-0.007443157,-0.08414027,32,21,1.1061956,38,11,0,0.034653604,137.5639,0,0,1.02243,0.2706701,0.15565436,0.23839866,0.2490636,-120.703964,-15.794878,27.275764,0.9653121,False,293,140.81105066504318,0.86273336,163.21503,20.315775,31,42.732797983552075,5.2470374,8.1441765,21.261639,37,135.2177623261512,5.5954885,24.165497,19.420311,1.2637542,0,0,0,0,0,1.8413277,0.9458637,0.89546394,,,,,,,,,,,,,,,,,,,,,,,NOT_AVAILABLE,296.0092039614909,-2.8582782703445693,218.34507933917678,-57.24979141395498,False,False,0,False,False,False,False,False,False,False,False,6.0451026e-11,5.105596e-13,0.99999833,,,,,,,,,,,,,,,,,,,,,,,0.008036248667273562,IN,4
46,1636148068921376768,Gaia DR3 5332606488210872192,5332606488210872192,922864868,2016.0,176.38030613201343,0.4787967,-64.83388377219731,0.4984932,1.9163657885710288,0.5195655,3.6884005,13.712961,-13.160367704585427,0.6821924,3.8535732598871877,0.7424891,0.21575482,0.07883824,0.29205352,0.3738755,0.09468928,0.37621003,0.33478767,0.0648747,0.113774136,0.20669936,288,0,288,0,-0.044072002,312.1917,0.0,0.0,95,False,,1.2218851,0.13308512,-0.23101564,-0.1708103,-0.0724039,-0.09697868,-0.04074958,33,21,1.1393347,39,10,1,0.03382874,152.59404,0,0,0.99696374,0.27226585,0.12843584,0.21659741,0.23138504,-86.63036,-29.094786,26.831255,4.9044976,False,317,140.46008762137726,0.8297415,169.28175,20.318485,27,25.13115018186749,3.5785296,7.022759,21.83801,36,178.79813585101076,4.832538,36.998806,19.116987,1.4518664,0,0,0,1,0,2.7210236,1.5195255,1.201498,,,,,,,,,,,,,,,,,,,,,,,NOT_AVAILABLE,295.994948654631,-2.8536573961104374,218.31830205139946,-57.253565222388715,False,False,0,False,False,False,False,False,False,False,False,7.6346424e-10,1.1877248e-10,0.9999981,,,,,,,,,,,,,,,,,,,,,,,0.02200259381677766,IN,4
602,1636148068921376768,Gaia DR3 5332606316412154368,5332606316412154368,1335226621,2016.0,176.48183345405053,0.46651432,-64.85655428775799,0.4107798,-0.06938385678989901,0.5050874,-0.13737,7.191377,-6.483787850750789,0.6359335,-3.110690868771631,0.56885463,-0.047848817,-0.21068643,0.17549203,0.18202753,0.0035055357,0.19234069,0.1325453,-0.10401262,0.11927192,-0.014388258,281,0,278,3,0.6504865,306.25015,0.0,0.0,95,False,,1.4010022,0.13896759,-0.22275233,-0.076147296,0.10259968,0.01839316,-0.11462686,33,23,0.88933015,40,12,0,0.039879184,157.02573,0,0,1.026782,0.18830396,0.12578747,0.18514046,0.23975237,-133.47002,1.5353009,25.674786,3.0241027,False,322,140.2945254050462,0.72399557,193.77815,20.319765,26,52.9002468555399,9.362332,5.6503277,21.029898,35,143.39892415506907,6.2789154,22.838167,19.356531,1.3991934,0,0,0,0,0,1.6733665,0.7101326,0.96323395,,,,,,,,,,,,,,,,,,,,,,,NOT_AVAILABLE,296.0424839555395,-2.8647201635051855,218.4032393503245,-57.237300472636214,False,False,0,False,False,False,False,False,False,False,False,9.05802e-11,2.0357793e-10,0.99999183,,,,,,,,,,,,,,,,,,,,,,,0.027080097319927943,IN,4
209,1636148068921376768,Gaia DR3 5332606591290164480,5332606591290164480,605551789,2016.0,176.41419874501588,0.46725547,-64.83212145278999,0.48069352,0.7511412527954068,0.5603464,1.3404944,5.26304,-5.0170565434384615,0.66996384,1.5901999904564073,0.7115501,-0.09161302,-0.13567087,0.2056831,0.067828014,0.15613475,0.09317456,0.117969885,-0.20508568,0.254764,-0.23270406,251,0,249,2,-0.011118919,258.71606,0.0,0.0,95,False,,1.372036,0.14611693,-0.1717262,-0.1383645,-0.028119108,-0.045706984,0.04431375,30,21,1.0715739,36,10,0,0.02727607,139.04802,0,0,0.9981245,0.31433746,0.030848706,0.22392355,0.23298146,-95.87232,54.244827,22.69059,6.870294,False,295,140.13697102238643,0.7631653,183.62598,20.320986,20,37.333700686364175,5.425722,6.8808722,21.408289,31,142.22198861690143,5.741648,24.770237,19.365479,1.2812871,0,0,0,0,0,2.0428104,1.0873032,0.9555073,,,,,,,,,,,,,,,,,,,,,,,NOT_AVAILABLE,296.0084663651456,-2.848312590248042,218.33401089029186,-57.24179165380643,False,False,0,False,False,False,False,False,False,False,False,5.942329e-11,5.684769e-11,0.99999887,,,,,,,,,,,,,,,,,,,,,,,0.01127277772962161,IN,4
132,1636148068921376768,Gaia DR3 5332606488212944384,5332606488212944384,983144570,2016.0,176.40011983449807,0.52348244,-64.8475317010132,0.4872606,0.21537229895158638,0.60861814,0.353871,3.3513715,-2.7880239445278714,0.65794283,-1.859734727156922,0.68780094,0.044798844,0.09480889,0.10890868,0.22180443,0.30106917,0.15276115,-0.0737973,-0.04315201,0.012873201,0.10266116,279,0,278,1,1.826017,337.6895,1.8226737,1.3452674,95,False,,1.3847334,0.14118034,-0.11198978,-0.15809126,-0.040653475,-0.0072471546,0.0040569296,33,22,0.99118584,38,11,0,0.0336485,13.477376,0,0,1.0780458,0.21437997,0.16298015,0.1756428,0.1713904,-108.76269,-17.074936,25.303333,8.326046,False,316,139.99424039623906,0.76207215,183.70209,20.322092,29,44.005839221199416,4.302412,10.228179,21.229767,31,152.8624131744205,5.285594,28.920574,19.287144,1.4062597,0,2,0,3,0,1.9426231,0.9076748,1.0349483,,,,,,,,,,,,,,,,,,,,,,,NOT_AVAILABLE,296.0065612429155,-2.8647346273388137,218.34739828884508,-57.25665272762228,False,False,0,False,False,False,False,False,False,False,False,1.06414606e-13,1.0977381e-10,0.9999993,,,,,,,,,,,,,,,,,,,,,,,0.013607551522032307,IN,4
363,1636148068921376768,Gaia DR3 5332606522572743680,5332606522572743680,1075355940,2016.0,176.43972975248082,0.5106587,-64.84536181595439,0.44937733,1.3313170122136424,0.57478195,2.3162122,7.641508,-6.892951894353584,0.65941095,3.2984635779437737,0.6231109,-0.009987774,0.054755844,0.092909604,0.2154365,0.26309457,0.16494197,-0.043636903,-0.027080985,0.080021635,0.00050090346,259,0,258,1,-0.86035365,253.83147,0.0,0.0,95,False,,1.2683004,0.14030842,-0.09110259,-0.12235572,-0.010103355,0.050815202,-0.006886874,30,20,0.91711015,37,12,1,0.025883412,132.83643,6,0,0.9606172,0.27316555,0.16714735,0.205628,0.28219295,-129.10344,-2.506578,29.68703,2.7306087,False,300,139.8192926402078,0.83765227,166.91806,20.323448,12,66.74866052897991,9.404585,7.0974593,20.777435,12,236.86456269385633,10.232365,23.148565,18.811646,2.1714687,0,1,0,1,0,1.9657898,0.45398712,1.5118027,,,,,,,,,,,,,,,,,,,,,,,NOT_AVAILABLE,296.0223255585143,-2.8583890932098774,218.36559567625258,-57.24282348215169,False,False,0,False,False,False,False,False,False,False,False,7.5460094e-10,4.2853795e-08,0.99998313,,,,,,,,,,,,,,,,,,,,,,,0.0060164141596266724,IN,4
44,1636148068921376768,Gaia DR3 5332600578335654144,5332600578335654144,741609556,2016.0,176.379834505475,0.52386326,-64.85731316569056,0.5226731,-0.25164161253553885,0.60437864,-0.41636416,5.651131,-5.6361158377319756,0.717222,0.41168304321871607,0.70523185,0.04852361,-0.0044035637,0.17935683,0.29989502,0.24944153,0.29687977,0.123859785,0.019873148,0.22149535,0.1285053,289,0,288,1,3.2449856,390.79352,2.4825287,2.7413657,95,False,,1.3736748,0.14602435,-0.18973294,-0.11768692,-0.040796496,-0.084927484,-0.09133331,34,23,1.0767127,39,12,1,0.00979341,143.87646,0,15,1.13847,0.21096179,0.09606515,0.1515083,0.23507206,-86.80521,-19.785421,27.151304,0.81025136,False,317,139.34985346470933,0.7920572,175.93408,20.3271,0,,,,,0,,,,,,,,,,2,,,,,,,,,,,,,,,,,,,,,,,,,,NOT_AVAILABLE,296.000684336896,-2.8763765687713754,218.3498522311839,-57.26962289148693,False,False,0,False,False,False,False,False,False,False,False,,,,,,,,,,,,,,,,,,,,,,,,,,0.026137582589939524,IN,4
376,1636148068921376768,Gaia DR3 5332606385133764608,5332606385133764608,624168283,2016.0,176.4414152106922,0.48830584,-64.8662518199541,0.46832937,0.5500008489951284,0.56970996,0.96540505,9.728064,-9.618209567573238,0.678943,-1.4578270697865094,0.67048246,-0.1289114,-0.23476784,0.04843422,0.24076293,0.2835118,0.20550281,-0.0933266,-0.013419151,-0.0035273726,0.16633758,251,0,249,2,-0.6133635,244.92657,0.0,0.0,95,False,,1.3604468,0.15062116,-0.034972608,-0.18875626,-0.12890287,-0.08957014,0.03105,30,21,1.0131264,36,11,0,0.01681394,129.57347,0,0,0.97094804,0.15591311,0.15010677,0.14061289,0.1940939,-124.30987,-19.11735,27.244247,0.12724863,False,284,139.18962401272546,0.81581205,170.61482,20.32835,27,41.265481946593944,4.5959916,8.97858,21.299576,27,140.14715128074198,5.7834144,24.232597,19.381435,1.3033488,0,0,0,1,0,1.9181404,0.97122574,0.9469147,,,,,,,,,,,,,,,,,,,,,,,NOT_AVAILABLE,296.02828781595554,-2.87842520167088,218.39483348890028,-57.256488248013476,False,False,0,False,False,False,False,False,False,False,False,1.4837982e-10,3.2545103e-10,0.999995,,,,,,,,,,,,,,,,,,,,,,,0.02530284757676204,IN,4
583,1636148068921376768,Gaia DR3 5332606728729226496,5332606728729226496,829926944,2016.0,176.48011869066983,0.5018032,-64.83174858796542,0.5338214,-0.19168700335198846,0.63875437,-0.30009502,8.832244,-8.247244036753145,0.63592947,3.1609341448617316,0.62675464,0.0005032715,-0.03585685,-0.061975725,0.28920504,0.4655463,0.3275857,0.08154331,0.0985192,0.22698314,0.18194257,261,0,257,4,0.6119731,290.20532,0.5522055,0.15056607,95,False,,1.2611241,0.14415348,-0.048337627,-0.21324764,-0.1708023,-0.18763836,-0.014845366,31,20,0.97571737,36,12,1,0.031773668,40.987026,0,0,1.0260979,0.23581043,0.15590881,0.23080903,0.19139542,-105.870834,-30.13716,29.9285,4.6121664,False,294,138.7127693063119,0.8237776,168.38618,20.332075,33,41.83116593044035,4.200737,9.958054,21.284792,33,146.34276681729773,7.734876,18.919859,19.334467,1.3565725,0,0,0,0,0,1.950325,0.9527168,0.9976082,,,,,,,,,,,,,,,,,,,,,,,NOT_AVAILABLE,296.03553684909645,-2.8408934700402773,218.36870955274605,-57.220974838736794,False,False,0,False,False,False,False,False,False,False,False,8.485409e-11,1.8009072e-10,0.999997,,,,,,,,,,,,,,,,,,,,,,,0.02389378892575448,IN,4
313,1636148068921376768,Gaia DR3 5332606522572746368,5332606522572746368,1614095699,2016.0,176.43092960802602,0.47473195,-64.83506735416162,0.46008316,0.7061301617994709,0.55146116,1.2804712,5.559268,-5.522534219312803,0.68725544,0.638027309897528,0.6397968,0.004964225,-0.048031222,0.21951543,0.23354879,0.24225315,0.14360976,-0.07867682,-0.15778846,0.054180462,0.10356487,278,0,277,1,0.18338996,290.0136,0.0,0.0,95,False,,1.5820174,0.14042231,-0.09810244,-0.19749445,-0.10539145,0.069045484,0.0036107558,33,21,0.98773193,40,14,0,0.04087498,155.2149,0,0,1.0066546,0.26898235,0.11234236,0.2562839,0.21119547,-126.622215,-22.434782,23.727383,-1.4007459,False,321,138.36579704932302,0.7195722,192.28897,20.334795,24,45.7278998472361,5.5134654,8.293859,21.18809,31,131.4469967260166,4.1961074,31.325937,19.45102,1.2804819,0,0,0,0,0,1.7370701,0.8532944,0.8837757,,,,,,,,,,,,,,,,,,,,,,,NOT_AVAILABLE,296.0161034900936,-2.8493693745410145,218.34693940275304,-57.238573523557854,False,False,0,False,False,False,False,False,False,False,False,6.7608676e-11,3.3435443e-10,0.9999926,,,,,,,,,,,,,,,,,,,,,,,0.00651344117648168,IN,4
90,1636148068921376768,Gaia DR3 5332606488212945920,5332606488212945920,1550274704,2016.0,176.39157864840115,0.49407133,-64.83902961990611,0.4507391,1.281789901074558,0.56055886,2.2866285,3.90758,-3.825235859780596,0.73245555,0.7979668747602906,0.67561954,-0.04400737,-0.06485768,0.29885545,0.18218604,0.17093052,0.10590954,-0.0418421,-0.19269043,0.14471185,0.03175537,262,0,262,0,-0.0944799,271.11804,0.0,0.0,95,False,,1.3518549,0.13821584,-0.11537157,-0.15183887,-0.053829707,0.04697042,-0.004616171,31,20,1.0340745,39,12,0,0.014400714,127.54247,0,15,0.99452746,0.19103433,0.15038252,0.29912946,0.29549703,-112.77041,-5.683979,19.066647,-1.9108762,False,303,137.74016757950056,0.99400073,138.5715,20.339716,5,71.63045541757315,19.468096,3.6793766,20.700798,5,181.0715052560404,11.315321,16.00233,19.10327,1.834628,0,0,0,0,0,1.5975285,0.36108208,1.2364464,,,,,,,,,,,,,,,,,,,,,,,NOT_AVAILABLE,296.00089390420203,-2.8574250760416215,218.33130261654483,-57.25354285393278,False,False,0,False,False,False,False,False,False,False,False,1.4394687e-08,6.9486594e-09,0.99999607,,,,,,,,,,,,,,,,,,,,,,,0.016035176469290553,IN,4
624,1636148068921376768,Gaia DR3 5332606350774102016,5332606350774102016,1273599999,2016.0,176.48565317327115,0.56035745,-64.84061031795899,0.48220283,-0.45566650633429595,0.64585,-0.7055299,5.189671,-5.088137086460646,0.74126244,1.0215418074413882,0.77781826,0.013552313,-0.038953885,0.16820283,0.27415484,0.14771017,0.18758105,0.066410266,-0.22794093,0.23431666,0.12379206,259,0,258,1,2.8196993,340.96918,2.2266204,2.0255256,95,False,,1.5282632,0.14531198,-0.0974006,-0.0076231514,0.011952254,-0.008162229,0.009282801,31,20,1.1372002,38,10,1,0.023174675,18.669819,0,28,1.1268163,0.21465687,0.12448403,0.23165967,0.2471809,-96.61736,-14.918065,23.27273,4.0720506,False,290,136.40841087954152,0.75039387,181.78241,20.350264,3,51.72704134756347,16.74621,3.0888805,21.054249,3,104.7208604412958,26.993706,3.8794549,19.697813,1.146908,0,0,0,0,1,1.3564358,0.7039852,0.65245056,,,,,,,,,,,,,,,,,,,,,,,NOT_AVAILABLE,296.04004666232487,-2.848879707604019,218.38366944635084,-57.225273372971074,False,False,0,False,False,False,False,False,False,False,False,8.958294e-09,1.383424e-09,0.99999833,,,,,,,,,,,,,,,,,,,,,,,0.024170908868671563,IN,4
140,1636148068921376768,Gaia DR3 5332606591292783232,5332606591292783232,860282617,2016.0,176.4017125772426,0.53417236,-64.83001609021466,0.54838777,-0.5560953430073348,0.62501585,-0.88973,5.850135,-5.683676016823161,0.71721584,1.385605785466709,0.9142889,-0.09292395,0.036087643,0.20118575,0.28017446,0.098668054,0.13951159,-0.21746016,-0.09509786,0.07800988,0.08132256,241,0,241,0,1.8558543,295.4125,1.6671788,0.9963922,95,False,,1.3683156,0.152189,-0.15831153,-0.05850096,-0.15477629,0.03338476,-0.12131232,28,21,1.2878058,32,9,1,0.018564971,80.969406,0,0,1.0853561,0.23229256,0.056074843,0.3646878,0.21557531,-115.855934,-25.775322,22.79997,2.769629,False,269,136.08406856434254,0.7828146,173.83946,20.352848,20,28.776590025832785,5.0593805,5.6877694,21.690945,30,185.81628776934522,5.985932,31.042166,19.075186,1.5769141,0,0,0,0,0,2.615759,1.3380966,1.2776623,,,,,,,,,,,,,,,,,,,,,,,NOT_AVAILABLE,296.002789693845,-2.8476154587646167,218.32448763741843,-57.24425733179203,False,False,0,False,False,False,False,False,False,False,False,1.1504614e-13,1.8278835e-10,0.9999953,,,,,,,,,,,,,,,,,,,,,,,0.01629028405934239,IN,4
25,1636148068921376768,Gaia DR3 5332609546229667712,5332609546229667712,984536607,2016.0,176.3759216911224,0.484897,-64.81991752467775,0.46752894,0.3212917242673269,0.55096984,0.5831385,7.745129,-7.731645889920064,0.6776924,0.4568138432372646,0.77015626,0.037860006,-0.045303565,0.17015308,0.32137534,0.24211508,0.21438031,0.023604663,-0.09861717,0.07292263,0.1911793,276,0,274,2,-0.080117986,283.8351,0.0,0.0,95,False,,1.3470027,0.14161113,-0.14347228,-0.2186333,-0.10676234,0.02677444,-0.006438651,32,20,1.126813,38,11,0,0.03340323,18.946203,0,0,0.99529934,0.24800865,0.13035414,0.32144699,0.27319473,-111.11044,-19.971807,26.867584,1.4680235,False,310,135.55797313973977,0.7771962,174.41924,20.357054,29,40.011864606995935,5.648622,7.0834737,21.33307,35,127.3472675658029,6.36823,19.997278,19.485422,1.2345946,0,1,0,0,0,1.8476486,0.976017,0.8716316,,,,,,,,,,,,,,,,,,,,,,,NOT_AVAILABLE,295.98960696355664,-2.840616276063364,218.29701550444443,-57.24544584584377,False,False,0,False,False,False,False,False,False,False,False,1.7504426e-10,1.2593296e-10,0.9999955,,,,,,,,,,,,,,,,,,,,,,,0.03119514528934895,IN,4
463,1636148068921376768,Gaia DR3 5332606969249972224,5332606969249972224,1449411629,2016.0,176.4582894544804,0.53890437,-64.81801565197014,0.52050257,0.27049913792178976,0.6067328,0.4458291,11.8938465,-11.533374307709247,0.7450691,-2.9060045056423602,0.7823221,0.14536233,0.14309378,0.30345008,0.33694944,0.2516278,0.30797026,0.24898535,0.11610334,0.1411046,0.28025427,243,0,242,1,1.3857675,280.97955,0.9154467,0.75459725,95,False,,1.5957937,0.15056245,-0.11185599,-0.17402527,-0.120463595,-0.0060067363,0.01621989,29,21,1.2375972,34,10,0,0.040084727,162.94519,0,0,1.0630167,0.25106764,0.11023832,0.34854996,0.26551837,-113.39013,-40.108494,26.306992,2.0497682,False,274,134.61633821864115,0.93176347,144.4748,20.364622,28,41.87293308113266,3.8631034,10.839195,21.283709,31,188.2358854166043,6.009212,31.324554,19.06114,1.7093676,0,0,0,0,0,2.2225685,0.91908646,1.303482,,,,,,,,,,,,,,,,,,,,,,,NOT_AVAILABLE,296.023081021237,-2.829936614422217,218.33844858847445,-57.21844703661487,False,False,0,False,False,False,False,False,False,False,False,2.5492797e-10,3.3263522e-10,0.9999976,,,,,,,,,,,,,,,,,,,,,,,0.026633502662665884,IN,4
518,1636148068921376768,Gaia DR3 5332606350772019840,5332606350772019840,1542383519,2016.0,176.46913088374563,0.48700717,-64.84002348188355,0.44817343,0.1891721970101874,0.5386035,0.35122722,5.2937374,-4.991277772532509,0.6442047,1.7637470542882427,0.5955927,-0.056509215,-0.04337705,0.11229223,0.22302657,0.17034003,0.20869505,-0.009001163,-0.029760681,0.16877072,-0.022760192,262,0,261,1,-0.6721587,266.62183,0.0,0.0,95,False,,1.2244232,0.14587837,-0.12078041,-0.15587582,0.010372194,0.015563863,-0.025115874,31,22,0.89933175,38,12,0,0.011647543,130.58563,0,0,0.9690906,0.27583236,0.075465105,0.3278826,0.19322279,-142.98056,-1.1774913,26.854881,6.580667,False,307,133.98842468904377,0.7503464,178.56876,20.3697,29,38.50351623865732,4.213828,9.13742,21.374792,34,143.6827958871993,5.5686536,25.80207,19.354383,1.3597168,0,0,0,0,0,2.0204086,1.0050926,1.015316,,,,,,,,,,,,,,,,,,,,,,,NOT_AVAILABLE,296.03309170991514,-2.850077091771414,218.37405363449975,-57.23002656875688,False,False,0,False,False,False,False,False,False,False,False,5.793224e-11,5.650613e-11,0.9999987,,,,,,,,,,,,,,,,,,,,,,,0.017195076619834188,IN,4
214,1636148068921376768,Gaia DR3 5332606625653203584,5332606625653203584,1338193349,2016.0,176.41465502891816,3.184497,-64.82783563881894,2.771439,,,,,,,,,0.5168488,,,,,,,,,,101,0,101,0,25.179209,1034.9739,14.580609,56.700478,3,False,,,,,,,,,12,10,7.2986474,15,5,8,0.39075857,144.48468,17,6,,0.32239994,0.57011664,0.26998678,0.4018675,-151.52803,-44.03933,38.14258,-44.008106,True,114,133.51238442827633,3.0376568,43.952427,20.373564,10,60.31891521097234,9.563858,6.306965,20.88741,14,265.89168170746194,16.159605,16.454096,18.686134,2.4432983,0,10,0,14,0,2.2012749,0.51384544,1.6874294,,,,,,,,,,,,,,,,,,,,,,,NOT_AVAILABLE,296.00757189351674,-2.8441164308158906,218.32844374088842,-57.23873701512872,False,False,0,False,False,False,False,False,False,False,False,5.9888935e-05,6.330294e-05,0.9986894,,,,,,,,,,,,,,,,,,,,,,,0.014954299769894144,IN,4
85,1636148068921376768,Gaia DR3 5332606488212946304,5332606488212946304,771674520,2016.0,176.39054640111087,0.5253506,-64.8380350898239,0.48110667,-0.28364136365816633,0.57731086,-0.49131477,3.7766607,-3.5729910905674784,0.7274877,1.2234786931124568,0.7528561,0.12576056,0.02354185,0.24984688,0.31646374,0.2677308,0.29488546,0.19701609,0.043110654,0.11262251,0.27917847,268,0,268,0,-0.29340318,271.48734,0.0,2.4832162e-15,95,False,,1.412999,0.14674209,-0.20419468,-0.07076373,-0.021133598,0.030146927,0.07208014,31,21,1.1876966,36,9,2,0.008816339,59.39765,0,0,0.9859435,0.26415315,0.20214184,0.30921623,0.21635626,-104.26188,-21.746914,27.067787,3.3030803,False,298,132.6440266271434,0.80199367,165.39285,20.380648,17,34.36108896580032,4.6073427,7.457897,21.498375,21,154.93585495028614,13.002647,11.915716,19.272516,1.427105,0,1,0,0,0,2.2258587,1.1177273,1.1081314,,,,,,,,,,,,,,,,,,,,,,,NOT_AVAILABLE,296.0002171838724,-2.8565736688660484,218.32940216438908,-57.25318941602402,False,False,0,False,False,False,False,False,False,False,False,4.1340608e-11,5.098981e-13,0.9999987,,,,,,,,,,,,,,,,,,,,,,,0.016648571098942064,IN,4
576,1636148068921376768,Gaia DR3 5332606316412117632,5332606316412117632,923108258,2016.0,176.4790315853727,0.5089791,-64.85943922381063,0.47282544,0.8565736605277247,0.5698021,1.5032827,7.50073,-7.5006429018416245,0.7671195,-0.036198336938320815,0.7499117,-0.06776644,-0.13264322,0.15569365,0.22007792,0.19770734,0.23430945,0.081404924,0.10997298,0.15711607,0.15135072,262,0,261,1,1.0779073,297.6731,0.0,0.0,95,False,,1.4035265,0.15209799,-0.12237305,-0.089496605,0.0051504755,-0.039229233,-0.0027962916,31,22,1.1414346,38,11,0,0.011892432,56.66308,0,18,1.0467807,0.19116618,0.12243741,0.060264613,0.22526829,-91.869286,-3.1421585,23.901669,7.2780037,False,306,131.11039977115362,0.79854524,164.18657,20.393274,0,,,,,0,,,,,,,,,,2,,,,,,,,,,,,,,,,,,,,,,,,,,NOT_AVAILABLE,296.04205613972834,-2.867811662372635,218.40565603577565,-57.240134142295936,False,False,0,False,False,False,False,False,False,False,False,,,,,,,,,,,,,,,,,,,,,,,,,,0.027859093063081337,IN,4
29,1636148068921376768,Gaia DR3 5332606453853149952,5332606453853149952,735813,2016.0,176.37656025353888,0.5944086,-64.8537572051726,0.5441831,1.5394678206420664,0.6662331,2.3107045,7.2974524,-7.2573041998845715,0.79855144,0.764426621268844,0.75654924,0.050002452,0.037108675,0.10039475,0.27070543,0.2987034,0.27135915,0.05351643,0.10125852,0.17832392,0.2169328,271,0,269,2,1.8111066,334.39688,2.2271874,2.527474,95,False,,0.9474374,0.16847153,-0.12049286,-0.20202644,-0.07282701,-0.09996858,0.018159835,32,22,1.209771,37,12,1,0.030165777,8.026414,0,0,1.0786983,0.22834232,0.1756054,0.24777645,0.18370928,-135.02905,-18.483356,29.200024,2.1512263,False,302,130.97517909606628,0.8423424,155.48924,20.394394,30,32.6613016251807,5.0206666,6.5053716,21.55346,35,151.44371566504907,5.203424,29.104628,19.297268,1.4056481,0,0,0,0,0,2.2561913,1.1590652,1.097126,,,,,,,,,,,,,,,,,,,,,,,NOT_AVAILABLE,295.998436483236,-2.8732878379535074,218.3432767238928,-57.26823010729291,False,False,0,False,False,False,False,False,False,False,False,4.7117893e-11,1.7243693e-10,0.9999981,,,,,,,,,,,,,,,,,,,,,,,0.02536653380157829,IN,4
204,1636148068921376768,Gaia DR3 5332606453853210368,5332606453853210368,866213857,2016.0,176.41330525684546,0.53675,-64.85750925619928,0.5565109,0.3692116687805379,0.65615934,0.56268597,8.707539,-7.479342130382257,0.7915022,4.4587744268201135,0.69486046,0.12662165,0.08212143,0.3814737,0.34006783,0.48393112,0.32676595,0.17218602,0.16442813,0.12920931,0.30476153,244,0,243,1,-0.13143004,266.11053,0.0,0.0,95,False,,1.0614103,0.14898364,-0.09083171,-0.19031076,-0.08360593,0.025312454,0.052077662,29,19,1.2356999,34,7,0,0.04746652,21.696262,1,0,0.992566,0.20491832,0.15693766,0.27198735,0.26956093,-165.1586,-16.422445,28.55563,-1.3092083,False,268,130.6520468726611,0.80732924,161.83243,20.397076,24,30.353687563737086,3.397494,8.93414,21.633013,31,136.69302563144376,5.4239326,25.20183,19.40853,1.2785618,0,0,0,0,0,2.2244835,1.2359371,0.9885464,,,,,,,,,,,,,,,,,,,,,,,NOT_AVAILABLE,296.0145111251046,-2.872975045371861,218.3679747670736,-57.25931609853294,False,False,0,False,False,False,False,False,False,False,False,4.707945e-11,1.8509601e-10,0.9999954,,,,,,,,,,,,,,,,,,,,,,,0.017298598442963328,IN,4
587,1636148068921376768,Gaia DR3 5332606213335118336,5332606213335118336,1144967228,2016.0,176.48023014304232,0.46162108,-64.86613588859178,0.42161936,0.1100130303786701,0.5185015,0.21217495,5.733482,-5.696793535756841,0.66985345,0.6475779727741253,0.6075431,-0.090356864,-0.16398229,0.029830342,0.15752491,0.12569667,0.16652595,-0.020757176,-0.011172649,0.08866085,0.022126371,307,0,305,2,-0.61235446,304.60986,0.0,0.0,95,False,,1.3004855,0.13744484,-0.06444386,-0.10645057,-0.030885255,-0.010497232,-0.038697727,36,25,0.93016684,41,12,1,0.02226828,125.8197,1,0,0.9739585,0.21382105,0.05948489,0.14552677,0.27885312,-135.66779,1.7819815,30.097069,7.183858,False,340,130.41914250902937,0.72956014,178.76407,20.399014,20,35.95921454999176,5.761318,6.241491,21.449017,22,121.17710899911314,7.3276725,16.536917,19.539345,1.2048563,0,0,0,0,0,1.9096718,1.050003,0.85966873,,,,,,,,,,,,,,,,,,,,,,,NOT_AVAILABLE,296.0442345111414,-2.8741654909475383,218.41537648020602,-57.244310374012265,False,False,0,False,False,False,False,False,False,False,False,1.4906489e-10,5.104951e-13,0.9999976,,,,,,,,,,,,,,,,,,,,,,,0.032906632574283994,IN,4
399,1636148068921376768,Gaia DR3 5332606556932499456,5332606556932499456,604103464,2016.0,176.44572670328438,0.65471625,-64.83630158431063,0.6715285,-1.6246498513783383,0.80453175,-2.0193732,6.539111,-6.3331337735218565,0.87719953,1.6283087485796421,0.9328375,0.07837728,0.08935638,0.19538349,0.3309373,0.4052539,0.21969125,0.080623366,-0.050932948,0.18576413,0.207845,246,0,243,3,4.910839,400.05606,3.4940367,8.369163,95,False,,1.2282411,0.17176582,-0.10776261,-0.13707843,-0.09880825,0.0072269044,-0.017409459,29,19,1.4123266,35,10,0,0.07246335,83.24685,0,0,1.2323325,0.28802282,0.072605975,0.22895294,0.27142307,-103.42955,-22.969318,30.740316,3.2093644,False,289,130.40068146522168,0.9843868,132.46895,20.399168,16,48.68640266482331,6.6041765,7.3720627,21.120024,17,168.61010337259697,6.1858997,27.257168,19.180687,1.6663755,0,0,0,0,0,1.9393368,0.7208557,1.2184811,,,,,,,,,,,,,,,,,,,,,,,NOT_AVAILABLE,296.02251137269934,-2.8489788139176864,218.35651359096587,-57.23479641316309,False,False,0,False,False,False,False,False,False,False,False,1.3711151e-09,6.4426103e-10,0.99999535,,,,,,,,,,,,,,,,,,,,,,,0.008876262917290496,IN,4
129,1636148068921376768,Gaia DR3 5332606488212941056,5332606488212941056,823402270,2016.0,176.39964240377725,0.62579465,-64.8488134579218,0.5598417,0.20502550813225706,0.79353726,0.2583691,5.281912,-5.212388999443734,0.83827037,0.8541619279073844,0.7916553,0.067136005,0.3365628,-0.11964833,0.09384258,0.28005555,0.032581948,0.082651354,-0.25473282,0.058861975,0.073166244,249,0,248,1,1.0764059,300.78912,2.3519604,1.9063503,95,False,,1.1101034,0.17409703,-0.06082323,-0.09751608,0.039570056,-0.113257766,0.119581945,29,18,1.1872591,36,9,2,0.03263155,158.83742,0,0,1.047925,0.29168093,0.07137313,0.22692087,0.3831786,-113.498535,-9.775753,36.228947,11.421351,False,293,129.63524601620853,0.7920334,163.67397,20.40556,14,23.32537862258529,3.399153,6.862115,21.91897,17,149.93150974109923,5.9728193,25.1023,19.308163,1.3364953,0,2,0,2,0,2.6108074,1.5134106,1.0973969,,,,,,,,,,,,,,,,,,,,,,,NOT_AVAILABLE,296.00668868303063,-2.8660260899273386,218.34888290229168,-57.257672186358604,False,False,0,False,False,False,False,False,False,False,False,2.2360645e-11,1.11792374e-10,0.9999987,,,,,,,,,,,,,,,,,,,,,,,0.014394743776267392,IN,4
324,1636148068921376768,Gaia DR3 5332606556933078912,5332606556933078912,491438872,2016.0,176.43326236917858,0.5820965,-64.82545683526128,0.5476445,2.078300277051488,0.6584069,3.156559,9.002669,-8.547419004780098,0.79560333,2.826601355434542,0.81051344,-0.07699847,-0.07644182,0.1299579,0.1650989,0.29426888,0.12291743,-0.024549587,-0.0006087126,0.05775948,0.03337744,247,0,245,2,1.2054352,291.58786,1.8000225,1.0847125,95,False,,0.97072816,0.16164158,-0.13274455,-0.16919626,-0.08960327,0.038605772,0.007999608,30,22,1.139651,35,10,0,0.047442306,135.47343,0,0,1.0542191,0.2362699,0.10949627,0.20495577,0.2849486,-93.32184,-0.32615113,21.826256,6.0339556,False,281,129.5949814260679,0.83416754,155.35846,20.405897,14,42.89248849500252,6.229709,6.885151,21.25759,12,183.728518263253,6.2173886,29.550753,19.087454,1.7486866,0,0,0,0,0,2.1701355,0.8516922,1.3184433,,,,,,,,,,,,,,,,,,,,,,,NOT_AVAILABLE,296.0146399529052,-2.839818996406625,218.33515853841143,-57.23131430892329,False,False,0,False,False,False,False,False,False,False,False,1.4651641e-10,3.3149714e-10,0.99999577,,,,,,,,,,,,,,,,,,,,,,,0.016172780100525877,IN,4
461,1636148068921376768,Gaia DR3 5332606556932519680,5332606556932519680,1585527825,2016.0,176.4579265910157,0.58099955,-64.83153766789623,0.58150285,0.6343023143356723,0.70704067,0.8971228,5.6963916,-5.526449636659098,0.7933799,1.3810249658017688,0.8090525,-0.0018314682,0.063518174,0.15522282,0.23766235,0.26084742,0.15438814,-0.10186202,-0.05699903,0.18066101,0.107604384,241,0,239,2,2.655295,334.82645,2.3837478,2.1753242,95,False,,1.0743036,0.1701962,-0.13769448,-0.12796639,-0.13880798,-0.026025036,-0.09354623,29,22,1.1811081,35,11,0,0.04348729,145.9274,1,0,1.1240046,0.29944646,0.08680995,0.3076146,0.200495,-148.09454,-12.74932,27.031801,5.024849,False,270,129.58758674161547,0.8426051,153.79398,20.405958,13,60.30809226881108,13.053081,4.620219,20.887604,12,145.3851613480918,14.562966,9.983211,19.341595,1.5872914,0,0,0,1,0,1.5460091,0.48164558,1.0643635,,,,,,,,,,,,,,,,,,,,,,,NOT_AVAILABLE,296.02633788383196,-2.843062450114528,218.35657213768684,-57.227753086801876,False,False,0,False,False,False,False,False,False,False,False,4.3408385e-10,5.262193e-10,0.9999977,,,,,,,,,,,,,,,,,,,,,,,0.015894083843890103,IN,4
614,1636148068921376768,Gaia DR3 5332606350774098048,5332606350774098048,61113280,2016.0,176.48330132152293,0.54348487,-64.84396915365144,0.46108112,-0.7833662910269497,0.580011,-1.350606,5.263815,-5.030236503763804,0.7995442,1.550634069968307,0.71742594,-0.033169914,-0.0901654,0.088843375,0.13920526,0.15984921,0.1293968,0.037219435,-0.036296126,0.050652053,-0.03124125,253,0,252,1,1.6782094,304.05978,1.111125,0.4691666,95,False,,1.4569272,0.1531795,-0.069686934,-0.11885122,-0.045979213,-0.045345973,-0.04699257,31,22,1.109865,37,10,1,0.044976685,132.14796,0,0,1.0752172,0.17839988,0.19361445,0.20732774,0.21703608,-127.45677,-6.0469265,21.775599,8.103937,False,289,129.15202217998817,0.7496818,172.27579,20.409615,25,28.26740204136195,3.3185463,8.518007,21.710327,31,148.1192278366941,4.396624,33.68931,19.321367,1.3657287,0,2,0,1,0,2.38896,1.3007126,1.0882473,,,,,,,,,,,,,,,,,,,,,,,NOT_AVAILABLE,296.0399225761543,-2.8523819947975437,218.38696500836113,-57.22828981793544,False,False,0,False,False,False,False,False,False,False,False,1.1822475e-10,1.1799119e-10,0.99999785,,,,,,,,,,,,,,,,,,,,,,,0.023281702078140485,IN,4
537,1636148068921376768,Gaia DR3 5332606728731224960,5332606728731224960,1480990606,2016.0,176.4724481085257,0.50052524,-64.82734574828861,0.4851704,0.11171899670849555,0.59511477,0.18772681,5.6460314,-5.64064068754143,0.69221073,0.2466592015044126,0.69642895,-0.020150624,-0.122579806,0.2036273,0.27258116,0.24580087,0.15169877,-0.10098495,-0.24181172,-0.029604014,0.20038614,242,0,241,1,-0.96319443,228.40735,0.0,0.0,95,False,,1.4279962,0.14310808,-0.118500955,-0.13866918,-0.117785394,0.014518637,0.122545354,28,19,1.068478,33,9,1,0.036981538,107.48123,0,6,0.95450485,0.21894495,0.119760275,0.31609014,0.23507017,-112.66755,-22.633198,20.453417,-3.660864,False,273,128.63890068021087,1.5341669,83.84935,20.413937,2,73.04168477496425,25.124464,2.9071937,20.679615,3,188.48609462040847,69.0302,2.7304876,19.059698,2.0330381,0,2,0,2,0,1.6199169,0.2656784,1.3542385,,,,,,,,,,,,,,,,,,,,,,,VARIABLE,296.0312673346016,-2.8374519310391086,218.35864916507197,-57.220373828795545,False,False,0,False,False,False,True,False,False,False,False,5.849644e-06,3.6520866e-08,0.9999911,,,,,,,,,,,,,,,,,,,,,,,0.023340991898091953,IN,4
532,1636148068921376768,Gaia DR3 5332606728729248128,5332606728729248128,1602232862,2016.0,176.47157676356628,0.5408331,-64.82778925576905,0.47526383,-0.8321685602434938,0.5738924,-1.4500428,7.120342,-7.067836156877897,0.7917125,0.8631106936881402,0.6723701,-0.047558337,-0.04464027,0.18348846,0.14743367,0.12500504,0.1642622,0.20720626,0.0813536,0.090677,-0.062849835,251,0,250,1,0.16583736,262.0056,0.0,0.0,95,False,,1.3844616,0.15606071,-0.03278194,-0.15952657,-0.08268445,-0.03238261,-0.06426422,30,22,1.1064595,35,8,0,0.026050948,112.71301,0,2,1.0061473,0.19707361,0.15217796,0.30815288,0.28327784,-137.06332,-0.84417003,24.012403,3.597782,False,282,128.3777433564752,0.90605104,141.6893,20.416143,12,54.764830799687076,7.3796034,7.421108,20.992289,14,137.80698050794538,10.012066,13.764091,19.399717,1.5000405,0,7,0,7,0,1.5925713,0.5761452,1.0164261,,,,,,,,,,,,,,,,,,,,,,,NOT_AVAILABLE,296.0310198118562,-2.837974369221723,218.35878446774484,-57.22094714626148,False,False,0,False,False,False,False,False,False,False,False,7.2026285e-10,1.1164396e-09,0.9999945,,,,,,,,,,,,,,,,,,,,,,,0.02277751945491204,IN,4
559,1636148068921376768,Gaia DR3 5332606316412221824,5332606316412221824,1768838984,2016.0,176.47533858679162,0.51695454,-64.84804653552011,0.47461766,0.9353331565277313,0.58601433,1.5960927,6.9981585,-6.98946143074504,0.70542437,-0.348781121412332,0.6056305,-0.08887483,-0.13137959,0.044224642,0.19068113,0.20399903,0.22536041,0.070763946,0.036704767,0.14117654,0.0277744,271,0,270,1,0.7383621,301.05588,1.3450345,0.7466666,95,False,,1.2914006,0.14871798,-0.08340837,-0.07158682,0.013536809,-0.0377794,-0.07419233,32,24,0.984606,37,10,0,0.064374715,125.995026,0,0,1.0310287,0.21498457,0.1342836,0.22587773,0.27971157,-143.66132,8.380143,28.012009,4.809796,False,306,128.28313638984787,0.73567456,174.37485,20.416943,26,38.22901037321234,3.6558633,10.456903,21.382559,31,121.23889407059933,5.230695,23.178354,19.53879,1.2430933,0,1,0,1,0,1.8437691,0.9656162,0.87815285,,,,,,,,,,,,,,,,,,,,,,,NOT_AVAILABLE,296.03766844138636,-2.8571790680367033,218.38824079412473,-57.23354373141522,False,False,0,False,False,False,False,False,False,False,False,1.3507583e-10,6.478642e-10,0.99999565,,,,,,,,,,,,,,,,,,,,,,,0.020815701195612355,IN,4
131,1636148068921376768,Gaia DR3 5332606453853192704,5332606453853192704,1027311898,2016.0,176.40006591714473,0.611883,-64.85451228251267,0.5597409,1.757143006807542,0.68695706,2.5578644,11.501908,-11.473425975170747,0.9317947,-0.8089468013605736,0.80551404,-0.049032535,-0.05821596,0.24482718,0.080149055,0.17444399,0.061832372,0.069328524,-0.099199414,0.016514929,-0.025640147,270,0,270,0,3.5411205,398.31808,3.1513886,4.531307,95,False,,1.1419072,0.17702195,-0.20537275,-0.11669979,-0.024844449,0.038635492,0.020529551,32,23,1.3008009,37,9,0,0.0049758605,45.315166,0,0,1.1566747,0.22029322,0.11241705,0.17941903,0.2861159,-139.1778,-2.9630477,25.067055,1.6843214,False,297,128.20063082377425,0.87028885,147.30814,20.41764,26,33.931849809977955,4.0032806,8.47601,21.512024,33,129.94486686078156,4.9868903,26.057295,19.463497,1.2782832,0,0,0,0,0,2.0485268,1.0943832,0.9541435,,,,,,,,,,,,,,,,,,,,,,,NOT_AVAILABLE,296.0083037229867,-2.8714948350408687,218.35684350524843,-57.261410207241106,False,False,0,False,False,False,False,False,False,False,False,1.7648519e-09,3.324358e-10,0.99999523,,,,,,,,,,,,,,,,,,,,,,,0.017842315519832137,IN,4
410,1636148068921376768,Gaia DR3 5332606556932507648,5332606556932507648,117064141,2016.0,176.4472423046613,0.5224914,-64.8311737261191,0.53320384,0.29414116820304725,0.59694535,0.49274388,4.7028236,-4.5306293359871885,0.75654745,1.260930535006359,0.8501098,0.10992211,0.03920362,0.2983218,0.32754457,0.2538728,0.26572505,0.18995836,-0.013645853,0.06494743,0.23895471,246,0,246,0,0.426822,262.96738,0.0,1.2972676e-15,95,False,,1.3563677,0.15610093,-0.12569724,-0.15689379,-0.124810465,0.02133377,-0.0005471525,29,20,1.2798415,34,7,0,0.020453569,115.6776,0,0,1.0181472,0.2794461,0.081574954,0.33257616,0.32600573,-105.45192,-52.349228,28.750463,3.5244737,False,282,128.181676956874,0.7747992,165.43857,20.417803,20,30.016852107268345,4.239058,7.0810194,21.64513,28,128.6338593580503,5.4801297,23.472776,19.474506,1.2377019,0,0,0,0,0,2.1706238,1.2273273,0.94329643,,,,,,,,,,,,,,,,,,,,,,,NOT_AVAILABLE,296.02184317168684,-2.8438538823490416,218.35037297905092,-57.230838521128746,False,False,0,False,False,False,False,False,False,False,False,2.3432258e-11,1.2643797e-10,0.99999386,,,,,,,,,,,,,,,,,,,,,,,0.012972291160464033,IN,4
560,1636148068921376768,Gaia DR3 5332606213332832896,5332606213332832896,580772639,2016.0,176.47546266612227,1.1655478,-64.86629177833787,0.5226129,0.24939641534176984,0.77703404,0.32095945,4.4279532,-3.891519165802797,1.4494647,2.11254529419164,0.7496727,-0.0993161,-0.1103953,-0.63329345,-0.0152352275,0.23005557,0.13390125,-0.07890678,0.02812245,0.027772559,0.19997552,217,0,216,1,2.6316435,290.00504,2.7522278,2.3963723,95,False,,1.2882459,0.21169427,0.047002424,-0.041831248,0.19286449,-0.092608,-0.050763927,25,16,2.1722589,35,11,3,0.012826408,132.01845,1,22,1.1294678,0.13617292,0.50119954,0.037975054,0.26766586,-150.3054,-6.522007,20.860634,23.753141,False,253,127.93894262708123,0.8404393,152.22865,20.41986,0,,,,,0,,,,,,,,,,2,,,,,,,,,,,,,,,,,,,,,,,,,,NOT_AVAILABLE,296.0423113565536,-2.874825282813864,218.41304537773922,-57.24590217659653,False,False,0,False,False,False,False,False,False,False,False,,,,,,,,,,,,,,,,,,,,,,,,,,0.03172013618431241,IN,4
386,1636148068921376768,Gaia DR3 5332606522572743040,5332606522572743040,1488329064,2016.0,176.44334478626436,1.1392304,-64.84913377090245,1.1760614,2.999504171502621,1.397315,2.1466198,36.919292,-34.831041578614496,1.5501298,12.240612136217903,1.6570219,0.172402,0.102861196,0.014737583,0.26335025,0.33013958,0.21550919,-0.008655452,0.022601817,0.16191827,0.33946434,243,0,242,1,40.64368,2951.0342,9.491419,46.19574,95,False,,0.74914443,0.29676914,-0.08632498,-0.1292191,-0.11550412,-0.12043596,-0.11446229,29,20,2.59124,36,12,0,0.2796007,132.49905,0,0,3.3665504,0.21480006,0.15132843,0.2896512,0.17718937,-97.745544,-37.951347,23.832863,0.31390566,False,285,127.27768030366718,1.5639194,81.38378,20.425486,22,26.158422062721822,4.4966393,5.817327,21.794514,25,205.4177176328761,9.15523,22.4372,18.966301,1.819456,0,1,0,2,0,2.8282127,1.3690281,1.4591846,,,,,,,,,,,,,,,,,,,,,,,NOT_AVAILABLE,296.0247655850234,-2.861652465100311,218.37264026015134,-57.24425880374424,False,False,0,False,False,False,False,False,False,False,False,1.0206042e-13,7.158916e-10,0.99999624,,,,,,,,,,,,,,,,,,,,,,,0.009797687418674888,IN,4
367,1636148068921376768,Gaia DR3 5332606934890209024,5332606934890209024,290319813,2016.0,176.4403243390025,0.5707865,-64.82488152864855,0.547811,0.04903550017330102,0.6490372,0.075551145,4.835531,-4.782661097184168,0.8158812,-0.7131040707202951,0.90647525,0.07987448,0.12778358,0.24196658,0.3416953,0.120596685,0.2883156,0.10977759,0.08746573,0.18656328,0.27345335,222,0,222,0,0.13986425,233.37556,0.0,0.0,95,False,,1.5105698,0.1677231,-0.16600813,-0.07844996,-0.14882965,0.06217976,0.053411227,27,21,1.3832455,30,8,0,0.02884183,114.19324,0,0,1.0051905,0.22485143,0.10588146,0.35032612,0.30486947,-92.85638,-43.48695,23.951675,0.34166652,False,244,127.07475258452463,0.85251486,149.0587,20.42722,22,42.46210753668553,5.265021,8.064946,21.268538,29,127.83571008267161,10.321602,12.385259,19.481264,1.3401389,0,0,0,1,0,1.7872734,0.84131813,0.9459553,,,,,,,,,,,,,,,,,,,,,,,NOT_AVAILABLE,296.0174055531517,-2.8385054461994,218.33815133816728,-57.22871987297716,False,False,0,False,False,False,False,False,False,False,False,9.823937e-11,5.105843e-13,0.9999983,,,,,,,,,,,,,,,,,,,,,,,0.017340449980451096,IN,4
304,1636148068921376768,Gaia DR3 5332606385133744000,5332606385133744000,386278104,2016.0,176.42948816102094,0.4981666,-64.86615740051587,0.48285267,1.342502122780625,0.57661045,2.3282652,6.6837378,-5.901929009055021,0.6670959,3.1368114263313203,0.6824711,-0.00066825777,-0.06665507,0.08336081,0.23102821,0.26454237,0.16429245,-0.1139273,-0.09138619,0.013027298,0.12808229,281,0,280,1,1.6602383,333.16763,0.9405424,0.38873556,95,False,,1.5638771,0.15209301,-0.19679253,-0.13840507,-0.06582092,0.008859478,0.011918628,33,23,0.99943095,38,12,0,0.026668867,119.74723,0,0,1.070509,0.23371103,0.17607448,0.1816223,0.13331464,-121.964874,-21.523994,26.904888,4.3631487,False,317,126.89906690738067,0.7358244,172.45836,20.42872,13,35.4772985737404,7.932533,4.4723797,21.463665,21,145.84986503074396,6.456569,22.589375,19.33813,1.4289086,0,0,0,0,0,2.125534,1.0349445,1.0905895,,,,,,,,,,,,,,,,,,,,,,,NOT_AVAILABLE,296.0233554140016,-2.8796101943646772,218.3883445941871,-57.260142641295275,False,False,0,False,False,False,False,False,False,False,False,1.1007334e-13,5.8167738e-11,0.99999714,,,,,,,,,,,,,,,,,,,,,,,0.024639136918295227,IN,4
466,1636148068921376768,Gaia DR3 5332606350774080640,5332606350774080640,211988008,2016.0,176.4589691634688,0.5580663,-64.84006332529212,0.5297597,0.5447852955944109,0.6209923,0.87728184,4.891366,-4.83011392836046,0.7217624,0.7716610878851555,0.77271783,-0.12096481,-0.01622958,0.2609149,0.19876897,0.06970818,0.121083565,-0.11219865,-0.12279818,0.14213514,0.02835867,220,0,219,1,0.008756485,233.06563,0.7781587,0.21229683,95,False,,0.8220678,0.16634971,-0.115047306,-0.10714916,-0.13623805,0.048608866,0.07241365,27,21,1.0851923,32,10,0,0.00436206,166.94609,0,0,0.9988595,0.3284533,0.05555049,0.20725228,0.22318427,-132.99985,24.456268,25.720102,3.5470805,False,256,125.62485581142766,1.2853134,97.73869,20.439678,22,48.700661246012984,8.9641905,5.432801,21.119705,31,178.96035121027626,12.304325,14.544508,19.116003,1.812229,0,0,0,0,0,2.0037022,0.680027,1.3236752,,,,,,,,,,,,,,,,,,,,,,,NOT_AVAILABLE,296.02891523061027,-2.851202292626935,218.36868260969365,-57.23322266897407,False,False,0,False,False,False,False,False,False,False,False,2.078304e-09,2.975207e-09,0.99999726,,,,,,,,,,,,,,,,,,,,,,,0.012892268040410944,IN,4
104,1636148068921376768,Gaia DR3 5332600578337902336,5332600578337902336,824070296,2016.0,176.3940875428001,0.5185012,-64.86328644190426,0.6396745,0.23950049574673318,0.7177367,0.33368853,5.79803,-5.7890720483908895,0.7485304,-0.3221722615528164,0.78771615,-0.06980891,-0.13301511,0.06936561,0.25098342,0.49643758,0.28478596,-0.051038884,0.14887042,0.06337793,0.2002472,246,0,244,2,0.95458764,286.0182,0.0,0.0,95,False,,1.0130143,0.16901742,-0.080342375,-0.28507966,-0.21033892,-0.12743998,0.019369317,29,20,1.1792608,35,11,0,0.011968056,54.197628,0,0,1.0426505,0.22308809,0.11114337,0.13070224,0.25446007,-112.4456,-31.05554,34.533875,1.348669,False,286,124.94533696064295,0.81073743,154.1132,20.445566,23,33.77582822007026,4.557589,7.410898,21.517027,29,112.44299730932467,4.433834,25.360218,19.620565,1.1702623,0,0,0,0,0,1.8964615,1.0714607,0.82500076,,,,,,,,,,,,,,,,,,,,,,,NOT_AVAILABLE,296.00806155574776,-2.880626017728602,218.3655665362749,-57.269232428194606,False,False,0,False,False,False,False,False,False,False,False,8.006677e-11,1.13706114e-10,0.99999887,,,,,,,,,,,,,,,,,,,,,,,0.02630324144837552,IN,4
584,1636148068921376768,Gaia DR3 5332606763090978688,5332606763090978688,1544200507,2016.0,176.48015348665757,0.5275155,-64.8188080844346,0.4870533,0.7006006250269875,0.622831,1.1248647,5.1295414,-5.050141486630247,0.7283809,0.8990368724288942,0.66208756,-0.033953317,-0.10599278,0.20549828,0.20330235,0.2515197,0.15765107,0.031483706,-0.18049762,0.15960227,0.11617093,241,0,240,1,-0.20526199,250.68526,0.0,0.0,95,False,,1.2490631,0.15231752,-0.13015379,-0.1315036,-0.08807806,-0.08455808,0.05853881,28,20,1.04714,33,8,0,0.03494064,176.05989,0,0,0.98910713,0.27858007,0.15002696,0.19934991,0.2516581,-130.26729,2.299585,23.238564,5.6756716,False,275,124.37321815247421,0.7687341,161.78964,20.45055,24,34.81810949412651,5.225548,6.6630545,21.48403,27,131.18260937007497,4.581428,28.633564,19.453205,1.3346983,0,1,0,0,0,2.0308247,1.0334797,0.997345,,,,,,,,,,,,,,,,,,,,,,,NOT_AVAILABLE,296.03229551770994,-2.8283644510813883,218.35120427600964,-57.21216490347142,False,False,0,False,False,False,False,False,False,False,False,3.8202403e-11,5.1058447e-13,0.9999993,,,,,,,,,,,,,,,,,,,,,,,0.031498145109434925,IN,4
385,1636148068921376768,Gaia DR3 5332606556932501504,5332606556932501504,917150189,2016.0,176.4429286329487,0.623531,-64.8325072497282,0.6299344,1.0198211543911864,0.82743394,1.2325107,6.200922,-5.917447064655972,1.0855498,1.8534434057249776,1.0126815,0.03791078,0.052045014,0.14945392,0.13139144,0.31311426,0.0020450193,0.051866133,-0.31823525,0.1408985,0.07808135,207,0,205,2,1.5182039,245.86502,2.199351,1.563505,95,False,,1.5205232,0.18948598,-0.11236711,-0.08602923,-0.10408859,-0.027362041,0.01294466,25,20,1.5366045,31,9,1,0.016050847,57.332386,0,0,1.0753413,0.13816157,0.08887636,0.20275754,0.3160263,-82.611946,-30.208784,17.607521,3.0597394,False,249,124.36165313926995,0.8387923,148.26274,20.450651,24,38.81503840614687,5.251032,7.3918877,21.366043,29,128.93261515066771,5.8756647,21.943495,19.471989,1.3488696,0,9,0,12,0,1.8940544,0.9153919,0.9786625,,,,,,,,,,,,,,,,,,,,,,,NOT_AVAILABLE,296.02040179257705,-2.8456063745935745,218.3498765717711,-57.233090520077084,False,False,0,False,False,False,False,False,False,False,False,4.0376178e-11,2.3256283e-10,0.99999785,,,,,,,,,,,,,,,,,,,,,,,0.010822223894728429,IN,4
68,1636148068921376768,Gaia DR3 5332606591292166016,5332606591292166016,388560798,2016.0,176.385769251075,0.6089958,-64.83041923551923,0.54103285,-0.2128135693558985,0.6748924,-0.31532964,10.325939,-10.041987843230162,0.7713128,2.404891686394933,0.86892205,0.11349483,0.1708385,0.22053891,0.37181738,0.2795387,0.22974674,0.07776203,-0.054233406,0.1177128,0.23225483,264,0,262,2,0.8112241,290.5463,1.5502176,0.85434985,95,False,,1.4031465,0.15501922,-0.07406565,-0.18541518,-0.06596356,0.045577496,0.0102804145,31,18,1.3063382,36,10,0,0.03199918,150.88383,0,0,1.0347475,0.21357445,0.13483042,0.32823774,0.3131874,-121.223305,-13.5471,26.372604,1.1185108,False,303,124.08743754005344,0.78215164,158.64882,20.453047,32,38.91115450295106,5.3712792,7.2442994,21.363358,32,139.387425409909,6.4999743,21.444304,19.387337,1.4368786,0,0,0,0,0,1.9760208,0.91031075,1.0657101,,,,,,,,,,,,,,,,,,,,,,,NOT_AVAILABLE,295.9963226409221,-2.8497181560585654,218.31651949343512,-57.249506781126655,False,False,0,False,False,False,False,False,False,False,False,1.5590414e-10,7.375316e-10,0.99999595,,,,,,,,,,,,,,,,,,,,,,,0.021415021385316056,IN,4
293,1636148068921376768,Gaia DR3 5332606934887664896,5332606934887664896,350584315,2016.0,176.42785117828362,0.53933007,-64.82069771776568,0.54176265,-0.22834672190733324,0.6291453,-0.36294752,8.229253,-8.06000448323501,0.71431345,1.660400003477603,0.71007913,0.050720166,0.06112102,0.16255489,0.29576325,0.28164145,0.28929886,0.24899286,0.041233387,0.3124173,0.10339985,257,0,256,1,0.8773969,281.46283,1.147964,0.50367916,95,False,,1.7092322,0.15829983,-0.107419536,-0.19180681,-0.06980401,-0.04288725,-0.13075112,30,21,1.0809289,36,11,0,0.016971573,132.77846,0,0,1.0381435,0.24906984,0.05982142,0.3839107,0.3406179,-115.61615,-14.040311,28.668386,4.16856,False,303,123.11448119532713,0.74884474,164.40588,20.461594,25,34.47936572297899,4.2615175,8.090866,21.494644,30,138.85071944755202,6.6542068,20.866608,19.391525,1.4078773,0,1,0,1,0,2.103119,1.0330505,1.0700684,,,,,,,,,,,,,,,,,,,,,,,NOT_AVAILABLE,296.01120865312606,-2.8357936457664303,218.3258184428593,-57.22976798189132,False,False,0,False,False,False,False,False,False,False,False,6.3363245e-11,2.3969415e-10,0.9999967,,,,,,,,,,,,,,,,,,,,,,,0.02082632455452434,IN,4
337,1636148068921376768,Gaia DR3 5332606522572744064,5332606522572744064,1632905689,2016.0,176.4353420515068,0.58231324,-64.84103091762331,0.56195134,-0.525725669499404,0.6748342,-0.7790442,5.280193,-5.118432438353064,0.8017252,1.2969523981630722,0.88033855,0.05322887,0.117581084,0.3565409,0.35897425,0.26414955,0.23728153,-0.004105738,0.07395642,0.28753844,0.22778486,237,0,236,1,0.67135394,257.093,0.0,0.0,95,False,,1.3146802,0.16071427,-0.15221721,-0.13719988,-0.10311888,0.025513344,-0.06305799,28,19,1.3375866,35,12,0,0.022357322,48.70372,0,0,1.0300008,0.20032708,0.13258861,0.29569572,0.18524171,-101.16825,-31.07478,20.887493,-3.4085064,False,282,122.87261226714834,0.843385,145.68982,20.46373,20,36.52011195230245,3.546301,10.298086,21.432213,27,116.10427899391864,7.7778616,14.927532,19.585775,1.2421352,0,0,0,0,0,1.8464375,0.968483,0.8779545,,,,,,,,,,,,,,,,,,,,,,,NOT_AVAILABLE,296.0194258712997,-2.854667757147366,218.3573808447352,-57.241249363757376,False,False,0,False,False,False,False,False,False,False,False,1.5555003e-10,5.72527e-10,0.9999921,,,,,,,,,,,,,,,,,,,,,,,0.0028078596301567417,IN,4
176,1636148068921376768,Gaia DR3 5332606591292194176,5332606591292194176,1047305560,2016.0,176.40814101078143,0.55858654,-64.83565327271586,0.5367022,0.5963876842992495,0.65526104,0.91015285,5.9361396,-5.9236906229494375,0.781221,0.384241111922251,0.76452005,-0.03270838,-0.03070625,0.1588284,0.18576029,0.23727453,0.12364787,0.101739146,-0.12458204,0.089340575,0.082161896,272,0,272,0,1.2177458,323.52112,1.8946851,1.3571888,95,False,,1.2418829,0.15794022,-0.08405028,-0.14363419,-0.060171604,0.06405004,-0.025816545,32,20,1.1259711,38,9,0,0.023451842,135.23726,0,0,1.0519831,0.2544349,0.07898202,0.32813558,0.32740393,-123.80563,-9.149392,27.54008,3.9590802,False,317,122.57509856651126,0.72801816,168.36818,20.466362,25,27.616858713228492,3.8094616,7.2495437,21.735607,34,128.1826575411513,5.246358,24.432693,19.478323,1.2710536,0,1,0,0,0,2.2572842,1.2692451,0.988039,,,,,,,,,,,,,,,,,,,,,,,NOT_AVAILABLE,296.0068628329296,-2.8523801018528956,218.3355655687228,-57.2460814119032,False,False,0,False,False,False,False,False,False,False,False,6.2822254e-11,1.1485748e-10,0.9999981,,,,,,,,,,,,,,,,,,,,,,,0.010576059439204383,IN,4
234,1636148068921376768,Gaia DR3 5332606419493501056,5332606419493501056,24935240,2016.0,176.4187205341363,0.68233633,-64.84630838416484,0.6171594,-1.1420415436246567,0.7684315,-1.4861983,6.367598,-5.108742494545592,0.8716922,-3.800928308712777,0.8406071,0.09930237,0.20393755,0.20361416,0.2888957,0.31999746,0.19747886,-0.10672454,0.039891377,0.07867106,0.1895602,252,0,251,1,3.1755168,341.42508,2.8954258,2.8451943,95,False,,1.3186156,0.18902257,-0.025939623,-0.19716947,-0.04074211,0.0695162,0.07418681,30,20,1.31818,36,12,0,0.035929985,152.46002,0,0,1.1454085,0.23248924,0.19626881,0.1943873,0.10555938,-138.27222,-22.770887,30.201998,7.9653554,False,290,122.5633098779649,0.82473737,148.6089,20.466465,27,44.366514749411245,6.2564006,7.09138,21.220903,30,158.90690661539918,6.525008,24.353518,19.245039,1.6585177,1,1,0,1,0,1.9758644,0.7544384,1.221426,,,,,,,,,,,,,,,,,,,,,,,NOT_AVAILABLE,296.0139118806696,-2.8615558862458843,218.35566601726472,-57.25001942826036,False,False,0,False,False,False,False,False,False,False,False,1.3702016e-10,2.372559e-10,0.9999983,,,,,,,,,,,,,,,,,,,,,,,0.006436451644294458,IN,4
258,1636148068921376768,Gaia DR3 5332606556932481152,5332606556932481152,410570974,2016.0,176.4225742025258,0.5638161,-64.83034513452817,0.52596486,0.5304587065935401,0.6574845,0.80680037,6.0325027,-5.7596043304497355,0.8077576,1.7938913692834726,0.7058414,0.0065192846,-0.0080203945,0.17474279,0.20352843,0.27033672,0.14093001,-0.018666701,-0.117673114,0.14739868,0.06474384,286,0,284,2,1.7905537,337.4696,1.9146302,1.3038417,95,False,,1.3683958,0.15731063,-0.09804346,-0.17839418,-0.09429123,0.03288592,-0.05529319,33,21,1.1347936,39,12,0,0.044790503,141.55331,0,0,1.0756607,0.22693637,0.14772627,0.30119798,0.22604178,-122.294044,-14.2095175,24.169737,0.34058073,False,314,122.08079871138291,0.7124614,171.35075,20.470749,31,38.99034460004685,5.763262,6.765326,21.361149,33,124.27287407344257,5.5357404,22.449188,19.511955,1.3373374,0,0,0,1,0,1.8491936,0.89039993,0.95879364,,,,,,,,,,,,,,,,,,,,,,,NOT_AVAILABLE,296.011468897192,-2.8456953510355856,218.3360754917394,-57.23797134546359,False,False,0,False,False,False,False,False,False,False,False,1.8586369e-10,1.2172248e-10,0.999998,,,,,,,,,,,,,,,,,,,,,,,0.01148772171856607,IN,4
20,1636148068921376768,Gaia DR3 5332600578337872640,5332600578337872640,1752035810,2016.0,176.37434806454382,0.55967164,-64.85962511407688,0.531813,-0.5092999956268676,0.62358993,-0.81672263,6.6623816,-6.34467167018512,0.75954217,2.0328482538951618,0.8243606,-0.10045127,-0.001149235,0.12515877,0.14552405,0.19396847,0.108817905,0.06786064,-0.036119457,0.0016563188,0.0075535174,220,0,217,3,0.6631397,240.10896,0.0,0.0,95,False,,1.4844123,0.17100501,-0.1892674,-0.13039224,-0.08170819,0.056448426,0.035898972,26,19,1.1443279,30,8,0,0.057097565,9.162194,0,0,1.0308579,0.17857718,0.10157048,0.16619967,0.40727168,-108.99123,15.536198,24.849752,6.2689567,False,248,121.27036951709363,0.81215,149.32016,20.47798,22,35.34471462477357,5.019067,7.042089,21.467731,28,117.30445705763202,6.670163,17.586445,19.57461,1.2587508,0,0,0,1,0,1.8931217,0.9897518,0.9033699,,,,,,,,,,,,,,,,,,,,,,,NOT_AVAILABLE,295.9990115328791,-2.879202731122655,218.35006516320655,-57.27290392180043,False,False,0,False,False,False,False,False,False,False,False,1.6223232e-10,5.8340756e-11,0.99999845,,,,,,,,,,,,,,,,,,,,,,,0.02939489060663256,IN,4
146,1636148068921376768,Gaia DR3 5332606488235890816,5332606488235890816,869830444,2016.0,176.40369387015775,0.6756795,-64.84740212606603,0.51295376,-0.40837547228283744,0.65556693,-0.6229348,5.428861,-5.246515242701001,0.7711967,1.395210340913593,0.71876293,-0.09511631,-0.060263887,0.17778769,0.18973266,0.17833085,0.1331568,0.1345104,-0.023706745,0.07361369,-0.019311056,222,0,221,1,0.043569006,226.91283,0.0,1.3706165e-15,95,False,,1.3800246,0.16684373,-0.083709925,-0.18441735,-0.010597296,-0.0025981597,-0.10436568,27,19,1.0790534,33,7,0,0.072818294,142.1153,0,0,1.0005507,0.12748884,0.22550362,0.21293114,0.23962422,-120.66917,-0.9657182,20.339422,5.2690973,False,253,121.01783062075664,0.85952884,140.79555,20.480244,23,32.40923517284404,3.0354462,10.676927,21.56187,26,121.38716931744224,6.2105074,19.545452,19.537464,1.2708573,0,0,0,0,0,2.0244064,1.0816269,0.94277954,,,,,,,,,,,,,,,,,,,,,,,NOT_AVAILABLE,296.0080001956105,-2.8642257543564718,218.3491299381381,-57.255449772690994,False,False,0,False,False,False,False,False,False,False,False,9.060211e-11,1.2279992e-10,0.99999565,,,,,,,,,,,,,,,,,,,,,,,0.012200032136717387,IN,4
384,1636148068921376768,Gaia DR3 5332606419493514624,5332606419493514624,1022201695,2016.0,176.44268726723038,0.6111385,-64.8594513894067,0.59320337,-0.6499951529765637,0.67618376,-0.96127,7.086144,-6.8480678686351,0.7997682,1.8213738839592906,0.9245717,-0.09831533,-0.084247984,0.08152163,0.2930353,0.16423151,0.16469325,-0.2389195,-0.062305983,0.02142747,0.11592872,226,0,225,1,1.4437631,264.12357,1.6717689,0.93577665,95,False,,1.3973732,0.18838283,-0.16739605,-0.18903875,-0.032024402,0.07958886,0.04073647,27,20,1.3209196,32,10,0,0.035862826,126.86236,0,0,1.0682166,0.23938602,0.10802669,0.27941275,0.18888894,-126.59015,-22.51144,25.74254,-0.9772019,False,261,121.01570453904257,0.7937745,152.45602,20.480263,7,33.16608385677103,6.6691275,4.973077,21.536806,11,114.53480277386703,9.209619,12.436433,19.600552,1.2205101,0,0,0,0,0,1.9362545,1.0565434,0.87971115,,,,,,,,,,,,,,,,,,,,,,,NOT_AVAILABLE,296.027096512521,-2.8717078954406525,218.38628459343371,-57.251472842736725,False,False,0,False,False,False,False,False,False,False,False,3.722858e-10,5.4673177e-10,0.999997,,,,,,,,,,,,,,,,,,,,,,,0.01887278054560968,IN,4
404,1636148068921376768,Gaia DR3 5332606385133773440,5332606385133773440,1193173754,2016.0,176.446766581502,0.56065375,-64.86470194929974,0.5492025,-1.2808189647430839,0.63351184,-2.021776,6.742918,-6.659844647170768,0.7786692,1.055184762225805,0.83761716,0.04298116,-0.07452413,0.21691723,0.3732458,0.27957547,0.26775005,0.023473809,0.0076477095,0.05385432,0.31594592,247,0,246,1,1.2538488,280.584,1.2177587,0.84170794,95,False,,1.3235047,0.1697723,-0.1452447,-0.21131276,-0.12404633,0.048123118,-0.026927032,29,21,1.3094832,36,11,1,0.021231497,140.83458,1,0,1.0563577,0.117695935,0.20020784,0.24080196,0.19150373,-130.52719,-26.875576,25.418337,-4.0102506,False,269,120.2932230421982,1.0353607,116.18484,20.486765,27,45.006958224392726,7.314699,6.1529474,21.205343,30,173.5394505635063,9.088211,19.095007,19.1494,1.8167807,0,0,0,0,0,2.0559425,0.71857834,1.3373642,,,,,,,,,,,,,,,,,,,,,,,NOT_AVAILABLE,296.03009951540633,-2.8763528845150472,218.39558435954308,-57.25376730548457,False,False,0,False,False,False,False,False,False,False,False,8.1283265e-11,1.9770854e-09,0.9999944,,,,,,,,,,,,,,,,,,,,,,,0.02440190573164435,IN,4
228,1636148068921376768,Gaia DR3 5332606591292207360,5332606591292207360,1361478770,2016.0,176.41713243215037,0.7255714,-64.83519432393432,0.7208303,-1.1676908991675436,0.84171295,-1.3872793,10.821214,-10.636420830243784,1.0192149,-1.991286536201073,1.0417899,0.114261515,0.036236178,0.11180379,0.30707026,0.39636388,0.31189555,0.20909278,0.08340414,0.067471065,0.32311317,238,0,236,2,3.4642358,331.68573,3.4973974,3.6707685,95,False,,1.5490593,0.19478598,-0.0753361,-0.21754654,-0.10753663,-0.100769155,-0.050832875,28,18,1.6727942,34,9,0,0.09988507,4.517558,1,0,1.164269,0.21357027,0.15826514,0.3743881,0.23388824,-106.739204,-43.448563,26.742464,1.2360489,False,283,120.12002798340201,0.9545931,125.83375,20.488329,23,39.41614598909604,3.9571295,9.960793,21.349358,33,142.97406017422594,4.8306475,29.597286,19.359753,1.5183996,0,1,0,0,0,1.989605,0.8610287,1.1285763,,,,,,,,,,,,,,,,,,,,,,,NOT_AVAILABLE,296.0104511388985,-2.8509714079979847,218.3397442648595,-57.24296423333468,False,False,0,False,False,False,False,False,False,False,False,1.1504873e-09,4.0081266e-10,0.99999785,,,,,,,,,,,,,,,,,,,,,,,0.008048732484976331,IN,4
119,1636148068921376768,Gaia DR3 5332606625650001152,5332606625650001152,386636620,2016.0,176.39683925966702,0.5544822,-64.81720748058002,0.4965804,-0.349540883222513,0.59952444,-0.5830303,5.8649974,-5.590926683517967,0.7435966,1.7719285524223203,0.68360156,-0.055801813,-0.0009034224,0.2143048,0.20684619,0.11365183,0.19005723,0.17016129,-0.057218835,0.19266911,0.017556582,276,0,276,0,-0.4032005,275.86526,0.0,0.0,95,False,,1.2956064,0.15666212,-0.12040174,-0.19173315,-0.05432224,-0.020457696,-0.03545744,32,22,1.0466144,38,10,0,0.026697222,163.82397,0,0,0.98147213,0.25039312,0.15377745,0.19888815,0.3228881,-101.26236,5.948486,26.629417,6.126469,False,313,120.11217028697469,0.6861022,175.06454,20.4884,26,41.72785991402766,5.68565,7.339154,21.287477,34,130.3732188196398,6.5312333,19.9615,19.459925,1.4328363,0,0,0,0,0,1.8275528,0.799078,1.0284748,,,,,,,,,,,,,,,,,,,,,,,NOT_AVAILABLE,295.9975432517794,-2.8357452907409653,218.3045178214802,-57.23707464481818,False,False,0,False,False,False,False,False,False,False,False,1.0971502e-10,2.495584e-10,0.9999958,,,,,,,,,,,,,,,,,,,,,,,0.027862371226887415,IN,4
26,1636148068921376768,Gaia DR3 5332609443151030784,5332609443151030784,734658138,2016.0,176.37633720228922,0.5843227,-64.8335887205478,0.5511197,0.26291922636569176,0.6549054,0.4014614,6.778474,-5.103864002172733,0.81984186,4.460749144959539,0.8887469,-0.038832482,-0.035240997,0.24461217,0.25429153,0.18899304,0.1671651,-0.07473576,-0.06253118,0.03809178,0.13473605,261,0,261,0,-0.033415627,287.90582,1.7158016,0.95244145,95,False,,1.1365045,0.16477142,-0.19598702,-0.1068448,-0.12338754,0.010635206,0.02488462,31,20,1.2876543,36,9,0,0.024735963,164.77881,0,0,0.99721444,0.25292444,0.11236626,0.15822169,0.2018513,-109.79094,-13.869759,29.384296,8.145031,False,298,119.98216869686885,0.7492346,160.13965,20.489574,28,37.76955057931646,3.7990103,9.941945,21.395687,34,136.75105683670785,4.7977552,28.503134,19.40807,1.4545546,0,0,0,1,0,1.9876175,0.9061127,1.0815048,,,,,,,,,,,,,,,,,,,,,,,NOT_AVAILABLE,295.99323899390885,-2.8537986027945137,218.31578232654996,-57.254603483293124,False,False,0,False,False,False,False,False,False,False,False,1.9814672e-10,5.10589e-13,0.9999983,,,,,,,,,,,,,,,,,,,,,,,0.023689759949896482,IN,4
75,1636148068921376768,Gaia DR3 5332600578360632448,5332600578360632448,994244191,2016.0,176.3871688809369,0.55302596,-64.86075195933662,0.5450492,-0.9098791232176148,0.6625769,-1.373243,5.079853,-5.049761349843469,0.78779566,0.5521042327650085,0.69132894,-0.013968248,0.015036975,0.22958617,0.1788506,0.32993245,0.20967615,-0.008143984,0.11944704,0.020524064,0.015447064,258,0,257,1,-0.18517949,274.96866,0.0,0.0,95,False,,1.2127516,0.16635585,-0.20928203,-0.1262696,-0.06015726,0.00031323073,0.01386776,30,22,1.1092833,35,11,0,0.058484036,138.0773,0,0,0.99042237,0.1502156,0.15767644,0.19565158,0.19886509,-137.29373,-0.37172133,21.458904,4.2365465,False,286,119.97529898135757,0.84112555,142.63661,20.489637,33,43.82992752461145,4.185574,10.471664,21.234116,33,236.3617275001534,5.7216873,41.309795,18.813953,2.335411,0,0,0,0,0,2.4201622,0.7444782,1.675684,,,,,,,,,,,,,,,,,,,,,,,NOT_AVAILABLE,296.0045731613069,-2.8789162204708645,218.35843449526445,-57.26966967946063,False,False,0,False,False,False,False,False,False,False,False,7.319621e-11,1.4436246e-09,0.9999916,,,,,,,,,,,,,,,,,,,,,,,0.026143035910778784,IN,4
474,1636148068921376768,Gaia DR3 5332606350797170432,5332606350797170432,37645124,2016.0,176.45972197537114,0.63074964,-64.83810743376999,0.62603146,-0.13769576610525547,0.72505,-0.1899121,3.965675,-3.8962071882832108,0.82005715,0.7390184174280152,0.99926966,0.025382167,-0.05601777,0.25700456,0.33383927,0.16955368,0.2160923,0.055102475,-0.1572606,0.0017185129,0.24664345,199,0,198,1,1.1661311,227.02423,1.527638,0.8453726,95,False,,1.3993955,0.18762657,-0.06468276,-0.12871289,-0.18265334,0.062765874,0.09230865,24,18,1.4715517,32,10,0,0.014169199,80.15787,0,0,1.0583255,0.19221905,0.12069476,0.44160947,0.30468065,-77.68042,-48.384018,20.238329,-4.6163716,False,244,119.35207303217992,0.87209815,136.85623,20.495293,21,46.03318416325202,7.0079546,6.5687046,21.180864,25,126.39207763262763,9.323424,13.556401,19.493595,1.4446776,0,11,0,15,0,1.6872692,0.6855717,1.0016975,,,,,,,,,,,,,,,,,,,,,,,NOT_AVAILABLE,296.0287326860214,-2.849228789553584,218.36643366371482,-57.23165858014497,False,False,0,False,False,False,False,False,False,False,False,2.6456595e-10,4.1663564e-10,0.99999416,,,,,,,,,,,,,,,,,,,,,,,0.013566426500299893,IN,4
496,1636148068921376768,Gaia DR3 5332606350774082944,5332606350774082944,792455678,2016.0,176.46500657313152,0.7699455,-64.84304408290922,0.676819,1.1813841103802156,0.8521472,1.3863616,11.475694,-11.25488295787507,0.99572915,2.2403466691101563,1.1007715,-0.06176407,0.2707291,0.31185535,0.22196245,0.122572176,0.14136992,-0.1297368,0.16396657,0.023634937,0.04757198,201,0,200,1,2.122585,252.38629,2.7019627,1.948378,95,False,,1.3918189,0.21306668,0.09176155,-0.2101772,-0.06906331,0.044846755,0.05391648,24,18,1.5515822,31,8,0,0.107727505,80.93732,0,0,1.1078923,0.2148273,0.08654968,0.26123717,0.26750496,-129.49231,-6.5211444,24.197151,6.6391163,False,238,119.08505461038276,1.1296006,105.422264,20.497725,5,32.53887143494647,15.518701,2.0967524,21.557535,8,146.18795065683696,9.4802265,15.420301,19.335617,1.5008334,0,0,0,0,1,2.221918,1.0598106,1.1621075,,,,,,,,,,,,,,,,,,,,,,,NOT_AVAILABLE,296.0321531720594,-2.8534415471786163,218.37594568298985,-57.23336566113022,False,False,0,False,False,False,False,False,False,False,False,1.0695025e-08,9.21973e-11,0.9999986,,,,,,,,,,,,,,,,,,,,,,,0.015450964207168098,IN,4
2,1636148068921376768,Gaia DR3 5332609408790648832,5332609408790648832,964816341,2016.0,176.37072649118568,0.63383156,-64.84888756591293,0.49932757,0.7621800773224504,0.6704372,1.1368403,3.9881465,-3.908625299268006,0.8150182,0.7924401354105393,0.81493396,0.024863213,0.22836074,0.32881555,0.2770972,0.1301571,0.17880304,0.050634194,0.08749278,0.15067597,0.16198105,263,0,262,1,0.49494922,277.9793,0.0,0.0,95,False,,1.3476908,0.15625697,-0.10386708,-0.14587815,-0.07196093,0.0271378,0.057566892,31,20,1.2528931,37,10,0,0.03281323,166.27356,0,0,1.0206422,0.19724655,0.16125643,0.23811533,0.25747925,-123.080864,-8.194486,23.98758,6.472599,False,296,118.23095123767602,0.81371397,145.29793,20.505539,26,34.159281709190914,3.902704,8.752722,21.50477,30,128.79084887057832,5.6936398,22.620127,19.473183,1.3782358,0,0,0,0,0,2.0315876,0.99923134,1.0323563,,,,,,,,,,,,,,,,,,,,,,,NOT_AVAILABLE,295.994801912441,-2.8692033928165075,218.33355183713638,-57.266743944219364,False,False,0,False,False,False,False,False,False,False,False,1.8687271e-10,3.1571254e-10,0.99999595,,,,,,,,,,,,,,,,,,,,,,,0.02577666157116663,IN,4
421,1636148068921376768,Gaia DR3 5332606522573336064,5332606522573336064,1140206060,2016.0,176.44980633108483,0.6495871,-64.84728690311786,0.5666686,-0.06422699072071034,0.7148261,-0.08984981,10.471136,-10.468771781290961,0.8084395,0.22250505140454474,0.827485,-0.10977418,-0.13265032,-0.015987094,0.163366,0.24862348,0.17665987,-0.038429428,0.048291687,0.04459371,0.08115609,224,0,222,2,1.8604758,273.28705,1.6529194,1.0010937,95,False,,1.4373425,0.18571194,-0.14437364,-0.10233737,-0.09306577,-0.060059465,0.13612203,27,21,1.1819636,33,12,0,0.01677645,131.24611,0,0,1.0892464,0.2857974,0.18921809,0.15219255,0.23422827,-102.98689,-5.4193234,21.730177,9.374657,False,259,117.72792687707977,0.7370208,159.73488,20.510168,6,48.672812049135615,11.451423,4.2503724,21.120327,6,69.64687455583598,15.276356,4.5591288,20.140642,1.0050265,0,0,0,0,0,0.9796848,0.6101589,0.3695259,,,,,,,,,,,,,,,,,,,,,,,NOT_AVAILABLE,296.0269610983818,-2.859173624063804,218.37358428489694,-57.24098893894293,False,False,0,False,False,False,False,False,False,False,False,4.6526463e-09,8.2967044e-10,0.99999815,,,,,,,,,,,,,,,,,,,,,,,0.010616147971439668,IN,4
611,1636148068921376768,Gaia DR3 5332606350774098688,5332606350774098688,278186720,2016.0,176.4829798650959,0.65939003,-64.84284208492168,0.48078153,0.45361417734285586,0.6432626,0.7051773,5.67904,-5.614809685063218,0.9071683,0.8517081685375637,0.7531345,-0.034813914,0.19048092,0.2959329,0.19470401,0.09197781,0.15710749,0.10885809,0.18431246,0.122710995,0.0023107422,246,0,245,1,-0.31977293,244.0006,0.0,0.0,95,False,,1.3957738,0.16177379,0.09507902,-0.1144539,0.072898194,0.07577905,-0.02962661,29,19,1.2805746,34,8,1,0.02607102,119.345116,0,0,0.9840221,0.1954767,0.22806285,0.21155472,0.31242964,-134.24161,1.8202957,24.681053,6.8766093,False,284,117.53150492682016,0.924648,127.10946,20.511982,21,39.80771223741037,5.71567,6.9646626,21.338625,31,129.05812717299628,5.082043,25.39493,19.470932,1.4367708,0,1,0,0,0,1.867693,0.826643,1.04105,,,,,,,,,,,,,,,,,,,,,,,NOT_AVAILABLE,296.03950663119736,-2.8513254083288277,218.38526620622162,-57.22762395787908,False,False,0,False,False,False,False,False,False,False,False,2.1218248e-10,3.830425e-10,0.999997,,,,,,,,,,,,,,,,,,,,,,,0.023054282724666444,IN,4
347,1636148068921376768,Gaia DR3 5332606419491288192,5332606419491288192,548675609,2016.0,176.43685558953158,0.63211006,-64.85763436666937,0.5439182,1.0077634285633164,0.698823,1.4420869,2.3059206,-1.737745647817978,0.8715608,1.51575381842707,0.816508,-0.21414329,-0.29920015,0.2106164,0.07830406,0.25664288,0.023663646,-0.061215512,-0.10362489,-0.060290013,-0.06588833,236,0,236,0,0.78809,276.39148,0.073501475,0.0017257871,95,False,,1.209806,0.18888356,-0.038464397,-0.1475879,-0.19990186,0.02190564,0.1396691,28,20,1.2271779,35,11,0,0.006328692,83.53101,0,31,1.0355024,0.14811422,0.18570074,0.10984381,0.18073225,-142.2805,0.20505351,7.4534626,1.8004698,False,276,117.07911054618381,0.87959945,133.10503,20.516169,0,,,,,0,,,,,,,,,,2,,,,,,,,,,,,,,,,,,,,,,,,,,NOT_AVAILABLE,296.02423750706726,-2.870573548574022,218.38070838842123,-57.25205699668933,False,False,0,False,False,False,False,False,False,False,False,,,,,,,,,,,,,,,,,,,,,,,,,,0.016470853583632903,IN,4
621,1636148068921376768,Gaia DR3 5332606728754094336,5332606728754094336,1259962302,2016.0,176.4854627758235,0.54225665,-64.82966849683395,0.47572476,0.6932818254937501,0.63890547,1.0851086,10.095871,-9.881310039568708,0.72181284,2.0703450268060806,0.6606536,-0.09056156,-0.12290911,0.13081366,0.16434647,0.1771173,0.16783962,0.08746387,-0.19269508,0.34595162,-0.052204095,268,0,267,1,0.3685984,299.463,0.53813,0.11224965,95,False,,1.2232592,0.14567068,-0.15204766,0.05789898,-0.00747768,-0.047710475,-0.05069813,32,21,1.016781,39,11,0,0.017055975,31.209608,0,0,1.0148927,0.18023244,0.15580858,0.33957928,0.29673555,-119.877396,8.2375145,20.688324,4.2019086,False,303,116.90859091812547,0.777697,150.32664,20.517752,9,56.88402738797358,9.130579,6.230057,20.951067,10,121.31627740113667,12.636327,9.600596,19.538097,1.5242704,0,0,0,0,0,1.4129696,0.43331528,0.9796543,,,,,,,,,,,,,,,,,,,,,,,NOT_AVAILABLE,296.03721621271444,-2.8383090748652644,218.36874639118312,-57.217893923090145,False,False,0,False,False,False,False,False,False,False,False,9.387563e-10,2.2520774e-09,0.9999939,,,,,,,,,,,,,,,,,,,,,,,0.02683637979680934,IN,4
21,1636148068921376768,Gaia DR3 5332609546227681024,5332609546227681024,1296022122,2016.0,176.37474095500914,0.5485608,-64.82247966874105,0.51210546,-0.5064749885783069,0.6231989,-0.812702,7.4151053,-7.408546091620688,0.69443786,-0.31182457400927377,0.7673449,-0.043033484,0.0873368,0.102038056,0.3413704,-0.0021851244,0.26845106,-0.11913069,-0.09457548,0.25881204,0.037684668,305,0,303,2,0.14925782,317.2923,0.0,0.0,95,False,,1.2901766,0.15053059,-0.09471605,-0.1151071,-0.087422796,-0.0016808002,-0.06970888,35,22,1.0928953,39,13,1,0.040526725,136.23029,0,0,1.005006,0.24365833,0.104302175,0.32008034,0.179837,-101.83894,-27.426064,25.03312,3.726523,False,321,116.84330318996915,0.7538841,154.98843,20.518358,27,37.75934754421224,4.816475,7.839623,21.39598,35,123.3516906949898,5.7684107,21.383999,19.520033,1.3788642,0,0,0,0,0,1.875948,0.8776226,0.99832535,,,,,,,,,,,,,,,,,,,,,,,NOT_AVAILABLE,295.98976897340737,-2.8432221814085863,218.29985953809484,-57.24755519192958,False,False,0,False,False,False,False,False,False,False,False,8.743947e-11,6.175253e-11,0.99999565,,,,,,,,,,,,,,,,,,,,,,,0.02986317863928729,IN,4
290,1636148068921376768,Gaia DR3 5332606419494091904,5332606419494091904,1427145842,2016.0,176.427377873296,0.65658385,-64.85337785259497,0.6079626,1.1018931801378298,0.774362,1.4229691,10.507039,-10.477756700130742,0.9197352,0.7838923014686812,0.90515983,-0.033884753,0.15533727,0.30717817,0.10176205,0.09241646,0.12326702,0.052755024,0.15973443,-0.13672186,-0.026509188,218,0,215,3,1.8256632,262.35153,2.1183922,1.4726489,95,False,,1.4064262,0.18688859,-0.07364992,-0.11654197,-0.0909648,-0.017285919,0.07167427,25,20,1.3011792,29,8,1,0.035061676,162.98573,0,3,1.0889709,0.2052504,0.06887471,0.09229228,0.2525985,-111.08727,-17.06589,22.91002,4.41622,False,235,116.70160806821136,0.85413355,136.63156,20.519674,6,50.368353251442485,11.954372,4.213383,21.083147,6,120.02212884100521,19.258522,6.2321568,19.549742,1.4600526,0,0,0,0,0,1.5334053,0.56347275,0.96993256,,,,,,,,,,,,,,,,,,,,,,,NOT_AVAILABLE,296.01926147542736,-2.8674692557651213,218.36987677129835,-57.252121337537176,False,False,0,False,False,False,False,False,False,False,False,1.185706e-09,8.5845564e-10,0.9999952,,,,,,,,,,,,,,,,,,,,,,,0.011874273717984383,IN,4
240,1636148068921376768,Gaia DR3 5332606419491294080,5332606419491294080,181522446,2016.0,176.41945693654333,1.3826041,-64.85334037071524,0.9029843,0.3510134324550692,0.9180074,0.3823645,9.548762,-9.261778835432274,2.0807097,2.3234260667380617,1.6467434,-0.6142848,-0.24091263,0.80836105,-0.51783353,0.4008875,-0.49400607,0.47747335,-0.1867597,0.33337015,-0.6225763,131,0,130,1,1.3276823,151.01993,0.0,0.0,95,False,,1.747265,0.2169893,-0.068197295,-0.047908574,-0.2448726,-0.02734047,0.050537147,15,10,3.5509179,20,5,3,0.071963705,44.94543,0,52,1.0827202,0.28480643,0.38187107,0.3202587,0.6148186,-84.58142,35.97046,13.013004,2.158714,False,144,116.62247400519675,0.991653,117.60411,20.52041,0,,,,,0,,,,,,,,,,2,,,,,,,,,,,,,,,,,,,,,,,,,,NOT_AVAILABLE,296.0159907778226,-2.86828164012886,218.36559946522576,-57.25456621557399,False,False,0,False,False,False,False,False,False,False,False,,,,,,,,,,,,,,,,,,,,,,,,,,0.01247494672632063,IN,4
345,1636148068921376768,Gaia DR3 5332606419493510528,5332606419493510528,1605641397,2016.0,176.43673781437047,0.5767596,-64.85619244915611,0.6176276,0.25448165653260546,0.6795155,0.37450457,5.819335,-5.0375957708947965,0.8107419,2.9132954354609413,0.94102407,0.010025342,-0.00089637795,0.22070834,0.34076548,0.20165695,0.25248635,-0.112155385,0.01693875,0.17835009,0.21315655,255,0,253,2,1.66335,319.49408,1.5644108,0.7676745,95,False,,1.215714,0.17899397,-0.15428656,-0.22764298,-0.058834642,0.0133045735,0.062113654,29,21,1.3831259,36,13,1,0.0114539545,57.44137,0,0,1.074381,0.22807595,0.10087437,0.2525345,0.19454052,-120.99452,-44.342274,27.377354,-4.645009,False,295,115.74960389692133,0.74177533,156.04402,20.528568,26,48.737838151720865,5.4608636,8.9249325,21.118877,33,155.83668661280902,6.83846,22.788273,19.266222,1.7673886,0,24,0,30,0,1.8526554,0.59030914,1.2623463,,,,,,,,,,,,,,,,,,,,,,,NOT_AVAILABLE,296.02382529505724,-2.8691907480236014,218.3786893085245,-57.25111429972032,False,False,0,False,False,False,False,False,False,False,False,2.0642787e-10,3.4229115e-09,0.9999923,,,,,,,,,,,,,,,,,,,,,,,0.015051858057325151,IN,4
283,1636148068921376768,Gaia DR3 5332606522573319808,5332606522573319808,660892898,2016.0,176.42639250439515,0.7762927,-64.84210400779713,0.70198405,0.8978420735465658,0.85815036,1.0462526,2.9593456,-2.312237091327532,1.0603191,1.8469668561038628,1.0628524,0.016468877,0.17307058,0.21928796,0.2753033,0.26757738,0.25398773,0.10302735,0.14780532,0.11149737,0.18942052,202,0,202,0,3.3536015,280.25995,3.1457314,2.7853293,95,False,,1.6754893,0.20512071,-0.17568979,-0.08563033,-0.102651216,0.026270226,0.06491884,23,16,1.6381012,28,8,0,0.016168281,48.258755,1,0,1.1722841,0.29027346,0.12778251,0.13355292,0.34752208,-96.71074,10.627612,27.867943,6.322744,False,229,115.6288977292811,0.88646686,130.43793,20.529701,17,45.92322604873294,4.784822,9.597688,21.183462,20,155.82920878645186,10.382656,15.008607,19.266273,1.7448272,0,5,0,6,0,1.9171886,0.6537609,1.2634277,,,,,,,,,,,,,,,,,,,,,,,NOT_AVAILABLE,296.016010220206,-2.8566650589161986,218.3540584494763,-57.24477006045114,False,False,0,False,False,False,False,False,False,False,False,2.0483319e-10,1.1135564e-09,0.9999957,,,,,,,,,,,,,,,,,,,,,,,0.0011925917646659495,IN,4
203,1636148068921376768,Gaia DR3 5332606625652547584,5332606625652547584,1618611335,2016.0,176.4132719100558,0.61427623,-64.81773581934353,0.6961155,-1.1361084010651183,0.79473734,-1.4295394,7.0379744,-6.929988574642894,0.85969114,1.228146481407024,0.92368746,-0.023148382,0.0127358325,0.20554435,0.22576925,0.41167107,0.10020184,-0.18841499,-0.10438614,-0.056043588,0.13003635,229,0,228,1,1.1699246,260.15884,2.0531862,1.3473417,95,False,,1.5938225,0.19139604,-0.085349336,-0.26865253,-0.1394833,0.018063176,0.09425457,27,19,1.3399302,30,9,0,0.035281237,18.04201,0,0,1.0545042,0.29585585,0.05749962,0.265662,0.29346183,-116.22363,-23.738373,29.366352,3.7162752,False,249,115.59191801594791,0.79286075,145.79095,20.530048,20,31.296234571222055,4.187335,7.474022,21.599812,27,125.73175326827213,5.1125574,24.592731,19.499283,1.3584685,0,12,0,14,0,2.1005287,1.0697632,1.0307655,,,,,,,,,,,,,,,,,,,,,,,NOT_AVAILABLE,296.00445082182824,-2.834491702875047,218.31401470508195,-57.23230466590165,False,False,0,False,False,False,False,False,False,False,False,2.3466545e-11,6.167322e-11,0.99999505,,,,,,,,,,,,,,,,,,,,,,,0.02468824616875513,IN,4
147,1636148068921376768,Gaia DR3 5332606488213544704,5332606488213544704,44539990,2016.0,176.40403762277762,0.6642161,-64.84927909942269,0.5847427,0.8484662479103624,0.72055763,1.1775134,8.170512,-7.9446863595068855,0.7971842,1.9076776337970576,0.86608994,-0.030481426,0.052944876,0.01437002,0.26304772,0.1952911,0.18819226,-0.14368473,0.028628903,0.20637298,0.07741886,201,0,201,0,-0.5708331,193.69981,0.0,0.0,95,False,,1.5811772,0.20376669,-0.12117482,-0.24158886,0.03005272,0.03240149,0.10610177,24,19,1.234819,27,10,0,0.06325906,158.01286,0,0,0.9695421,0.26684502,0.14483492,0.15090434,0.142381,-138.26457,-16.727512,28.746758,4.3448296,False,221,115.35097394185713,0.88038313,131.0236,20.532314,18,28.829841902327882,4.586785,6.285414,21.688936,27,107.96036007401275,5.963798,18.10262,19.664734,1.1858609,0,1,0,1,0,2.0242023,1.1566219,0.8675804,,,,,,,,,,,,,,,,,,,,,,,NOT_AVAILABLE,296.00861612896904,-2.8660050655235936,218.3518604029999,-57.256617346851826,False,False,0,False,False,False,False,False,False,False,False,8.269015e-11,1.1358308e-10,0.99999905,,,,,,,,,,,,,,,,,,,,,,,0.013089527748033484,IN,4
412,1636148068921376768,Gaia DR3 5332606522572751104,5332606522572751104,720706881,2016.0,176.44823845203368,0.58461136,-64.84699105851026,0.5369191,-0.2606782478503038,0.6807361,-0.38293582,4.3956137,-4.266645505787717,0.76931787,1.0569562917072712,0.74945766,-0.029091876,-0.009834229,0.17898463,0.16066949,0.2778928,0.09087091,0.06675571,-0.12481609,0.10086062,0.061522696,260,0,258,2,1.2928923,321.01984,0.64806956,0.1324201,95,False,,1.0483912,0.16354994,-0.15503629,-0.11404482,-0.058623366,0.060156032,0.021222096,31,22,1.0975511,36,10,1,0.03050025,24.029924,0,0,1.0567917,0.2941602,0.15022153,0.18237717,0.23612024,-115.507744,-9.275174,25.132301,4.798423,False,296,115.10795088574109,0.7801154,147.55246,20.534603,5,43.64184850730619,8.962422,4.869426,21.238785,6,144.1657880928455,9.202943,15.665183,19.35074,1.6315783,0,0,0,0,0,1.8880444,0.7041817,1.1838627,,,,,,,,,,,,,,,,,,,,,,,NOT_AVAILABLE,296.0262407831664,-2.8590550746980616,218.37234633458928,-57.241276869074895,False,False,0,False,False,False,False,False,False,False,False,3.1570707e-10,7.2602924e-10,0.9999976,,,,,,,,,,,,,,,,,,,,,,,0.009896569759136166,IN,4
379,1636148068921376768,Gaia DR3 5332606556933078272,5332606556933078272,388715837,2016.0,176.44179028611765,0.62593526,-64.8340145318849,0.6413885,0.010584772646832274,0.7999889,0.013231149,5.56641,-5.566213410619144,0.9804488,0.046787253127716616,0.95979476,0.045750756,0.10390152,0.015744578,0.20592636,0.19837551,0.16404764,0.29659012,-0.31916973,0.10758421,0.18432927,209,0,208,1,1.2397718,242.79611,1.6241608,0.8299278,95,False,,1.4473358,0.18616171,-0.077816054,-0.09367141,-0.037223328,-0.041858364,-0.023035878,25,17,1.4796565,32,9,0,0.028294755,147.76193,0,9,1.0606275,0.27032468,0.016608175,0.3532643,0.47576,-101.59057,-24.696226,29.145763,2.171043,False,246,115.01183349409897,0.8592994,133.84372,20.535511,0,,,,,0,,,,,,,,,,2,,,,,,,,,,,,,,,,,,,,,,,,,,NOT_AVAILABLE,296.0203128032562,-2.847186988291672,218.35131164454558,-57.23447001577406,False,False,0,False,False,False,False,False,False,False,False,,,,,,,,,,,,,,,,,,,,,,,,,,0.009308940153037964,IN,4
291,1636148068921376768,Gaia DR3 5332606385133748608,5332606385133748608,1172159510,2016.0,176.42744156074747,0.6711432,-64.86250922129717,0.65735906,-0.5857528474166043,0.77589935,-0.7549341,9.246499,-9.16644562047802,0.959324,1.2140949405825459,0.96140164,-0.013971441,0.030096736,0.2580047,0.376119,0.325124,0.2764662,-0.052087698,0.14122276,0.19598377,0.2984263,218,0,216,2,1.9895983,264.0762,2.418986,2.0770607,95,False,,1.3580428,0.19489032,-0.13517101,-0.14060417,-0.04176557,0.08896865,0.041192193,26,19,1.5475231,31,9,0,0.028365476,20.480577,0,0,1.0969993,0.13478251,0.12805235,0.14817393,0.20082353,-123.980156,-12.018742,28.268295,2.0435379,False,252,114.38450691880495,0.7707783,148.4013,20.541449,12,58.08931306349955,7.992085,7.2683554,20.9283,16,114.51739850581552,10.849935,10.554663,19.600718,1.5090042,0,0,0,0,0,1.3275833,0.38685226,0.94073105,,,,,,,,,,,,,,,,,,,,,,,NOT_AVAILABLE,296.0215923771205,-2.876298930874558,218.38230156773213,-57.25830331738185,False,False,0,False,False,False,False,False,False,False,False,1.2941495e-10,2.1209408e-10,0.9999972,,,,,,,,,,,,,,,,,,,,,,,0.02099779916468117,IN,4
32,1636148068921376768,Gaia DR3 5332606453853159808,5332606453853159808,547132026,2016.0,176.37760515925072,0.7193675,-64.84924615173651,0.6366465,0.6877562376559369,0.818952,0.8398004,6.756513,-6.754002750470174,0.89986086,-0.18415920327289048,0.94510317,-0.01797223,0.0889254,0.067915976,0.21102643,0.14524142,0.18907125,-0.03012501,0.044319574,0.070303895,0.06580754,209,0,207,2,1.8293715,256.16583,2.1036317,1.2815281,95,False,,0.8601121,0.22203,-0.035123065,-0.16009118,-0.16466032,-0.16211404,0.09300085,25,20,1.3405594,31,10,0,0.012416609,109.57266,0,0,1.0909069,0.10993107,0.18656968,0.32109636,0.1507202,-126.837975,-23.087503,23.55815,3.0162475,False,251,114.05795242061653,0.8077737,141.20038,20.544554,21,33.11271930823296,5.2446165,6.3136587,21.538555,26,122.44551721008582,5.087994,24.065578,19.528038,1.3638526,0,0,0,0,1,2.0105171,0.9940014,1.0165157,,,,,,,,,,,,,,,,,,,,,,,NOT_AVAILABLE,295.99772470359864,-2.8688110730968113,218.33770959768566,-57.264841192161256,False,False,0,False,False,False,False,False,False,False,False,1.9590954e-11,1.10342936e-10,0.9999993,,,,,,,,,,,,,,,,,,,,,,,0.023107236423557595,IN,4
295,1636148068921376768,Gaia DR3 5332606522573318912,5332606522573318912,282607695,2016.0,176.42795835042236,0.7707311,-64.84425027038438,0.7588661,0.9743251429609359,1.076899,0.9047507,4.140308,-3.7241348982224065,0.9706836,1.8091351786926806,0.9054446,0.38173184,0.48588684,0.04701027,0.33596823,0.55274165,0.10002981,0.08229941,-0.23656656,0.1232413,0.31570208,205,0,203,2,-0.3199102,198.13522,0.0,0.0,95,False,,1.3614378,0.19380707,0.012430101,-0.091033556,0.04441367,-0.088433646,-0.0100088315,26,17,1.5088578,29,9,0,0.030767936,13.64112,0,0,0.9822441,0.28892627,0.25858393,0.34192595,0.13280728,-158.79318,-36.789387,37.04471,2.3880267,False,223,113.67371978702813,0.90728843,125.289505,20.548216,19,34.88802865411292,4.378378,7.968254,21.481852,21,107.70638818232102,6.5207014,16.517609,19.667292,1.2544185,0,0,0,0,0,1.8145599,0.9336357,0.8809242,,,,,,,,,,,,,,,,,,,,,,,NOT_AVAILABLE,296.01719685754995,-2.8585742229219218,218.357805095059,-57.24573979180534,False,False,0,False,False,False,False,False,False,False,False,2.3449744e-11,5.7615503e-11,0.9999979,,,,,,,,,,,,,,,,,,,,,,,0.002755956595555302,IN,4
266,1636148068921376768,Gaia DR3 5332606522573315968,5332606522573315968,603201506,2016.0,176.42417752478855,0.7830591,-64.84423201264991,0.75209737,-0.38512731783959825,0.9950861,-0.38702914,3.4804919,-2.8776108592838052,1.2273467,1.9578507150358997,1.1187781,0.08568546,0.0052576866,0.012749494,0.22218212,0.36024147,0.07297922,0.06372928,-0.3618316,-0.047172163,0.2921465,189,0,188,1,3.2236924,259.79327,3.165969,2.9749029,95,False,,1.7020131,0.23212884,-0.12341483,-0.2224757,-0.012849921,-0.07045085,-0.00070886436,22,15,1.8704838,26,7,3,0.025092334,86.71443,0,0,1.1717086,0.23074958,0.22370063,0.4410943,0.18113978,-131.1609,-27.338835,27.04503,2.2013319,False,215,113.45787874093116,1.0947016,103.642746,20.55028,20,52.62376063915338,6.4466567,8.162953,21.035587,23,179.11712248257427,11.186594,16.011766,19.115053,2.042528,0,20,0,23,0,1.9205341,0.4853077,1.4352264,,,,,,,,,,,,,,,,,,,,,,,NOT_AVAILABLE,296.0156350619242,-2.8589617059917987,218.3557622194017,-57.246906708813135,False,False,0,False,False,False,False,False,False,False,False,1.1090633e-08,6.2848504e-09,0.999992,,,,,,,,,,,,,,,,,,,,,,,0.0033587821450036114,IN,4
359,1636148068921376768,Gaia DR3 5332606522572743936,5332606522572743936,489618303,2016.0,176.43864680302985,0.6644331,-64.84430437352688,0.7796986,-0.9445023366810688,0.8920796,-1.0587647,6.2240763,-5.675338296752589,0.84860784,2.5553196303912373,0.93864685,0.11754149,0.068185456,0.12545738,0.29602325,0.5383086,0.26860917,0.0098453285,0.07645242,0.018263316,0.203013,187,0,187,0,-0.25002807,190.4371,0.0,0.0,95,False,,1.2578896,0.22183363,-0.057629682,-0.34029645,-0.20024215,-0.1140563,0.06974221,23,18,1.3939337,28,8,0,0.06496935,125.00303,0,0,0.9850547,0.31115738,0.1604796,0.18195334,0.18671174,-125.01106,-40.87007,48.544758,9.043376,False,214,112.85499621536484,0.8913663,126.60899,20.556065,20,39.93780853936133,6.2292337,6.4113517,21.335081,26,106.12716903617259,6.226737,17.043785,19.683329,1.2942712,0,0,0,0,0,1.6517525,0.7790165,0.872736,,,,,,,,,,,,,,,,,,,,,,,NOT_AVAILABLE,296.02161281944706,-2.8574817043105334,218.36358370007443,-57.24244277215049,False,False,0,False,False,False,False,False,False,False,False,2.0979268e-10,5.210009e-10,0.9999967,,,,,,,,,,,,,,,,,,,,,,,0.005013962536286442,IN,4
28,1636148068921376768,Gaia DR3 5332606488213526016,5332606488213526016,1397137247,2016.0,176.3765223424915,0.71528023,-64.83769390058303,0.675414,-0.3836463802971657,0.80408233,-0.47712326,13.592719,-11.995167215796736,0.8920355,6.393588451970377,1.196676,0.09454499,0.14024694,0.18632402,0.28597134,0.11217774,0.23302771,0.14087534,-0.0657994,-0.083493546,0.21821056,245,0,245,0,2.4516888,323.15643,3.196854,2.7845044,95,False,,1.0120517,0.20435703,-0.10136811,-0.20022155,-0.079997644,-0.011673542,0.15201527,29,18,1.7199409,33,10,0,0.012902192,142.79219,0,0,1.1127625,0.25311673,0.08923407,0.24033675,0.28839225,-113.20826,-27.114399,25.565573,2.1815467,False,273,112.80264083218471,0.846746,133.21898,20.556568,25,34.72366601328156,4.662203,7.44791,21.486979,28,116.87804214392908,6.0420756,19.34402,19.578564,1.3439553,0,0,0,0,0,1.9084148,0.9304104,0.97800446,,,,,,,,,,,,,,,,,,,,,,,NOT_AVAILABLE,295.9943544661934,-2.857750502447266,218.32145162878382,-57.25733397384777,False,False,0,False,False,False,False,False,False,False,False,5.0597115e-10,1.3352115e-10,0.99999887,,,,,,,,,,,,,,,,,,,,,,,0.022568925888143916,IN,4
59,1636148068921376768,Gaia DR3 5332606453876409344,5332606453876409344,310372209,2016.0,176.3831586971982,0.68877816,-64.84757257041524,0.58951813,0.5904731259496605,0.7555923,0.78147054,9.077772,-9.07746925259641,0.85530555,0.07421035753233474,0.9501932,0.012209598,0.2347126,0.17880853,0.20822331,0.18401048,0.18946637,0.03581065,0.16368923,0.06680312,0.07479068,218,0,216,2,-0.5550289,207.5021,0.0,0.0,95,False,,1.2998221,0.19731651,-0.13045773,-0.1510095,-0.05679072,0.0004769501,0.16416791,26,19,1.3450607,31,9,1,0.016369922,21.770555,0,0,0.9714675,0.18504386,0.14342971,0.20316364,0.27468878,-84.488495,-14.479674,23.32354,6.9047694,False,246,112.75754815155979,0.826262,136.46706,20.557003,22,35.419168658406925,6.1245675,5.7831297,21.465446,25,120.24380825947601,7.432068,16.179052,19.547739,1.3805104,0,0,0,0,0,1.9177074,0.90844345,1.009264,,,,,,,,,,,,,,,,,,,,,,,NOT_AVAILABLE,295.9995876792235,-2.8665952065461573,218.3384015638628,-57.26197204069767,False,False,0,False,False,False,False,False,False,False,False,7.3377464e-11,5.8141027e-11,0.9999983,,,,,,,,,,,,,,,,,,,,,,,0.02033875896774056,IN,4
503,1636148068921376768,Gaia DR3 5332606728731218944,5332606728731218944,887715961,2016.0,176.46693083312954,0.6145588,-64.83010881769957,0.56263393,-0.449100811419293,0.67727435,-0.66310024,3.9273868,-3.7955268369857773,0.82842433,1.0091299511432066,0.88856536,-0.007914411,-0.01699324,0.14021838,0.23849677,0.21932012,0.23401228,-0.036636528,-0.016361231,-0.019505948,0.2096903,212,0,212,0,-1.8246623,181.5592,0.0,0.0,95,False,,1.4333875,0.19966263,-0.1931055,-0.14137682,-0.12430291,-0.0042896736,0.2647462,25,17,1.3241769,31,8,0,0.0063600773,152.43256,0,0,0.9098975,0.259461,0.07975923,0.18975501,0.22045603,-121.71884,-6.656823,29.56992,7.4594975,False,257,112.14349702507256,0.7366756,152.22914,20.562931,22,27.482424857718414,3.4091852,8.061289,21.740904,29,103.1086767215397,6.4034367,16.102085,19.714657,1.1645,0,1,0,0,0,2.026247,1.1779728,0.84827423,,,,,,,,,,,,,,,,,,,,,,,NOT_AVAILABLE,296.02968888569256,-2.8407162648773134,218.35944513121376,-57.22397321343046,False,False,0,False,False,False,False,False,False,False,False,2.659557e-09,4.860981e-10,0.9999975,,,,,,,,,,,,,,,,,,,,,,,0.019813382601241967,IN,4
156,1636148068921376768,Gaia DR3 5332606488212954880,5332606488212954880,471894629,2016.0,176.4053743177451,0.7202583,-64.84657509797668,0.6171867,-0.41479236602233077,0.7928587,-0.5231605,8.460633,-8.406675224278585,0.91750735,0.9540052397555063,1.0621057,0.047881156,0.23511496,0.14444818,0.3251837,0.24675973,0.24198039,0.04446299,0.20648706,0.21301265,0.10937842,213,0,212,1,0.6214041,236.15219,0.0,1.4002372e-15,95,False,,1.2615749,0.20050727,-0.13468297,-0.19856176,-0.06896387,-0.0103789335,-0.08266296,25,18,1.5264891,31,9,1,0.02062767,75.42335,0,0,1.029136,0.16650952,0.15876375,0.27591553,0.27471116,-122.6298,-12.676799,23.76257,5.1819835,False,256,112.06624898473194,0.87900275,127.492485,20.56368,21,22.666365872734783,4.367182,5.1901584,21.950087,25,123.77762946489878,7.4363127,16.645027,19.51629,1.3067627,0,0,0,1,1,2.433796,1.386406,1.04739,,,,,,,,,,,,,,,,,,,,,,,NOT_AVAILABLE,296.0084831694701,-2.863245218443803,218.34890462838962,-57.254363826219915,False,False,0,False,False,False,False,False,False,False,False,1.8788807e-10,1.15481395e-10,0.99999905,,,,,,,,,,,,,,,,,,,,,,,0.011182070743269327,IN,4
199,1636148068921376768,Gaia DR3 5332606625653959296,5332606625653959296,376412584,2016.0,176.4128546402095,0.7227938,-64.82211826091014,0.6573952,1.5395244398682486,0.8714014,1.7667224,8.681261,-8.339888690344127,1.1456848,2.410507765041329,1.1185689,-0.011803106,0.22222672,0.19880062,0.11468177,0.23159252,0.034410812,-0.05616089,-0.18372127,-0.048350163,0.08637708,210,0,210,0,2.5377696,294.8988,2.3355577,1.5154558,95,False,,1.1261743,0.19079128,-0.05497788,-0.16398221,-0.00843864,-0.046874467,-0.015862077,24,16,1.6459243,31,10,0,0.033185262,80.089226,0,32,1.1265329,0.18152614,0.14460035,0.32507923,0.33835334,-101.35235,3.6060793,20.71676,4.4393387,False,248,112.04161785184276,0.90177315,124.2459,20.56392,0,,,,,0,,,,,,,,,,2,,,,,,,,,,,,,,,,,,,,,,,,,,NOT_AVAILABLE,296.0053857841922,-2.8387771781710285,218.31973153903024,-57.23541342445532,False,False,0,False,False,False,False,False,False,False,False,,,,,,,,,,,,,,,,,,,,,,,,,,0.020557850985152077,IN,4
61,1636148068921376768,Gaia DR3 5332606625651919744,5332606625651919744,1361641838,2016.0,176.38349633739915,0.6347279,-64.82013554414156,0.70524,1.657538741978219,0.8256079,2.0076585,9.475685,-9.469642774017297,0.8540418,0.3383458392581031,1.1297224,0.024668636,0.07336128,0.16900218,0.22944632,0.19862138,0.19980219,0.10176658,-0.08195197,-0.18732609,0.14438699,210,0,209,1,1.7201018,256.11383,1.7198193,0.8554005,95,False,,0.95873743,0.19473593,-0.1256177,-0.21161336,-0.24626575,-0.024445428,0.099256545,24,16,1.5982908,28,8,1,0.024031848,141.37918,0,0,1.0848829,0.3352335,0.03185259,0.24816982,0.4467071,-88.81726,20.554878,25.129913,2.1186059,False,235,111.81378620943795,0.9798454,114.11371,20.566128,12,54.54718597940332,18.199394,2.9971979,20.99661,14,161.12921224502233,20.454033,7.8776255,19.22996,1.9288892,0,0,0,0,0,1.7666512,0.43048286,1.3361683,,,,,,,,,,,,,,,,,,,,,,,NOT_AVAILABLE,295.9927840474213,-2.840012574554271,218.30135823271618,-57.243229406870704,False,False,0,False,False,False,False,False,False,False,False,1.4601388e-10,5.1049653e-09,0.99999654,,,,,,,,,,,,,,,,,,,,,,,0.028794824310564328,IN,4
81,1636148068921376768,Gaia DR3 5332606453853781248,5332606453853781248,202802954,2016.0,176.38956601120518,0.73320585,-64.85470786200197,0.6733643,-0.5948579508639382,0.91738886,-0.6484251,4.883927,-3.2078908657487792,1.110861,3.682686308693892,0.855547,0.053747162,0.28186435,-0.12842846,0.05712021,0.3216955,0.06659846,-0.15592092,-0.16003315,-0.10287858,0.08041411,220,0,218,2,1.8588203,269.7139,2.0203998,1.0333794,95,False,,0.8824271,0.2140423,-0.02286116,-0.16929157,-0.080403194,-0.17840092,0.100825705,26,19,1.5508163,31,9,0,0.053389322,139.1495,0,0,1.0899986,0.25534916,0.15354887,0.1771041,0.2992259,-126.55744,-5.3296194,35.52587,6.2283163,False,248,111.35972316238812,0.906,122.9136,20.570547,17,31.653222833387993,4.606909,6.870816,21.587498,26,140.6337257964164,7.6220374,18.450935,19.377672,1.5471208,0,0,0,0,0,2.2098255,1.0169506,1.1928749,,,,,,,,,,,,,,,,,,,,,,,NOT_AVAILABLE,296.004030806537,-2.872810897370188,218.3515067710938,-57.264818277515474,False,False,0,False,False,False,False,False,False,False,False,9.8461e-11,2.4378116e-10,0.9999963,,,,,,,,,,,,,,,,,,,,,,,0.02127272011181298,IN,4
262,1636148068921376768,Gaia DR3 5332606419493496320,5332606419493496320,1499869290,2016.0,176.4236182414389,0.67620456,-64.85370337784995,0.65640193,0.04241987555721738,0.7644655,0.05548959,4.114324,-3.8976368751891806,0.9360853,1.317607211002655,0.97996354,-0.040702656,-0.16494243,0.2392224,0.28563017,0.2501372,0.23022822,0.063427724,-0.0071258354,-0.046783205,0.1778313,206,0,206,0,1.0916868,237.7474,1.639063,0.7600305,95,False,,1.4622798,0.21097761,-0.028152948,-0.27716514,-0.20076619,-0.051290058,0.061339512,25,19,1.4687186,31,9,0,0.020753404,150.42236,0,0,1.0533817,0.17377862,0.0419996,0.29879853,0.25363466,-145.59717,-30.983723,26.472132,-2.7052479,False,250,111.35482242980801,0.8228005,135.33636,20.570595,22,38.01385012421645,5.666072,6.7090306,21.388687,27,113.09734994203644,5.3584075,21.106524,19.614264,1.3570243,0,1,0,1,0,1.7744236,0.81809235,0.95633125,,,,,,,,,,,,,,,,,,,,,,,NOT_AVAILABLE,296.0177957131122,-2.868187024268261,218.36831238595448,-57.25351495556613,False,False,0,False,False,False,False,False,False,False,False,8.592882e-11,5.109602e-13,0.9999945,,,,,,,,,,,,,,,,,,,,,,,0.0123839234510995,IN,4
276,1636148068921376768,Gaia DR3 5332606419493494400,5332606419493494400,998860488,2016.0,176.42528496186983,1.3849106,-64.85575053272674,0.5932528,1.4464461129739563,0.9043887,1.5993633,8.30177,-8.168124496161044,1.5996821,1.4836207722743295,0.82268107,-0.074000336,-0.27498958,-0.65722233,0.013908064,0.32917765,0.17083137,-0.0075588753,0.18836193,-0.02657903,0.21297693,172,0,172,0,0.75249165,191.66373,0.732545,0.13301288,95,False,,1.4473449,0.2421462,0.027402148,-0.1128781,0.020072771,-0.0704047,0.09181233,20,16,2.4455805,29,10,0,0.02385481,39.067307,0,21,1.0395465,0.17860039,0.52068603,0.056007944,0.2690388,-167.37529,-15.483338,43.851185,31.912792,False,202,110.50916720636825,0.9840322,112.30239,20.57887,0,,,,,0,,,,,,,,,,1,,,,,,,,,,,,,,,,,,,,,,,,,,NOT_AVAILABLE,296.018998682958,-2.8699894947193805,218.37197935483223,-57.254385612437744,False,False,0,False,False,False,False,False,False,False,False,,,,,,,,,,,,,,,,,,,,,,,,,,0.014310625725884445,IN,4
485,1636148068921376768,Gaia DR3 5332606728729196288,5332606728729196288,543251127,2016.0,176.4621847317607,0.7633308,-64.83165471273136,0.69722366,0.8691609401992757,0.9214161,0.94328815,3.5231647,-3.5171480834460542,1.1594697,0.20581299135939515,1.0204347,-0.01521145,-0.023571165,0.1244502,0.16932693,0.14617257,0.1120017,0.12818657,-0.3674844,-0.028867917,0.1696507,188,0,187,1,2.035952,255.12291,2.4392862,1.449905,95,False,,1.1739643,0.20746033,-0.064849935,-0.123536356,-0.022732062,-0.09287837,0.05186092,23,17,1.6859198,28,7,2,0.026780441,120.0081,0,39,1.106988,0.26715764,0.118810534,0.20109266,0.29678205,-134.4562,-3.5698638,28.51421,4.272086,False,200,110.37997808164107,0.8555759,129.01248,20.580141,0,,,,,0,,,,,,,,,,2,,,,,,,,,,,,,,,,,,,,,,,,,,NOT_AVAILABLE,296.028122183572,-2.842720140450291,218.35900478377584,-57.22650446141683,False,False,0,False,False,False,False,False,False,False,False,,,,,,,,,,,,,,,,,,,,,,,,,,0.017273219789520823,IN,4
19,1636148068921376768,Gaia DR3 5332609546229648000,5332609546229648000,336099583,2016.0,176.37416055806025,0.7002007,-64.82962839369709,0.54356605,0.1807400408760898,0.736911,0.24526712,6.153779,-5.854442140921611,0.9095621,1.895918299965972,0.8814569,0.018633477,0.25350592,0.3899625,0.15015015,0.2171392,0.13924904,0.02499315,0.13272266,-0.08146948,0.055837467,236,0,236,0,1.4792371,283.7269,1.8558534,1.1990026,95,False,,0.8553377,0.17215677,-0.09401731,-0.1586736,-0.12550494,-0.009450672,0.10215106,28,18,1.3213608,33,7,1,0.016029023,178.7086,0,0,1.0682747,0.16179432,0.17964882,0.30855146,0.269349,-135.90921,-3.5411484,20.95163,3.4181664,False,273,109.30128542561567,1.1686063,93.53132,20.590803,18,25.538160278593264,6.214006,4.109774,21.820568,27,158.1543805990359,6.8897343,22.955076,19.250193,1.6806073,0,0,0,1,0,2.5703754,1.2297649,1.3406105,,,,,,,,,,,,,,,,,,,,,,,NOT_AVAILABLE,295.9913396742383,-2.8502010210939663,218.30924671283503,-57.2525927494141,False,False,0,False,False,False,False,False,False,False,False,2.082522e-12,5.1882294e-13,0.99999696,,,,,,,,,,,,,,,,,,,,,,,0.026114415956660118,IN,4
595,1636148068921376768,Gaia DR3 5332606763090975104,5332606763090975104,576508337,2016.0,176.48130068588424,1.0279025,-64.82405668457685,0.96692723,2.1815406270930744,1.0361232,2.105484,5.7123156,-5.325347533944127,1.3106638,2.0666939769245736,1.6024044,0.43263397,0.2409117,0.55841285,0.5657497,0.023300622,0.48954952,0.549048,0.27109402,0.27185264,0.4766724,140,0,140,0,0.9257218,159.75694,0.0,0.0,95,False,,1.4649414,0.22716047,-0.108412325,-0.021804752,-0.0046862033,0.073568545,0.08975022,16,13,2.6614547,21,6,0,0.025586307,85.908226,0,0,1.0545441,0.18921214,0.23037846,0.43988448,0.13450633,-93.09641,-28.12659,21.482866,5.458201,False,163,109.28087321563696,0.9941678,109.92196,20.591007,17,31.965022332860272,5.446773,5.8686166,21.576855,18,133.6908874249252,6.7456512,19.818827,19.43264,1.5158728,0,0,0,0,0,2.1442146,0.9858475,1.1583672,,,,,,,,,,,,,,,,,,,,,,,NOT_AVAILABLE,296.0340889314857,-2.833322023399491,218.3589237021682,-57.21537623247377,False,False,0,False,False,False,False,False,False,False,False,4.4304785e-10,1.2651872e-09,0.9999955,,,,,,,,,,,,,,,,,,,,,,,0.028332122075582954,IN,4
137,1636148068921376768,Gaia DR3 5332606488212946816,5332606488212946816,1238882213,2016.0,176.40139895564295,1.3769181,-64.84785057142902,1.532717,0.5744216770945902,2.259896,0.25418058,8.240888,-7.6367662586076746,2.2893069,-3.097101485657373,2.1678696,-0.017282853,0.19119325,0.3369737,-0.18175668,0.6781473,-0.4782559,0.27480483,-0.5627096,-0.051903125,-0.096297875,127,0,127,0,2.615839,192.94324,4.5583572,3.8473191,95,False,,1.167972,0.29986736,-0.143601,-0.109259315,-0.095688574,0.04895685,0.17356765,15,11,3.5136006,19,2,0,0.07202679,54.192005,1,0,1.1698766,0.22825085,0.10774087,0.26147887,0.4614994,-146.95206,7.1960387,17.637712,2.0753436,False,149,109.2457438681901,1.2100575,90.28145,20.591356,7,47.3062775580032,12.674384,3.7324321,21.151245,7,201.1528292380589,5.324476,37.7789,18.98908,2.274314,0,6,0,6,0,2.1621647,0.55988884,1.6022758,,,,,,,,,,,,,,,,,,,,,,,NOT_AVAILABLE,296.0071685550246,-2.864905909495333,218.34851366602098,-57.256470262012535,False,False,0,False,False,False,False,False,False,False,False,7.434554e-10,6.3547e-09,0.99999195,,,,,,,,,,,,,,,,,,,,,,,0.013271028282023605,IN,4
582,1636148068921376768,Gaia DR3 5332606763090973056,5332606763090973056,303780736,2016.0,176.47994945350115,0.6878666,-64.82459686558768,0.64750594,-0.06539671438474522,0.8050523,-0.08123288,7.072648,-6.994485100314923,0.8970705,1.0485835270023123,0.87129146,-0.09162127,-0.09286216,-0.017807445,0.24973111,0.13889962,0.24894418,-0.15975185,-0.050655674,0.124078125,0.08897039,223,0,221,2,1.7683071,269.1742,2.078798,1.3210537,95,False,,0.75294656,0.21648885,-0.07966291,-0.108448856,-0.17540248,-0.11281714,0.119120315,26,20,1.2843108,32,11,0,0.028598472,109.28154,0,0,1.0848826,0.3121669,0.0473939,0.22114983,0.21706635,-118.02863,-0.9811335,30.350634,5.080668,False,258,108.80549722141943,0.9258832,117.51536,20.59574,18,43.896732843911586,5.9328694,7.3989043,21.232462,19,123.79101679611298,6.700414,18.475128,19.516172,1.5411699,0,0,0,0,0,1.7162895,0.63672256,1.079567,,,,,,,,,,,,,,,,,,,,,,,NOT_AVAILABLE,296.0336677835819,-2.833989306868382,218.3589333394416,-57.21616501132645,False,False,0,False,False,False,False,False,False,False,False,3.546489e-10,2.0928015e-09,0.99999434,,,,,,,,,,,,,,,,,,,,,,,0.027546596684023407,IN,4
159,1636148068921376768,Gaia DR3 5332606453853789312,5332606453853789312,1746077288,2016.0,176.40605973962082,0.6613567,-64.86340774220922,0.68392295,0.7450886586081523,0.7856303,0.948396,8.642083,-8.07836412734878,0.90018046,3.070120774259701,1.2337587,-0.0683489,-0.042369522,0.27889338,0.41714475,0.16629958,0.21174665,-0.19751346,-0.020947676,0.2282057,0.2789772,236,0,233,3,0.9316539,264.73395,1.6964351,0.8727415,95,False,,1.4796686,0.200315,-0.17330919,-0.05243124,-0.22301033,-0.0014945026,-0.12538253,28,22,1.801769,32,10,0,0.0902742,23.96054,1,0,1.0425525,0.19820224,0.15728036,0.2508991,0.16331626,-108.28769,-50.50522,30.108446,-2.747263,False,258,108.31788074518167,0.8197809,132.13028,20.600616,20,34.6805433975667,3.9059172,8.878976,21.488327,29,166.15459605619765,7.306249,22.741436,19.196615,1.8541273,0,0,0,0,1,2.2917118,0.8877106,1.4040012,,,,,,,,,,,,,,,,,,,,,,,NOT_AVAILABLE,296.0130192110492,-2.87945936946093,218.37211676669227,-57.26558102034322,False,False,0,False,False,False,False,False,False,False,False,1.225408e-10,5.4292526e-10,0.999999,,,,,,,,,,,,,,,,,,,,,,,0.023932788826609222,IN,4
301,1636148068921376768,Gaia DR3 5332606522573327232,5332606522573327232,760380810,2016.0,176.42895160137928,0.7332758,-64.83798910158237,0.6618149,1.6152259297092206,0.84313214,1.9157447,10.055186,-9.66988196743523,1.1406001,2.756837989274748,0.96451414,0.009216438,0.1216605,-0.12087262,0.16257912,0.29541743,0.15485494,0.16955698,-0.14799757,0.13884512,0.12834273,229,0,228,1,2.370358,283.5865,2.455353,1.5338548,95,False,,1.3565818,0.21933375,0.03203663,-0.1297377,-0.037850708,-0.15800865,0.09612941,27,19,1.612841,32,8,1,0.0067010163,20.40102,0,0,1.1130192,0.26026756,0.121763416,0.23225449,0.3531787,-122.194466,-12.529322,35.019993,5.2159452,False,264,108.10556921459474,0.82100993,131.67389,20.602747,24,35.439578337875396,4.7748423,7.4221463,21.46482,26,116.52965981936505,4.826252,24.14496,19.581804,1.4057485,0,0,0,0,0,1.8830166,0.8620739,1.0209427,,,,,,,,,,,,,,,,,,,,,,,NOT_AVAILABLE,296.01602586680957,-2.8524087770764033,218.34984464357498,-57.24117592671271,False,False,0,False,False,False,False,False,False,False,False,4.3132067e-10,1.305671e-10,0.99999726,,,,,,,,,,,,,,,,,,,,,,,0.0035310392747870873,IN,4
92,1636148068921376768,Gaia DR3 5332606488213533184,5332606488213533184,1032467391,2016.0,176.39192855542623,0.7325334,-64.84665014173355,0.5782257,-0.17857999542196362,0.7800075,-0.2289465,6.003855,-5.919178178643447,0.85911876,1.0047913777429565,0.8665736,-0.13806063,0.023083912,0.12703069,0.11374668,0.2842833,0.108790234,-0.027722994,0.12282785,-0.07165048,-0.05079445,225,0,224,1,-0.923166,230.6782,0.0,0.0,95,False,,1.2042723,0.19550042,0.017832378,-0.16563363,-0.20970188,-0.10061886,0.12556934,26,19,1.2269078,32,10,0,0.028655209,30.798595,0,0,0.9546098,0.18928277,0.21027207,0.21874969,0.29206374,-133.18446,0.9422455,22.407326,12.214425,False,262,107.69409750742753,0.8774911,122.72955,20.606888,12,32.83996852463101,4.521416,7.263204,21.547535,19,118.74916137674296,7.6980376,15.4259,19.56132,1.4075899,0,0,0,0,0,1.9862156,0.9406471,1.0455685,,,,,,,,,,,,,,,,,,,,,,,NOT_AVAILABLE,296.00296538649457,-2.86476088755603,218.34183015420473,-57.258609477809145,False,False,0,False,False,False,False,False,False,False,False,1.1785559e-10,1.2188565e-10,0.9999967,,,,,,,,,,,,,,,,,,,,,,,0.016507137814205774,IN,4
605,1636148068921376768,Gaia DR3 5332606728731224320,5332606728731224320,165379130,2016.0,176.48245827461983,0.5788663,-64.837397849103,0.53631073,0.41965110451998816,0.64919263,0.64642,7.10809,-6.873105165215681,0.7886938,1.812558757785575,0.80506015,-0.03516577,-0.17028035,0.121047184,0.23839009,0.10262417,0.24382131,0.15010743,-0.20242715,0.050832484,0.13367637,256,0,255,1,-0.25381324,263.56732,0.0,0.0,95,False,,1.2653723,0.16752388,-0.19709396,0.019809831,-0.011070304,-0.04608223,0.11332127,29,18,1.1943712,33,8,0,0.016891394,131.21063,1,0,0.98731464,0.35792482,0.015680298,0.24849193,0.36276215,-103.477585,0.7961146,31.299246,3.716325,False,282,106.90196274457273,0.71588546,149.32831,20.614902,21,31.258065014536918,5.6568537,5.525698,21.601137,31,99.0110016339181,5.84327,16.944452,19.758686,1.2185844,0,0,0,1,0,1.8424511,0.98623466,0.85621643,,,,,,,,,,,,,,,,,,,,,,,NOT_AVAILABLE,296.0379221989268,-2.8461115179702476,218.37761149911654,-57.22408580669633,False,False,0,False,False,False,False,False,False,False,False,7.1534716e-11,2.5482e-10,0.99999446,,,,,,,,,,,,,,,,,,,,,,,0.023166556950556794,IN,4
158,1636148068921376768,Gaia DR3 5332606488236149504,5332606488236149504,801286665,2016.0,176.40570315485502,0.8988161,-64.84177882571616,0.89366597,-1.5867135220645288,1.0236076,-1.5501189,3.9453652,-3.1291229214659833,1.1235443,-2.4030180529953906,1.327458,-0.22659588,-0.119151324,0.10928452,0.19344397,0.3239114,0.19225952,-0.0041326643,0.124292016,0.07921134,-0.042398535,160,0,160,0,2.7768824,215.27322,2.9199853,1.6300931,95,False,,1.3410745,0.25661483,0.05881897,-0.27162135,-0.25052476,-0.14757104,0.16533017,19,16,1.848661,21,7,1,0.07811218,36.57125,3,0,1.1600546,0.34976807,0.047829915,0.2162275,0.36156654,-70.51032,50.63458,22.186024,3.51239,False,169,106.82312956638938,1.2164702,87.81401,20.615704,4,79.68245167252242,19.248732,4.139621,20.585136,5,254.588858547721,11.413974,22.305016,18.733297,3.1292036,0,4,0,5,0,1.8518391,-0.03056717,1.8824062,,,,,,,,,,,,,,,,,,,,,,,NOT_AVAILABLE,296.0074065111233,-2.858568952700315,218.34257289574697,-57.25100335658318,False,False,0,False,False,False,False,False,False,False,False,9.86472e-07,8.257698e-08,0.999986,,,,,,,,,,,,,,,,,,,,,,,0.009838609083927162,IN,4
306,1636148068921376768,Gaia DR3 5332606522573330944,5332606522573330944,635615209,2016.0,176.42967798765426,0.7059128,-64.83459044536907,0.629802,-0.39995361851167743,0.77542394,-0.51578707,5.916176,-5.396033004967503,0.93168074,2.4256883991439437,0.99522257,-0.09810109,-0.09076557,0.3787124,0.28468502,0.26902038,0.08727263,-0.075518645,-0.12372921,0.09729263,0.17865731,227,0,227,0,0.29203475,244.02876,1.542432,0.68832517,95,False,,1.270916,0.18158083,-0.046683125,-0.1474019,-0.11568496,0.085873015,-0.01652568,27,17,1.4891769,32,8,0,0.031318713,134.41875,0,0,1.0124079,0.17930433,0.10655738,0.2835429,0.19424242,-106.193436,-3.7566092,19.00066,4.463619,False,265,106.65020994447475,0.7681974,138.83177,20.617462,10,40.54523454912969,8.754492,4.6313634,21.318693,14,91.95307858657222,6.634416,13.860011,19.83898,1.2423633,0,0,0,0,0,1.4797134,0.701231,0.77848244,,,,,,,,,,,,,,,,,,,,,,,NOT_AVAILABLE,296.01546746463816,-2.849041995344599,218.3456245038314,-57.238639911609674,False,False,0,False,False,False,False,False,False,False,False,4.486617e-10,3.319235e-10,0.9999978,,,,,,,,,,,,,,,,,,,,,,,0.006938559760981583,IN,4
467,1636148068921376768,Gaia DR3 5332606934889648768,5332606934889648768,1584044316,2016.0,176.45911134770625,1.0263096,-64.823236154076,0.92479354,-0.7354764450892802,1.3066907,-0.5628543,4.24441,-2.5685827021052505,1.3464351,3.3789644180412104,1.668153,-0.16272748,-0.31974095,0.16020964,0.013706259,0.31748566,0.124286175,-0.0377332,0.001163715,0.32723993,0.0011119116,162,0,162,0,4.4642677,264.92703,4.335779,4.073445,95,False,,1.5319023,0.3038519,-0.05620009,-0.14432901,-0.18501246,-0.1540834,0.24800374,19,16,2.3282988,24,6,0,0.07557312,49.701103,0,0,1.260795,0.20819092,0.03473537,0.34717304,0.15050875,-104.60405,-3.7823772,17.161264,11.486532,False,199,106.62881171413288,1.0323554,103.28691,20.61768,14,31.10298860114141,5.2910557,5.878409,21.606537,23,118.91976763621226,6.08965,19.528177,19.559761,1.4069626,0,0,0,1,0,2.0467758,0.98885727,1.0579185,,,,,,,,,,,,,,,,,,,,,,,NOT_AVAILABLE,296.0247349463577,-2.834901201792567,218.34595843760613,-57.221740075685155,False,False,0,False,False,False,False,False,False,False,False,2.1453666e-09,1.3227498e-10,0.9999987,,,,,,,,,,,,,,,,,,,,,,,0.022361511724792706,IN,4
407,1636148068921376768,Gaia DR3 5332606522572753024,5332606522572753024,1484325749,2016.0,176.44711512125713,0.84227127,-64.8444323135488,0.6738618,-2.1439128028662315,0.8503806,-2.5211215,6.612537,-6.574652948241749,1.0026734,0.7068119074820026,0.980821,-0.08799815,0.1141319,0.26906797,0.28920692,0.1450966,0.14066595,-0.22034769,0.089719385,0.13365959,0.11282189,210,0,209,1,-0.13683628,241.93344,2.0568264,0.9232473,95,False,,1.1123908,0.21862039,0.13576888,-0.23727827,-0.04367699,0.089387655,0.13238835,25,20,1.496733,30,11,1,0.02624256,124.681076,0,0,0.99157876,0.18992803,0.14648567,0.22972904,0.10728477,-132.71164,-15.413808,21.619642,4.325563,False,245,105.96174678188174,0.90115607,117.584236,20.624495,9,32.246231470951265,3.7667525,8.560751,21.567345,17,110.78781382250804,8.391357,13.202609,19.636665,1.349865,0,9,0,17,0,1.9306793,0.9428501,0.9878292,,,,,,,,,,,,,,,,,,,,,,,NOT_AVAILABLE,296.0251330925147,-2.8566989689291415,218.36827734883957,-57.239888586580726,False,False,0,False,False,False,False,False,False,False,False,7.03475e-10,3.8480527e-10,0.999997,,,,,,,,,,,,,,,,,,,,,,,0.008297487964139361,IN,4
23,1636148068921376768,Gaia DR3 5332609443151750272,5332609443151750272,116838309,2016.0,176.37546192662444,0.73436904,-64.83114797940998,0.7689438,2.44674154273529,0.81034654,3.0193768,2.8354125,-2.8023644141143995,1.0441167,0.4316456730554646,1.1688635,0.17306395,0.15718405,0.43457368,0.38237464,0.18242587,0.35045046,0.29073966,0.10260477,0.23300916,0.30378756,201,0,200,1,0.90955293,218.46918,1.9286903,0.91238093,95,False,,1.7874706,0.21584855,-0.15577328,-0.08326907,-0.10242617,0.0007361123,0.04372356,24,17,1.8361597,27,5,0,0.016267154,178.82784,0,0,1.0447851,0.35011908,0.13111468,0.38148594,0.28630197,-134.73415,-68.915955,32.590977,1.3838822,False,224,105.66980099896088,0.81713283,129.31778,20.62749,7,33.336763284227146,3.9262128,8.490819,21.531233,14,98.82898716548287,8.168739,12.098438,19.760685,1.2507429,0,0,0,0,0,1.7705479,0.90374374,0.8668041,,,,,,,,,,,,,,,,,,,,,,,NOT_AVAILABLE,295.9922605342675,-2.8515312788013736,218.3120033604899,-57.25321878267356,False,False,0,False,False,False,False,False,False,False,False,3.8910494e-10,2.560692e-10,0.99999636,,,,,,,,,,,,,,,,,,,,,,,0.0249535092894644,IN,4
334,1636148068921376768,Gaia DR3 5332606556932492544,5332606556932492544,1586318071,2016.0,176.43503376290272,0.7838733,-64.83248272062065,0.686737,-0.2534479251716417,0.85645044,-0.2959283,8.173267,-7.505590779492062,1.0370331,3.235491200575428,1.0107937,-0.1368923,-0.11940458,0.04557319,0.10365139,0.24753085,0.15577926,-0.10406365,0.16387081,0.09433352,-0.031570744,160,0,157,3,2.2996392,200.70326,1.1233199,0.30610117,95,False,,1.3801422,0.24414724,-0.25538185,-0.1325189,-0.025696097,-0.0060195047,0.117251754,20,17,1.452772,25,7,1,0.03507498,109.93091,0,0,1.1329043,0.22953697,0.20850994,0.24292703,0.22277953,-101.19266,0.42983642,19.460318,12.777894,False,195,103.95291013266299,0.891734,116.573906,20.645275,13,25.48314959917833,7.912647,3.2205596,21.82291,23,117.59197801890365,6.7646947,17.38319,19.57195,1.3763455,0,0,0,0,0,2.2509594,1.1776352,1.0733242,,,,,,,,,,,,,,,,,,,,,,,NOT_AVAILABLE,296.01714243630045,-2.846428359422181,218.34562723637944,-57.23553673650122,False,False,0,False,False,False,False,False,False,False,False,2.4923235e-11,1.13097316e-10,0.99999887,,,,,,,,,,,,,,,,,,,,,,,0.009413218821175476,IN,4
332,1636148068921376768,Gaia DR3 5332606522572744192,5332606522572744192,763043750,2016.0,176.43497444727106,0.9019101,-64.84038106626996,1.07834,0.7330908883596537,1.0782694,0.67987734,4.7420654,-4.654328735027667,1.2119508,-0.9079700220469418,1.2058989,0.20988123,-0.18890558,0.43824726,0.47181827,0.40707362,0.35970658,0.15841505,-0.15538806,-0.019981308,0.37714723,167,0,167,0,1.3243967,197.73505,2.5806184,1.4385475,95,False,,1.2798964,0.24841645,-0.2684229,-0.39051428,-0.10169502,-0.107640736,-0.07813325,20,14,2.0701303,25,8,2,0.018928578,138.46188,0,0,1.0725863,0.4395663,0.1820598,0.28542784,0.34829348,-121.93522,-44.991756,32.12165,-10.358774,False,207,103.90246395113148,0.86185896,120.55623,20.645802,12,47.19594429956303,10.016577,4.711784,21.15378,16,99.36439196902253,7.9205565,12.545128,19.754818,1.4105569,0,0,0,0,0,1.398962,0.50797844,0.8909836,,,,,,,,,,,,,,,,,,,,,,,NOT_AVAILABLE,296.019110506313,-2.8540782468637276,218.35630345019342,-57.240922468392775,False,False,0,False,False,False,False,False,False,False,False,5.243343e-10,4.673092e-10,0.99999577,,,,,,,,,,,,,,,,,,,,,,,0.0028464320409458334,IN,4
491,1636148068921376768,Gaia DR3 5332606350774669824,5332606350774669824,1365753340,2016.0,176.4631638907507,0.7452533,-64.83351658731941,0.75426805,-0.42849874214871764,0.9360208,-0.45778763,4.4232464,-4.42031283053763,0.9253881,0.16106431409673938,1.2114862,-0.06895938,0.24706952,0.33377844,-0.10875032,0.33530015,0.016378969,-0.15265095,0.10228928,-0.163922,-0.22759737,170,0,168,2,0.58217126,180.86584,0.95475596,0.20623586,95,False,,1.291665,0.23030233,-0.18160786,-0.15262848,-0.0885216,-0.034424014,0.29077837,20,16,1.7422162,24,7,0,0.03043566,71.1971,0,16,1.0304376,0.35536322,0.118532814,0.18500695,0.3661018,-126.54187,43.22893,23.094536,10.363772,False,198,103.87761025515576,0.982249,105.75486,20.646063,0,,,,,0,,,,,,,,,,1,,,,,,,,,,,,,,,,,,,,,,,,,,NOT_AVAILABLE,296.02899461146023,-2.844417405933888,218.36205038574033,-57.22746467691302,False,False,0,False,False,False,False,False,False,False,False,9.53504e-09,1.7054836e-09,0.9999518,,,,,,,,,,,,,,,,,,,,,,,0.016645140778232953,IN,4
141,1636148068921376768,Gaia DR3 5332606488212946688,5332606488212946688,1026887282,2016.0,176.40176925865396,0.863477,-64.84752600328329,0.72211814,0.004715347988495794,0.9531511,0.0049471147,7.263364,-6.973303643249411,1.0744584,2.032115493419408,1.1445568,-0.08637167,0.35368127,0.3752704,-0.024531286,0.19394176,0.052667275,0.009357379,0.23374233,-0.064004995,-0.18914644,167,0,166,1,1.0977783,185.1433,1.6221764,0.66405517,95,False,,1.3171014,0.2311198,-0.15343322,-0.15658166,-0.0766718,-0.08505511,0.16531922,20,14,1.7005305,25,6,0,0.07354936,151.2446,0,12,1.0598663,0.2643199,0.1927856,0.17274687,0.42678833,-120.748955,30.868023,25.560148,8.505097,False,196,102.65415928308451,0.9332737,109.99363,20.658926,6,47.79566346770654,11.098622,4.30645,21.140072,8,177.44419282817384,9.71087,18.27274,19.12524,2.194162,0,6,0,8,0,2.0148315,0.48114586,1.5336857,,,,,,,,,,,,,,,,,,,,,,,NOT_AVAILABLE,296.00723899327267,-2.8645521207970686,218.34827085997046,-57.25613430341037,False,False,0,False,False,False,False,False,False,False,False,8.692556e-10,4.909688e-09,0.99999225,,,,,,,,,,,,,,,,,,,,,,,0.012979619205726628,IN,4
109,1636148068921376768,Gaia DR3 5332606483909781632,5332606483909781632,943405182,2016.0,176.3948402615892,1.3015836,-64.83641966029494,1.462369,0.1876248639892026,1.8714341,0.10025727,5.6124587,-5.478104315792285,2.7973714,-1.2206832268926902,2.127498,0.028691756,0.13310163,-0.21936324,0.034938905,0.38533267,0.0075457646,0.10064529,-0.36971784,-0.14973971,0.18561588,115,0,115,0,3.8382258,220.496,6.240077,5.532014,95,False,,1.1218842,0.4144593,0.04859377,-0.17297071,-0.12158151,-0.35832864,0.027593838,13,11,3.997641,19,4,1,0.035064217,30.068665,0,0,1.2676035,0.21438597,0.044245392,0.31049955,0.36613488,-124.95007,-51.76703,34.11432,5.316323,False,160,102.29051679747172,1.0641056,96.12816,20.662779,13,29.20704027616244,4.9945483,5.847784,21.674824,17,147.91840991554554,7.62373,19.402367,19.32284,1.731592,0,0,0,0,0,2.351984,1.0120449,1.3399391,,,,,,,,,,,,,,,,,,,,,,,NOT_AVAILABLE,296.00157734358703,-2.8545494667089097,218.32950316942842,-57.250752234875556,False,False,0,False,False,False,False,False,False,False,False,1.6239926e-12,1.2910298e-10,0.9999975,,,,,,,,,,,,,,,,,,,,,,,0.015328063044607603,IN,4
411,1636148068921376768,Gaia DR3 5332606556932501376,5332606556932501376,1200633531,2016.0,176.44744502758397,0.7082399,-64.8367167086813,0.903706,0.9848257941796525,0.9842947,1.0005395,6.488752,-6.395971633918945,0.933332,-1.0933649608091511,1.2029002,-0.18685964,-0.12940066,0.051350076,0.33054993,0.57516634,0.19336942,-0.15951839,0.010128943,-0.0149845965,0.1397047,191,0,191,0,1.0785086,214.14598,1.0007168,0.21861568,95,False,,1.3038769,0.22278237,-0.024069319,-0.19579822,-0.22968839,-0.013751017,0.052408267,23,14,1.709579,29,9,1,0.02174464,23.630098,0,0,1.0547551,0.38450646,0.1135132,0.32490665,0.32716256,-117.42445,-80.472015,36.445614,1.4482386,False,234,102.12332202571021,0.8325216,122.66747,20.664555,10,31.58130566936652,7.811874,4.0427313,21.589968,13,88.71524984593725,9.309959,9.52907,19.8779,1.1779538,0,0,0,0,0,1.7120686,0.92541313,0.7866554,,,,,,,,,,,,,,,,,,,,,,,NOT_AVAILABLE,296.02332399628665,-2.849196602043413,218.3579937661594,-57.23454255487984,False,False,0,False,False,False,False,False,False,False,False,1.2030714e-09,9.055469e-10,0.9999981,,,,,,,,,,,,,,,,,,,,,,,0.009254852536698974,IN,4
237,1636148068921376768,Gaia DR3 5332606385134329856,5332606385134329856,1144809067,2016.0,176.41896521375307,0.75191844,-64.86304254699697,0.86633354,0.7468701992061421,0.8944238,0.8350294,6.8873415,-6.873765930009337,1.2076873,0.43222395170922456,1.0748997,-0.30136093,-0.106410176,0.44970223,-0.11670426,0.31097665,-0.080707885,0.020980151,-0.059579458,0.013183606,-0.3288869,170,0,170,0,-0.038299173,200.70456,1.5670191,0.6564432,95,False,,1.0980482,0.23921186,-0.15794945,-0.074880555,-0.1599729,0.0052097184,0.10802537,20,14,1.8630736,24,5,1,0.039428633,51.131348,0,0,0.9958556,0.36044756,0.20106316,0.16429776,0.42090687,-124.498375,61.46115,44.23777,2.4411356,False,201,102.1157308855165,0.8689854,117.511444,20.664635,12,22.30673458744195,2.924171,7.628396,21.967453,19,89.46411788410276,6.2837725,14.237326,19.868773,1.0945507,0,0,0,0,0,2.0986805,1.3028183,0.7958622,,,,,,,,,,,,,,,,,,,,,,,NOT_AVAILABLE,296.018238307132,-2.87772288855081,218.3785043513651,-57.261308582663474,False,False,0,False,False,False,False,False,False,False,False,5.0104473e-11,1.1628057e-10,0.99999845,,,,,,,,,,,,,,,,,,,,,,,0.021927854836114223,IN,4
478,1636148068921376768,Gaia DR3 5332606350774084992,5332606350774084992,1171916447,2016.0,176.46120629523375,0.7741455,-64.83839923859685,0.6603289,0.8119043004161806,0.8233227,0.9861313,8.387947,-8.056421426535406,1.1398371,2.334893200540794,0.9896527,-0.1959777,-0.09401766,0.03408132,0.10740014,0.099742465,0.14556617,-0.10801431,0.1778579,0.14736544,-0.12595934,168,0,168,0,2.0952442,211.34766,0.0,0.0,95,False,,1.2979779,0.2437658,-0.11093069,-0.1439043,-0.16826263,-0.08677512,0.05907796,20,18,1.6138121,26,8,0,0.046218667,152.76184,0,0,1.116497,0.35121426,0.18541722,0.07603827,0.27215558,-146.36795,14.427193,50.117687,9.503877,False,215,101.50969684759141,0.8503285,119.37704,20.671099,6,31.467808305383624,3.2990813,9.538355,21.593876,13,91.52008182708265,12.616717,7.2538743,19.844105,1.2115875,0,0,0,1,0,1.7497711,0.9227772,0.82699394,,,,,,,,,,,,,,,,,,,,,,,NOT_AVAILABLE,296.02941774237433,-2.849352440032153,218.36762162262778,-57.23139398257776,False,False,0,False,False,False,False,False,False,False,False,1.3031934e-10,5.960692e-11,0.9999977,,,,,,,,,,,,,,,,,,,,,,,0.014110623711767686,IN,4
144,1636148068921376768,Gaia DR3 5332606453854807680,5332606453854807680,238684244,2016.0,176.40300714139374,0.66051495,-64.85420269886984,0.884359,-0.006285216549424613,0.92234325,-0.0068144007,3.2782898,-3.2569312920540736,1.0702647,-0.3736075921762421,1.2723271,-0.025440916,0.045714654,-0.11639388,0.06712637,0.34854382,0.017027667,-0.4913777,-0.09558484,-0.18164836,0.15910213,184,0,183,1,0.625075,202.48042,0.0,0.0,95,False,,1.4789364,0.2382793,-0.07796725,-0.2686616,-0.18889534,-0.18460812,0.14523175,22,19,1.8623214,26,10,1,0.027238484,103.65527,0,0,1.0315022,0.15503722,0.11276006,0.21000062,0.12801397,-118.94717,-50.655815,21.535578,2.199227,False,210,101.0003859900149,0.7906823,127.73826,20.67656,16,29.18621385321388,4.7483506,6.1466002,21.675598,21,110.93782242903723,7.3548884,15.0835495,19.635197,1.3873614,0,0,0,0,0,2.0404015,0.9990387,1.0413628,,,,,,,,,,,,,,,,,,,,,,,NOT_AVAILABLE,296.0094362898202,-2.8708797575316543,218.35799260802796,-57.260282551889155,False,False,0,False,False,False,False,False,False,False,False,2.3027467e-11,1.7826596e-10,0.9999966,,,,,,,,,,,,,,,,,,,,,,,0.016774671670454003,IN,4
70,1636148068921376768,Gaia DR3 5332606488214544640,5332606488214544640,499707258,2016.0,176.38629705561212,1.4358661,-64.84397951070311,1.2392366,0.5185857932991509,1.8111063,0.28633648,6.843551,-6.176364508698599,2.1070728,-2.947322986419102,2.1401243,-0.24087377,0.14029707,0.24652559,0.24880172,-0.34579965,0.09578554,-0.561486,-0.42446485,0.45460734,-0.06834821,109,0,109,0,2.2728138,145.45285,3.866794,1.9468933,95,False,,1.4120915,0.39002454,0.220472,0.1491396,-0.31711203,0.038820934,-0.17159626,14,11,3.2144263,15,4,1,0.027147325,115.13855,0,0,1.1590619,0.081056885,0.15683617,0.2150031,0.11764199,-19.291105,0.6079826,9.711839,9.050059,False,117,100.92285434177273,1.1861297,85.08585,20.677393,7,16.97113243169462,4.317142,3.9311035,22.264265,14,124.78758292288839,6.6720695,18.70298,19.507467,1.4046245,0,0,0,1,0,2.7567978,1.5868721,1.1699257,,,,,,,,,,,,,,,,,,,,,,,NOT_AVAILABLE,295.99997083651465,-2.862781660313188,218.3351999155186,-57.258552773299215,False,False,0,False,False,False,False,False,False,False,False,9.7466285e-11,3.5295442e-10,0.9999977,,,,,,,,,,,,,,,,,,,,,,,0.018250916125871326,IN,4
328,1636148068921376768,Gaia DR3 5332606556934147328,5332606556934147328,514662561,2016.0,176.43408747005256,0.92510283,-64.83069830020534,0.8999556,0.35983912679956115,1.1240019,0.32014102,4.455564,-4.371880504777203,1.1081291,-0.8594837438965152,1.28956,0.2504852,0.4560021,0.49535796,0.47962475,0.53450364,0.32093734,0.02098902,0.2600913,0.27400044,0.319392,172,0,170,2,-1.6263809,169.34491,0.0,1.5693264e-15,95,False,,1.1746932,0.21962006,-0.03287188,-0.17064501,-0.085530795,0.08426929,0.079872705,20,14,2.0508242,24,8,0,0.049786795,129.92526,0,0,0.9095859,0.28679386,0.12336626,0.1835846,0.2173185,-121.488365,-24.603382,42.35642,3.4927723,False,192,100.63455690981245,0.94937336,106.00103,20.680498,11,25.82479259001798,3.4343655,7.5195236,21.80845,18,106.67195253983685,7.4260554,14.364552,19.67777,1.3166128,0,0,0,0,0,2.13068,1.1279526,1.0027275,,,,,,,,,,,,,,,,,,,,,,,NOT_AVAILABLE,296.016302337492,-2.8448029095132026,218.34270312451343,-57.234619253484276,False,False,0,False,False,False,False,False,False,False,False,3.0781763e-10,2.526122e-10,0.99999726,,,,,,,,,,,,,,,,,,,,,,,0.011049303961594285,IN,4
33,1636148068921376768,Gaia DR3 5332606453854806144,5332606453854806144,14753360,2016.0,176.37828604398388,0.8390421,-64.84664965315396,0.7177577,-0.2621254460065233,0.88723844,-0.2954397,6.789656,-6.775716003828987,1.0160279,0.43485957817847193,1.225048,-0.11641972,-0.14277406,0.24539252,0.18641597,0.31070432,0.13272038,0.18020432,0.06669734,0.16500145,0.12095759,172,0,170,2,-1.5993983,177.68642,0.0,0.0,95,False,,1.0773078,0.21867374,-0.1703088,-0.1463409,-0.048374332,0.06613888,0.006194019,21,16,1.7422835,23,5,1,0.018452791,133.66467,0,0,0.9110298,0.17432527,0.19590947,0.43959525,0.35934904,-106.77829,7.343269,20.109825,6.6686616,False,186,100.62465661887137,0.9290308,108.31143,20.680605,3,12.44787160097164,9.957556,1.2500931,22.600805,5,95.50897038618393,13.35571,7.151171,19.797785,1.0728667,0,0,0,0,0,2.8030205,1.9202003,0.8828201,,,,,,,,,,,,,,,,,,,,,,,NOT_AVAILABLE,295.9973477964255,-2.866225759088562,218.33454819740976,-57.262865631313,False,False,0,False,False,False,False,False,False,False,False,6.55811e-09,8.314056e-10,0.99999696,,,,,,,,,,,,,,,,,,,,,,,0.022092672410985455,IN,4
289,1636148068921376768,Gaia DR3 5332606556933075968,5332606556933075968,1329029874,2016.0,176.42726778756173,0.8579743,-64.82377165482568,0.7351324,-1.0545400083994967,0.9136623,-1.1541901,5.176863,-5.167868870610916,1.1214722,0.3050315122297071,1.0137019,-0.17229918,-0.23109142,0.0066620037,0.18734902,0.4360823,0.26757562,0.12022298,0.17826352,0.11464044,0.1260777,185,0,184,1,-0.20846543,222.2541,0.0,0.0,95,False,,1.1541302,0.23579106,-0.014073512,-0.25927517,-0.24185382,-0.102466546,0.03853739,21,17,1.6168404,26,9,0,0.044322815,70.9742,0,0,0.98710656,0.16908349,0.23983744,0.16169253,0.30266988,-96.88824,-0.19533512,19.011633,2.7607481,False,221,99.90936363249222,0.84996814,117.54484,20.68835,18,29.664105016292417,3.249182,9.129715,21.657965,24,124.28804956028178,7.77191,15.991957,19.511822,1.5409182,0,1,0,0,0,2.146143,0.969614,1.1765289,,,,,,,,,,,,,,,,,,,,,,,NOT_AVAILABLE,296.0117439649669,-2.8388308864733314,218.32967245269242,-57.2320393882753,False,False,0,False,False,False,False,False,False,False,False,1.10407544e-10,1.1874289e-10,0.99999744,,,,,,,,,,,,,,,,,,,,,,,0.01776071713141364,IN,4
110,1636148068921376768,Gaia DR3 5332606591293886592,5332606591293886592,1204507870,2016.0,176.39486762733088,0.9142741,-64.83224201836926,0.8104672,1.0718693480574115,0.9117327,1.17564,4.852592,-4.783319725566382,1.3335371,-0.8170063962786723,1.4463495,-0.094832584,-0.06683263,0.48148325,0.04739912,0.140599,-0.0030685354,0.2824256,-0.12505947,-0.10513502,-0.053435832,169,0,167,2,1.7290558,202.66136,2.0191178,0.85005844,95,False,,0.95754695,0.26679274,-0.07593861,-0.10259222,-0.1578193,0.19017054,0.22096533,20,15,2.0296476,23,6,0,0.10944489,35.99148,0,0,1.0957526,0.19645059,0.11043761,0.34914127,0.4252752,-126.109344,17.996923,19.909706,-2.1448162,False,185,98.73124982981275,0.9323018,105.90052,20.701231,0,,,,,0,,,,,,,,,,2,,,,,,,,,,,,,,,,,,,,,,,,,,NOT_AVAILABLE,296.0005322184395,-2.850504315777531,218.32385093859756,-57.24790567892836,False,False,0,False,False,False,False,False,False,False,False,,,,,,,,,,,,,,,,,,,,,,,,,,0.017167165581392196,IN,5
405,1636148068921376768,Gaia DR3 5332606934891603200,5332606934891603200,53379128,2016.0,176.4468589446592,0.9962587,-64.82077983261424,1.1436818,-0.14943525751308362,1.2156868,-0.122922495,5.4471846,-4.995571751927712,1.1050347,2.1716545389623167,1.3131924,-0.17712295,-0.44178575,0.1301292,0.3127232,0.31785658,0.2062605,-0.40235108,-0.18696612,-0.05849877,0.12390353,118,0,118,0,0.31099862,121.30525,1.4587278,0.3766215,95,False,,0.9223802,0.30721197,-0.074303195,-0.3256366,-0.21624438,0.04606793,0.22261384,14,13,1.949588,16,6,0,0.01956835,108.0266,0,0,1.017856,0.3093601,0.108775444,0.185601,0.12920749,-133.77365,-65.33205,26.95847,-17.189562,False,133,98.60319949913129,1.1266284,87.52061,20.702639,13,37.90444548496714,5.296305,7.156771,21.391817,13,132.29454869149117,10.510267,12.5871725,19.44404,1.7261001,0,0,0,0,0,1.9477768,0.68917847,1.2585983,,,,,,,,,,,,,,,,,,,,,,,NOT_AVAILABLE,296.019065026346,-2.8338358758530107,218.33608518528666,-57.22389275625466,False,False,0,False,False,False,False,False,False,False,False,2.0110692e-10,1.1663366e-09,0.9999989,,,,,,,,,,,,,,,,,,,,,,,0.022110712212802728,IN,5
202,1636148068921376768,Gaia DR3 5332606453853801728,5332606453853801728,1047899008,2016.0,176.41322128774826,0.9650327,-64.86111043975842,1.2541907,-2.3363353790523997,1.2781274,-1.8279362,9.460732,-6.471560131613587,1.6232808,-6.901040527352366,1.7153629,0.22085992,0.13156927,0.30289876,0.34602398,0.079607055,0.44965932,0.3684251,-0.13826004,-0.17779781,0.4902449,152,0,148,4,8.4257345,359.02145,4.0446186,4.3261466,95,False,,1.451601,0.27797705,-0.22417276,-0.025796209,-0.040686745,-0.0029969339,0.051297218,18,14,2.9200733,21,5,7,0.04588153,96.91369,0,0,1.5368625,0.2836805,0.08088701,0.106125064,0.5256227,-68.3416,-68.61127,36.109783,-2.7574937,False,168,98.31604455114332,1.2686045,77.49937,20.705807,14,31.078258201024237,5.2279124,5.9446783,21.6074,16,168.57658132332415,7.990823,21.096273,19.180902,2.0307453,0,0,0,1,0,2.4264984,0.90159416,1.5249043,,,,,,,,,,,,,,,,,,,,,,,NOT_AVAILABLE,296.0153862371069,-2.87646873981379,218.37281794458383,-57.26178776614081,False,False,0,False,False,False,False,False,False,False,False,1.1318746e-08,5.40127e-10,0.9999955,,,,,,,,,,,,,,,,,,,,,,,0.0206842554261411,IN,5
456,1636148068921376768,Gaia DR3 5332606934890230656,5332606934890230656,1787413940,2016.0,176.45620965106008,0.7593649,-64.81828133802412,0.77814835,-0.09578262952720065,0.8845809,-0.10828024,4.518534,-3.5409020443969057,1.1113496,2.8069847307524958,1.2260908,-0.075048506,-0.039927565,0.20082977,0.24609426,0.12086908,0.19623992,-0.12859005,0.02397052,0.14506067,0.087557614,171,0,169,2,0.88363546,192.43242,1.8120166,0.8285036,95,False,,1.4939432,0.25518432,-0.0018028384,-0.19970335,-0.15532403,-0.06435243,0.0040059085,20,17,1.739895,23,6,0,0.03708905,97.28415,0,0,1.0472597,0.24160004,0.06925196,0.32385305,0.13149868,-143.0132,-41.357983,26.022104,13.785901,False,189,98.25175657284451,0.8556397,114.82842,20.706516,6,33.51883432513706,7.772044,4.3127437,21.52532,8,115.13488412377352,21.900242,5.2572427,19.594877,1.5129879,0,0,0,0,0,1.9304428,0.8188038,1.111639,,,,,,,,,,,,,,,,,,,,,,,NOT_AVAILABLE,296.02229044010187,-2.8304164217551357,218.33769709543677,-57.21927658883612,False,False,0,False,False,False,False,False,False,False,False,8.7784696e-10,1.8148352e-09,0.9999905,,,,,,,,,,,,,,,,,,,,,,,0.025991266237833488,IN,5
31,1636148068921376768,Gaia DR3 5332606453854943872,5332606453854943872,506149452,2016.0,176.3775109705692,0.92515653,-64.85274836721437,0.99520814,2.8664434584158793,1.0687916,2.6819477,8.020256,4.051028955526008,1.8927704,-6.92197059072541,1.5846243,0.14121008,0.07076944,0.27330175,0.2758932,0.056068864,0.39249167,0.41694695,-0.17739984,-0.20878145,0.36171502,147,0,147,0,1.0921264,166.80063,1.9131798,0.613778,95,False,,0.90531474,0.26325616,-0.074686855,-0.24973471,-0.1104479,-0.18216169,0.020096831,17,13,2.9157097,18,3,0,0.06236788,133.04094,0,0,1.0633212,0.28365427,0.021071177,0.30689994,0.44136858,-110.949066,-31.456081,33.138863,2.4817235,False,147,98.21299677809066,1.0935236,89.81333,20.706944,14,28.8607930491717,5.153814,5.5998907,21.68777,16,142.8434615409834,9.070411,15.74829,19.360744,1.7482845,0,0,0,0,0,2.3270264,0.98082733,1.346199,,,,,,,,,,,,,,,,,,,,,,,NOT_AVAILABLE,295.9985724638764,-2.8722096346163246,218.34241420657287,-57.267248546868736,False,False,0,False,False,False,False,False,False,False,False,1.7950475e-13,1.9925364e-10,0.99999285,,,,,,,,,,,,,,,,,,,,,,,0.024535930573403395,IN,5
622,1636148068921376768,Gaia DR3 5332606316414355968,5332606316414355968,510821856,2016.0,176.48554594239613,0.79192245,-64.85116465406496,0.70418155,0.2906470533748905,0.83135146,0.3496079,12.485347,-11.818791296853133,1.0349399,4.024928710907672,1.1156601,-0.14979404,-0.055476543,0.22994803,0.16846912,-0.037105035,0.105832204,-0.011134272,-0.1164327,0.16227478,-0.046014972,181,0,180,1,1.7069547,226.42572,2.5229023,1.5255826,95,False,,1.0121703,0.2418536,-0.13881652,-0.06733481,0.007484554,0.101449475,-0.05797579,22,17,1.5587097,24,6,0,0.022332348,71.199875,0,0,1.0909113,0.22550185,0.1119379,0.373242,0.27238196,-155.27309,18.033808,24.80021,6.702845,False,189,98.1817605030444,0.81132156,121.01461,20.70729,18,43.14004401456077,6.223773,6.9314938,21.25134,22,109.61192352590558,8.02152,13.664733,19.64825,1.555808,0,0,0,0,0,1.6030903,0.5440502,1.0590401,,,,,,,,,,,,,,,,,,,,,,,NOT_AVAILABLE,296.04265706219064,-2.859107062784056,218.39791438199728,-57.232480543685796,False,False,0,False,False,False,False,False,False,False,False,9.369155e-10,2.2119184e-09,0.9999877,,,,,,,,,,,,,,,,,,,,,,,0.0259615209575274,IN,5
270,1636148068921376768,Gaia DR3 5332606522574284160,5332606522574284160,1672008788,2016.0,176.42500767412395,2.7647028,-64.84190923632366,3.165305,,,,,,,,,0.4517557,,,,,,,,,,145,0,138,7,17.480541,668.37396,17.31014,30.436636,3,False,,,,,,,,,18,15,7.7890525,21,6,2,0.21668649,134.59769,18,0,,0.31541285,0.4187054,0.37865135,0.11122588,-81.83278,-54.184467,30.192265,15.794317,False,167,97.97412704914191,1.7945963,54.593967,20.709589,11,50.69489085017056,5.3576555,9.462141,21.076132,17,196.59062789478202,13.956409,14.086046,19.013988,2.523988,0,0,0,5,0,2.0621433,0.36654282,1.6956005,,,,,,,,,,,,,,,,,,,,,,,NOT_AVAILABLE,296.01539065004,-2.8566249910926818,218.3530550470546,-57.24506970979667,False,False,0,False,False,False,False,False,False,False,False,1.0022169e-05,1.0978705e-05,0.9996646,,,,,,,,,,,,,,,,,,,,,,,0.0016743464443790396,IN,5
115,1636148068921376768,Gaia DR3 5332606488213537024,5332606488213537024,350054180,2016.0,176.3964325887793,1.1370767,-64.84749136365888,0.9707181,2.723739120794258,1.558993,1.7471144,9.776478,-9.607297284384545,1.4126251,1.8109000767944134,1.2400602,0.12117343,0.3901271,-0.3198505,-0.14845353,0.49736577,-0.18860771,-0.16314407,-0.42806885,-0.38137424,0.124254584,132,0,132,0,1.5467737,158.27353,1.0978816,0.18582755,95,False,,1.6305771,0.34188706,0.06802745,-0.17074193,-0.104613215,-0.18613401,0.23280989,16,13,2.172658,21,7,1,0.050995063,134.2832,0,0,1.0962743,0.17998359,0.1799406,0.054059364,0.3134477,-131.0076,2.1891801,58.858776,13.554852,False,169,97.50225626684501,0.98921716,98.56507,20.71483,15,26.49382225011481,6.1993093,4.273673,21.780682,18,145.13342116701693,15.377884,9.437802,19.343477,1.7602386,0,1,0,0,0,2.4372044,1.0658512,1.3713531,,,,,,,,,,,,,,,,,,,,,,,NOT_AVAILABLE,296.00503274623406,-2.865091324059819,218.3453756533743,-57.257775628382234,False,False,0,False,False,False,False,False,False,False,False,6.4078703e-10,5.4397636e-10,0.99999666,,,,,,,,,,,,,,,,,,,,,,,0.015013527596949126,IN,5
319,1636148068921376768,Gaia DR3 5332606385134346240,5332606385134346240,1356474928,2016.0,176.4317610722787,0.77878624,-64.86321728898658,0.9114092,0.8031236991643923,1.006892,0.79762644,7.3841457,-7.260443302145311,0.99572617,1.3459465302866813,1.1694748,-0.21976215,-0.2440799,0.13613641,0.10913377,0.33601105,0.08282844,-0.1061037,-0.065804236,-0.21363597,-0.0704168,174,0,173,1,1.7067189,206.29715,2.2984717,1.126966,95,False,,1.3879279,0.27294365,-0.08140361,-0.29123855,-0.2471169,-0.12592053,0.25271007,20,16,1.6425854,24,7,0,0.054382894,44.62818,0,0,1.0927697,0.39655527,0.18946677,0.07554767,0.39438757,-124.62896,52.617954,-56.864273,3.358683,False,187,97.20569029204634,0.83094203,116.98251,20.718138,16,28.0069597235037,4.8922963,5.724706,21.720377,22,85.40768709658772,6.9293866,12.325433,19.919153,1.166749,0,0,0,0,0,1.8012238,1.0022392,0.7989845,,,,,,,,,,,,,,,,,,,,,,,NOT_AVAILABLE,296.0235489381608,-2.876521672819681,218.38556644501566,-57.257437337595846,False,False,0,False,False,False,False,False,False,False,False,3.5414124e-10,6.671465e-11,0.99999624,,,,,,,,,,,,,,,,,,,,,,,0.021733000242512457,IN,5
339,1636148068921376768,Gaia DR3 5332606556934022400,5332606556934022400,1568697410,2016.0,176.43560728395062,0.8817753,-64.8358197997648,0.73722386,0.4265611154136081,0.9904933,0.43065524,4.0658526,-3.7711988092128403,1.2306353,1.5196109341771546,1.3664662,-0.07943902,-0.09103556,0.07661111,0.23207684,0.08981415,0.18017888,-0.1360803,0.30447343,0.28633443,0.2684293,172,0,172,0,-0.646887,178.15652,0.0,0.0,95,False,,1.2418972,0.28482038,-0.09784723,-0.1665718,-0.12231531,0.046317875,0.15670612,20,17,2.0654697,23,8,0,0.0077014207,10.441519,0,0,0.9627249,0.089068584,0.22207807,0.21901767,0.0695328,-93.9917,-22.471395,12.317964,35.00865,False,192,97.16840618277608,0.9086088,106.94196,20.718554,15,24.18044572975226,4.325581,5.5901036,21.87988,18,109.51314344321001,6.746351,16.232944,19.64923,1.3758956,0,1,0,1,1,2.2306519,1.1613274,1.0693245,,,,,,,,,,,,,,,,,,,,,,,NOT_AVAILABLE,296.0182205670467,-2.84959633674892,218.35045720914482,-57.237625611798585,False,False,0,False,False,False,False,False,False,False,False,3.730604e-10,4.3362725e-10,0.99999875,,,,,,,,,,,,,,,,,,,,,,,0.0063853781412593225,IN,5
477,1636148068921376768,Gaia DR3 5332606728732715008,5332606728732715008,481474486,2016.0,176.4611146698995,1.8192296,-64.82769543063533,1.6436038,1.3051398255958018,2.3398132,0.5577966,8.381383,-8.30318299297569,1.8160146,1.1422498695213226,1.8306725,-0.5605374,-0.6683438,0.15683036,0.20067453,0.7196825,0.0821408,-0.1385503,-0.07582248,-0.002436131,0.015008766,112,0,111,1,3.591601,180.62993,4.551916,2.7270827,95,False,,1.0134485,0.3678104,0.059020057,-0.14179763,-0.24648787,0.15030164,0.057045527,13,11,2.75679,15,4,5,0.22903945,141.53761,12,13,1.2543907,0.3598402,0.16720131,0.5152792,0.44943988,-121.99138,28.35079,22.001368,-1.8243948,True,111,97.14044800831189,1.974053,49.20863,20.718866,10,29.45278426475186,5.281815,5.576262,21.665726,12,144.83225793816732,12.181601,11.889427,19.345732,1.7941552,0,10,0,12,0,2.319994,0.94685936,1.3731346,,,,,,,,,,,,,,,,,,,,,,,NOT_AVAILABLE,296.0266839560797,-2.839002665320875,218.35306922584343,-57.22414674999367,False,False,0,False,False,False,False,False,False,False,False,3.8597388e-09,8.589793e-10,0.99999666,,,,,,,,,,,,,,,,,,,,,,,0.01948049070428899,IN,5
564,1636148068921376768,Gaia DR3 5332606728732840832,5332606728732840832,10340740,2016.0,176.4770935921191,0.97002494,-64.83541793305166,0.8286589,-1.3433751254661896,1.0988909,-1.2224827,4.286107,-4.144005662119597,1.4118646,1.0944997973679622,1.1976947,-0.007837572,0.20040327,0.5017715,-0.037255034,0.46961728,-0.0045447107,-0.102779776,-0.022183875,-0.09880719,-0.16099986,156,0,156,0,0.044419687,195.49171,1.5868483,0.5674821,95,False,,1.0890702,0.24847674,-0.05800388,-0.21222638,-0.10798004,-0.004944288,0.2230525,18,13,2.0659134,19,4,0,0.02090309,1.3343568,0,0,1.0003424,0.3369032,0.19034289,0.21348672,0.3704207,-149.69072,19.066034,26.258045,3.7465348,False,160,96.05660711776333,0.9172951,104.71724,20.731049,14,40.99107808884402,8.3094425,4.933072,21.306818,17,93.03464624140523,5.8066235,16.02216,19.826284,1.3952786,0,1,0,1,0,1.4805336,0.5757694,0.9047642,,,,,,,,,,,,,,,,,,,,,,,NOT_AVAILABLE,296.0352134391257,-2.844768341951767,218.37206474678956,-57.22441280197404,False,False,0,False,False,False,False,False,False,False,False,3.7369645e-09,1.2385974e-09,0.99999535,,,,,,,,,,,,,,,,,,,,,,,0.021404982072595356,IN,5
401,1636148068921376768,Gaia DR3 5332606419494102656,5332606419494102656,357202764,2016.0,176.44602690982592,2.1205566,-64.86195174271337,2.1876407,,,,,,,,,0.052286267,,,,,,,,,,123,0,123,0,19.27516,728.6135,11.69883,30.467081,3,False,,,,,,,,,15,11,5.254425,16,3,0,0.20256361,78.20911,0,0,,0.33098117,0.251307,0.5241399,0.5170013,-112.86589,79.94229,28.016968,-1.9587903,False,130,95.96509822491049,2.0258386,47.370552,20.732084,11,33.66947643480336,5.6577225,5.9510655,21.52045,16,153.0231220680669,8.764625,17.459175,19.286003,1.9454218,0,1,0,0,1,2.2344475,0.7883663,1.4460812,,,,,,,,,,,,,,,,,,,,,,,NOT_AVAILABLE,296.0291017043397,-2.873770398518382,218.39145832871736,-57.25212993443804,False,False,0,False,False,False,False,False,False,False,False,5.4969905e-06,1.1151176e-06,0.9998397,,,,,,,,,,,,,,,,,,,,,,,0.021698394427825427,IN,5
212,1636148068921376768,Gaia DR3 5332606625653623424,5332606625653623424,807499549,2016.0,176.41438719899537,1.9666334,-64.82851379375724,1.5450649,,,,,,,,,0.16488647,,,,,,,,,,60,0,60,0,1.3895522,70.112175,2.7833138,0.9199395,3,False,,,,,,,,,8,8,4.204606,9,1,0,0.43503422,76.41605,0,22,,0.33143425,0.31005445,0.18108723,0.36522657,-150.11899,1.5555724,-56.459236,14.387947,False,57,95.9317928695321,4.398494,21.810146,20.73246,0,,,,,2,162.75098367244797,49.659317,3.2773504,19.219086,,,,0,2,1,,,1.5133743,,,,,,,,,,,,,,,,,,,,,,,NOT_AVAILABLE,296.007632807672,-2.8448013905695007,218.3292200890007,-57.23928142219784,False,False,0,False,False,False,False,False,False,False,False,8.851039e-05,1.4690606e-05,0.9993041,,,,,,,,,,,,,,,,,,,,,,,0.01438460231641798,IN,5
574,1636148068921376768,Gaia DR3 5332606350774673536,5332606350774673536,1552110016,2016.0,176.47878483655614,1.1681926,-64.8439203742526,0.9927564,-1.2444363599854888,1.1463661,-1.0855489,7.214431,-7.06411266274976,1.3625549,1.4650348622816038,2.3143594,0.12614031,0.058047727,0.31908673,0.41124117,-0.13079098,0.2416507,0.31396002,0.08285913,0.16508564,0.20672779,131,0,130,1,0.5232337,173.89447,3.2627516,2.2393198,95,False,,1.0892507,0.33036944,-0.07010531,-0.03783655,0.049533773,0.11301805,0.15997493,15,13,3.2976503,17,4,0,0.017365541,41.43259,1,0,1.0306921,0.06959022,0.13758017,0.43571523,0.18737613,-165.13216,-11.945815,20.215767,10.603938,False,145,95.6921167821283,1.2734752,75.14251,20.735176,12,44.98057564842123,7.079261,6.353852,21.20598,15,97.7645372711074,6.657878,14.684039,19.772442,1.4917123,0,0,0,0,0,1.4335384,0.4708042,0.9627342,,,,,,,,,,,,,,,,,,,,,,,NOT_AVAILABLE,296.0380497038323,-2.8528171924292494,218.38448807029988,-57.22966488810908,False,False,0,False,False,False,False,False,False,False,False,2.5117993e-08,1.8303529e-09,0.9999984,,,,,,,,,,,,,,,,,,,,,,,0.021367819021651177,IN,5
550,1636148068921376768,Gaia DR3 5332606350774671488,5332606350774671488,324996675,2016.0,176.47380090887955,1.6671481,-64.84147649197934,1.479623,-0.6774401343410957,2.0862877,-0.32471082,7.085907,-6.551030224959194,2.0108728,2.700755217007436,1.7341679,0.4061929,0.4799223,-0.2883473,0.09207943,0.58914226,0.05240121,0.06020443,-0.35571903,-0.29444352,0.37960562,123,0,123,0,2.0662234,157.01825,4.2336817,2.2611377,95,False,,0.54060704,0.37848002,0.15545873,-0.25516474,-0.055947017,-0.2765767,0.070814386,15,12,3.171182,18,6,1,0.06135936,131.88705,0,0,1.1350967,0.26505932,0.19052634,0.3585252,0.32002875,-171.15022,-35.991047,31.744722,-3.1367493,False,135,95.65634737629469,1.3010631,73.52168,20.735582,9,27.092358606830103,10.67505,2.537914,21.756426,15,129.43454048228716,7.0375423,18.392008,19.46777,1.6363462,0,0,0,0,0,2.2886562,1.0208435,1.2678127,,,,,,,,,,,,,,,,,,,,,,,NOT_AVAILABLE,296.03538147186504,-2.850984277121449,218.3785157862392,-57.229557873862696,False,False,0,False,False,False,False,False,False,False,False,2.076964e-10,6.911472e-10,0.999993,,,,,,,,,,,,,,,,,,,,,,,0.019114772496239288,IN,5
488,1636148068921376768,Gaia DR3 5332606350774081280,5332606350774081280,963853993,2016.0,176.46258754385926,1.2997751,-64.84261902606916,1.333693,1.6036179733812341,1.6881133,0.9499469,5.0273647,-3.652832565108667,2.1118736,-3.454158371767524,2.0790317,0.31561914,0.26071042,0.27961612,0.3175359,0.13098203,0.2564589,0.37419283,-0.38472232,0.0016908121,0.24668872,128,0,126,2,4.4711018,215.54684,5.085213,4.2985206,95,False,,0.81627923,0.3100306,-0.01728569,-0.10284985,0.018940603,-0.11895091,0.04051018,16,12,3.3389616,20,4,0,0.17687032,125.15378,7,0,1.2990429,0.103852786,0.11825241,0.601169,0.44336912,-80.73841,-58.02792,22.027525,-2.997192,False,156,95.61334366762941,1.2980245,73.66066,20.73607,7,153.42183134294856,42.775036,3.5867143,19.873825,9,207.66324156355557,27.46582,7.5607877,18.954496,3.7765133,0,0,0,0,0,0.9193287,-0.86224556,1.7815742,,,,,,,,,,,,,,,,,,,,,,,NOT_AVAILABLE,296.0310496151137,-2.853288811266241,218.3740782559604,-57.233831144163595,False,False,0,False,False,False,False,False,False,False,False,1.4548522e-06,1.3196241e-06,0.99998695,,,,,,,,,,,,,,,,,,,,,,,0.014389396597513458,IN,5
534,1636148068921376768,Gaia DR3 5332606350774673024,5332606350774673024,1640372066,2016.0,176.47215379422477,0.9128608,-64.83842733890417,0.9433086,-0.16539810940475683,1.1679769,-0.14161077,4.8386164,-4.45425183317935,1.2814236,1.8899331152201608,1.4276952,0.080450565,0.12967059,0.36087406,0.1892581,0.5102196,0.12053007,0.1035014,0.05863648,0.19160007,0.0047986954,140,0,140,0,-0.92553335,122.349525,0.0,0.0,95,False,,1.8888024,0.28496414,0.034860797,-0.23333283,-0.034021243,0.1413297,0.16921426,16,13,1.9987609,20,4,0,0.023911398,157.37883,0,10,0.941561,0.2244132,0.046833355,0.43080613,0.31453794,-150.54475,-19.158226,23.626165,-0.086969525,False,159,95.41957745185545,0.9504085,100.39849,20.738274,8,27.46530305730304,4.7862325,5.738397,21.741581,12,116.71297511143953,12.567114,9.287174,19.580097,1.5109926,0,4,0,8,1,2.1614838,1.0033073,1.1581764,,,,,,,,,,,,,,,,,,,,,,,NOT_AVAILABLE,296.03393537699526,-2.848209085653602,218.373504613214,-57.227998971891225,False,False,0,False,False,False,False,False,False,False,False,1.022588e-09,2.722085e-10,0.9999971,,,,,,,,,,,,,,,,,,,,,,,0.018673389158883842,IN,5
173,1636148068921376768,Gaia DR3 5332606453854808704,5332606453854808704,703707204,2016.0,176.40756628481563,1.0628897,-64.86272473257026,1.2341431,2.852509916925042,1.5810326,1.804207,8.512486,-7.55905228135225,1.5549786,-3.9144804741184567,2.028201,-0.032850716,-0.14348564,0.30663615,0.3243375,0.3192824,0.32122618,0.011773565,0.29131866,-0.35105333,0.120736666,111,0,111,0,1.7762252,139.59908,3.0983982,1.4024059,95,False,,1.0046035,0.42826474,-0.0050605834,-0.19893324,-0.45157784,-0.117787704,0.36304325,13,13,2.882911,15,4,1,0.045503423,126.61958,0,13,1.1217419,0.14136413,0.08658422,0.21831834,0.29532954,-178.63902,-73.323944,22.729998,-5.545421,False,118,95.38078077230865,1.2107676,78.777115,20.738714,2,21.62435323486514,5.569092,3.8829226,22.001184,2,141.74965724195286,5.301092,26.739708,19.369091,1.712861,0,2,0,2,0,2.6320934,1.2624702,1.3696232,,,,,,,,,,,,,,,,,,,,,,,NOT_AVAILABLE,296.0134666330084,-2.878636956502749,218.37199302406614,-57.26464744284496,False,False,0,False,False,False,False,False,False,False,False,6.1105627e-09,1.6084564e-09,0.9999959,,,,,,,,,,,,,,,,,,,,,,,0.023051321935336475,IN,5
165,1636148068921376768,Gaia DR3 5332606453854946688,5332606453854946688,1451871044,2016.0,176.40662792848568,0.9427397,-64.86055623154806,0.90011185,0.7621458876974525,1.0684272,0.71333444,4.265391,-4.2386862825007094,1.6389496,-0.47654883324931924,1.4181998,0.03218832,-0.044596612,0.19318312,0.26367188,0.31348142,0.26508433,0.21789974,-0.055934694,0.007848435,0.37712562,171,0,169,2,2.6022587,224.09213,3.202566,3.052404,95,False,,0.9701533,0.28834328,-0.03340774,-0.23160632,-0.08193131,-0.04371185,0.08816642,20,16,2.5351777,22,3,0,0.034988064,60.083088,0,0,1.145394,0.07319114,0.13671845,0.2868416,0.26306883,-145.47049,-25.36815,30.919895,3.1305892,False,182,95.30768120395544,0.87414753,109.02929,20.739548,12,39.458069130075486,7.5097957,5.2542133,21.348202,19,81.10099493394037,5.1328387,15.800418,19.97533,1.264946,0,0,0,0,0,1.3728714,0.608654,0.7642174,,,,,,,,,,,,,,,,,,,,,,,NOT_AVAILABLE,296.01253245529944,-2.876639256498729,218.36854860679546,-57.2634676549138,False,False,0,False,False,False,False,False,False,False,False,1.1560138e-09,1.4006507e-10,0.9999939,,,,,,,,,,,,,,,,,,,,,,,0.021247953551536553,IN,5
445,1636148068921376768,Gaia DR3 5332606556933091840,5332606556933091840,929859714,2016.0,176.4544350270261,0.9252749,-64.83375479132111,0.8767077,0.4855743378897968,1.1130852,0.43624187,4.725727,-4.700840395548018,1.504976,-0.48435014946098953,1.5839323,-0.05442155,0.11911765,0.048275124,0.24314404,0.15642932,0.086475976,-0.1382637,-0.29619694,0.11697501,0.21650141,151,0,150,1,2.5148787,203.26915,3.5435066,2.5422044,95,False,,1.5471679,0.3121679,-0.17426656,-0.10195009,-0.054190762,0.098462895,0.10712611,19,15,2.3703537,21,4,0,0.030316237,14.549906,0,0,1.149367,0.24382214,0.07590491,0.3640064,0.3353124,-134.92947,-3.7642088,29.61048,7.7331285,False,166,95.17589991545368,0.9045681,105.21696,20.741049,16,29.137368255414923,5.863166,4.9695625,21.677416,20,80.90685096719578,8.492798,9.526525,19.977932,1.1562194,0,0,0,0,0,1.6994839,0.93636703,0.76311684,,,,,,,,,,,,,,,,,,,,,,,NOT_AVAILABLE,296.0254576609533,-2.845581872205783,218.35771190388527,-57.23034919225682,False,False,0,False,False,False,False,False,False,False,False,2.9873695e-10,5.3107346e-10,0.99999565,,,,,,,,,,,,,,,,,,,,,,,0.01336950449646839,IN,5
288,1636148068921376768,Gaia DR3 5332606522573326848,5332606522573326848,585595817,2016.0,176.4270753511501,1.2279954,-64.83668367306899,0.9841639,-2.406251276894958,1.1216661,-2.1452475,8.202837,-8.171219431742523,1.3622453,-0.7195153354585212,1.4876605,0.00745808,0.2945963,0.4605265,0.5676699,0.26010427,0.3631554,-0.05362469,0.33827108,0.38125235,0.32353953,124,0,124,0,0.24070485,129.62451,0.70743006,0.08809714,95,False,,1.5400131,0.28566158,0.12316144,-0.31221697,-0.06268464,-0.008069675,0.025393529,15,11,2.462358,17,6,0,0.02318015,18.280714,0,0,1.0128711,0.4384825,0.106719784,0.25623393,0.1481568,-170.74028,-11.081989,36.227608,-6.1461797,False,137,94.98612496139508,1.0357181,91.7104,20.743216,5,48.85192296459288,10.058185,4.8569326,21.116339,6,158.17664243434126,30.570267,5.174199,19.25004,2.1795664,0,0,0,0,1,1.8662987,0.37312317,1.4931755,,,,,,,,,,,,,,,,,,,,,,,NOT_AVAILABLE,296.0149234498475,-2.851346584430595,218.34707282785192,-57.24087421860985,False,False,0,False,False,False,False,False,False,False,False,2.7200082e-09,4.446436e-09,0.9999979,,,,,,,,,,,,,,,,,,,,,,,0.004893870970563122,IN,5
40,1636148068921376768,Gaia DR3 5332606488215015936,5332606488215015936,1587080558,2016.0,176.37928100542456,1.1010793,-64.83582419489544,0.88508064,2.1206998173430733,0.9361118,2.2654343,8.043644,-7.521033920314484,1.7454165,-2.8520607353380742,1.5791295,0.10515037,-0.042984307,0.5758331,0.37721336,0.033117507,0.30993608,0.023600915,0.0058162096,0.15575778,0.1943011,133,0,133,0,-1.7091868,114.04728,0.0,0.0,95,False,,1.2581638,0.28971112,-0.11006254,-0.2604774,-0.17381693,-0.058771163,-0.011669825,16,14,2.654399,18,5,0,0.02127684,152.35767,0,0,0.8921685,0.29154634,0.19970699,0.23245068,0.21577047,-179.8197,-0.8640804,21.924812,-5.7161393,False,143,94.823933882687,1.0599086,89.46426,20.745071,12,24.082579291540743,4.064838,5.92461,21.884285,16,103.14409090948958,4.7166286,21.868181,19.714285,1.3417147,0,0,0,0,0,2.17,1.1392136,1.0307865,,,,,,,,,,,,,,,,,,,,,,,NOT_AVAILABLE,295.9950174864378,-2.855644991295814,218.32038746314183,-57.25520315733258,False,False,0,False,False,False,False,False,False,False,False,5.5553895e-09,1.5620811e-09,0.99999183,,,,,,,,,,,,,,,,,,,,,,,0.021826390906506152,IN,5
226,1636148068921376768,Gaia DR3 5332606419494082688,5332606419494082688,393480219,2016.0,176.41695796856118,2.0625367,-64.851057870876,1.481044,,,,,,,,,-0.012578162,,,,,,,,,,85,0,85,0,0.75721604,89.24643,2.31746,0.59019685,3,False,,,,,,,,,10,8,6.313777,14,3,0,0.08970312,3.6947818,0,0,,0.2598148,0.41773975,0.22644344,0.24924959,-176.28561,-4.827057,28.520817,22.670168,False,115,94.7484785960169,1.2053589,78.60603,20.745935,0,,,,,2,91.90922655034045,17.951683,5.119811,19.839499,,,,0,0,1,,,0.9064369,,,,,,,,,,,,,,,,,,,,,,,NOT_AVAILABLE,296.014385478056,-2.8663407637902174,218.36116896956165,-57.25379532997518,False,False,0,False,False,False,False,False,False,False,False,,,,,,,,,,,,,,,,,,,,,,,,,,0.010792298033912372,IN,5
211,1636148068921376768,Gaia DR3 5332606385134325888,5332606385134325888,747033066,2016.0,176.41426134989635,0.92647314,-64.86155980875382,0.68315595,-0.6547371772359827,0.8726431,-0.75029206,7.737955,-7.654945036330432,1.1119425,1.1303815215415423,1.1080104,-0.09124275,-0.113135755,0.26846048,0.16603018,0.17535712,0.053981923,-0.068923764,-0.09316691,0.044017635,0.05353984,169,0,169,0,-0.37612933,160.2671,0.0,0.0,95,False,,1.7354472,0.28297523,-0.11463471,-0.27192593,-0.04982586,0.1311535,0.20647128,20,18,1.6095926,23,7,1,0.037886083,128.25227,0,0,0.9772106,0.14852613,0.28579798,0.21764767,0.12574342,-165.31287,-5.157415,16.26109,6.3090186,False,189,94.38522941640709,0.87831414,107.461815,20.750107,6,56.20110726980864,28.629894,1.9630219,20.96418,7,88.59181581707126,10.139608,8.737203,19.879412,1.5340633,0,0,0,0,0,1.0847683,0.21407318,0.8706951,,,,,,,,,,,,,,,,,,,,,,,NOT_AVAILABLE,296.01592782429896,-2.8767921090111317,218.37398270146525,-57.26176856693846,False,False,0,False,False,False,False,False,False,False,False,1.2687677e-08,6.101831e-10,0.99999726,,,,,,,,,,,,,,,,,,,,,,,0.02097558479802995,IN,5
172,1636148068921376768,Gaia DR3 5332606625675070336,5332606625675070336,534803214,2016.0,176.4075529337058,1.146476,-64.82279025220545,1.1172773,-0.7376942639359644,1.581149,-0.46655583,4.821628,-4.638224891945878,2.220295,-1.3171808928684585,1.7553478,-0.082631335,-0.11349878,0.18555528,0.18648495,0.6002283,-0.092333674,-0.13275899,-0.3157328,-0.13831098,0.32185534,156,0,155,1,1.5859542,185.62776,3.4214609,4.69064,95,False,,0.99182373,0.331672,0.08571113,-0.32733607,-0.23046751,-0.057104953,0.2412734,18,12,3.2973232,20,3,0,0.03561981,8.550059,0,20,1.0909607,0.22225688,0.26219073,0.2167986,0.20828584,-90.31249,-12.845719,22.539587,8.43328,False,172,93.98758966539297,1.04122,90.2668,20.75469,0,,,,,0,,,,,,,,,,2,,,,,,,,,,,,,,,,,,,,,,,,,,NOT_AVAILABLE,296.00337037429375,-2.839996537627357,218.3178100582582,-57.23752469224197,False,False,0,False,False,False,False,False,False,False,False,,,,,,,,,,,,,,,,,,,,,,,,,,0.020802290379559954,IN,5
169,1636148068921376768,Gaia DR3 5332606591292786560,5332606591292786560,396495725,2016.0,176.4070920009752,1.0070891,-64.83286803231901,1.1869581,1.1842672803281795,1.2272553,0.9649722,6.2012143,-5.687888347143599,1.2086191,2.4704215283064874,1.6094136,-0.29751074,-0.22682345,0.037295282,0.36049026,0.3861925,0.1559635,-0.49576122,-0.010126603,-0.2129191,0.06148091,177,0,176,1,3.2465894,241.10439,4.034874,2.54604,95,False,,1.329349,0.3020817,0.12289923,-0.31101453,-0.29693097,-0.07124344,0.13242893,21,18,2.3695476,22,8,0,0.030162591,6.1672173,0,0,1.1790689,0.266163,0.036271047,0.27277473,0.19187085,-112.47758,-40.365524,26.753365,2.5913317,False,182,93.73980619008749,0.92260987,101.60287,20.757557,18,33.24677092214672,4.897136,6.789023,21.534168,20,123.75512918705711,8.075877,15.324048,19.516487,1.6748691,0,0,0,0,0,2.0176811,0.7766113,1.2410698,,,,,,,,,,,,,,,,,,,,,,,NOT_AVAILABLE,296.00572688755824,-2.849797589283379,218.33122808895607,-57.244516405843676,False,False,0,False,False,False,False,False,False,False,False,4.7440335e-10,4.3933276e-10,0.9999953,,,,,,,,,,,,,,,,,,,,,,,0.01266283427043788,IN,5
216,1636148068921376768,Gaia DR3 5332606591292796928,5332606591292796928,1719601370,2016.0,176.41474736830702,1.9396119,-64.83036510351042,1.4567666,-0.06725065491374493,1.4760966,-0.045559794,3.8005607,3.1516572676214487,2.43728,2.1239865487589498,1.8446811,0.5398131,0.16690311,0.7429644,0.6124685,0.5517507,0.5573343,0.54288495,0.20411317,0.20236853,0.55864835,139,0,138,1,2.1478057,181.27121,2.9113917,1.3617716,95,False,,1.2821826,0.32438508,-0.09255811,-0.23454756,-0.09648365,0.042606864,0.0007413635,17,12,4.215062,21,6,0,0.093679406,121.17824,0,0,1.132426,0.31883344,0.35770193,0.12881072,0.2609724,-152.53424,-14.773573,18.025564,-10.49279,False,161,93.52572712697656,1.1412277,81.95185,20.760038,11,22.69613919566291,4.75245,4.7756715,21.948662,19,120.72606276149531,6.553689,18.421085,19.543392,1.5335053,0,0,0,0,1,2.4052696,1.1886234,1.2166462,,,,,,,,,,,,,,,,,,,,,,,NOT_AVAILABLE,296.00824881117234,-2.846554185038797,218.3319224615994,-57.24042704098864,False,False,0,False,False,False,False,False,False,False,False,2.3557503e-09,3.55089e-10,0.9999992,,,,,,,,,,,,,,,,,,,,,,,0.012662011944382622,IN,5
218,1636148068921376768,Gaia DR3 5332606625653203456,5332606625653203456,1774955907,2016.0,176.4154716319489,2.1177602,-64.82781731324626,2.3423398,,,,,,,,,0.29142103,,,,,,,,,,102,0,101,1,6.454801,214.949,7.0870757,7.6535554,3,False,,,,,,,,,12,10,6.7830405,15,3,2,0.038284164,140.18176,0,20,,0.33022743,0.3521127,0.5946281,0.31819877,-133.20445,-89.00841,22.142048,-8.073489,False,107,93.52167899594369,1.2180157,76.782,20.760086,3,69.21659601138813,8.307282,8.332038,20.738016,5,260.3572017920133,24.02448,10.837162,18.708971,3.5240364,0,3,0,5,0,2.029045,-0.022069931,2.051115,,,,,,,,,,,,,,,,,,,,,,,NOT_AVAILABLE,296.00790378108053,-2.844011081873237,218.3288550667297,-57.238469747040234,False,False,0,False,False,False,False,False,False,False,False,3.5855068e-05,3.8965427e-05,0.99928147,,,,,,,,,,,,,,,,,,,,,,,0.014834587868609682,IN,5
152,1636148068921376768,Gaia DR3 5332606625653497472,5332606625653497472,1070044363,2016.0,176.4048237359585,1.0443623,-64.82015202703455,1.041944,-0.37260559634144064,1.1544403,-0.32275867,6.9660397,-6.8761693503549015,1.5125927,-1.1153496965989216,1.6922596,0.21549237,-0.08144141,0.32590625,0.47032556,0.35106248,0.49763715,0.32372493,0.29100445,0.33576888,0.49794164,138,0,137,1,-0.2618932,151.64867,2.123149,0.90516806,95,False,,1.0387474,0.30435038,-0.31227624,-0.32065028,-0.0708335,-0.15931505,-0.23565707,16,12,2.8334277,18,5,0,0.05356527,81.78508,0,0,0.9813342,0.23082921,0.2786653,0.39668715,0.10564732,-122.193565,-31.542952,23.866518,-7.238721,False,153,93.16792031766532,0.930677,100.10769,20.7642,8,41.06397967353972,6.404304,6.411935,21.30489,12,112.70354404860025,9.540123,11.813637,19.618052,1.6504343,0,0,0,0,0,1.6868382,0.54068947,1.1461487,,,,,,,,,,,,,,,,,,,,,,,NOT_AVAILABLE,296.0015788072277,-2.8377367654884336,218.31277561446723,-57.23658356784953,False,False,0,False,False,False,False,False,False,False,False,2.39401e-10,3.4633285e-10,0.99999464,,,,,,,,,,,,,,,,,,,,,,,0.02368313446698753,IN,5
539,1636148068921376768,Gaia DR3 5332606213336349056,5332606213336349056,1343390661,2016.0,176.4725801697532,0.9664618,-64.86436233780161,0.80469066,0.1594413186015129,1.0225866,0.15591961,9.628326,-9.603052741750611,1.5774403,0.697166004035866,1.1429981,-0.23284411,-0.33889815,-0.25737384,-0.01359107,0.31295964,0.25419432,0.2607528,0.09986965,0.20764703,0.25162676,137,0,135,2,0.65510964,144.14326,0.0,0.0,95,False,,0.7989718,0.28653994,-0.018786985,-0.030926233,0.010489326,-0.11477975,-0.07638336,16,14,2.2788026,18,4,1,0.066521764,9.469656,1,27,1.0384436,0.21521129,0.15380362,0.30577442,0.3236765,145.74931,-11.414134,34.74976,5.7749677,False,144,92.72574551072206,1.0443844,88.78508,20.769365,2,32.2019680745657,21.020962,1.5318979,21.568836,2,66.88246579490391,45.46902,1.4709458,20.184614,1.0685753,0,2,0,2,1,1.384222,0.7994709,0.5847511,,,,,,,,,,,,,,,,,,,,,,,NOT_AVAILABLE,296.04063921295284,-2.8732655723739344,218.40889112927388,-57.24548986123235,False,False,0,False,False,False,False,False,False,False,False,1.4701966e-08,1.7368446e-09,0.99998784,,,,,,,,,,,,,,,,,,,,,,,0.02944977286210311,IN,5
464,1636148068921376768,Gaia DR3 5332606213335682816,5332606213335682816,381219027,2016.0,176.45837847357024,0.97226524,-64.86432348681005,0.8372113,0.11742055679847019,1.0309739,0.11389285,2.3089988,-2.0555062843448573,1.4312326,1.0518407464923596,1.4574778,-0.14566682,-0.08854839,0.48093703,0.110882565,0.22054073,0.12430921,-0.03536916,0.084634736,0.2095857,-0.10583194,137,0,137,0,-1.4865869,119.777596,0.0,0.0,95,False,,1.2661728,0.27289572,-0.019132316,-0.17896259,-0.29237795,-0.072315626,0.05309211,16,12,2.119065,19,5,0,0.038973987,91.92008,0,0,0.90711457,0.12249356,0.077079825,0.38241908,0.23324463,-96.591095,3.8278818,12.894016,-7.167924,False,152,92.3970262923969,0.9952069,92.842026,20.773222,12,57.5341733646361,20.314203,2.832214,20.938728,14,76.43332238622737,7.5734606,10.092258,20.039688,1.4499114,0,0,0,0,0,0.8990402,0.16550636,0.73353386,,,,,,,,,,,,,,,,,,,,,,,NOT_AVAILABLE,296.0347836306681,-2.8747451523109757,218.40126399777094,-57.24989032739147,False,False,0,False,False,False,False,False,False,False,False,3.940596e-09,2.338081e-10,0.99999565,,,,,,,,,,,,,,,,,,,,,,,0.0260304450049102,IN,5
272,1636148068921376768,Gaia DR3 5332606385133747968,5332606385133747968,1773523639,2016.0,176.4251633657704,0.9985201,-64.86048572308917,1.2078797,-3.248749976381813,1.3589816,-2.3905768,7.0095434,-5.723390910297349,1.1397771,4.046788206331549,1.5258868,-0.0071655377,-0.32287174,0.054347392,0.3572153,-0.15901384,0.24933968,-0.19138075,-0.06784636,-0.2565227,0.04950805,116,0,112,4,-0.35865098,105.2709,0.679351,0.055280346,95,False,,0.586438,0.33072522,-0.21498558,-0.08504468,-0.02200841,-0.026110362,-0.16832493,13,13,2.1812944,16,7,2,0.043859787,77.8632,20,6,0.9723521,0.38786983,0.06852469,0.22356473,0.23135641,-146.52174,-69.91036,28.35049,-6.870541,False,121,92.1863033850593,1.2474153,73.901855,20.775702,4,77.51281805618429,9.812554,7.8993516,20.615108,4,147.20049466990105,18.661951,7.8877335,19.328123,2.4376,0,4,0,4,0,1.2869854,-0.16059303,1.4475784,,,,,,,,,,,,,,,,,,,,,,,NOT_AVAILABLE,296.0201439067002,-2.874584758860498,218.37834017132542,-57.25763950369691,False,False,0,False,False,False,False,False,False,False,False,4.147458e-06,1.4789815e-07,0.99999297,,,,,,,,,,,,,,,,,,,,,,,0.019030100204449906,IN,5
112,1636148068921376768,Gaia DR3 5332600578338512256,5332600578338512256,394698525,2016.0,176.3960014592529,0.9959995,-64.8660132614537,0.79238886,1.0725805063793947,1.019514,1.0520508,5.4560933,-4.8082107253240745,1.0630795,2.5787713855807453,1.2213949,-0.13972045,0.008695799,0.1734123,0.28170002,0.35102358,0.24207684,-0.008876114,0.2406935,0.15026692,0.054675013,161,0,161,0,1.0800896,183.2373,0.0,0.0,95,False,,1.6006148,0.25332057,-0.115193196,-0.1708462,-0.076806396,-0.059192177,0.13223751,19,14,1.7407178,21,7,0,0.010022079,58.877834,0,0,1.0597746,0.24923488,0.19007513,0.40736002,0.35007092,-110.62865,10.856535,21.918692,3.2698162,False,173,91.95915143328105,0.935468,98.302826,20.77838,3,31.17811805987515,2.0270658,15.380911,21.603918,7,77.1336279578474,14.2015915,5.431337,20.029785,1.1778245,0,0,0,0,0,1.5741329,0.82553864,0.7485943,,,,,,,,,,,,,,,,,,,,,,,NOT_AVAILABLE,296.0095387057989,-2.883059118225419,218.3702902674447,-57.27048674499175,False,False,0,False,False,False,False,False,False,False,False,5.954226e-09,1.11371e-09,0.99999255,,,,,,,,,,,,,,,,,,,,,,,0.02818907502079174,IN,5
259,1636148068921376768,Gaia DR3 5332606556933071360,5332606556933071360,184622536,2016.0,176.42257952167202,2.0807996,-64.82507962667695,1.3295907,,,,,,,,,-0.19659406,,,,,,,,,,94,0,94,0,1.7705679,113.985855,1.985355,0.5289823,3,False,,,,,,,,,11,9,4.584423,13,4,0,0.044116784,133.42427,0,0,,0.15183099,0.5047633,0.43134642,0.032152962,145.96642,-7.8119884,12.377671,-27.838,False,106,91.90987621005297,1.3764123,66.774956,20.778961,8,23.4326004191217,7.832377,2.991761,21.913992,10,121.03017195826118,15.959239,7.583706,19.54066,1.5717872,0,0,0,0,0,2.373331,1.1350307,1.2383003,,,,,,,,,,,,,,,,,,,,,,,NOT_AVAILABLE,296.01014180387574,-2.840599398279421,218.32894070835835,-57.23439128324205,False,False,0,False,False,False,False,False,False,False,False,2.1741034e-05,2.9402525e-05,0.99924153,,,,,,,,,,,,,,,,,,,,,,,0.016654229641000735,IN,5
388,1636148068921376768,Gaia DR3 5332606522573990272,5332606522573990272,717344790,2016.0,176.44350355588057,1.0171078,-64.8407717224253,0.8278262,3.8929157503823935,1.1439499,3.4030476,7.785927,-4.827936370706278,1.6565458,6.108329425031158,1.500117,-0.078833506,0.09042408,0.065890394,0.2876044,0.21288286,0.25323462,0.066493094,0.05043751,0.4381684,0.31826794,121,0,120,1,-0.39075387,112.557884,0.0,0.0,95,False,,1.6226904,0.31810835,0.005887811,-0.19140957,-0.18451265,-0.12814663,-0.244997,14,11,2.5450182,17,4,0,0.050723102,157.08937,0,0,0.9713364,0.37113193,0.13956869,0.4776032,0.3814377,-139.88974,-9.539527,34.3135,5.6000175,False,143,91.34856874191995,0.97008103,94.16592,20.785612,7,43.19272010255317,7.8639655,5.492486,21.250015,7,102.59593233169454,7.914868,12.962432,19.72007,1.5959599,0,0,0,0,0,1.5299454,0.46440315,1.0655422,,,,,,,,,,,,,,,,,,,,,,,NOT_AVAILABLE,296.02272251840037,-2.853542923650318,218.36138642318255,-57.238527583643915,False,False,0,False,False,False,False,False,False,False,False,3.2635763e-09,3.7246493e-09,0.9999975,,,,,,,,,,,,,,,,,,,,,,,0.006279399248879274,IN,5
360,1636148068921376768,Gaia DR3 5332606556933082240,5332606556933082240,48808924,2016.0,176.43892646399732,0.9097237,-64.82831385441592,0.8820898,-0.717154741280205,1.0730577,-0.6683282,7.332268,-7.257794077638064,1.4733975,1.0423929596530368,1.5348266,-0.1928316,0.023791084,0.27401656,0.17552121,0.078974955,-0.025249908,-0.3041612,-0.33997655,0.11164106,0.0034619558,139,0,138,1,1.3627292,158.74657,1.6187791,0.8777099,95,False,,1.7717392,0.27024946,-0.11065051,-0.068655305,-0.09941769,0.16286385,-0.07845976,16,13,2.1520402,18,3,0,0.0173366,177.70172,0,0,1.082438,0.25753,0.099999875,0.32778654,0.30720228,-140.90327,32.496292,26.692163,6.8453126,False,152,91.26972587204705,0.9837118,92.78096,20.78655,11,21.143748657182954,4.5324926,4.6649275,22.025587,17,98.32306013562516,6.1155143,16.077644,19.766256,1.3089423,0,0,0,0,0,2.2593307,1.2390366,1.0202942,,,,,,,,,,,,,,,,,,,,,,,NOT_AVAILABLE,296.0176950355389,-2.8419768744148484,218.34205587549548,-57.23148898274877,False,False,0,False,False,False,False,False,False,False,False,1.603097e-10,2.9277464e-10,0.99999845,,,,,,,,,,,,,,,,,,,,,,,0.013885237388984461,IN,5
616,1636148068921376768,Gaia DR3 5332606350775596032,5332606350775596032,74230996,2016.0,176.48407932953455,0.86106586,-64.84668196687517,0.8455676,-0.9090116750102728,1.0202132,-0.8910016,7.444768,-7.330526908608751,1.7754859,1.2992100016144117,1.6177437,-0.20088653,-0.12865067,0.16703379,-0.1372283,0.14343925,-0.14844748,0.29081833,-0.2338228,-0.02442896,-0.19103953,144,0,144,0,1.0718373,162.10252,0.0,0.0,95,False,,0.96452874,0.2859465,-0.16133347,0.05799143,0.11691832,-0.28114736,0.19906464,18,17,2.6034513,20,4,0,0.031548914,79.526054,0,0,1.06274,0.1128092,0.14922336,0.26276422,0.38684005,-116.961815,16.482107,18.22386,7.929294,False,146,90.7410646997516,1.0000471,90.73679,20.792858,9,42.70356020806632,7.2452254,5.8940277,21.262383,17,94.69142846991254,9.997117,9.471873,19.80712,1.5141435,0,0,0,0,0,1.4552631,0.46952438,0.98573875,,,,,,,,,,,,,,,,,,,,,,,NOT_AVAILABLE,296.04092545943246,-2.854924717326993,218.39105644063707,-57.22989112853883,False,False,0,False,False,False,False,False,False,False,False,3.401128e-10,2.684882e-10,0.99999607,,,,,,,,,,,,,,,,,,,,,,,0.02404276746130664,IN,5
543,1636148068921376768,Gaia DR3 5332606350774672896,5332606350774672896,1372582596,2016.0,176.47282292392268,1.4757982,-64.83871867627781,1.3652202,0.18834904728497223,1.7706525,0.10637268,3.9653957,-3.345931350933181,1.8782725,-2.128169901701421,1.5744505,0.08414166,0.15523775,0.49167103,0.35817134,0.7205401,0.35973766,0.10687334,0.35528266,0.11236208,0.21804039,132,0,130,2,2.16436,168.88634,3.4870656,1.633099,95,False,,1.6020371,0.3424728,0.090795785,-0.1625816,-0.10644404,0.15525898,-0.0070130974,15,11,2.9457088,16,3,0,0.07680735,170.17809,0,6,1.1377312,0.2790252,0.31398362,0.16840987,0.3193263,-171.64096,1.8882345,37.250248,5.2958493,False,137,90.68937797240382,1.0515411,86.244255,20.793476,5,20.598896355762044,6.372474,3.23248,22.053932,11,147.3079613195454,20.703058,7.1152754,19.32733,1.8514501,0,4,0,7,0,2.7266026,1.2604561,1.4661465,,,,,,,,,,,,,,,,,,,,,,,NOT_AVAILABLE,296.0342844067013,-2.8484195454440386,218.37425662856177,-57.22798833483334,False,False,0,False,False,False,False,False,False,False,False,9.334048e-10,1.9988844e-09,0.9999963,,,,,,,,,,,,,,,,,,,,,,,0.018908549616234716,IN,5
631,1636148068921376768,Gaia DR3 5332606316412127360,5332606316412127360,435339136,2016.0,176.48705124609154,3.828143,-64.86066080040925,1.9197422,,,,,,,,,-0.70291394,,,,,,,,,,94,0,94,0,2.9904518,134.27754,4.8620996,3.2377164,3,False,,,,,,,,,11,8,10.367346,13,1,2,0.047873203,44.419666,0,38,,0.20159166,0.3429699,0.17378446,0.7205113,-155.16852,41.278435,54.359184,2.4130938,False,102,90.64554107695007,1.2139845,74.66779,20.794,0,,,,,0,,,,,,,,,,2,,,,,,,,,,,,,,,,,,,,,,,,,,NOT_AVAILABLE,296.04566528883134,-2.868138067124357,218.41159033715266,-57.238464459647844,False,False,0,False,False,False,False,False,False,False,False,,,,,,,,,,,,,,,,,,,,,,,,,,0.03127926309271325,IN,5
435,1636148068921376768,Gaia DR3 5332606934889644032,5332606934889644032,232428978,2016.0,176.45304562720816,1.3026719,-64.82377937295097,0.9208169,0.15877738533473096,1.2679359,0.1252251,10.9757805,-10.452980271685638,2.0812566,3.347081670429339,1.4347416,-0.2977061,-0.2459185,-0.26955575,0.19891329,0.30609435,0.1532033,-0.29045877,-0.16226844,-0.011894476,0.25773904,137,0,136,1,2.4700117,185.04523,2.9278786,1.5184007,95,False,,1.5490385,0.32055917,0.18869649,-0.19071895,-0.20131423,-0.2921463,0.07170856,16,12,2.9743814,20,6,2,0.09828794,34.97631,0,0,1.1543396,0.10653745,0.30748683,0.19447431,0.17367297,-39.208317,-2.6757061,12.844223,4.74824,False,165,90.61843007913717,1.0061336,90.06601,20.794325,12,28.99143271354837,5.2404747,5.532215,21.682869,19,120.42933315779482,5.936488,20.286293,19.546064,1.6489004,0,0,0,0,0,2.1368046,0.8885441,1.2482605,,,,,,,,,,,,,,,,,,,,,,,NOT_AVAILABLE,296.02237137636723,-2.8360762720769532,218.3434538438682,-57.22400172718109,False,False,0,False,False,False,False,False,False,False,False,1.07970285e-10,6.304206e-11,0.9999971,,,,,,,,,,,,,,,,,,,,,,,0.02051099118662019,IN,5
553,1636148068921376768,Gaia DR3 5332606350776070272,5332606350776070272,1743407877,2016.0,176.47414512557785,0.8939058,-64.84717740184284,1.2133225,0.767013143356293,1.3239163,0.57935166,6.870909,-6.716133493957445,1.1272527,1.450153841220665,1.4638569,-0.22083466,-0.14883047,0.07060509,0.27912125,0.45132747,0.2682942,-0.2749781,0.17689435,-0.1191213,-0.04619767,139,0,138,1,-0.36649683,134.40085,1.4019868,0.31838778,95,False,,1.5405924,0.3084044,-0.01498135,-0.18513781,-0.42615256,-0.1512448,0.14736767,16,14,2.101873,20,8,0,0.02424779,106.309715,0,0,0.97502357,0.33542562,0.14591302,0.3595531,0.30601084,-85.508644,-87.86305,24.87091,1.0337938,False,159,90.0961003743528,0.91150004,98.84377,20.800602,4,43.88614056669065,15.300333,2.8683128,21.232723,5,102.33099895964098,8.712596,11.745179,19.722878,1.622902,0,0,0,0,0,1.5098457,0.43212128,1.0777245,,,,,,,,,,,,,,,,,,,,,,,NOT_AVAILABLE,296.03695812162135,-2.8564653463348364,218.38642579606937,-57.23332517091533,False,False,0,False,False,False,False,False,False,False,False,3.0708902e-09,1.6413179e-09,0.99999183,,,,,,,,,,,,,,,,,,,,,,,0.020072819770740886,IN,5
281,1636148068921376768,Gaia DR3 5332606934890199296,5332606934890199296,932198946,2016.0,176.42625303996542,1.0255072,-64.82086029001341,1.3008124,1.0817748960962548,1.2370871,0.8744533,10.077413,-7.12825707385301,1.606046,7.123355426660708,1.8723172,0.22146241,0.1456726,0.42103332,0.3860201,0.35538992,0.27937302,0.12511323,0.14074081,0.29939827,0.2988163,129,0,129,0,2.105337,160.9167,2.447899,0.91584975,95,False,,1.3421887,0.32415256,-0.2582093,-0.46167088,-0.11774246,0.00795986,-0.06029815,15,13,2.8637211,17,3,0,0.04346049,125.739914,0,0,1.1343635,0.28733328,0.063385144,0.19755012,0.28317094,-122.9013,-69.89255,27.230396,4.735364,False,142,89.89627804733097,0.9872182,91.06019,20.803013,8,10.581343396989041,3.4473195,3.0694408,22.77719,11,78.8736655324482,6.87512,11.472333,20.005566,0.9950914,0,0,0,0,1,2.7716236,1.9741764,0.7974472,,,,,,,,,,,,,,,,,,,,,,,NOT_AVAILABLE,296.0105909028434,-2.836122359828735,218.3251848923287,-57.230377194559914,False,False,0,False,False,False,False,False,False,False,False,6.6426153e-10,1.7571579e-10,0.9999983,,,,,,,,,,,,,,,,,,,,,,,0.020688754873632306,IN,5
402,1636148068921376768,Gaia DR3 5332606385135825152,5332606385135825152,1022818556,2016.0,176.44635566840017,0.9229621,-64.86386817765408,0.91778886,-0.8375755685727769,1.0579005,-0.79173374,6.835631,-6.694623756985529,1.210648,-1.3812546799779168,1.233572,-0.013556936,-0.29910594,0.23021452,0.32160306,0.28128955,0.3254896,0.059338752,0.10380913,0.17852685,0.3183468,153,0,153,0,-0.19019984,153.73718,0.0,0.0,95,False,,1.5273392,0.27885783,-0.22060639,-0.24921435,0.12856022,0.063346274,0.07183361,18,14,1.9883617,20,8,0,0.031538226,123.656944,0,0,0.98666954,0.2146793,0.12652086,0.23169786,0.12118561,-114.59933,-28.182615,27.346775,-11.580747,False,166,89.75375139817233,0.8501478,105.574295,20.804735,5,23.046719955211774,7.2745585,3.1681263,21.93202,7,92.28352556708785,4.024904,22.928133,19.835085,1.284963,0,0,0,0,0,2.0969353,1.127285,0.96965027,,,,,,,,,,,,,,,,,,,,,,,NOT_AVAILABLE,296.0297201845016,-2.875589923160542,218.39423389174914,-57.25332911373012,False,False,0,False,False,False,False,False,False,False,False,2.1685898e-09,7.7776446e-10,0.99999607,,,,,,,,,,,,,,,,,,,,,,,0.023555521288613324,IN,5
88,1636148068921376768,Gaia DR3 5332606488236165376,5332606488236165376,1710554251,2016.0,176.39138550424212,1.8623586,-64.83592521647763,1.7665348,,,,,,,,,0.09964003,,,,,,,,,,139,0,139,0,16.627455,630.246,9.7913685,16.391468,3,False,,,,,,,,,16,11,5.303435,16,3,0,0.040485762,86.222336,0,6,,0.33512697,0.24478377,0.30194527,0.2915349,-133.72568,-15.536096,43.45689,12.734025,False,138,89.42376734883624,1.4333936,62.38605,20.808735,9,35.80697910269378,5.571511,6.426799,21.453623,13,172.0864405989109,7.0050735,24.565971,19.15853,2.3248117,0,9,0,13,0,2.2950935,0.6448879,1.6502056,,,,,,,,,,,,,,,,,,,,,,,NOT_AVAILABLE,296.00002917591985,-2.854442096649747,218.3269877514314,-57.25149439816698,False,False,0,False,False,False,False,False,False,False,False,4.5947418e-05,3.2897213e-05,0.9990711,,,,,,,,,,,,,,,,,,,,,,,0.016877878572648497,IN,5
192,1636148068921376768,Gaia DR3 5332606591292781824,5332606591292781824,808074149,2016.0,176.411673980372,2.152777,-64.84042469725584,1.9115802,,,,,,,,,-0.051726308,,,,,,,,,,81,0,80,1,2.76236,113.29397,5.096119,2.8659818,3,False,,,,,,,,,10,9,6.950572,13,3,1,0.05860732,82.095146,0,0,,0.30919603,0.24114591,0.58841056,0.11961578,-137.41716,-54.95611,30.628841,4.443651,False,104,89.3537650091516,1.3038121,68.5327,20.809586,6,13.5896641267957,5.656098,2.4026573,22.50552,5,109.00538646298428,3.5499341,30.706312,19.654276,1.3720188,0,0,0,0,0,2.851244,1.6959343,1.1553097,,,,,,,,,,,,,,,,,,,,,,,NOT_AVAILABLE,296.00952365285747,-2.856618087267859,218.34392348222428,-57.248220697915386,False,False,0,False,False,False,False,False,False,False,False,3.8822363e-05,9.188073e-06,0.9997243,,,,,,,,,,,,,,,,,,,,,,,0.007378774426353665,IN,5
365,1636148068921376768,Gaia DR3 5332606934890211712,5332606934890211712,1303316772,2016.0,176.4401850429204,1.0382478,-64.82287052864635,1.6981981,,,,,,,,,-0.1540311,,,,,,,,,,88,0,88,0,1.5702468,104.142044,0.0,0.0,3,False,,,,,,,,,11,9,6.7514052,15,3,0,0.0176987,16.143969,0,0,,0.43018904,0.3212369,0.2344782,0.36499593,-127.626236,67.032036,22.947784,1.6724521,False,119,89.34517121316293,1.0200565,87.588455,20.809689,8,26.86675712492279,4.478748,5.9987206,21.765505,13,92.01995439721412,6.243397,14.738764,19.83819,1.3306451,0,0,0,0,0,1.9273148,0.95581627,0.9714985,,,,,,,,,,,,,,,,,,,,,,,NOT_AVAILABLE,296.01684099228464,-2.8365742070870654,218.33535207466656,-57.227396352801065,False,False,0,False,False,False,False,False,False,False,False,3.828871e-06,4.660341e-06,0.9997109,,,,,,,,,,,,,,,,,,,,,,,0.019263464478206236,IN,5
13,1636148068921376768,Gaia DR3 5332609443152515072,5332609443152515072,1398926850,2016.0,176.37310615855225,1.2240548,-64.83452503459846,1.1647727,1.1445007865218126,1.5613332,0.73302794,8.017854,-7.5032268666367115,1.4623901,2.826228364608776,1.6336169,-0.30083793,-0.47559458,0.12344196,0.27747175,0.45165244,0.08879612,-0.26767096,-0.088261805,-0.3626266,-0.03207967,148,0,148,0,1.6380603,176.11246,3.5434775,1.7659413,95,False,,0.569398,0.37018478,0.13990964,-0.47078398,-0.44082662,-0.025761813,0.36898226,17,13,2.3839545,17,6,1,0.045976456,144.8302,0,0,1.0963377,0.26489395,0.08097347,0.29659697,0.22279398,-132.2147,25.249397,18.898052,-2.1044989,False,145,88.77101777122708,1.0258951,86.530304,20.816689,6,19.26489488085816,5.335412,3.6107605,22.126625,7,82.69953761749116,13.470595,6.1392636,19.954138,1.148623,0,0,0,0,1,2.1724873,1.3099365,0.86255074,,,,,,,,,,,,,,,,,,,,,,,NOT_AVAILABLE,295.99214506579716,-2.8550519088701853,218.3153274524674,-57.25624785307841,False,False,0,False,False,False,False,False,False,False,False,8.2279084e-10,4.5749254e-10,0.9999967,,,,,,,,,,,,,,,,,,,,,,,0.024706897891400244,IN,5
245,1636148068921376768,Gaia DR3 5332606419493499648,5332606419493499648,680745166,2016.0,176.42075644839088,2.2029963,-64.84923571228077,2.2464008,,,,,,,,,0.5512046,,,,,,,,,,96,0,96,0,3.4894738,145.74529,5.3446493,3.2713687,3,False,,,,,,,,,11,9,6.810984,15,2,1,0.029266177,109.29664,0,33,,0.0819942,0.29872853,0.3357926,0.48615435,20.630655,-2.5381017,21.025982,1.9477117,False,117,88.584992038428,1.2789115,69.26593,20.818966,0,,,,,0,,,,,,,,,,2,,,,,,,,,,,,,,,,,,,,,,,,,,NOT_AVAILABLE,296.01548943041956,-2.8641703771947205,218.3607238175727,-57.25137288092143,False,False,0,False,False,False,False,False,False,False,False,,,,,,,,,,,,,,,,,,,,,,,,,,0.008446066073399303,IN,5
333,1636148068921376768,Gaia DR3 5332606522573333248,5332606522573333248,599039497,2016.0,176.43500629774346,1.5246403,-64.83638974948607,1.1911682,1.1476606145938748,1.3957311,0.82226485,7.2027164,-6.7451967871947645,1.9028909,2.5261520206595804,1.7779877,-0.12348431,-0.45007372,0.27434894,0.31388092,0.3022213,0.357361,0.3121269,0.031386852,-0.021257836,0.2930891,104,0,104,0,1.3314826,123.8146,2.4429185,0.76530486,95,False,,1.2926117,0.44144067,-0.06502508,-0.092669874,-0.2275516,0.06581254,0.18222369,12,10,3.0086706,15,3,1,0.024678526,6.197314,0,0,1.0930922,0.19195032,0.25713408,0.14873895,0.22689328,-135.00568,6.5368915,-55.80363,6.9817543,False,126,88.51524535520142,1.0328538,85.69968,20.819822,3,43.485625086240795,5.10331,8.521063,21.242678,6,107.58585941874935,15.376856,6.9966097,19.668507,1.7067285,0,0,0,0,0,1.5741711,0.42285538,1.1513157,,,,,,,,,,,,,,,,,,,,,,,NOT_AVAILABLE,296.018116737995,-2.8502122847897686,218.35090898680136,-57.238200394522394,False,False,0,False,False,False,False,False,False,False,False,1.6326392e-09,4.5725965e-10,0.9999946,,,,,,,,,,,,,,,,,,,,,,,0.005761494843756934,IN,5
604,1636148068921376768,Gaia DR3 5332606728731815168,5332606728731815168,417693514,2016.0,176.48220841791047,1.6250218,-64.82976943313125,1.1361108,-0.08214332605666874,1.5086662,-0.054447647,8.8295765,-8.592505619212897,1.5252293,-2.0323081372924707,1.4089216,-0.46527696,-0.50556165,0.09141238,0.2797078,0.43432432,0.036540013,-0.22589049,-0.14797094,-0.08306853,-0.016125191,98,0,97,1,1.582861,120.39914,3.184025,1.4430013,95,False,,1.4331149,0.43567342,0.340092,-0.4455152,-0.32719225,0.15418188,0.299777,12,10,2.1326678,16,6,0,0.057900675,90.514465,0,12,1.1157933,0.16533063,0.27848125,0.23489119,0.30973038,-26.443222,16.835987,13.892193,3.5393739,False,120,88.05350430159442,1.335204,65.94761,20.8255,10,54.49835917273983,10.498294,5.1911635,20.997583,11,188.60774422232572,17.53742,10.754589,19.058996,2.7608907,0,9,0,11,0,1.9385872,0.1720829,1.7665043,,,,,,,,,,,,,,,,,,,,,,,NOT_AVAILABLE,296.0359002357359,-2.8387544983209523,218.36714496735055,-57.218977499516036,False,False,0,False,False,False,False,False,False,False,False,1.6532598e-09,4.2800934e-08,0.99999505,,,,,,,,,,,,,,,,,,,,,,,0.025555509077676612,IN,5
254,1636148068921376768,Gaia DR3 5332606556935122176,5332606556935122176,79070577,2016.0,176.4222170595602,1.2811216,-64.82313131107644,1.4662708,,,,,,,,,-0.11849974,,,,,,,,,,87,0,86,1,1.2590675,97.34983,3.0214074,1.1832658,3,False,,,,,,,,,10,9,7.602826,13,1,0,0.11680018,49.817352,0,0,,0.23728134,0.1787958,0.06738319,0.5844274,-124.913605,34.979996,27.733976,6.8432903,False,109,87.7969238376349,1.0801018,81.28578,20.828669,8,21.488656989190734,5.7764263,3.7200608,22.008018,9,105.83913408296122,9.631545,10.988801,19.68628,1.4502535,0,0,0,0,0,2.3217392,1.1793499,1.1423893,,,,,,,,,,,,,,,,,,,,,,,NOT_AVAILABLE,296.0095005540227,-2.8387529107054217,218.3261063955706,-57.233180226392584,False,False,0,False,False,False,False,False,False,False,False,1.0262279e-05,9.992651e-06,0.9995295,,,,,,,,,,,,,,,,,,,,,,,0.018602834515628563,IN,5
261,1636148068921376768,Gaia DR3 5332606385134334208,5332606385134334208,650501307,2016.0,176.4230563714706,0.93741536,-64.86443410623717,0.90170985,-1.9308979764025869,1.191856,-1.6200765,6.29425,-6.292450411379784,1.2335255,0.15051002885677625,1.4494839,-0.03975064,-0.052969035,0.11589282,0.30627227,0.13833472,0.26873884,-0.01017208,-0.11879478,0.43750685,0.12192421,161,0,161,0,-0.46507746,199.23991,2.7734678,1.714388,95,False,,1.1353241,0.2955588,-0.29182872,-0.13963309,-0.015554202,0.07658804,-0.026302323,19,14,2.0914037,21,6,2,0.062042676,128.48372,0,0,0.97157127,0.37576687,0.03931984,0.3671792,0.36508378,-87.021935,-4.734145,29.4764,2.8736613,False,174,87.74977066685587,0.87679946,100.079636,20.829252,5,28.382216635194574,14.0847845,2.0150976,21.705927,8,107.04530750923774,8.9141,12.008538,19.673977,1.5433376,0,0,0,0,0,2.03195,0.87667465,1.1552753,,,,,,,,,,,,,,,,,,,,,,,NOT_AVAILABLE,296.0202734357285,-2.8786312490542136,218.3825752689388,-57.26097783017904,False,False,0,False,False,False,False,False,False,False,False,6.9282413e-10,7.0025474e-10,0.99999577,,,,,,,,,,,,,,,,,,,,,,,0.023045638412294855,IN,5
511,1636148068921376768,Gaia DR3 5332606316414341120,5332606316414341120,1448825764,2016.0,176.46797556122604,1.4841064,-64.849552623185,1.8399214,-2.2047463629628297,2.1735957,-1.0143315,6.9211426,-6.90995336367516,1.7867454,0.39339823775343086,2.8967078,-0.19969504,-0.22784835,0.02721724,0.23035581,0.018601239,0.26311386,-0.5129455,0.18039602,0.57131094,0.0740138,89,0,88,1,1.1435331,100.411575,2.4466772,0.6359095,95,False,,1.6641086,0.4496909,-0.20307504,-0.1365664,-0.2671566,0.1364734,-0.19786613,11,10,4.2359715,13,6,0,0.07467809,32.390438,0,0,1.0864294,0.27978817,0.21387087,0.10639926,0.18088621,-98.21216,-20.043087,-9.22868,-34.989716,False,102,87.73956244163814,1.346,65.18541,20.829378,5,27.945703584163677,11.150576,2.5062118,21.722755,5,123.49759012644925,22.130705,5.5803733,19.51875,1.7260548,0,0,0,0,0,2.2040062,0.8933773,1.3106289,,,,,,,,,,,,,,,,,,,,,,,NOT_AVAILABLE,296.0350149542197,-2.8594235357240034,218.38635285295922,-57.236862944046166,False,False,0,False,False,False,False,False,False,False,False,4.825331e-09,3.3158591e-09,0.999991,,,,,,,,,,,,,,,,,,,,,,,0.018473593555065473,IN,5
279,1636148068921376768,Gaia DR3 5332606522574411648,5332606522574411648,1366879826,2016.0,176.42559826916502,1.1971725,-64.83592509195013,0.9237472,-0.014888774517524905,1.0764362,-0.013831545,8.858452,-8.380980341281951,1.4760003,2.8690314662759406,1.5236074,0.050803874,-0.03627018,0.36564162,0.32591248,0.1984062,0.19804342,0.19031145,0.05881961,0.13609034,0.08791916,135,0,132,3,-1.1384233,120.53621,0.0,0.0,95,False,,1.2657032,0.3236476,-0.06087974,-0.2778431,-0.02785305,0.1286646,-0.07880216,16,13,2.2718804,19,6,0,0.02543967,175.54117,0,0,0.9265699,0.3386566,0.24329667,0.45251834,0.31494498,-160.12352,0.3714541,29.455845,7.989452,False,147,87.608365889281,0.9842941,89.00629,20.831003,7,29.638997867940102,3.9586241,7.487197,21.658884,10,94.64653274827803,7.27264,13.014054,19.807634,1.4186491,0,0,0,0,0,1.8512497,0.82788086,1.0233688,,,,,,,,,,,,,,,,,,,,,,,NOT_AVAILABLE,296.0141234511842,-2.8507708282684,218.34525559151342,-57.2408195718477,False,False,0,False,False,False,False,False,False,False,False,1.0848511e-09,6.1687827e-10,0.99999464,,,,,,,,,,,,,,,,,,,,,,,0.005761806992200527,IN,5
42,1636148068921376768,Gaia DR3 5332606453855286656,5332606453855286656,622941517,2016.0,176.37944701216432,3.5883381,-64.84737394419649,1.6316215,,,,,,,,,0.44717544,,,,,,,,,,68,0,68,0,1.1191715,75.66047,3.0979304,1.073831,3,False,,,,,,,,,8,7,10.920279,9,2,0,0.072335474,71.24517,0,0,,0.10638156,0.5698012,0.30729726,0.26621658,51.060555,-5.851712,10.54831,26.534195,False,76,86.95844458660422,1.2633206,68.833244,20.839087,6,31.69414987848998,6.589199,4.8100157,21.586094,7,94.8732581751785,14.553535,6.5189147,19.805037,1.455493,0,0,0,0,0,1.7810574,0.74700737,1.03405,,,,,,,,,,,,,,,,,,,,,,,NOT_AVAILABLE,295.99800914944285,-2.86680178038986,218.33615100784246,-57.26299522717319,False,False,0,False,False,False,False,False,False,False,False,4.3481745e-05,1.4701153e-05,0.9992341,,,,,,,,,,,,,,,,,,,,,,,0.02179595416076016,IN,5
149,1636148068921376768,Gaia DR3 5332606488210858880,5332606488210858880,1236769922,2016.0,176.40430095888314,1.6892792,-64.84003922162519,2.696985,,,,,,,,,0.3014458,,,,,,,,,,77,0,76,1,1.4150954,88.458885,1.4071605,0.16450988,3,False,,,,,,,,,9,8,4.8946424,11,6,0,0.05532818,114.11107,1,0,,0.26835856,0.7114441,0.48410866,0.41824374,-128.27069,-50.978077,33.12115,-38.008034,False,91,86.25016968553587,1.3721412,62.858086,20.847967,0,,,,,0,,,,,,,,,,2,,,,,,,,,,,,,,,,,,,,,,,,,,NOT_AVAILABLE,296.0063893409698,-2.857036138898759,218.3394644265123,-57.25025911783379,False,False,0,False,False,False,False,False,False,False,False,,,,,,,,,,,,,,,,,,,,,,,,,,0.010536187885106798,IN,5
198,1636148068921376768,Gaia DR3 5332606591292793728,5332606591292793728,1338863770,2016.0,176.41252165191943,1.961825,-64.83227661992366,1.2544849,,,,,,,,,-0.30033827,,,,,,,,,,81,0,81,0,0.10215472,76.59432,0.0,1.1526525e-15,3,False,,,,,,,,,10,10,7.197177,11,3,0,0.08007192,141.42952,0,0,,0.3883903,0.44156337,0.014207959,0.1323117,-167.80061,2.6194654,-16.45835,9.381501,False,87,86.17690453322739,1.4310101,60.22103,20.84889,4,35.864402292551326,14.021339,2.5578442,21.451883,7,71.42337298606235,14.311357,4.990678,20.113295,1.2449713,0,0,0,0,0,1.3385887,0.602993,0.7355957,,,,,,,,,,,,,,,,,,,,,,,NOT_AVAILABLE,296.0078145561258,-2.8486426687736723,218.33332566790398,-57.24242037416645,False,False,0,False,False,False,False,False,False,False,False,7.5717115e-05,1.6895943e-05,0.9995862,,,,,,,,,,,,,,,,,,,,,,,0.011557194728449448,IN,5
636,1636148068921376768,Gaia DR3 5332606316414345600,5332606316414345600,816907850,2016.0,176.48748540520188,1.1833279,-64.86339418970726,0.9528983,1.1428583074851941,1.2938498,0.8833006,3.703141,-3.5607665077827817,2.3113863,1.0169535127442226,1.8222716,-0.102257095,-0.22441082,-0.15576172,0.06330559,-0.0025559147,0.23117226,0.025367538,0.2670523,0.3937673,0.3244928,121,0,120,1,1.7882763,144.92245,3.0179002,1.4941872,95,False,,1.336474,0.35173503,-0.008261033,-0.12365529,-0.004217759,-0.15395848,-0.03397299,14,13,3.4192436,16,4,0,0.0414106,148.83864,0,0,1.1177034,0.1361903,0.22411112,0.21380417,0.18039131,51.334057,-2.9514146,13.062316,8.339327,False,136,86.17582408519588,1.1311303,76.185585,20.848904,7,44.561167311334366,12.938783,3.444,21.21615,16,91.10028413180221,8.462,10.76581,19.849096,1.5742402,0,0,0,0,1,1.367054,0.36724663,0.99980736,,,,,,,,,,,,,,,,,,,,,,,NOT_AVAILABLE,296.04653146900415,-2.870737498559811,218.41552803602386,-57.24018639864695,False,False,0,False,False,False,False,False,False,False,False,1.7795447e-08,4.9881843e-10,0.9999955,,,,,,,,,,,,,,,,,,,,,,,0.033160263897138886,IN,5
371,1636148068921376768,Gaia DR3 5332606934892122112,5332606934892122112,799290121,2016.0,176.44096313016829,2.624046,-64.81675558016833,2.2440696,,,,,,,,,0.06654997,,,,,,,,,,52,0,51,1,1.7543082,64.126305,2.749756,0.5267921,3,False,,,,,,,,,6,6,10.500557,8,3,0,0.19504699,140.71313,0,0,,0.40625685,0.14902481,0.060776405,0.2575729,-115.40836,-8.543352,15.219815,16.14851,False,59,86.03902384867794,1.7608278,48.862827,20.850628,5,33.71961141512877,15.196424,2.2189176,21.518835,6,84.09251562802184,6.857039,12.263678,19.936003,1.3692871,0,0,0,0,0,1.5828323,0.66820717,0.91462517,,,,,,,,,,,,,,,,,,,,,,,NOT_AVAILABLE,296.01561970306403,-2.8305730166484104,218.32748350325204,-57.22299654240567,False,False,0,False,False,False,False,False,False,False,False,5.9246435e-05,1.0516373e-05,0.99941015,,,,,,,,,,,,,,,,,,,,,,,0.025295483438658953,IN,5
213,1636148068921376768,Gaia DR3 5332606625653623552,5332606625653623552,1172802924,2016.0,176.41443897925612,3.88889,-64.82873289173493,1.8417315,,,,,,,,,0.01335591,,,,,,,,,,73,0,73,0,5.5083046,153.43832,7.5572233,4.6119366,3,False,,,,,,,,,9,9,9.914017,11,2,4,0.05754233,53.41644,0,18,,0.16261116,0.6678723,0.05850863,0.29045513,168.25224,-4.0607653,44.29246,15.471285,True,75,86.03353030951853,1.5830635,54.34623,20.850697,5,40.52889360261604,10.492396,3.8626919,21.31913,5,196.66491297009136,10.630529,18.500011,19.013578,2.7569926,0,5,0,5,0,2.3055515,0.46843338,1.8371181,,,,,,,,,,,,,,,,,,,,,,,NOT_AVAILABLE,296.00770948374975,-2.8450078469152005,218.3295447905528,-57.23941414881821,False,False,0,False,False,False,False,False,False,False,False,3.311841e-05,2.3034478e-05,0.99935,,,,,,,,,,,,,,,,,,,,,,,0.014177276907132793,IN,5
282,1636148068921376768,Gaia DR3 5332606419494092160,5332606419494092160,284232560,2016.0,176.4263831739511,1.836314,-64.85233131467578,2.7827592,,,,,,,,,0.10074841,,,,,,,,,,134,0,131,3,14.391312,518.63025,12.579084,19.211506,3,False,,,,,,,,,17,14,7.4679,20,4,2,0.17196132,62.925114,0,0,,0.26070082,0.25495207,0.2635024,0.18642949,-162.39162,-84.6774,26.348492,-1.4661359,False,144,85.70994220330262,1.7837166,48.051323,20.85479,7,32.76181601178331,8.813357,3.717291,21.550123,10,142.99170303616518,11.221873,12.742231,19.35962,2.0505617,0,0,0,0,0,2.190504,0.6953335,1.4951706,,,,,,,,,,,,,,,,,,,,,,,NOT_AVAILABLE,296.01858777752375,-2.8665630677534337,218.36792616272763,-57.25172069180952,False,False,0,False,False,False,False,False,False,False,False,4.5584045e-05,6.6051166e-06,0.9997856,,,,,,,,,,,,,,,,,,,,,,,0.010861741937171092,IN,5
566,1636148068921376768,Gaia DR3 5332606213363063680,5332606213363063680,934321161,2016.0,176.4772977064108,1.0840722,-64.86407756536113,1.0699201,-1.8987954056462697,1.3620579,-1.3940636,7.0813966,-6.802634048169992,1.404887,1.9673192009414446,1.3616194,-0.22106953,-0.28745347,0.305657,0.17498326,0.5654949,0.029444292,-0.07244604,-0.16039953,-0.06452838,0.029717585,157,0,156,1,0.16348936,190.16438,3.1718206,1.5907844,95,False,,1.12599,0.36338216,0.024554603,-0.3355649,-0.27315527,-0.051812448,0.25754648,18,15,2.0144548,19,19,0,0.027373945,104.62414,0,0,1.0072255,0.26013672,0.2357305,0.044039167,0.29040265,-172.65082,11.724351,48.72384,3.5724266,False,161,85.25728947171417,0.84536314,100.85286,20.860538,8,33.95701710114054,9.717305,3.4944892,21.511219,16,80.23349784287697,9.068904,8.847099,19.987005,1.3393637,0,0,0,1,0,1.5242138,0.65068054,0.87353325,,,,,,,,,,,,,,,,,,,,,,,NOT_AVAILABLE,296.0425094858913,-2.872486245025697,218.4110210085469,-57.24382597673933,False,False,0,False,False,False,False,False,False,False,False,1.0768473e-09,3.01409e-10,0.99999434,,,,,,,,,,,,,,,,,,,,,,,0.030543561562484146,IN,5
143,1636148068921376768,Gaia DR3 5332600578339548160,5332600578339548160,104708239,2016.0,176.4029902960035,1.3021572,-64.8659772814037,1.5897926,0.628017725064753,1.9034715,0.3299328,3.5807102,-3.561692236499807,2.0241113,-0.36855688725550567,1.6020219,-0.22261491,-0.08254399,-0.29211614,0.06724902,0.6701514,0.33740366,-0.1578907,0.31194025,-0.19610088,0.08875893,116,0,116,0,2.2790356,150.1413,2.807245,0.94039863,95,False,,0.9423705,0.43030074,0.11441982,-0.4087038,-0.46468645,-0.39845437,0.14399837,14,12,2.9600115,15,4,0,0.033199776,135.64027,1,0,1.1543424,0.19249934,0.14729752,0.18760215,0.48742694,-144.29262,27.374397,-48.87475,10.342123,False,115,84.95077952864953,1.0859883,78.224396,20.864449,4,18.29460895286934,5.976032,3.0613306,22.182734,6,65.41480660369547,14.407574,4.540307,20.208706,0.98538727,0,0,0,1,0,1.9740276,1.318285,0.65574265,,,,,,,,,,,,,,,,,,,,,,,NOT_AVAILABLE,296.01240548372834,-2.882274797505363,218.37396859731794,-57.268282811876176,False,False,0,False,False,False,False,False,False,False,False,6.0041425e-09,1.0991739e-09,0.9999972,,,,,,,,,,,,,,,,,,,,,,,0.026810561937202555,IN,5
4,1636148068921376768,Gaia DR3 5332609546232307968,5332609546232307968,353723488,2016.0,176.37132577347063,2.3898535,-64.82472666625326,1.2183068,,,,,,,,,-0.4374663,,,,,,,,,,105,0,105,0,0.98559844,113.86759,1.583136,0.3624041,3,False,,,,,,,,,12,9,8.288115,13,2,1,0.06509277,161.6669,0,0,,0.19798684,0.25490433,0.20081566,0.4606598,-105.52854,39.925846,22.279716,11.613151,False,113,84.90040836218097,1.0289679,82.51026,20.865093,7,37.9830914986693,11.218092,3.385878,21.389566,12,64.56247513779543,10.555289,6.116599,20.222944,1.2078336,0,0,0,0,0,1.1666222,0.5244732,0.642149,,,,,,,,,,,,,,,,,,,,,,,NOT_AVAILABLE,295.98893054132924,-2.8457635405023036,218.30108292725623,-57.250147817460864,False,False,0,False,False,False,False,False,False,False,False,3.4290282e-05,1.4346987e-05,0.999682,,,,,,,,,,,,,,,,,,,,,,,0.02966781575409201,IN,5
205,1636148068921376768,Gaia DR3 5332606488240869760,5332606488240869760,860605634,2016.0,176.41339318059312,2.8029373,-64.84481259017237,1.3301734,,,,,,,,,-0.24525109,,,,,,,,,,78,0,78,0,2.348344,104.36209,4.2088275,1.8963184,3,False,,,,,,,,,9,8,5.058641,9,9,0,0.047472335,165.44629,0,0,,0.40758634,0.36787844,0.3417215,0.35063678,-25.656645,-4.7258906,23.618652,13.987565,False,78,84.68042028693547,1.3721769,61.712467,20.867908,0,,,,,3,163.47664311905444,11.399678,14.340461,19.214256,,,,0,0,0,,,1.6536522,,,,,,,,,,,,,,,,,,,,,,,NOT_AVAILABLE,296.0113401524367,-2.8606796474857643,218.35079340275504,-57.250665141583916,False,False,0,False,False,False,False,False,False,False,False,9.407733e-05,3.743497e-05,0.9978223,,,,,,,,,,,,,,,,,,,,,,,0.007345062415710758,IN,5
394,1636148068921376768,Gaia DR3 5332606419493523456,5332606419493523456,104472813,2016.0,176.4443198464959,9.64534,-64.85446625614108,3.5099032,,,,,,,,,-0.7699221,,,,,,,,,,43,0,43,0,0.4910654,41.730145,2.9010491,0.41246843,3,False,,,,,,,,,5,5,123.67491,7,5,3,0.023605084,151.77048,0,0,,0.15964864,0.7243188,0.18828262,0.5955701,156.22624,5.59989,-5.1499815,16.308817,False,55,84.52957624859296,2.0148168,41.95398,20.869844,2,304.13656117377207,98.16621,3.0981798,19.13087,2,639.0452476019472,196.87825,3.2458906,17.734066,11.15801,0,0,0,0,0,1.3968048,-1.7389736,3.1357784,,,,,,,,,,,,,,,,,,,,,,,NOT_AVAILABLE,296.0265116453465,-2.8667087464225762,218.38039296829507,-57.24757745083935,False,False,0,False,False,False,False,False,False,False,False,0.00023404718,0.00019746835,0.9987216,,,,,,,,,,,,,,,,,,,,,,,0.014522646378381517,IN,5
612,1636148068921376768,Gaia DR3 5332606728731815040,5332606728731815040,1603363985,2016.0,176.48300617463963,2.484506,-64.82967804194102,1.4047991,,,,,,,,,-0.3836708,,,,,,,,,,97,0,97,0,2.6144116,131.36836,4.123144,2.2053025,3,False,,,,,,,,,11,10,7.807637,16,6,0,0.04414952,71.545494,0,6,,0.21498035,0.09707088,0.32401714,0.27196372,-129.87141,51.07789,26.5454,3.4394715,False,127,84.52286766504898,0.9965231,84.81777,20.869932,6,68.55895792535573,10.309752,6.6499133,20.748383,9,139.0123403166052,6.572064,21.152006,19.390263,2.4558005,0,6,0,9,0,1.35812,-0.12154961,1.4796696,,,,,,,,,,,,,,,,,,,,,,,NOT_AVAILABLE,296.03620605999873,-2.8385807930315856,218.36744726605957,-57.21866656001784,False,False,0,False,False,False,False,False,False,False,False,4.574419e-05,2.5055055e-05,0.99978334,,,,,,,,,,,,,,,,,,,,,,,0.025898907937174375,IN,5
547,1636148068921376768,Gaia DR3 5332606350775721856,5332606350775721856,929123457,2016.0,176.47336415953268,1.0469348,-64.83980718484429,1.2236334,-0.4044370815799039,1.4583656,-0.27732214,7.019546,-5.912510642691919,1.6068381,3.7836812655046668,1.7718474,0.012955509,0.09599506,0.26807797,0.12764657,0.4703794,0.29126695,0.061173525,0.33534122,-0.10428032,-0.010581348,122,0,122,0,2.4983728,161.69481,2.913323,1.4246287,95,False,,0.61893314,0.3662622,-0.18254483,-0.111839615,-0.27399433,-0.09975744,0.24194081,14,11,2.4569142,16,4,1,0.06598371,155.4152,0,0,1.1654065,0.36192527,0.05795919,0.5456328,0.29351205,-129.53497,-48.902058,28.990824,2.0517747,False,125,84.28240131833263,1.0676751,78.94012,20.873024,9,38.36713953869498,5.1833444,7.4020047,21.378643,16,92.12436639489283,8.964645,10.276409,19.83696,1.5482652,0,0,0,0,0,1.5416832,0.50561905,1.0360641,,,,,,,,,,,,,,,,,,,,,,,NOT_AVAILABLE,296.0347813808627,-2.8494152506767443,218.37602055540705,-57.22855943507748,False,False,0,False,False,False,False,False,False,False,False,5.2179844e-10,2.1293595e-10,0.9999957,,,,,,,,,,,,,,,,,,,,,,,0.019006953554215195,IN,5
454,1636148068921376768,Gaia DR3 5332606213335688320,5332606213335688320,479373097,2016.0,176.45599215874375,1.2286552,-64.85546659734328,1.1015685,-1.28636945395098,1.2450616,-1.0331774,6.1323314,-6.127038411713546,1.4819589,0.2547275314865706,1.7703235,-0.33985665,0.0067198505,0.41395274,0.05749996,-0.0045093754,-0.033104178,-0.015320133,0.007433875,-0.15549557,-0.14526293,130,0,128,2,0.5436624,174.02205,3.6729784,2.1406949,95,False,,1.1633121,0.3121155,-0.19348967,0.058630247,-0.15977992,0.0027602024,0.1483883,15,12,2.5040004,17,5,0,0.076937184,71.01895,5,0,1.032243,0.44244924,0.29988492,0.27797532,0.47047365,-85.65651,32.02048,15.006817,4.2964406,False,143,84.13459286346924,0.93690807,89.80026,20.87493,12,21.91728638643092,4.9589515,4.419742,21.986576,15,95.3588905050789,10.1808405,9.366505,19.799492,1.3939115,0,0,0,1,1,2.1870842,1.1116467,1.0754375,,,,,,,,,,,,,,,,,,,,,,,NOT_AVAILABLE,296.0315697690857,-2.8664283469480067,218.38797747368037,-57.244617572055375,False,False,0,False,False,False,False,False,False,False,False,1.7337598e-09,3.1810984e-10,0.9999977,,,,,,,,,,,,,,,,,,,,,,,0.01810256503719879,IN,5
251,1636148068921376768,Gaia DR3 5332606419495070464,5332606419495070464,1305793024,2016.0,176.42169078186046,2.0916421,-64.85594596524523,1.8648307,,,,,,,,,-0.35364175,,,,,,,,,,95,0,95,0,0.9679548,102.8905,0.0,0.0,3,False,,,,,,,,,11,10,5.2486877,12,1,1,0.02853466,141.6238,0,0,,0.23377787,0.14463699,0.061432365,0.44527933,156.38324,23.317131,14.577021,-2.814004,False,102,84.10116795568223,1.1521717,72.99361,20.875362,2,45.35205070612412,30.391834,1.4922446,21.19705,2,107.95254256159787,2.0808923,51.878006,19.664814,1.8228593,0,0,0,0,1,1.5322361,0.3216877,1.2105484,,,,,,,,,,,,,,,,,,,,,,,NOT_AVAILABLE,296.0175683453489,-2.870563660106895,218.37032695421536,-57.25563922721696,False,False,0,False,False,False,False,False,False,False,False,0.0003821325,2.5485788e-05,0.99820143,,,,,,,,,,,,,,,,,,,,,,,0.014742510879076546,IN,5
597,1636148068921376768,Gaia DR3 5332606728732836480,5332606728732836480,1261743515,2016.0,176.4813807816499,2.3029604,-64.82641252964409,2.022866,,,,,,,,,0.5768358,,,,,,,,,,79,0,79,0,1.9786329,99.95857,3.1118944,0.7862935,3,False,,,,,,,,,9,7,5.1133094,11,4,0,0.032382686,119.17533,1,9,,0.6624121,0.4395832,0.36691502,0.13880149,178.93196,-26.08523,37.22896,-38.083652,False,93,84.0938656344194,1.2141634,69.26075,20.875456,0,,,,,0,,,,,,,,,,2,,,,,,,,,,,,,,,,,,,,,,,,,,NOT_AVAILABLE,296.0347146098408,-2.8355937299631493,218.36215667754738,-57.21695315910385,False,False,0,False,False,False,False,False,False,False,False,,,,,,,,,,,,,,,,,,,,,,,,,,0.026971385530246125,IN,5
483,1636148068921376768,Gaia DR3 5332606316414917760,5332606316414917760,345626177,2016.0,176.46202113800817,1.5140433,-64.84577224254848,1.0775635,0.1627038955378565,1.4562725,0.11172628,11.120783,-10.905538991192628,2.2663147,-2.1773889129990582,2.0892038,-0.029765,-0.08078343,-0.34800622,0.08063075,0.058380924,0.20223041,0.017385231,-0.009966531,0.13775255,0.28773516,103,0,103,0,2.4577634,144.79422,2.960249,0.8926097,95,False,,1.4652734,0.440615,0.038100954,-0.20592606,-0.21990582,-0.16305327,0.10794626,12,12,3.4571035,14,4,0,0.060875494,145.19649,0,0,1.1779181,0.096314415,0.2539424,0.30836266,0.17990315,5.6760087,-23.978298,18.329462,1.9290152,False,118,83.92684949693675,1.1426665,73.44825,20.877615,7,17.924807457108695,2.017615,8.884156,22.204906,9,95.7225798335996,9.076046,10.546727,19.795359,1.3541243,0,0,0,0,0,2.4095478,1.3272915,1.0822563,,,,,,,,,,,,,,,,,,,,,,,NOT_AVAILABLE,296.0316104784473,-2.856401198818401,218.37805015031512,-57.236150648228985,False,False,0,False,False,False,False,False,False,False,False,6.7651467e-09,5.4582794e-10,0.9999963,,,,,,,,,,,,,,,,,,,,,,,0.01473278540280651,IN,5
620,1636148068921376768,Gaia DR3 5332606728732716800,5332606728732716800,910517044,2016.0,176.48508487328007,1.8209524,-64.83634424716792,1.5971931,,,,,,,,,-0.0172217,,,,,,,,,,100,0,100,0,5.1869726,184.89267,7.725025,4.6234627,3,False,,,,,,,,,13,12,5.738517,15,3,0,0.07393146,2.0877244,0,0,,0.18294223,0.13540664,0.55184096,0.23911136,-76.82508,-24.079319,16.056932,4.06503,False,117,83.01573024088852,1.3253145,62.638515,20.889465,6,24.519870743107845,6.3666277,3.8513122,21.864746,11,82.9129693452246,7.9763613,10.394836,19.95134,1.2941263,0,0,0,0,1,1.9134064,0.97528076,0.9381256,,,,,,,,,,,,,,,,,,,,,,,NOT_AVAILABLE,296.038739514843,-2.844811130105057,218.37758663842087,-57.22255049351401,False,False,0,False,False,False,False,False,False,False,False,2.8229611e-05,0.0,0.9997174,,,,,,,,,,,,,,,,,,,,,,,0.02446773262688495,IN,5
302,1636148068921376768,Gaia DR3 5332606934890204672,5332606934890204672,591054401,2016.0,176.4293578395124,2.479116,-64.81918681928558,1.4333642,,,,,,,,,-0.66151386,,,,,,,,,,69,0,69,0,0.09299771,64.38625,0.0,0.0,3,False,,,,,,,,,8,7,12.04894,10,1,0,0.056911796,162.58855,0,0,,0.3637388,0.53369147,0.43433395,0.35410458,173.49646,1.2271563,32.54634,4.4614844,False,85,82.83514172196747,1.2151711,68.16747,20.89183,7,24.26980265197004,8.717237,2.7841163,21.875877,10,101.0855172889425,15.484292,6.528262,19.736174,1.5133109,0,0,0,0,0,2.1397038,0.98404694,1.1556568,,,,,,,,,,,,,,,,,,,,,,,NOT_AVAILABLE,296.0114484606794,-2.834169956300466,218.32457614148643,-57.22827079637947,False,False,0,False,False,False,False,False,False,False,False,2.9810317e-05,5.183409e-06,0.99947566,,,,,,,,,,,,,,,,,,,,,,,0.02233408586144107,IN,5
157,1636148068921376768,Gaia DR3 5332606453876517888,5332606453876517888,312448505,2016.0,176.4053753045584,6.223577,-64.85928178976617,4.4068303,,,,,,,,,0.030146226,,,,,,,,,,43,0,43,0,2.9345589,68.75875,5.1611056,1.5525321,3,False,,,,,,,,,5,4,31349.486,6,2,0,0.26137868,168.15022,0,0,,0.53990203,0.67155427,0.27117327,0.2671039,160.98232,-1.9266977,35.693424,21.273212,False,50,82.71662965961079,1.7175338,48.16012,20.893385,6,42.100381661578886,3.9842477,10.566708,21.277826,6,98.46279819395912,13.41237,7.341193,19.764715,1.699334,0,0,0,0,0,1.5131111,0.38444138,1.1286697,,,,,,,,,,,,,,,,,,,,,,,NOT_AVAILABLE,296.0116948103666,-2.8755403893300016,218.36615034299487,-57.262992939669466,False,False,0,False,False,False,False,False,False,False,False,0.00020490152,5.0410137e-05,0.99759805,,,,,,,,,,,,,,,,,,,,,,,0.02036946990124487,IN,5
565,1636148068921376768,Gaia DR3 5332606728732839552,5332606728732839552,838729693,2016.0,176.4771791501431,1.3772762,-64.83232073713258,1.3779334,,,,,,,,,-0.28115648,,,,,,,,,,78,0,78,0,0.5955716,79.72627,2.26724,0.55667037,3,False,,,,,,,,,9,8,2.867194,10,4,0,0.068980835,150.1842,0,0,,0.55725,0.050430372,0.25491095,0.33887598,-99.99945,53.940002,49.14375,11.593585,False,87,82.64823333026423,1.3492016,61.25714,20.894283,8,46.11916168461562,7.7624474,5.941317,21.178839,10,93.54895817665361,15.399596,6.074767,19.820297,1.6899105,0,0,0,0,0,1.3585415,0.28455544,1.073986,,,,,,,,,,,,,,,,,,,,,,,NOT_AVAILABLE,296.03446932997923,-2.8417614149038535,218.36791472450378,-57.22228057839574,False,False,0,False,False,False,False,False,False,False,False,0.0001213909,3.8990085e-05,0.9991224,,,,,,,,,,,,,,,,,,,,,,,0.022519012214132533,IN,5
369,1636148068921376768,Gaia DR3 5332606385133766784,5332606385133766784,1699069438,2016.0,176.44071993307833,2.1661108,-64.86377317446927,1.5686592,,,,,,,,,-0.15502378,,,,,,,,,,81,0,81,0,0.437424,80.824905,0.0,0.0,3,False,,,,,,,,,10,9,5.913394,12,2,0,0.06548133,75.72634,0,0,,0.14924073,0.107941456,0.2680878,0.48667,27.617535,53.525017,-8.30634,-7.2393427,False,96,82.24717211011628,1.176265,69.92232,20.899565,3,26.483884466775024,14.114922,1.876304,21.781088,4,84.0642957009444,22.575853,3.7236376,19.936367,1.344097,0,0,0,0,1,1.8447208,0.88152313,0.9631977,,,,,,,,,,,,,,,,,,,,,,,NOT_AVAILABLE,296.02737656500597,-2.8761008497578455,218.39109912649494,-57.25502162413219,False,False,0,False,False,False,False,False,False,False,False,0.000114474475,8.293661e-06,0.99950063,,,,,,,,,,,,,,,,,,,,,,,0.02281897817523557,IN,5
607,1636148068921376768,Gaia DR3 5332606763091563776,5332606763091563776,1112464699,2016.0,176.48246496567654,2.3709786,-64.81839010662247,2.4202025,,,,,,,,,-0.28629932,,,,,,,,,,53,0,53,0,1.6303447,64.99223,4.425493,1.6794753,3,False,,,,,,,,,6,6,11.984287,8,2,2,0.08468985,60.209896,0,0,,0.43044254,0.25819582,0.4849048,0.18210992,-43.15962,-40.284878,20.463278,3.4760973,False,58,82.0483337517565,1.4567778,56.32179,20.902193,4,30.004857815723106,13.959569,2.1494114,21.645563,6,74.62697245530056,6.2916613,11.861251,20.065657,1.2752463,0,0,0,0,1,1.5799065,0.74337006,0.8365364,,,,,,,,,,,,,,,,,,,,,,,NOT_AVAILABLE,296.033143478336,-2.827712766625729,218.3518734974808,-57.211159597667034,False,False,0,False,False,False,False,False,False,False,False,4.288189e-05,1.6482325e-05,0.9997949,,,,,,,,,,,,,,,,,,,,,,,0.03248351637562678,IN,5
508,1636148068921376768,Gaia DR3 5332606350775722752,5332606350775722752,792731557,2016.0,176.46776391595887,2.561367,-64.842081404555,1.7263272,,,,,,,,,0.6429591,,,,,,,,,,89,0,89,0,-0.6987242,74.64716,0.0,0.0,3,False,,,,,,,,,11,9,6.445953,14,4,1,0.077420786,131.18547,0,0,,0.42447817,0.16689175,0.18074805,0.39767858,177.48106,-14.361702,33.105686,-7.1931033,False,112,81.34551244272764,1.1807657,68.892166,20.911533,7,37.423387033377914,9.576474,3.907846,21.405685,14,126.10350127074052,16.678577,7.5608068,19.496078,2.0102754,0,0,0,0,1,1.9096069,0.49415207,1.4154549,,,,,,,,,,,,,,,,,,,,,,,NOT_AVAILABLE,296.0330466685344,-2.852215022069006,218.3761128316917,-57.2318515481385,False,False,0,False,False,False,False,False,False,False,False,2.2312866e-05,6.1723376e-06,0.9997368,,,,,,,,,,,,,,,,,,,,,,,0.01655759465864741,IN,5
48,1636148068921376768,Gaia DR3 5332606453855910656,5332606453855910656,1657129277,2016.0,176.3809474775697,4.1013756,-64.84760203494604,2.1639338,,,,,,,,,-0.38415492,,,,,,,,,,61,0,61,0,1.4972565,72.591515,4.0030894,1.4484314,3,False,,,,,,,,,7,7,12.111213,8,0,0,0.1927214,134.81448,0,0,,0.09809466,0.30428907,0.1294387,0.4600108,163.87729,13.789212,3.854947,4.9172354,False,67,81.21942415282761,1.7189766,47.24871,20.913218,5,23.49174048363854,7.702384,3.049931,21.911255,6,163.23484121582925,7.060822,23.118391,19.215864,2.2990384,0,5,0,6,0,2.6953907,0.99803734,1.6973534,,,,,,,,,,,,,,,,,,,,,,,NOT_AVAILABLE,295.9986846817303,-2.8668612566408638,218.33726143014147,-57.26268195650885,False,False,0,False,False,False,False,False,False,False,False,3.311144e-05,1.1514814e-05,0.99913967,,,,,,,,,,,,,,,,,,,,,,,0.021246355094470936,IN,5
47,1636148068921376768,Gaia DR3 5332606453854806656,5332606453854806656,423470742,2016.0,176.38062702116437,1.7176278,-64.85365870145404,1.5994081,,,,,,,,,0.13932928,,,,,,,,,,75,0,74,1,0.80724037,78.19708,0.0,0.0,3,False,,,,,,,,,9,9,6.279919,9,2,0,0.08305175,150.78256,0,0,,0.21276204,0.2619009,0.13144082,0.09721315,166.3869,-37.546535,-0.81104416,-27.773445,False,74,81.10605494468331,1.9799047,40.964626,20.914734,5,106.42445487258952,54.952835,1.9366509,20.270939,9,89.76733558018189,11.193402,8.019665,19.865099,2.4189537,0,0,0,0,1,0.40583992,-0.643795,1.0496349,,,,,,,,,,,,,,,,,,,,,,,NOT_AVAILABLE,296.0000856168522,-2.872755665570504,218.3453128765302,-57.26689449654828,False,False,0,False,False,False,False,False,False,False,False,4.571791e-05,3.7940397e-06,0.9998186,,,,,,,,,,,,,,,,,,,,,,,0.023816734604302565,IN,5
297,1636148068921376768,Gaia DR3 5332606419496627072,5332606419496627072,1245133138,2016.0,176.42817914371304,2.812802,-64.85166978035369,1.9739232,,,,,,,,,-0.21498689,,,,,,,,,,43,0,42,1,-0.29947534,33.850967,0.0,0.0,3,False,,,,,,,,,5,5,13.512567,7,2,0,0.06413266,165.06215,0,0,,0.20103204,0.16615418,0.24994464,0.2572528,86.992874,-17.840036,-35.314648,25.219185,False,57,81.09643233778273,1.5494081,52.340267,20.914862,3,26.06323146416319,13.432131,1.9403646,21.798471,6,111.446876638986,8.277826,13.463303,19.630226,1.695637,0,0,0,0,0,2.1682453,0.8836098,1.2846355,,,,,,,,,,,,,,,,,,,,,,,NOT_AVAILABLE,296.0191603026138,-2.8657305089728293,218.36798703366696,-57.250711219047204,False,False,0,False,False,False,False,False,False,False,False,9.519428e-06,3.4759942e-06,0.99978715,,,,,,,,,,,,,,,,,,,,,,,0.01015383345663032,IN,5
111,1636148068921376768,Gaia DR3 5332600578338517376,5332600578338517376,764016985,2016.0,176.3952461314881,1.8349649,-64.86251228193413,1.7595328,,,,,,,,,-0.28894353,,,,,,,,,,63,0,63,0,1.022369,68.97177,3.0406082,0.91047853,3,False,,,,,,,,,8,7,5.11892,10,1,0,0.048202194,160.86746,1,0,,0.4174141,0.22945149,0.32030195,0.5882366,-155.54462,13.150274,37.7417,4.9316363,False,77,81.0865672161654,1.1453847,70.79418,20.914995,2,375.79731407231543,766.20447,0.4904661,18.901157,5,65.80583794086158,9.827559,6.6960506,20.202234,5.44607,0,0,0,0,0,-1.3010769,-2.0138378,0.7127609,,,,,,,,,,,,,,,,,,,,,,,NOT_AVAILABLE,296.00834258116265,-2.879752655666891,218.36513326123887,-57.268345492926386,False,False,0,False,False,False,False,False,False,False,False,4.4638844e-05,8.578819e-06,0.99940383,,,,,,,,,,,,,,,,,,,,,,,0.025386318654582414,IN,5
397,1636148068921376768,Gaia DR3 5332606419516674048,5332606419516674048,1711944513,2016.0,176.4450677990413,4.1463695,-64.85324086037075,5.933492,,,,,,,,,-0.83934885,,,,,,,,,,44,0,43,1,0.056444805,37.825676,2.629165,4.3556876,3,False,,,,,,,,,5,5,35.979546,5,2,2,0.110684626,101.94003,0,0,,0.4071989,0.31593806,0.27044985,0.6307245,-160.7893,79.48932,36.448647,-9.841774,False,43,81.03475127191214,2.0414143,39.695396,20.91569,0,,,,,0,,,,,,,,,,2,,,,,,,,,,,,,,,,,,,,,,,,,,NOT_AVAILABLE,296.0265106545892,-2.865442805084839,218.37912995743332,-57.24651176141582,False,False,0,False,False,False,False,False,False,False,False,,,,,,,,,,,,,,,,,,,,,,,,,,0.013600241530671766,IN,5
494,1636148068921376768,Gaia DR3 5332606316416336000,5332606316416336000,889203230,2016.0,176.46385193942865,1.1162983,-64.85161194110272,1.5553308,,,,,,,,,0.055559583,,,,,,,,,,79,0,79,0,-0.37516126,68.89158,0.0,0.0,3,False,,,,,,,,,9,8,3.8610744,9,1,0,0.050535586,41.416824,0,0,,0.5156666,0.1981144,0.3927995,0.5903947,-137.52727,84.31463,48.54274,2.2504575,False,77,81.00039291909546,1.2697135,63.794228,20.91615,4,23.446577664414672,2.9461606,7.95835,21.913343,5,53.832612335903946,9.019811,5.968264,20.420282,0.9540594,0,0,0,0,1,1.4930611,0.9971943,0.49586678,,,,,,,,,,,,,,,,,,,,,,,NOT_AVAILABLE,296.0338352683879,-2.8618574024501844,218.38694424552554,-57.239547991546964,False,False,0,False,False,False,False,False,False,False,False,0.00011803726,1.1428295e-05,0.99950236,,,,,,,,,,,,,,,,,,,,,,,0.0179815515666266,IN,5
632,1636148068921376768,Gaia DR3 5332606763089053312,5332606763089053312,856192477,2016.0,176.4871835252611,2.0339754,-64.82488822020105,1.3880297,,,,,,,,,0.08289568,,,,,,,,,,68,0,66,2,-0.51442575,54.86902,0.0,0.0,3,False,,,,,,,,,8,7,4.7349906,10,3,2,0.045959897,20.309175,0,10,,0.086068876,0.4020484,0.43065903,0.12647264,-26.023813,-8.798269,17.496386,14.500833,False,73,80.61765075876954,1.6133497,49.969112,20.921291,0,,,,,0,,,,,,,,,,2,,,,,,,,,,,,,,,,,,,,,,,,,,NOT_AVAILABLE,296.03672331188386,-2.833498212957763,218.36319228668788,-57.21410680106447,False,False,0,False,False,False,False,False,False,False,False,,,,,,,,,,,,,,,,,,,,,,,,,,0.02987017048255729,IN,5
139,1636148068921376768,Gaia DR3 5332606591294862592,5332606591294862592,707444311,2016.0,176.40156030066106,1.7763345,-64.83221045823932,2.4219873,,,,,,,,,0.19375427,,,,,,,,,,52,0,52,0,-0.11632407,45.22827,0.0,0.0,3,False,,,,,,,,,6,6,7.300083,7,2,0,0.0921515,126.328224,0,0,,0.28038555,0.10215072,0.6894333,0.12209692,-144.83864,-76.29685,19.2504,23.857754,False,60,80.25377420872073,1.5834888,50.681618,20.926203,0,,,,,0,,,,,,,,,,2,,,,,,,,,,,,,,,,,,,,,,,,,,NOT_AVAILABLE,296.0032816157104,-2.849755097901434,218.3273822337995,-57.245795750400355,False,False,0,False,False,False,False,False,False,False,False,0.00060565275,1.2424298e-05,0.9981995,,,,,,,,,,,,,,,,,,,,,,,0.014872414714236252,IN,5
629,1636148068921376768,Gaia DR3 5332606350776563968,5332606350776563968,648575842,2016.0,176.48683388117698,2.1239262,-64.84713865468022,2.1001751,,,,,,,,,-0.33623007,,,,,,,,,,52,0,52,0,-0.40479776,42.556557,0.0,0.0,3,False,,,,,,,,,6,5,58.285397,6,2,1,0.24562351,138.86911,0,0,,0.57170063,0.41678888,0.31460723,0.59041864,-114.14724,46.559772,23.944826,4.4480915,False,52,80.20699460949659,1.7108436,46.881546,20.926836,2,32.03280429471631,3.0578701,10.475528,21.574554,3,111.38341781147506,0.8674814,128.39862,19.630844,1.7880763,0,0,0,1,0,1.9437103,0.6477184,1.2959919,,,,,,,,,,,,,,,,,,,,,,,NOT_AVAILABLE,296.0421749800207,-2.85507265233993,218.3931454896781,-57.22934274556876,False,False,0,False,False,False,False,False,False,False,False,0.0001988862,4.422541e-05,0.99863094,,,,,,,,,,,,,,,,,,,,,,,0.02528497142657947,IN,5
76,1636148068921376768,Gaia DR3 5332606453853782272,5332606453853782272,269816814,2016.0,176.387612239001,1.3599141,-64.85220567479217,1.8000234,,,,,,,,,-0.10967392,,,,,,,,,,97,0,95,2,2.1877108,121.8399,3.2257943,1.1221735,3,False,,,,,,,,,11,10,3.8713093,13,2,0,0.056062877,21.565126,0,0,,0.18533708,0.13607873,0.31204018,0.40874922,-84.308556,40.4197,19.513906,1.6322355,False,109,80.19462517319602,1.625,49.35054,20.927004,5,35.4442692209811,9.691088,3.6574087,21.464678,5,72.00990015313145,13.509448,5.330336,20.104416,1.3399173,0,0,0,0,0,1.3602619,0.53767395,0.82258797,,,,,,,,,,,,,,,,,,,,,,,NOT_AVAILABLE,296.0025935233325,-2.8705996492779837,218.3470674157062,-57.26372873332584,False,False,0,False,False,False,False,False,False,False,False,9.492617e-05,2.3787676e-05,0.9992648,,,,,,,,,,,,,,,,,,,,,,,0.020523902132471714,IN,5
265,1636148068921376768,Gaia DR3 5332606522573315840,5332606522573315840,1745523389,2016.0,176.4241728382943,9.065327,-64.84449326503709,2.3729475,,,,,,,,,-0.8632377,,,,,,,,,,71,0,70,1,1.9601026,89.1821,3.6113858,1.1587785,3,False,,,,,,,,,8,8,18.308735,10,5,0,0.6945454,87.330376,0,10,,0.23851979,0.80385935,0.14110954,0.44260687,-169.95895,7.351585,-43.571056,13.831736,False,78,79.42273673033372,1.5166026,52.36885,20.937504,2,65.0043841654958,13.25829,4.9029236,20.806185,2,223.75891675864955,67.159325,3.3317626,18.873446,3.6357763,0,2,0,2,0,1.9327393,-0.13131905,2.0640583,,,,,,,,,,,,,,,,,,,,,,,NOT_AVAILABLE,296.01569908089607,-2.859215021104828,218.35611406528736,-57.2470856548752,False,False,0,False,False,False,False,False,False,False,False,0.0005902487,6.3390515e-05,0.998219,,,,,,,,,,,,,,,,,,,,,,,0.0035741668043859248,IN,5
426,1636148068921376768,Gaia DR3 5332606556935120896,5332606556935120896,90030854,2016.0,176.45127563248255,5.6891804,-64.83249063404692,1.760008,,,,,,,,,-0.74059373,,,,,,,,,,69,0,69,0,3.4223526,110.092834,3.169298,1.1480123,3,False,,,,,,,,,8,7,15.183854,10,1,0,0.06356695,176.53285,0,0,,0.10291847,0.57946354,0.22011073,0.62096614,-128.90326,12.060668,10.484368,12.66173,False,83,79.3228603772334,1.3113999,60.487164,20.938871,6,29.650751839705446,9.6984215,3.057276,21.658453,7,95.4778689982099,8.713193,10.95785,19.79814,1.5774598,0,0,0,0,0,1.8603134,0.7195816,1.1407318,,,,,,,,,,,,,,,,,,,,,,,NOT_AVAILABLE,296.0238371880054,-2.8446965685399217,218.35431159536247,-57.23047544971083,False,False,0,False,False,False,False,False,False,False,False,2.7898954e-05,1.2127654e-06,0.99969995,,,,,,,,,,,,,,,,,,,,,,,0.013135565179527636,IN,5
126,1636148068921376768,Gaia DR3 5332606488215019776,5332606488215019776,1773385855,2016.0,176.3992284143137,81.63445,-64.8413963998459,23.232048,,,,,,,,,-0.98533547,,,,,,,,,,60,0,57,3,13.331387,338.52783,25.984873,36.65519,3,False,,,,,,,,,7,5,611.0989,8,1,1,6.681829,95.75328,0,0,,0.23154001,0.9903356,0.25671157,0.9629689,21.46815,15.439043,20.664557,15.541997,False,67,78.48989135432149,2.1410158,36.66012,20.950333,4,22.075243298598153,6.294794,3.5069048,21.978779,7,128.63626764309566,5.9386153,21.660986,19.474487,1.9201391,0,0,0,0,1,2.5042915,1.0284462,1.4758453,,,,,,,,,,,,,,,,,,,,,,,NOT_AVAILABLE,296.00464312495626,-2.8588937800407046,218.33859765351744,-57.25276364758118,False,False,0,False,False,False,False,False,False,False,False,2.1162798e-05,1.1591309e-05,0.99956864,,,,,,,,,,,,,,,,,,,,,,,0.01258844443864145,IN,5
430,1636148068921376768,Gaia DR3 5332606556933089536,5332606556933089536,1143040851,2016.0,176.4520019309111,2.797681,-64.83370392364164,1.5687971,,,,,,,,,0.117163345,,,,,,,,,,78,0,77,1,0.4802727,77.21781,0.0,0.0,3,False,,,,,,,,,10,8,4.602019,12,4,0,0.26197943,67.14376,0,0,,0.1568953,0.48920244,0.24189512,0.225021,-43.320206,-21.084227,26.866144,8.086809,False,93,78.03941837342488,1.1826812,65.98517,20.956581,5,50.801466031798135,7.686335,6.6093225,21.073853,9,75.79894230180062,13.209198,5.7383456,20.048738,1.6222624,0,0,0,0,0,1.025114,0.11727142,0.90784264,,,,,,,,,,,,,,,,,,,,,,,NOT_AVAILABLE,296.0244422469718,-2.8457930510029237,218.35634368733335,-57.231073550733335,False,False,0,False,False,False,False,False,False,False,False,0.00012054138,1.8339737e-05,0.9990064,,,,,,,,,,,,,,,,,,,,,,,0.012573327151794676,IN,5
121,1636148068921376768,Gaia DR3 5332606488214677376,5332606488214677376,1311733711,2016.0,176.39814199544443,2.366857,-64.84255979486989,1.1241937,,,,,,,,,-0.10267297,,,,,,,,,,95,0,95,0,0.64801514,98.268394,0.0,0.0,3,False,,,,,,,,,11,9,4.992958,12,2,0,0.06423297,33.15904,0,0,,0.18021324,0.34517053,0.29856232,0.36654773,168.29703,17.277754,25.458921,4.470698,False,103,77.6600490230656,1.1989352,64.774185,20.961872,7,34.8618026117443,7.39913,4.7116084,21.482668,11,97.39350480068406,7.314215,13.315646,19.776571,1.7030032,0,0,0,0,0,1.7060966,0.5207958,1.1853008,,,,,,,,,,,,,,,,,,,,,,,NOT_AVAILABLE,296.00448980340076,-2.8601360957797715,218.3395961579444,-57.253892838187745,False,False,0,False,False,False,False,False,False,False,False,6.2696e-06,5.0873955e-06,0.9993552,,,,,,,,,,,,,,,,,,,,,,,0.013090796152762285,IN,5
440,1636148068921376768,Gaia DR3 5332606522573339008,5332606522573339008,1554954838,2016.0,176.4532882076481,2.785909,-64.84580992206185,1.2921078,,,,,,,,,-0.28313544,,,,,,,,,,76,0,75,1,1.7311842,91.745865,3.640239,1.3366176,3,False,,,,,,,,,9,9,8.926361,12,4,0,0.12338995,9.216976,1,0,,0.49156186,0.40956396,0.28390107,0.12783693,131.65999,-8.405713,24.321766,25.474268,False,95,77.31532045399159,1.2887396,59.992977,20.966703,4,50.83190473571065,8.415778,6.040072,21.073202,4,112.38527690959052,12.242624,9.179835,19.621122,2.1110587,0,0,0,0,0,1.4520798,0.10649872,1.345581,,,,,,,,,,,,,,,,,,,,,,,NOT_AVAILABLE,296.0280229454725,-2.857371677295174,218.37344007637085,-57.23889952793296,False,False,0,False,False,False,False,False,False,False,False,0.00010642187,2.5906445e-05,0.9990668,,,,,,,,,,,,,,,,,,,,,,,0.011244057198938461,IN,5
395,1636148068921376768,Gaia DR3 5332606934891264128,5332606934891264128,952020831,2016.0,176.44480061558204,2.117241,-64.82052529264641,2.54981,,,,,,,,,0.3656809,,,,,,,,,,80,0,79,1,2.3159914,105.05804,4.0407667,1.3327473,3,False,,,,,,,,,9,8,4.536804,10,4,1,0.07956835,74.390274,0,0,,0.26871786,0.22733845,0.061067764,0.32113224,-60.901604,-42.841457,19.905804,-6.158605,False,85,76.95828391431472,1.2175914,63.205345,20.97173,4,28.445616863258145,4.081375,6.969616,21.703505,6,78.00797516499861,16.487965,4.731207,20.017548,1.3832636,0,0,0,0,0,1.685957,0.7317753,0.9541817,,,,,,,,,,,,,,,,,,,,,,,NOT_AVAILABLE,296.018152311147,-2.833810036586998,218.33464063115812,-57.22436193891487,False,False,0,False,False,False,False,False,False,False,False,4.049936e-05,1.0148789e-05,0.99942213,,,,,,,,,,,,,,,,,,,,,,,0.022064804130910852,IN,5
586,1636148068921376768,Gaia DR3 5332606316417174144,5332606316417174144,1786969456,2016.0,176.48018951786884,2.0088358,-64.85497127614586,1.9970218,,,,,,,,,-0.28532907,,,,,,,,,,61,0,60,1,1.4524194,70.89023,4.006617,0.9348043,3,False,,,,,,,,,7,7,7.3092723,7,3,0,0.011885617,164.79706,0,0,,0.1924271,0.14852382,0.24151844,0.19533071,-138.98245,2.1913726,-31.877739,-8.536459,False,59,76.9050767827499,1.7150046,44.84249,20.972479,2,37.3481764714617,24.52444,1.5228962,21.40787,2,103.65241310764432,7.037925,14.727695,19.708946,1.8334367,0,0,0,0,0,1.6989231,0.43539047,1.2635326,,,,,,,,,,,,,,,,,,,,,,,NOT_AVAILABLE,296.0414087484023,-2.8633634571136812,218.40021618277655,-57.236737237282,False,False,0,False,False,False,False,False,False,False,False,0.00023984192,9.416952e-06,0.99868786,,,,,,,,,,,,,,,,,,,,,,,0.025637495810818235,IN,5
413,1636148068921376768,Gaia DR3 5332606415199846272,5332606415199846272,963137692,2016.0,176.44836795423632,5.9344893,-64.85635700463584,1.9846281,,,,,,,,,-0.50994456,,,,,,,,,,51,0,51,0,1.088571,56.483215,2.022246,0.3174098,3,False,,,,,,,,,6,6,17.806751,8,4,1,0.06457114,94.59572,1,0,,0.120305076,0.5208098,0.34050107,0.33366102,-146.77145,-24.675585,44.017998,33.95637,False,63,76.60541818470882,1.5858266,48.3063,20.976719,0,,,,,0,,,,,,,,,,2,,,,,,,,,,,,,,,,,,,,,,,,,,NOT_AVAILABLE,296.02865504295755,-2.868105482004756,218.38511742935677,-57.247599649352686,False,False,0,False,False,False,False,False,False,False,False,0.0005338919,4.061442e-06,0.99849796,,,,,,,,,,,,,,,,,,,,,,,0.017001083015769084,IN,5
498,1636148068921376768,Gaia DR3 5332606316415991296,5332606316415991296,1087025620,2016.0,176.46551007736693,1.598749,-64.8561901628056,1.6474491,,,,,,,,,-0.25772455,,,,,,,,,,79,0,78,1,-0.82051355,62.922016,0.0,0.0,3,False,,,,,,,,,9,8,4.4474883,11,2,0,0.07635969,69.91581,0,0,,0.34089366,0.20036271,0.26099178,0.29803607,178.39154,-8.144597,50.690346,8.969833,False,93,76.3013430907468,0.97766757,78.04426,20.981037,8,25.96551849580455,8.546914,3.0379992,21.80255,10,87.2778409626664,7.379871,11.826472,19.895636,1.4841595,0,1,0,0,1,1.9069138,0.8215122,1.0854015,,,,,,,,,,,,,,,,,,,,,,,NOT_AVAILABLE,296.0356710012312,-2.866111231038738,218.39403681206966,-57.24214172687599,False,False,0,False,False,False,False,False,False,False,False,4.6468493e-05,1.0773237e-05,0.9997092,,,,,,,,,,,,,,,,,,,,,,,0.02140414268517067,IN,5
428,1636148068921376768,Gaia DR3 5332606934890224384,5332606934890224384,271777783,2016.0,176.4516119456903,3.1713395,-64.820518525736,1.538844,,,,,,,,,0.37757757,,,,,,,,,,57,0,57,0,0.4125624,55.621628,0.0,0.0,3,False,,,,,,,,,7,7,6.1258993,8,3,1,0.036106974,122.88252,0,0,,0.36076525,0.45662773,0.14475155,0.34461048,-179.11977,-20.450438,11.393936,36.12203,False,65,76.28380353571946,1.6278982,46.860302,20.981285,0,,,,,4,104.54493738647726,19.812336,5.2767596,19.699638,,,,0,0,1,,,1.2816467,,,,,,,,,,,,,,,,,,,,,,,NOT_AVAILABLE,296.02095861408003,-2.8330739190977035,218.33827066468726,-57.22223214175726,False,False,0,False,False,False,False,False,False,False,False,2.4635956e-05,8.745873e-06,0.99979275,,,,,,,,,,,,,,,,,,,,,,,0.023127076667333876,IN,5
567,1636148068921376768,Gaia DR3 5332606763091561216,5332606763091561216,742346355,2016.0,176.47730995015706,1.9588822,-64.81661606163885,1.8743335,,,,,,,,,-0.0073366724,,,,,,,,,,61,0,61,0,2.2875936,82.99629,3.5652213,1.5555062,3,False,,,,,,,,,7,7,4.0913672,9,3,0,0.043647923,22.831316,0,0,,0.40094674,0.29320818,0.12801608,0.40797552,-80.3469,12.631949,11.881587,0.5753411,False,75,76.18096018029206,1.1781833,64.65968,20.98275,8,26.48730518835373,4.9912267,5.3067727,21.780949,9,74.82078933849154,8.160679,9.168451,20.06284,1.3298348,0,0,0,0,1,1.7181091,0.7981987,0.91991043,,,,,,,,,,,,,,,,,,,,,,,NOT_AVAILABLE,296.03057146818196,-2.826546824971154,218.3467171888994,-57.211561238281945,False,False,0,False,False,False,False,False,False,False,False,5.798949e-05,1.1763728e-05,0.9994725,,,,,,,,,,,,,,,,,,,,,,,0.032329813969955816,IN,5
342,1636148068921376768,Gaia DR3 5332606556934144384,5332606556934144384,517643837,2016.0,176.43647342650647,12.181689,-64.82510302815938,3.7912793,,,,,,,,,-0.74661356,,,,,,,,,,51,0,51,0,0.13457724,46.62698,0.89676124,0.05698314,3,False,,,,,,,,,6,5,23.355007,7,1,0,0.053692915,66.94064,0,14,,0.5509878,0.6581003,0.40816376,0.85391706,-149.68716,8.671458,-51.584812,5.716014,False,58,75.25836077569006,1.367873,55.01853,20.99598,0,,,,,0,,,,,,,,,,1,,,,,,,,,,,,,,,,,,,,,,,,,,NOT_AVAILABLE,296.0158741772704,-2.8391324511684584,218.33639436713213,-57.23007193777651,False,False,0,False,False,False,False,False,False,False,False,,,,,,,,,,,,,,,,,,,,,,,,,,0.016734789982922594,IN,5
423,1636148068921376768,Gaia DR3 5332606522574763520,5332606522574763520,1035423125,2016.0,176.45008852372632,2.794913,-64.84901386846393,1.275424,,,,,,,,,-0.2733059,,,,,,,,,,54,0,54,0,0.72793025,55.834705,2.4391239,0.4596275,3,False,,,,,,,,,7,6,4.7262464,9,2,0,0.16199662,69.21689,0,0,,0.33295554,0.43425053,0.46509713,0.6501633,22.443228,0.77763426,25.611872,18.405502,False,67,75.2117983104437,1.3381034,56.207764,20.996653,3,34.01207202741296,9.724729,3.497483,21.509459,3,50.76299544469155,18.151278,2.7966623,20.484028,1.1271511,0,0,0,0,0,1.0254307,0.51280594,0.51262474,,,,,,,,,,,,,,,,,,,,,,,NOT_AVAILABLE,296.0275125995756,-2.860814781543711,218.37607661496307,-57.24207433337324,False,False,0,False,False,False,False,False,False,False,False,0.0006059118,1.4047434e-05,0.99881667,,,,,,,,,,,,,,,,,,,,,,,0.011736763304530981,IN,5
312,1636148068921376768,Gaia DR3 5332606522595975040,5332606522595975040,1588490495,2016.0,176.43084993453022,4.8356185,-64.84664128940966,4.539274,,,,,,,,,-0.1049295,,,,,,,,,,44,0,44,0,4.580953,93.8582,9.410125,3.187983,3,False,,,,,,,,,5,4,8530.304,5,1,0,0.09150144,123.60455,0,0,,0.5920323,0.16287781,0.5299058,0.9235777,-73.02394,-74.31398,46.842106,17.052204,False,43,74.39384524427284,2.125904,34.993977,21.008524,3,70.37412370431146,5.5654273,12.644874,20.720009,4,39.65077114530011,11.084891,3.5770104,20.752266,1.4789516,0,0,0,0,0,-0.03225708,-0.2885151,0.256258,,,,,,,,,,,,,,,,,,,,,,,NOT_AVAILABLE,296.0189911511231,-2.8605782649844276,218.36259137713176,-57.24646228321608,False,False,0,False,False,False,False,False,False,False,False,0.00021270012,9.414169e-06,0.99839276,,,,,,,,,,,,,,,,,,,,,,,0.005192382056722904,IN,5
487,1636148068921376768,Gaia DR3 5332606213337736448,5332606213337736448,1166378218,2016.0,176.46255944112363,1.5433143,-64.85687862859994,1.8142592,,,,,,,,,0.27972385,,,,,,,,,,85,0,85,0,0.871807,90.81464,3.1247294,0.7734409,3,False,,,,,,,,,10,9,5.387178,11,3,1,0.0894543,120.27477,1,0,,0.27648914,0.16072565,0.51658577,0.26439765,-66.4093,-31.270466,15.486831,-1.8243338,False,89,74.3845001383376,1.1762987,63.236065,21.008661,6,32.78134574540921,10.293004,3.184818,21.549475,10,74.55059271781144,14.8055525,5.035313,20.066769,1.4429342,0,0,0,0,0,1.4827061,0.54081345,0.9418926,,,,,,,,,,,,,,,,,,,,,,,NOT_AVAILABLE,296.0346294868597,-2.867092898876354,218.39339622878163,-57.243529377684105,False,False,0,False,False,False,False,False,False,False,False,4.1160496e-05,1.6699607e-05,0.9995581,,,,,,,,,,,,,,,,,,,,,,,0.021006859546309358,IN,5
207,1636148068921376768,Gaia DR3 5332606385156663808,5332606385156663808,1231243541,2016.0,176.4141477503163,5.500934,-64.8648645213161,2.0859954,,,,,,,,,-0.64205647,,,,,,,,,,52,0,52,0,2.1472132,70.16851,4.1394677,1.2547848,3,False,,,,,,,,,6,6,37.406227,6,0,0,0.11805831,82.9094,0,0,,0.34115237,0.62464565,0.39542082,0.43227276,132.5631,-0.76967597,22.288904,21.247585,False,52,74.18585901075605,1.6365931,45.329445,21.011564,0,,,,,0,,,,,,,,,,2,,,,,,,,,,,,,,,,,,,,,,,,,,NOT_AVAILABLE,296.01671581534816,-2.880002107383731,218.3784082535535,-57.26404797527508,False,False,0,False,False,False,False,False,False,False,False,,,,,,,,,,,,,,,,,,,,,,,,,,0.02416494956626889,IN,5
208,1636148068921376768,Gaia DR3 5332606591295494784,5332606591295494784,27779627,2016.0,176.41416740583807,3.7010741,-64.83913850042747,16.914486,,,,,,,,,-0.33260396,,,,,,,,,,44,0,44,0,2.5012643,64.58628,4.921016,0.8447459,3,False,,,,,,,,,5,5,43.161995,6,4,0,0.07907542,8.967501,1,0,,0.20448504,0.25722188,0.37816626,0.03301362,-142.44331,-63.530712,-51.89914,33.4605,False,51,73.8842249463197,2.0266876,36.455654,21.015987,5,36.50547744255615,4.9968977,7.3056283,21.432648,6,67.91047407584819,14.186586,4.7869496,20.168053,1.4132375,0,0,0,0,0,1.264595,0.4166603,0.8479347,,,,,,,,,,,,,,,,,,,,,,,NOT_AVAILABLE,296.01022582443966,-2.855106050377269,218.3435101103317,-57.24656901333349,False,False,0,False,False,False,False,False,False,False,False,0.00014421443,2.0540949e-05,0.9991887,,,,,,,,,,,,,,,,,,,,,,,0.006676296745879333,IN,5
536,1636148068921376768,Gaia DR3 5332606728732715136,5332606728732715136,1323374715,2016.0,176.47239928145186,4.552192,-64.82429030452217,1.7734611,,,,,,,,,-0.4938133,,,,,,,,,,42,0,42,0,1.4378842,49.979603,3.3975625,0.7862963,3,False,,,,,,,,,5,5,11.201397,6,1,1,0.060445413,77.035446,0,20,,0.6286527,0.44404027,0.56676316,0.609938,2.2731316,-7.005223,15.0655155,18.11695,False,42,73.46941768999706,1.8307575,40.13061,21.0221,0,,,,,0,,,,,,,,,,0,,,,,,,,,,,,,,,,,,,,,,,,,,NOT_AVAILABLE,296.0304781404906,-2.8344998359690523,218.35448485255432,-57.21831162747683,False,False,0,False,False,False,False,False,False,False,False,,,,,,,,,,,,,,,,,,,,,,,,,,0.02529867653246556,IN,5
180,1636148068921376768,Gaia DR3 5332606453853794176,5332606453853794176,847659508,2016.0,176.40888020008947,1.7725588,-64.86273822025713,1.5809344,,,,,,,,,0.08127004,,,,,,,,,,78,0,78,0,1.2061193,87.80874,1.8313233,0.41059518,3,False,,,,,,,,,9,9,4.5557613,10,2,1,0.03998482,59.156788,0,10,,0.14372449,0.14334755,0.1367535,0.24247049,-95.42427,25.566902,-4.826068,1.6050894,False,79,73.30619506992649,1.3205888,55.510235,21.024515,4,8.165260358983362,3.5663595,2.2895224,23.058617,5,82.72363727468739,21.85105,3.7857969,19.953821,1.2398529,0,1,0,2,1,3.1047955,2.0341015,1.070694,,,,,,,,,,,,,,,,,,,,,,,NOT_AVAILABLE,296.01401079400125,-2.8785091549684383,218.37271214713823,-57.264246850671576,False,False,0,False,False,False,False,False,False,False,False,0.00013803282,1.7873164e-05,0.99943876,,,,,,,,,,,,,,,,,,,,,,,0.022850660916696283,IN,5
382,1636148068921376768,Gaia DR3 5332606522574755328,5332606522574755328,1315758825,2016.0,176.44219100461223,2.9568834,-64.83830990078413,3.0517857,,,,,,,,,0.45303002,,,,,,,,,,68,0,68,0,0.7397629,70.94991,1.2202559,0.109311715,3,False,,,,,,,,,8,7,20.572176,10,5,0,0.13672745,9.295084,0,0,,0.15903644,0.5354536,0.4700663,0.26698887,177.17197,-22.857315,27.889997,-20.896809,False,83,73.14818751861701,1.5178366,48.1924,21.026857,6,33.8060906408713,5.551627,6.089402,21.516054,10,75.16267018110992,7.507541,10.011622,20.05789,1.4896988,0,0,0,0,0,1.4581642,0.48919678,0.96896744,,,,,,,,,,,,,,,,,,,,,,,NOT_AVAILABLE,296.02156104204084,-2.851300985880797,218.357348191081,-57.23726407878441,False,False,0,False,False,False,False,False,False,False,False,5.205522e-05,1.8719831e-05,0.99958056,,,,,,,,,,,,,,,,,,,,,,,0.006521587899538457,IN,5
501,1636148068921376768,Gaia DR3 5332606350776064256,5332606350776064256,1588787312,2016.0,176.46677549280847,3.569962,-64.84101563298927,2.0994473,,,,,,,,,-0.032334533,,,,,,,,,,52,0,52,0,1.9854734,68.14,3.5721686,0.97810733,3,False,,,,,,,,,6,5,10.280976,7,1,1,0.12116953,6.792885,0,0,,0.7713725,0.53565043,0.6827729,0.505204,171.93683,9.83521,-48.7151,6.788542,False,52,72.87811402700584,1.6767063,43.465042,21.030874,5,23.70016410961684,6.3052807,3.7587802,21.901665,6,75.15181767182763,11.646137,6.4529395,20.058046,1.3564014,0,0,0,0,0,1.8436184,0.8707905,0.9728279,,,,,,,,,,,,,,,,,,,,,,,NOT_AVAILABLE,296.03237111841963,-2.8512891711314303,218.37414076118986,-57.23143542655228,False,False,0,False,False,False,False,False,False,False,False,0.000139337,2.0728294e-05,0.9992181,,,,,,,,,,,,,,,,,,,,,,,0.016136068431097828,IN,5
122,1636148068921376768,Gaia DR3 5332606591295208320,5332606591295208320,716525536,2016.0,176.3983234820446,2.705763,-64.8269805354408,2.5989163,,,,,,,,,0.036236953,,,,,,,,,,60,0,60,0,3.7615716,103.6162,8.20041,4.519292,3,False,,,,,,,,,7,7,10.529221,10,4,0,0.118517555,118.38443,0,0,,0.28134707,0.10127754,0.38834992,0.22767285,-67.60249,14.741158,17.690603,19.965403,False,84,72.24550823651107,1.4598967,49.48673,21.04034,6,21.351524663937525,7.060513,3.0240755,22.01497,10,87.91223009192932,5.9169936,14.857584,19.887772,1.5123951,0,0,0,0,1,2.1271992,0.97463036,1.1525688,,,,,,,,,,,,,,,,,,,,,,,NOT_AVAILABLE,296.00062583277474,-2.8450421900863634,218.31856106577288,-57.24325247071614,False,False,0,False,False,False,False,False,False,False,False,1.5850337e-05,7.2346365e-06,0.9997483,,,,,,,,,,,,,,,,,,,,,,,0.01948762962250669,IN,5
561,1636148068921376768,Gaia DR3 5332606728733755008,5332606728733755008,1722081722,2016.0,176.47614810361614,3.9266064,-64.8331591189851,2.280391,,,,,,,,,0.027195,,,,,,,,,,65,0,65,0,0.8831696,69.466286,3.2862434,0.7487614,3,False,,,,,,,,,8,7,8.800247,8,1,0,0.021403776,121.19413,0,0,,0.43321955,0.16650361,0.2967274,0.20987876,-159.47766,-0.31287935,13.093202,-8.916868,False,65,71.2207742399374,1.4986739,47.52253,21.055851,4,48.17069389628535,20.411907,2.359931,21.131584,7,69.43619405512045,10.402921,6.6746826,20.14393,1.6513003,0,0,0,0,0,0.98765373,0.075733185,0.91192055,,,,,,,,,,,,,,,,,,,,,,,NOT_AVAILABLE,296.03425538977046,-2.842683086157473,218.368499819299,-57.22317209490954,False,False,0,False,False,False,False,False,False,False,False,0.0005079299,1.6984366e-05,0.998863,,,,,,,,,,,,,,,,,,,,,,,0.021783979124251767,IN,5
197,1636148068921376768,Gaia DR3 5332606591292795008,5332606591292795008,130194084,2016.0,176.41241218787582,2.4978173,-64.8307273711665,3.0831277,,,,,,,,,0.33936825,,,,,,,,,,61,0,61,0,1.0736971,67.39174,0.0,0.0,3,False,,,,,,,,,8,8,13.76734,10,2,0,0.041507002,177.82678,0,0,,0.24963833,0.39144617,0.31957066,0.24796839,-176.86197,-1.4679127,20.064156,-2.27369,False,75,71.06858349725562,1.278806,55.574173,21.058172,5,11.305806995481854,3.761959,3.0052977,22.705288,8,55.38646471879932,5.090526,10.880302,20.389387,0.9384213,0,1,0,0,1,2.3159008,1.6471157,0.6687851,,,,,,,,,,,,,,,,,,,,,,,NOT_AVAILABLE,296.0073781059842,-2.847155281665913,218.33116650524664,-57.24140184838602,False,False,0,False,False,False,False,False,False,False,False,0.00016167406,8.37374e-06,0.9990596,,,,,,,,,,,,,,,,,,,,,,,0.012855338102405106,IN,5
274,1636148068921376768,Gaia DR3 5332606522573320576,5332606522573320576,1253003462,2016.0,176.425269103528,1.6061707,-64.83999097271972,1.4637752,,,,,,,,,-0.09381746,,,,,,,,,,67,0,67,0,-0.43111223,56.691803,0.0,0.0,3,False,,,,,,,,,8,7,4.398848,10,3,0,0.05587378,149.82474,0,0,,0.40758055,0.19019409,0.53284585,0.09770731,-175.97527,-23.638624,23.132458,23.011839,False,73,69.34050313952439,1.7446158,39.74543,21.0849,6,40.3118417915288,10.815392,3.727266,21.32496,7,99.28897731518188,11.781252,8.427711,19.755644,2.0132651,0,0,0,0,0,1.5693169,0.2400608,1.329256,,,,,,,,,,,,,,,,,,,,,,,NOT_AVAILABLE,296.0150141302994,-2.8547406682462237,218.35059315692845,-57.243684862211616,False,False,0,False,False,False,False,False,False,False,False,8.976338e-05,3.579083e-05,0.9988667,,,,,,,,,,,,,,,,,,,,,,,0.002153992738375151,IN,5
563,1636148068921376768,Gaia DR3 5332606728734452608,5332606728734452608,32047044,2016.0,176.47705783583825,2.8826573,-64.83080964807571,4.4523487,,,,,,,,,-0.07092056,,,,,,,,,,49,0,49,0,1.8039572,62.340073,3.2198772,0.75718254,3,False,,,,,,,,,6,5,122.57483,6,2,0,0.038151078,84.56314,1,0,,0.14768545,0.29471716,0.26351073,0.16536039,45.378536,-26.894896,-44.32505,34.77623,False,47,68.40578097864643,1.3988594,48.90111,21.099634,2,52.59424091917991,16.984905,3.0965283,21.036198,6,121.85854476420447,19.69262,6.188031,19.533255,2.550264,0,0,0,0,1,1.502943,-0.06343651,1.5663795,,,,,,,,,,,,,,,,,,,,,,,NOT_AVAILABLE,296.0340390876665,-2.8403117948685948,218.3658030670267,-57.22129109190651,False,False,0,False,False,False,False,False,False,False,False,2.8945999e-05,9.485499e-06,0.9994252,,,,,,,,,,,,,,,,,,,,,,,0.023132148847518828,IN,5
163,1636148068921376768,Gaia DR3 5332606591294225280,5332606591294225280,952468525,2016.0,176.4063527483424,4.2313757,-64.82944597519433,2.736544,,,,,,,,,0.32437629,,,,,,,,,,51,0,51,0,1.8916969,65.7849,4.59526,1.3469046,3,False,,,,,,,,,6,6,13.818957,8,3,0,0.02838722,84.768394,0,0,,0.44048575,0.27201456,0.30177012,0.27275568,-172.08345,6.351814,18.572405,24.375181,False,62,66.10546909718852,1.9141281,34.53555,21.136774,3,78.75046043676129,29.708185,2.6508,20.59791,5,120.1100587811937,30.952528,3.8804605,19.548946,3.008231,0,0,0,0,0,1.0489635,-0.53886414,1.5878277,,,,,,,,,,,,,,,,,,,,,,,NOT_AVAILABLE,296.0045575727153,-2.846565655230995,218.3261927863786,-57.24242196661186,False,False,0,False,False,False,False,False,False,False,False,0.0002695589,0.000120877376,0.99890685,,,,,,,,,,,,,,,,,,,,,,,0.0154011266939711,IN,5
99,1636148068921376768,Gaia DR3 5332606488215870848,5332606488215870848,64413345,2016.0,176.3931817899804,3.8434634,-64.83589153308573,3.3148289,,,,,,,,,-0.6133994,,,,,,,,,,44,0,44,0,1.1912014,49.70692,3.4180853,0.6446491,3,False,,,,,,,,,5,5,31.69694,5,1,0,0.020804327,152.5697,0,0,,0.34930345,0.40350753,0.47290933,0.35361877,-174.09476,-17.529356,19.906223,-14.385082,False,35,65.64621434436563,1.7172759,38.226948,21.144342,2,13.982760823408082,1.4529778,9.62352,22.47456,3,74.5639530432212,3.590031,20.769724,20.066574,1.3488473,0,0,0,0,0,2.4079857,1.3302174,1.0777683,,,,,,,,,,,,,,,,,,,,,,,NOT_AVAILABLE,296.0007606090747,-2.8542165728133524,218.32790118721246,-57.250910990039024,False,False,0,False,False,False,False,False,False,False,False,8.964964e-05,1.0911777e-05,0.999415,,,,,,,,,,,,,,,,,,,,,,,0.016171018359741322,IN,5
142,1636148068921376768,Gaia DR3 5332606625654481792,5332606625654481792,1090256876,2016.0,176.40230280826052,6.19526,-64.81873949716574,5.901749,,,,,,,,,-0.6988334,,,,,,,,,,44,0,43,1,2.429641,62.42749,5.929006,1.1427215,3,False,,,,,,,,,5,4,551.5808,5,1,1,0.068603285,65.51079,0,0,,0.58034223,0.23937218,0.41016933,0.5616879,-83.12705,69.711754,31.65848,10.626895,False,44,65.63042556165298,2.3934302,27.421072,21.144604,2,5.713910488510613,0.6690798,8.539954,23.446209,5,75.35555983542513,9.650081,7.808801,20.055107,1.2352421,0,0,0,0,0,3.3911018,2.3016052,1.0894966,,,,,,,,,,,,,,,,,,,,,,,NOT_AVAILABLE,296.00018268973514,-2.8366407226986365,218.30951392798153,-57.23641043565199,False,False,0,False,False,False,False,False,False,False,False,0.0001368258,1.0630123e-05,0.9992397,,,,,,,,,,,,,,,,,,,,,,,0.0254225726493838,IN,5
241,1636148068921376768,Gaia DR3 5332606556935067008,5332606556935067008,310048786,2016.0,176.41947304197043,2.7893548,-64.83027333832497,6.947612,,,,,,,,,0.3348827,,,,,,,,,,38,0,37,1,-0.08872289,30.643192,0.0,0.0,3,False,,,,,,,,,5,5,75.11924,6,3,0,0.27407718,167.98828,0,0,,0.48706728,0.27935442,0.19714798,0.23693116,-127.33627,-76.1605,40.4511,29.253273,False,41,65.26182701478814,2.209355,29.538857,21.150719,3,15.69282809724002,1.1748818,13.356942,22.349289,3,68.73950533825234,0.6691789,102.72217,20.154879,1.2937477,0,0,0,0,0,2.1944103,1.1985703,0.9958401,,,,,,,,,,,,,,,,,,,,,,,NOT_AVAILABLE,296.01017289093414,-2.845958461141686,218.33432190651183,-57.238890163604864,False,False,0,False,False,False,False,False,False,False,False,0.0002318901,6.615161e-06,0.9991801,,,,,,,,,,,,,,,,,,,,,,,0.011930669966084998,IN,5
231,1636148068921376768,Gaia DR3 5332606385156980736,5332606385156980736,1450958756,2016.0,176.417494291502,3.1796722,-64.86578461399746,2.8555715,,,,,,,,,-0.23792768,,,,,,,,,,42,0,41,1,2.4341578,59.91526,3.42027,0.9403813,3,False,,,,,,,,,5,5,49.642403,6,1,0,0.045399837,58.70129,0,0,,0.3379688,0.34546256,0.26525298,0.44646558,-158.39114,17.565636,17.362812,15.550583,False,46,64.8283583422602,1.4189825,45.686512,21.157955,3,17.916491917099645,3.0600178,5.8550286,22.20541,4,64.26634238157332,14.531291,4.4226174,20.227936,1.2676989,0,0,0,0,0,1.9774742,1.0474548,0.9300194,,,,,,,,,,,,,,,,,,,,,,,NOT_AVAILABLE,296.01832541036543,-2.880533889814777,218.3814421267592,-57.26362919740453,False,False,0,False,False,False,False,False,False,False,False,0.00019219518,8.208136e-06,0.99908555,,,,,,,,,,,,,,,,,,,,,,,0.024738971699323205,IN,5
581,1636148068921376768,Gaia DR3 5332606350776564992,5332606350776564992,1798778220,2016.0,176.47944553571867,6.9470983,-64.84847423397053,17.927162,,,,,,,,,-0.7885844,,,,,,,,,,37,0,37,0,0.8025627,38.105587,3.7326367,0.7453627,3,False,,,,,,,,,5,4,10003.805,6,0,1,0.50539684,141.72989,0,0,,0.43997023,0.62671477,0.04165651,0.7497205,49.498283,72.996185,-26.70374,-3.7107975,False,44,63.889923730167176,1.7236426,37.066807,21.173786,2,33.65494984061716,10.32213,3.2604656,21.52092,2,48.65663365542217,65.5629,0.7421367,20.53004,1.2883344,0,0,0,0,0,0.99087906,0.34713364,0.6437454,,,,,,,,,,,,,,,,,,,,,,,NOT_AVAILABLE,296.0394676659278,-2.8571543430300963,218.39101234482246,-57.232553936628264,False,False,0,False,False,False,False,False,False,False,False,0.00052296283,3.0676067e-05,0.99816006,,,,,,,,,,,,,,,,,,,,,,,0.022607798290873452,IN,5
16,1636148068921376768,Gaia DR3 5332609408793753216,5332609408793753216,256593256,2016.0,176.3734006385351,6.226329,-64.84630115690507,5.924247,,,,,,,,,-0.91860545,,,,,,,,,,44,0,44,0,0.2233375,40.320423,0.0,0.0,3,False,,,,,,,,,5,4,1708.9954,7,2,0,0.05275813,65.28337,0,0,,0.42397058,0.27151412,0.27734283,0.3879627,-8.461873,61.352524,18.855516,9.593988,False,60,62.37729220957825,2.5671144,24.298603,21.1998,5,56.7582920652126,11.815718,4.803626,20.953468,6,92.97980851486959,8.181049,11.365267,19.826923,2.4005227,0,0,0,0,0,1.126545,-0.24633217,1.3728771,,,,,,,,,,,,,,,,,,,,,,,NOT_AVAILABLE,295.9952480080623,-2.8664136192343523,218.3314676607315,-57.264153349646335,False,False,0,False,False,False,False,False,False,False,False,0.00012208972,2.2463166e-05,0.9995525,,,,,,,,,,,,,,,,,,,,,,,0.02404587213280621,IN,5
366,1636148068921376768,Gaia DR3 5332606522595917440,5332606522595917440,1615401727,2016.0,176.44029749519956,6.474264,-64.84174627219929,5.1943955,,,,,,,,,0.7561323,,,,,,,,,,43,0,43,0,2.6461248,65.09214,5.9442654,1.252971,3,False,,,,,,,,,5,5,139.76219,6,2,0,0.17384028,74.08365,0,0,,0.13528764,0.7268632,0.19187924,0.44981265,-169.02008,-28.658146,-28.064573,-40.647186,False,49,57.67640791813857,1.9809878,29.114973,21.284872,5,45.467324365718014,13.33353,3.409999,21.194294,6,81.831164867665,12.328084,6.6377845,19.9656,2.2071154,0,0,0,0,0,1.2286949,-0.09057808,1.319273,,,,,,,,,,,,,,,,,,,,,,,NOT_AVAILABLE,296.0216475809676,-2.8548293332547336,218.36099619692715,-57.24018977652206,False,False,0,False,False,False,False,False,False,False,False,0.00016731954,2.9622444e-05,0.9995757,,,,,,,,,,,,,,,,,,,,,,,0.004876860531937263,IN,5
123,1636148068921376768,Gaia DR3 5332606591295086720,5332606591295086720,210512833,2016.0,176.39838638403924,18.959515,-64.83228593601896,6.4364347,,,,,,,,,-0.9076222,,,,,,,,,,43,0,42,1,1.7292309,53.10516,6.488937,1.8716726,3,False,,,,,,,,,5,5,235.91685,5,1,0,0.43822476,52.471672,0,0,,0.19062409,0.5940795,0.346055,0.7307269,56.364883,17.507408,-27.64377,7.5039234,False,37,57.36841074104685,2.7746289,20.676065,21.290686,2,79.10470292583703,63.70361,1.2417617,20.593037,3,66.80068985946448,2.14137,31.195305,20.185944,2.5433054,0,0,0,0,0,0.40709305,-0.697649,1.104742,,,,,,,,,,,,,,,,,,,,,,,NOT_AVAILABLE,296.00199303668194,-2.8501689198349824,218.32578962985562,-57.24683745523386,False,False,0,False,False,False,False,False,False,False,False,0.000388378,2.9180084e-05,0.9987151,,,,,,,,,,,,,,,,,,,,,,,0.015903305247638257,IN,5
134,1636148068921376768,Gaia DR3 5332606453853788672,5332606453853788672,312503427,2016.0,176.40071189056948,1.9532272,-64.85866021287823,1.3775841,3.3835382077330873,2.063987,1.6393216,6.8857217,-6.610464229520089,2.1958647,1.927414808496261,1.6842455,0.45180124,0.56222,-0.16525546,0.27916706,0.62063646,0.16060498,0.3460658,-0.01898658,0.25903463,0.33876854,120,0,119,1,0.89160407,135.8914,2.7870152,0.84140205,95,False,,1.516904,0.36264092,0.23441395,0.018798592,0.028295897,-0.32999548,-0.029958313,14,12,3.2455661,18,5,0,0.07051734,133.87566,0,0,1.0568849,0.021990458,0.39227057,0.07630962,0.16752192,109.68079,-17.358866,32.627525,6.554507,False,0,,,,,0,,,,,6,78.11854690430224,8.508308,9.181443,20.01601,,,,0,0,0,,,,,,,,,,,,,,,,,,,,,,,,,,NOT_AVAILABLE,296.00961821120023,-2.8754390865796173,218.3628188033374,-57.264025339558884,False,False,0,False,False,False,False,False,False,False,False,0.000116648844,2.0815283e-09,0.99987453,,,,,,,,,,,,,,,,,,,,,,,0.0208967873731951,IN,5
150,1636148068921376768,Gaia DR3 5332606488214678272,5332606488214678272,1470311964,2016.0,176.40450756496676,2.4822023,-64.84428032657313,5.031376,,,,,,,,,0.12834147,,,,,,,,,,53,0,52,1,2.3506565,72.77672,4.964902,1.9401449,3,False,,,,,,,,,6,6,11.533515,7,1,0,0.17671154,124.6215,0,0,,0.598851,0.26434124,0.6881077,0.44149244,-148.91432,-81.75596,21.457705,-16.019854,False,0,,,,,0,,,,,7,70.35902620170569,7.573431,9.290244,20.129597,,,,0,0,0,,,,,,,,,,,,,,,,,,,,,,,,,,NOT_AVAILABLE,296.00754628787024,-2.861117742695646,218.345328436589,-57.25307554060412,False,False,0,False,False,False,False,False,False,False,False,0.00021868649,2.6181246e-05,0.999147,,,,,,,,,,,,,,,,,,,,,,,0.01070503937229258,IN,5
273,1636148068921376768,Gaia DR3 5332606522600611584,5332606522600611584,1514046115,2016.0,176.42525412336923,5.917576,-64.83928708809798,16.806316,,,,,,,,,-0.31763622,,,,,,,,,,44,0,43,1,6.8469763,132.85786,14.767262,25.866632,3,False,,,,,,,,,5,4,654.96716,5,5,0,0.32921758,146.55197,0,0,,0.36956963,0.6203447,0.5047483,0.7438541,-56.30001,79.878654,25.23529,-0.127507,False,0,,,,,0,,,,,5,203.48240689222607,16.421663,12.391096,18.976578,,,,0,5,0,,,,,,,,,,,,,,,,,,,,,,,,,,NOT_AVAILABLE,296.0148302875133,-2.854061124452539,218.34963063424914,-57.243211291710814,False,False,0,False,False,False,False,False,False,False,False,4.3877513e-05,5.6547382e-05,0.9994952,,,,,,,,,,,,,,,,,,,,,,,0.002703112775844291,IN,5
