ra,dec,x,y,e1,e2,res,sigmae,rkron,extendedness,blendedness,psf_used,e1_sdss,e2_sdss,e1_psf_sdss,e2_psf_sdss,e1_hsm,e2_hsm,e1_psf_hsm,e2_psf_hsm,i_e1_psf_sdss,i_e2_psf_sdss,u_psf_mag,u_psf_magerr,u_cmodel_mag,u_cmodel_magerr,g_psf_mag,g_psf_magerr,g_cmodel_mag,g_cmodel_magerr,r_psf_mag,r_psf_magerr,r_cmodel_mag,r_cmodel_magerr,i_psf_mag,i_psf_magerr,i_cmodel_mag,i_cmodel_magerr,z_psf_mag,z_psf_magerr,z_cmodel_mag,z_cmodel_magerr,Y_psf_mag,Y_psf_magerr,Y_cmodel_mag,Y_cmodel_magerr,idn,Weigth
303.1542119,-56.83144377,23813.28629,24044.32206,-0.275994539,-0.426721245,0.79548645,0.04391291,12.93782806,1,0.024673774,0,nan,nan,-0.014529289,0.032348562,-0.21059604,-0.313632548,-0.015148271,0.032725684,0.008189282,0.048097168,nan,0.53441718,nan,0.053870425,24.94226316,0.070895464,21.94009385,0.110336694,23.90110387,0.024373915,19.93904771,0.011913247,23.39015478,0.019114218,19.39012866,0.013482185,23.05489618,0.028559322,19.23195155,0.021812694,23.15155006,0.090633292,20.38427888,0.186984121,779461,1
303.1440673,-56.82180075,23889.23026,24176.33977,0.05266539,-0.024921149,0.597354949,0.005960112,5.318011284,1,0,0,0.020202146,0.002426225,-0.015846242,0.033678671,0.020230256,0.002638666,-0.015865201,0.033664864,0.007329636,0.04298845,23.60345556,0.055477761,23.26368257,0.055849657,22.24681753,0.006488208,21.69866021,0.006043031,21.45921526,0.002916867,20.77520591,0.002676728,21.2081198,0.003481507,20.45965314,0.003223729,20.92548085,0.004312216,20.28237581,0.003939391,20.92020826,0.012032568,20.3111939,0.011206072,779549,1
303.1389247,-56.8197328,23927.74798,24204.65307,-0.496015936,-0.181086913,0.495267123,0.032608215,9.292430878,1,0,0,nan,nan,-0.015810813,0.033619891,-0.086407967,-0.00265484,-0.015811896,0.033623859,0.007377123,0.042985421,nan,0.678446102,nan,0.129375661,24.79791709,0.060353624,21.70738284,0.055229856,23.26217871,0.013298749,20.01819481,0.009541411,22.69910778,0.010719765,19.58026799,0.010998935,22.39211386,0.015235929,19.38937024,0.015806765,22.53560006,0.052820032,20.4108245,0.126538875,779574,1
303.131323,-56.81207995,23984.69127,24309.41166,0.3910878,0.005954134,0.639760435,0.076669574,10.10147858,1,0.004009691,0,nan,nan,-0.015739706,0.031889107,0.206026688,0.011018429,-0.015745467,0.032021195,0.005962851,0.039957355,28.08377049,3.45282169,nan,0.44059298,25.44498779,0.104313952,23.54006127,0.138852518,24.27177077,0.03337014,21.73944616,0.025569633,23.73808462,0.025916339,21.3903795,0.026318633,23.37842657,0.039031458,21.21180659,0.042614065,23.55123219,0.131462562,21.91122811,0.237455245,779641,1
303.1369948,-56.82586799,23942.21474,24120.67511,0.596829116,-0.057848997,0.747884989,0.025129886,10.89940643,1,0.772835102,0,0.369703526,-0.018776221,-0.014879259,0.035055807,0.369111776,-0.018389706,-0.014917087,0.035130259,0.008862322,0.04708937,23.11301633,0.035408081,22.29496111,0.030376864,23.66602469,0.021802459,22.46351274,0.017315286,23.44873344,0.016512601,21.75933989,0.013239252,23.09534163,0.015851596,21.4707653,0.013373648,22.44194254,0.016544409,20.81837818,0.01430844,21.92568732,0.029768898,20.35683173,0.025638387,783414,1
303.1468865,-56.83077908,23868.143,24053.4375,0.484140873,0.694747031,0.866035402,0.00326015,9.787483215,1,0.119670865,0,0.382737155,0.552956947,-0.014974345,0.032819239,0.384549648,0.551210284,-0.015011665,0.032888759,0.008995729,0.04793759,23.48079935,0.048148853,22.49766499,0.03981278,22.58428289,0.008735535,21.15498683,0.006388928,21.45924528,0.003000453,19.78417843,0.002350585,21.05942905,0.003157688,19.23603282,0.002746526,20.55710379,0.003263915,18.823,0.002725989,20.46538588,0.007786775,18.71233658,0.00642143,783899,1
303.1488916,-56.8316865,23853.18845,24041.06165,-0.201446742,0.734039307,0.967440009,0.00842397,28.39240456,1,0.579081671,0,nan,nan,-0.014904482,0.0321391,-0.189893678,0.665731788,-0.015128119,0.032593876,0.009207013,0.048385966,24.93947667,0.184780751,nan,0.116205695,23.20110692,0.014786079,19.45936856,0.01052685,22.714982,0.008525315,18.68000426,0.004761302,22.55771644,0.009156059,18.38450039,0.005366677,22.13353462,0.012525642,18.03338969,0.006747477,22.13185116,0.03621502,18.62668124,0.034025109,783900,1
303.1461177,-56.82854602,23873.89336,24084.00557,-0.007220928,-0.048849802,0.812905252,0.029015858,13.30640125,1,0.077066983,0,0.117070363,0.05495131,-0.016490134,0.032493192,-0.017098393,-0.033793382,-0.016529119,0.032562234,0.008624432,0.046624035,nan,0.564382934,nan,0.074533736,25.59575377,0.132813478,22.22722093,0.045497269,24.11576381,0.029260696,20.63086123,0.009389394,24.18800463,0.039899039,20.37884843,0.012846985,23.65238698,0.0504773,20.23970951,0.017352221,24.07001444,0.214549294,19.87366573,0.108763792,784066,1
303.152175,-56.82687456,23828.51966,24106.87177,-0.001912228,0.073306993,0.584673941,0.024067067,7.164300442,1,0.029942836,0,-0.01583533,0.049605907,-0.014943219,0.035357212,-0.015867548,0.051760633,-0.014980838,0.035431929,0.008753997,0.047192721,26.11897769,0.553313175,26.44064657,1.037512587,23.74122664,0.023249168,23.20466302,0.022300704,22.97505512,0.01033673,21.99992176,0.009499753,22.85262421,0.011999384,21.87942066,0.011020571,22.68378365,0.020723499,21.82955499,0.019239312,22.68833581,0.059287599,21.81328503,0.058493788,784094,1
303.1450986,-56.82582656,23881.51707,24121.2318,0.350682914,0.278112203,0.508450687,0.008578967,6.508690834,1,9.88E-05,0,0.132709788,0.131635059,-0.014889464,0.035230192,0.132033288,0.132050663,-0.014927086,0.035304807,0.008726772,0.047144031,22.92547672,0.029689713,22.67821814,0.030049338,22.4899995,0.007769268,22.01970542,0.007429112,21.65158558,0.003469472,21.07583669,0.003273322,21.48541004,0.004146686,20.90749198,0.003920638,21.25147492,0.005768084,20.68390061,0.005425533,21.18741735,0.015090995,20.72795279,0.014617041,784111,1
303.1432615,-56.82512714,23895.14332,24130.98691,nan,nan,nan,nan,6.480087757,1,nan,0,0.002309232,0.027920102,-0.014867447,0.035213942,nan,nan,-0.014905063,0.035288483,0.008749197,0.047120658,nan,0.644939696,nan,0.099033097,25.54355891,0.118760833,21.91469473,0.045038692,25.11244067,0.073203048,21.1819481,0.021495257,23.81200498,0.029715705,19.58095378,0.015357889,23.01697871,0.027812384,18.87093649,0.017683492,23.01727443,0.081146273,19.73531321,0.116064315,784112,1
303.1503337,-56.82601444,23842.30693,24118.64958,-0.28556487,0.010349152,0.741105616,0.043916546,13.44883633,1,0.141239627,0,-0.185502198,0.013170125,-0.014910708,0.035343183,-0.145542607,0.019862328,-0.014948472,0.035418294,0.008767273,0.047195803,27.27939043,1.598628736,nan,0.066810121,24.93278901,0.067669188,24.24900016,0.65432945,24.04562604,0.027176847,20.52327563,0.018393487,23.84322872,0.02875966,20.43617401,0.026397218,23.62798185,0.049784792,20.36150961,0.046380027,24.24353716,0.247841887,nan,0.116593743,784171,1
303.1519752,-56.81620032,23829.96827,24252.98356,0.085110888,0.210775152,0.829467356,0.004776295,26.34054184,1,0.000179366,0,0.05939091,0.163891669,-0.015251195,0.032509441,0.061444502,0.165191129,-0.015290971,0.032577321,0.005863212,0.040306557,23.52127744,0.050284288,22.62164347,0.04329209,22.40916254,0.007183329,21.18520746,0.005635955,21.67239968,0.003477347,20.39825144,0.002689924,21.50380643,0.0041034,20.08733499,0.003276992,21.22896628,0.005454006,19.95175824,0.004206409,21.283309,0.016863204,20.04057711,0.013445076,784960,1
303.1376032,-56.81239511,23937.63568,24305.0942,0.511134028,0.246483281,0.698667049,0.000266541,6.752348423,1,0.000635314,0,0.286387977,0.157116162,-0.015032454,0.032279214,0.286822975,0.157462001,-0.01507165,0.032346159,0.005955111,0.040554588,20.54786427,0.005503344,19.48116413,0.005275383,19.20241519,0.002201517,17.95672582,0.002171433,18.36517495,0.001246742,17.10529362,0.001233134,18.07618481,0.002100019,16.70737778,0.002093148,17.73514824,0.001252498,16.46120181,0.001236075,17.65117748,0.001035048,16.35799178,0.000944855,785333,1
303.1499751,-56.80770838,23844.94188,24369.26181,0.650403976,0.178119764,0.910476506,0.003244647,5.964366913,1,0.000581555,0,0.561068763,0.158462732,-0.016608481,0.030356779,0.561361432,0.158942714,-0.016649401,0.03042041,0.005989145,0.040357696,22.99127037,0.032513709,21.80546813,0.026530086,22.04162472,0.005103134,20.42365798,0.003722737,21.59982692,0.003210911,19.92963346,0.002259181,21.55161371,0.004174124,19.70538563,0.003038723,21.31708679,0.006012761,19.64874991,0.004067186,21.40507418,0.018842609,19.73665457,0.012736488,785538,1
303.1463428,-56.80686159,23872.1344,24380.82617,0.47569707,0.387649566,0.680474639,0.008947413,3.798693895,1,0.068789688,0,0.291151025,0.254674644,-0.016558263,0.030283573,0.291199058,0.254970104,-0.016599134,0.030347051,0.005973836,0.040299659,23.51207141,0.050965037,22.73059718,0.044819604,22.59213766,0.007932814,21.73699586,0.007089057,22.04982666,0.004670917,21.15791644,0.004136527,21.8999742,0.005267603,20.96752759,0.004647762,21.67481329,0.008167533,20.80960112,0.007164083,21.75397106,0.025767202,20.93381284,0.022779772,785539,1
303.1467249,-56.78346639,23869.18936,24701.06411,-0.129030943,0.110971399,0.818799615,0.004858283,6.923457146,1,9.36E-05,0,-0.097551056,0.090784,-0.016409761,0.031784077,-0.097492076,0.090944581,-0.016448928,0.031847589,0.004915661,0.037533421,23.33759511,0.041691407,22.43569245,0.036031087,22.42218231,0.006764088,20.93365563,0.005377544,21.81131587,0.003724973,20.30909793,0.002959675,21.65167901,0.004502485,20.01804792,0.003617288,21.42432846,0.006662259,19.96334988,0.005242269,21.40782746,0.019313345,19.96501163,0.014932136,786941,1
303.1363423,-56.80188219,23947.06863,24448.99835,0.69709748,-0.472015709,0.458605319,0.015136557,5.468962669,1,0.606463483,0,0.247187214,-0.155298953,-0.016196362,0.028169074,0.247298449,-0.155570969,-0.016237389,0.028229998,0.006357947,0.041236024,23.32026699,0.042397886,23.13224545,0.043323923,23.10606084,0.012766007,22.62751459,0.012272433,22.15951007,0.0052639,21.68343168,0.005019145,21.59496124,0.004529168,21.08050667,0.004294949,21.25805609,0.005900608,20.80467527,0.005612274,21.19220831,0.015659429,20.72005157,0.014881205,787056,1
303.1453589,-56.79695773,23879.47549,24516.3941,-0.212665603,-0.155552804,0.834098935,0.004073708,6.042769909,1,0.071229563,0,-0.179619516,-0.118694297,-0.016024052,0.028463221,-0.174662307,-0.122430064,-0.016064223,0.02852292,0.005909372,0.041626031,22.64144213,0.022938888,21.61945292,0.018257059,22.32728465,0.006608883,20.93234757,0.004686802,21.56680335,0.003069813,20.1636576,0.002273876,21.39107546,0.003796319,19.80827793,0.002909946,21.02127515,0.004669629,19.62929647,0.003393641,20.90408591,0.011962719,19.4463806,0.008098068,787057,1
303.1480751,-56.79523763,23859.10957,24539.93412,-0.046470761,-0.037120417,0.337206095,0.016643446,2.82867527,1,1.23E-05,0,-0.024326006,0.008959937,-0.015983611,0.028588675,-0.025286669,0.008789544,-0.016023515,0.028648753,0.006007282,0.041747911,23.41224736,0.046326286,23.26243807,0.046079743,22.58121007,0.008294597,22.35471052,0.008160765,21.81432847,0.003782618,21.57237648,0.003685108,21.62867428,0.004438506,21.32751516,0.004297757,21.42803183,0.006642428,21.17425788,0.006480666,21.46287978,0.019742095,21.18945884,0.019229202,787058,1
303.1317894,-56.8062521,23981.19423,24389.18448,-0.248127267,0.096563108,0.750471115,0.010800675,5.952186584,1,0.537372668,0,-0.174900127,0.080547499,-0.017140897,0.029714309,-0.174390972,0.0812269,-0.017184064,0.029778184,0.006280184,0.039954848,23.40280926,0.045555315,22.64200695,0.03757544,23.50835257,0.018138654,22.47495097,0.013720761,22.40826233,0.006306355,21.44194932,0.005156977,21.94583356,0.005575763,20.87823497,0.00468283,21.63356296,0.007851253,20.71345558,0.006799876,21.60474739,0.022662906,20.61766944,0.0188306,787059,1
303.1287537,-56.81742677,24003.94195,24236.22338,-0.157057241,-0.043505151,0.551211596,0.01202072,9.827091217,1,0,0,-0.445169349,-0.062926489,-0.0191258,0.03033655,-0.052795824,0.011842821,-0.019627772,0.028040864,0.005824337,0.039501974,25.1060874,0.28146287,22.07600934,0.186593409,23.16433969,0.01389449,19.9324935,0.010065079,22.14895929,0.005424583,18.91297084,0.003928966,21.82600531,0.005095074,18.45646003,0.004190733,21.5833322,0.007405522,18.32226522,0.005319518,21.57673082,0.022029249,18.26385901,0.017052557,1008219,1
303.117589,-56.80972429,24087.66197,24341.42977,-0.271227151,0.042283144,0.759770572,0.01205938,13.50791359,1,0,0,-0.069152018,0.469890974,-0.01998158,0.026107628,-0.156685174,0.030693924,-0.020013461,0.026191397,0.006219044,0.039419511,23.17393959,0.048059815,22.72197022,0.048053083,23.02383108,0.011829026,21.86823784,0.010846864,22.68983606,0.008273672,21.33534143,0.007013012,22.50580051,0.008567744,21.0848272,0.007476108,21.96446899,0.010747874,20.66058444,0.009637638,21.97755546,0.031644505,20.68763304,0.028896896,1008270,1
303.1179025,-56.80807029,24085.31872,24364.2861,0.294793785,0.113075748,0.834009051,0.016697107,15.79491329,1,0,0,-0.060603504,0.352842461,-0.019906663,0.026171594,0.208667457,0.081734166,-0.019952327,0.026251227,0.006151715,0.039858185,23.60028917,0.070729545,23.02744247,0.066486073,23.52325532,0.01831164,22.59952626,0.015498777,23.09659854,0.01164755,21.55888434,0.009259743,22.61512522,0.009575754,21.26008916,0.008050958,22.24600468,0.013831958,20.82411171,0.011611548,22.33106136,0.04365608,21.39628409,0.036848905,1008283,1
303.1133896,-56.805409,24119.04884,24400.50197,0.112232089,0.102907293,0.620298147,0.048393965,10.3532486,1,0.000974969,0,-0.112286807,0.336604352,-0.019827965,0.026142075,0.0596564,0.066997483,-0.019844959,0.026228791,0.006179571,0.040688727,25.31051628,0.333767933,24.03235813,0.357949016,24.17902464,0.033288179,22.46760155,0.029376312,23.6364124,0.018643879,21.77158331,0.014619535,23.5181465,0.020845568,21.64232761,0.017751266,23.16887783,0.031814438,21.34569199,0.02626521,23.24586134,0.099837609,21.5411458,0.093725381,1008308,1
303.1171402,-56.80377479,24090.97971,24423.08643,-0.136139929,0.097835384,0.875137687,0.020137789,15.71125698,1,0.029437663,0,-0.028349185,0.106729129,-0.019754161,0.026308528,-0.118657596,0.086521722,-0.019798547,0.026362225,0.006481401,0.0396323,24.1121373,0.110888236,20.87018986,0.09969709,23.97470171,0.026858055,19.90131144,0.015020618,23.41966542,0.01564404,19.13318214,0.006897684,23.26681121,0.016543272,18.89033633,0.008221353,22.68985913,0.020981876,18.50405387,0.010880316,22.54623522,0.054773186,18.32271804,0.027369103,1008319,1
303.0646371,-56.79075386,24484.62844,24601.09838,0.054212335,-0.019780895,0.801020682,0.150934771,14.86471176,1,-0.009910589,0,0.066433513,0.019317892,-0.019601158,0.024341726,0.035944033,-0.007376426,-0.019645477,0.024384329,0.005442009,0.037265901,26.23726356,0.769968951,22.45908336,0.288238593,26.4636544,0.262695371,21.988398,0.069964439,25.2112502,0.07851732,21.11256091,0.038612134,24.44911668,0.05174091,19.97964848,0.037452817,24.22230127,0.086055809,20.00342049,0.070883966,24.77907464,0.413994893,20.806748,0.188007253,1008444,1
303.1192283,-56.78842617,24074.2396,24631.53454,-0.032148372,0.125879854,0.824275017,0.041159846,15.28571892,1,0,0,-0.241263524,-0.241358789,-0.020274791,0.024797139,-0.028248414,0.099500723,-0.020292761,0.024842175,0.005525898,0.038059155,25.63312159,0.439501011,22.78091955,0.238589996,24.53008497,0.047452298,21.03363178,0.023826634,23.90717335,0.025094263,20.29286569,0.013055298,23.77814301,0.027976233,19.9819564,0.014716758,23.5378672,0.044964646,19.8927289,0.026848147,23.34517261,0.114400101,19.90096962,0.056940334,1008469,1
303.128618,-56.79831329,24004.9611,24497.85292,0.023849409,-0.196840897,0.793546796,6.07E-05,9.402187347,1,0.066184572,0,0.008797136,-0.117709699,-0.019379159,0.025040591,0.008793476,-0.11771062,-0.019423045,0.025092088,0.005959117,0.040972108,19.14913737,0.004473586,17.60126023,0.004413401,17.81506811,0.002134929,16.02503193,0.002125857,16.98864546,0.001219548,15.16447525,0.001214852,16.68978036,0.00208669,14.74508765,0.002084461,16.32944527,0.001214518,14.49242175,0.001209663,16.23958766,0.000774167,14.37813331,0.000743956,1011397,1
303.1227758,-56.80012526,24048.74894,24473.04789,-0.574449837,0.266038954,0.734898806,7.89E-05,7.28354311,1,0.103786915,0,-0.370912634,0.180509165,-0.019459656,0.02497077,-0.372226924,0.181387767,-0.019504411,0.025023494,0.006411267,0.040759733,19.37736677,0.004569217,18.24930591,0.004512553,17.93685874,0.002138091,16.58392612,0.002129496,17.08489809,0.001221068,15.6918662,0.001216518,16.77913345,0.002087071,15.27250399,0.002085019,16.4165276,0.001215705,15.00425752,0.001211148,16.33365546,0.000781512,14.88921596,0.000752931,1011398,1
303.1066436,-56.79781025,24169.67296,24504.71029,0.105829634,0.10241618,0.576050937,0.00012095,5.33531332,1,0.041755412,0,0.042589929,0.064077332,-0.018612842,0.025063257,0.042698093,0.064173944,-0.018654812,0.025113614,0.006585185,0.041050693,19.54836196,0.004632706,18.84721743,0.004585947,18.07725418,0.002142143,17.27497304,0.002134884,17.15939928,0.001221699,16.33815422,0.001218325,16.79003082,0.002087121,15.88889481,0.00208564,16.40330903,0.001215811,15.55455946,0.001212621,16.27353656,0.000776275,15.37681743,0.000757985,1011399,1
303.1139202,-56.82676405,24115.04041,24108.3996,0.24331902,-0.229818374,0.948128283,4.95E-05,18.23867798,1,0.248611202,0,0.200633605,-0.189087536,-0.01835392,0.03146767,0.200479135,-0.189007789,-0.018396707,0.031533442,0.009353072,0.046649653,19.21105655,0.004500132,16.35613977,0.004359326,18.06715682,0.002141352,15.0447704,0.00212337,17.20545255,0.001223959,14.15947753,0.001213877,16.93341291,0.002088218,13.71996463,0.002083896,16.50374901,0.001216428,13.43718632,0.001207993,16.38012421,0.000779603,13.23688994,0.000729767,1011400,1
303.0897193,-56.79880025,24296.52264,24491.10104,-0.215477884,0.278544903,0.742591262,0.000102372,7.72535181,1,0.207779025,0,-0.135406915,0.179830762,-0.018612398,0.024797953,-0.135359243,0.180070043,-0.018654807,0.024847904,0.006930026,0.041538439,19.27977765,0.004512573,18.00942214,0.004448121,18.16930152,0.002145785,16.69015325,0.00213299,17.41770366,0.001225338,15.93243786,0.001218936,17.17370289,0.002089944,15.60311777,0.002086671,16.86061401,0.00122346,15.38064984,0.001215975,16.73690205,0.000832211,15.2318097,0.0007867,1011401,1
303.0774767,-56.80225347,24388.25006,24443.77118,0.038997006,-0.169409752,0.370923698,0.000264627,3.614831209,1,0.073544941,0,-0.001125471,-0.033686588,-0.018782474,0.024623838,-0.001108168,-0.03366638,-0.018826023,0.024674768,0.006872946,0.040466741,19.69487081,0.004734821,19.41458239,0.004725867,18.26978371,0.002147536,17.93030614,0.002143266,17.42168803,0.001225727,17.07677228,0.001223375,17.06256122,0.002088736,16.65978571,0.002087646,16.72644117,0.001220784,16.36759543,0.001218364,16.60662387,0.00081658,16.22158505,0.000800926,1011402,1
303.0913939,-56.80305717,24283.93896,24432.83847,0.047727022,0.030444304,0.812734127,8.81E-05,8.039912224,1,0.11159087,0,0.02730761,0.029280946,-0.018983694,0.02617583,0.027307406,0.02927075,-0.019026665,0.026228659,0.006804019,0.039433343,19.61241062,0.004687142,18.01115038,0.004552803,18.26935571,0.002145442,16.60773713,0.002130811,17.39782697,0.001224432,15.70556058,0.001216992,17.10494217,0.002088498,15.28720229,0.002085168,16.67856903,0.001218531,14.94965403,0.001211397,16.56887626,0.000809884,14.76668668,0.00075905,1011403,1
303.12837,-56.82709221,24006.81465,24103.92073,0.224571019,0.03405828,0.567855775,0.00031028,5.162799835,1,0.224908022,0,0.094349117,0.034394463,-0.018347279,0.031701332,0.094510607,0.034398571,-0.018389661,0.031767536,0.008748467,0.046692776,20.12837304,0.005232222,19.42567088,0.005099667,18.87604513,0.002183368,18.03834851,0.002165592,18.09578363,0.001246955,17.27957522,0.001237027,17.75520172,0.002097379,16.85690736,0.002092908,17.41041927,0.001239304,16.57992901,0.001230328,17.22840832,0.000913141,16.33746823,0.000861716,1011407,1
303.0904667,-56.79936516,24290.91619,24483.37165,-0.446037948,0.85327363,0.430605799,0.000470789,6.679597855,1,0.445378687,0,-0.088866684,0.161391341,-0.018634719,0.024788367,-0.09237916,0.181118637,-0.018677255,0.024838092,0.007041902,0.040757706,19.56608559,0.004660973,19.16021736,0.004649469,18.77030496,0.00218881,18.24451013,0.002177839,18.40782293,0.001266976,17.84868353,0.001257483,18.34771813,0.00211912,17.72749019,0.002112341,18.22783745,0.001329883,17.63833604,0.001308682,18.18321296,0.001461198,17.56650196,0.00136379,1011408,1
303.0929617,-56.8078935,24272.15362,24366.64421,0.203850597,-0.169747025,0.485337198,0.000417723,4.575573921,1,0.175647828,0,0.068830661,-0.049304587,-0.019152751,0.026046245,0.068959832,-0.049420524,-0.019196186,0.026099145,0.006497499,0.039665143,20.33306874,0.005595403,19.83894163,0.00549351,19.07089937,0.002190163,18.44830309,0.002175615,18.26855122,0.001248446,17.65634442,0.001240486,17.95709933,0.00209984,17.27549651,0.002095939,17.61941749,0.001248581,16.9939222,0.001240014,17.45396418,0.000984976,16.78947706,0.00093648,1011409,1
303.1272536,-56.80033584,24015.18761,24470.16753,-0.342738718,-0.282455832,0.651088595,0.001003802,8.980837822,1,0.513248449,0,-0.177126643,-0.125479504,-0.019485309,0.025044924,-0.174567848,-0.124706239,-0.019529874,0.025097856,0.006261921,0.040846633,21.60753094,0.012093224,20.55373097,0.011123332,20.43004654,0.00259554,19.1716589,0.00246291,19.72414969,0.001471604,18.43484311,0.001393385,19.47010706,0.002218819,18.0720645,0.002173511,19.18852563,0.001603266,17.87554221,0.001495061,19.14799985,0.002754295,17.7859328,0.002322573,1011416,1
303.0835262,-56.80116206,24342.92111,24458.74305,-0.039227456,-0.077922449,0.359261394,0.002631114,3.639505386,1,0.39017347,0,-0.023920925,-0.00773028,-0.018740038,0.024727367,-0.023919484,-0.007767997,-0.018783266,0.024778476,0.006825701,0.040550028,21.40693895,0.010326286,21.14086113,0.010260221,20.51858583,0.002633246,20.24734219,0.002589324,19.85705094,0.001491982,19.58522775,0.001466145,19.59824088,0.002234929,19.26445881,0.002216939,19.29376043,0.001642255,19.01585735,0.001608784,19.09031381,0.002603242,18.78772615,0.002485452,1011417,1
303.0917782,-56.83006398,24280.85525,24063.16517,0.151166841,0.081641093,0.369190723,0.004041778,3.83833313,1,0.492544117,0,0.031805134,0.045087949,-0.017835244,0.028519941,0.031880822,0.045110896,-0.017875429,0.028577859,0.009205133,0.045685194,21.5461289,0.012060894,21.26223953,0.011947124,20.89306711,0.003128408,20.52002322,0.003049493,20.32437903,0.00178307,19.9591553,0.001736322,20.17862452,0.002510146,19.74902639,0.002471343,19.83180676,0.002159221,19.46186365,0.002104142,19.48817005,0.003567016,19.12084642,0.003400367,1011420,1
303.0684641,-56.80063073,24455.81671,24465.92789,0.222279787,-0.318208903,0.550372124,0.002452026,4.329825401,1,0.288411804,0,0.099710139,-0.138203122,-0.018730223,0.024581584,0.099519797,-0.138889596,-0.018773623,0.024632366,0.006961603,0.040388002,22.81381366,0.033831182,22.17541493,0.031392664,21.73431368,0.004361178,21.23640397,0.004063607,20.31747494,0.001674552,19.80182607,0.001594638,19.71763039,0.002239984,19.10739561,0.00220125,19.15983971,0.001529959,18.60844649,0.001461233,18.8987519,0.002227601,18.28660021,0.001930683,1011424,1
303.0921871,-56.79906927,24278.77188,24487.76175,-0.613442123,-0.039537698,0.99403125,0.001695663,43.57022858,1,0.930474815,0,-0.565961963,-0.041774843,-0.018629796,0.024815159,-0.603437066,-0.037562527,-0.018667234,0.02486925,0.006898691,0.041554203,26.57900812,1.074428835,21.1012956,0.152063135,22.42038519,0.007865926,18.31816837,0.002882004,22.01055844,0.005072002,17.82603456,0.001730605,22.05733177,0.006631404,17.66128031,0.002528718,21.56105368,0.008004154,17.36782457,0.002282899,21.27386834,0.017382163,16.98545648,0.004012189,1011429,1
303.0992548,-56.8243106,24224.8968,24141.9463,0.69532007,-0.374413759,0.697709739,0.006867012,8.022760391,1,0.790652225,0,0.398711332,-0.206605525,-0.017651802,0.031462258,0.398582935,-0.206968352,-0.01769257,0.031526923,0.008084079,0.040546574,22.36415801,0.024780448,21.94130656,0.025233308,22.19379903,0.006896027,21.14145637,0.006119724,21.80839994,0.004797964,20.69563628,0.00413052,21.75141944,0.005651264,20.54555055,0.004849843,21.49177277,0.007746382,20.32383882,0.006583427,21.09609015,0.014895973,19.86881855,0.012322268,1011432,1
303.1016265,-56.83029652,24207.09878,24060.01737,0.255287886,-0.345249802,0.665223122,0.011366213,9.093849182,1,0.862558456,0,0.118259512,-0.149856823,-0.017817604,0.028640812,0.118971169,-0.149357542,-0.017857581,0.028699018,0.009092441,0.045806339,22.80745679,0.035424486,22.35745279,0.038162998,22.81065481,0.011901197,21.46508653,0.010588827,22.36475971,0.00763207,20.9578795,0.006512953,22.22022592,0.00800995,20.68855915,0.00674209,21.96984073,0.011652761,20.51107048,0.009722938,21.70701368,0.025585297,20.19349438,0.020856425,1011437,1
303.068338,-56.79262907,24456.85942,24575.45558,0.25765565,-0.452463686,0.659826577,0.005106189,4.511283398,1,0.363558851,0,0.159288273,-0.276012081,-0.01841024,0.024747771,0.159513906,-0.276522994,-0.018452462,0.024797132,0.005949457,0.038637532,22.60532902,0.028288185,21.69160922,0.02492106,22.26024739,0.006261792,21.55926769,0.005412725,21.33079761,0.002780814,20.63231806,0.002473638,20.95964449,0.003079597,20.15968136,0.002821541,20.33677438,0.002874812,19.60641305,0.002518699,20.15054277,0.006176517,19.19009046,0.004924699,1011440,1
303.1183335,-56.81633133,24082.00888,24251.21139,-0.30099389,-0.815480173,0.829905152,0.007524605,9.542645454,1,0.735359974,0,-0.223683338,-0.592239272,-0.019912615,0.027575577,-0.224447668,-0.594242275,-0.019956568,0.027629243,0.00642631,0.039823706,21.99918913,0.016317709,20.59898303,0.013310601,22.26845525,0.006739627,20.76664894,0.005507669,22.20315485,0.006143946,20.60535401,0.004930508,22.06263623,0.006464097,20.38283352,0.005337472,21.97737616,0.010794497,20.37000336,0.008783614,21.58160413,0.022206223,19.91260888,0.017327791,1011443,1
303.1080786,-56.80219841,24158.94981,24444.75602,0.027040822,0.00870193,0.834907055,0.011160784,11.48601341,1,0.608432394,0,0.013314014,0.010584534,-0.0188236,0.025013625,0.013338866,0.010556034,-0.018866656,0.025065342,0.007105291,0.040525487,23.33621476,0.052821741,21.62335696,0.041260097,23.13037783,0.01338102,21.72602208,0.010304174,22.69882428,0.008485895,21.17881176,0.006374274,22.67070258,0.010086563,21.10528782,0.007352076,22.14857582,0.01304674,20.56479562,0.00964888,22.58071585,0.055488144,20.97069987,0.066136508,1011458,1
303.0987405,-56.80010942,24228.89712,24473.21552,0.195981339,0.218381926,0.696997404,0.022624096,8.371852875,1,0.760196964,0,0.103195132,0.136691716,-0.018718545,0.024955832,0.103041746,0.136939675,-0.018761631,0.025007352,0.006952614,0.040832565,23.57578579,0.068239581,22.89176202,0.06356388,23.714872,0.022445,22.50750374,0.019718556,23.16528712,0.012802687,21.87860671,0.011068748,23.14558599,0.015806045,21.81042289,0.013496753,22.77522026,0.022918449,21.45598132,0.019807683,22.32014649,0.044066459,20.91662964,0.036105688,1011467,1
303.1231342,-56.79109118,24047.95538,24596.08163,nan,nan,nan,nan,4.026204586,1,nan,0,0.125822865,0.080694718,-0.020356421,0.024784178,nan,nan,-0.020400535,0.024833553,0.005215204,0.037642089,24.61772348,0.178671356,20.04649504,0.070618111,26.96839625,0.430460937,20.53241062,0.02405254,26.89181381,0.387962576,19.94459552,0.013995236,25.05594908,0.092934619,19.49295977,0.013108122,24.36983639,0.098414449,19.26785401,0.01933693,24.60173892,0.352734461,18.59057948,0.030801168,1011664,1
303.1245658,-56.81012531,24035.32322,24336.16612,0.36514765,0.480561495,0.567051828,0.000274672,5.279577732,1,0.002266682,0,0.151651557,0.230961919,-0.020015149,0.026273467,0.1516812,0.231024981,-0.020060141,0.026327889,0.005698922,0.039114923,20.34009819,0.005592129,19.70395561,0.005460617,18.90886712,0.002171504,18.12153947,0.002157614,18.04208156,0.001237314,17.23929765,0.001229979,17.70235797,0.002093501,16.81584841,0.002090339,17.36528852,0.001234942,16.54733958,0.001227274,17.26866553,0.000922045,16.43353451,0.000877257,1013543,1
303.1259381,-56.80931456,24025.92727,24346.86546,0.166760549,0.098576859,0.922183275,0.008656263,17.91993332,1,0.85018236,0,0.146247276,0.087559698,-0.019992833,0.026325459,0.135182306,0.08835341,-0.020037197,0.02638071,0.005680662,0.039132041,26.47914897,1.005218759,24.55828826,0.382968516,23.89708419,0.025630664,21.96225377,0.015919032,22.60861661,0.007643246,20.46532226,0.005374051,22.1504214,0.006519466,19.87418633,0.004981297,21.57423058,0.007656959,19.41799893,0.006136117,21.42378354,0.019138041,19.20728515,0.014601734,1013544,1
303.1104942,-56.78980383,24140.84055,24614.31266,0.022039898,-0.055821266,0.716562808,0.002400368,6.429919243,1,9.50E-05,0,0.006446515,-0.024673806,-0.019554203,0.025030085,0.006467436,-0.024769783,-0.019596314,0.025078651,0.005608401,0.037983181,22.69858179,0.030318731,21.63798871,0.027662573,21.50014368,0.003768208,20.25031456,0.003387854,20.74334578,0.001942288,19.47712276,0.001752605,20.46495317,0.002550136,19.08750629,0.002412008,20.17181145,0.002493777,18.895383,0.002221398,20.12541374,0.006114625,18.76981778,0.005155931,1014316,1
303.068443,-56.78881768,24456.11918,24627.6274,0.25883472,0.430008948,0.647113383,0.177117407,10.31061077,1,0.054964929,0,0.14838345,0.235501491,-0.019527061,0.024442016,0.151387572,0.271924406,-0.01956678,0.024485813,0.005555372,0.037540558,28.24553162,4.888427547,23.39380114,0.470096753,26.13087584,0.200032944,22.75719064,0.099170699,25.16823187,0.076227411,21.58204943,0.042296917,25.04038718,0.086476557,21.40982987,0.053673292,25.31835232,0.236042786,21.6836086,0.159550256,25.72328925,1.02712603,23.8467916,4.05607124,1014420,1
303.1112482,-56.78391399,24135.2094,24694.93564,-0.386499345,0.285392016,0.531949878,0.013267634,5.266292095,1,0.125374723,0,-0.183845481,0.15162298,-0.018883737,0.028002003,-0.182846472,0.15163137,-0.018923981,0.02805344,0.005394249,0.036763579,23.36995137,0.05640878,23.08022787,0.054861827,23.14271815,0.01263647,22.56679011,0.011969951,22.15076169,0.0051364,21.59611338,0.004807945,21.88769145,0.005382547,21.26099017,0.005016752,21.72455909,0.008574507,21.04615212,0.008011571,21.6662086,0.024381651,20.98660329,0.024024952,1014580,1
303.1091447,-56.78468165,24151.29407,24684.25381,nan,nan,nan,nan,5.804869175,1,nan,0,-0.347883911,-0.07826492,-0.019491311,0.025048124,nan,nan,-0.018949326,0.027990526,0.005654539,0.03801013,25.49725739,0.398596171,22.21211086,0.18310915,25.1699508,0.078580159,21.2589387,0.04247722,25.44046268,0.097199776,21.59319793,0.037583842,25.31106931,0.111858228,21.22466643,0.048918858,25.12048848,0.188767782,20.98487232,0.055987582,23.9137797,0.191242328,19.55362295,0.046408809,1014583,1
303.0690841,-56.78430074,24451.36661,24689.46056,0.291101098,0.592490911,0.915948987,0.058330335,19.86305428,1,0.663452887,0,0.084474488,0.236332601,-0.018957811,0.027387244,0.242780715,0.474123269,-0.018995011,0.027427075,0.005367816,0.036301777,24.65194281,0.176511629,22.01080229,0.170143982,24.98172588,0.067926439,22.17524343,0.07251166,24.69323047,0.049284656,21.30866703,0.031209604,24.33689618,0.045156531,20.91493997,0.031491581,24.08651202,0.075439401,21.4271053,0.096286716,24.83263986,0.442688145,22.34814669,0.385282532,1014679,1
303.0968306,-56.78237902,24243.32773,24715.90655,0.075909391,-0.274021953,0.656173885,0.016687931,8.206336975,1,0.421204205,0,0.032395161,-0.130243348,-0.018913565,0.027875389,0.033307504,-0.128655195,-0.018954709,0.027928546,0.005541742,0.036699289,24.07817121,0.1047077,23.30734844,0.108428593,23.49869189,0.017420477,22.21368834,0.014987663,22.83065515,0.009131836,21.54613192,0.008073918,22.18003479,0.006864416,20.85929043,0.006326544,21.55221998,0.00743682,20.30205469,0.00684495,21.30221147,0.017553586,19.92580585,0.014598497,1014908,1
302.7357104,-56.66361038,26960.60391,26333.20091,0.024347302,-0.19554688,0.613061488,0.190483943,9.862381935,1,0.004448868,0,-0.235599699,-0.293448679,-0.021746837,0.01558824,0.007328358,-0.118785813,-0.022394732,0.015295889,0.013782108,0.028584658,27.7543868,2.08830359,25.00481978,1.163096412,25.8951271,0.208375108,22.52118782,0.130172239,24.94714139,0.069148632,21.38815581,0.040035211,24.68188263,0.083144495,21.1453059,0.063412225,24.54832808,0.138022622,21.42532087,0.117945444,26.37502887,2.375089103,21.6511064,0.304398598,1009683,2
302.7285378,-56.65916659,27014.91574,26393.71574,-0.507112503,0.274352401,0.49033156,0.224376261,8.826551437,1,-0.004303018,0,-0.280365096,-0.474557449,-0.022647203,0.017937862,-0.245181143,0.141601995,-0.022717789,0.018020386,0.015381917,0.026806887,nan,1.874963587,nan,0.315651443,25.51077234,0.148281127,22.50810326,0.15524022,24.85348042,0.065608113,21.58028729,0.039459956,25.35669199,0.164194013,22.48066455,0.112414924,25.99116418,0.531447616,23.0022453,0.302099072,25.25803485,0.871284551,22.68188573,0.71961751,1009719,2
302.696386,-56.65622845,27257.05792,26432.46301,0.00262432,-0.099871837,0.794412076,0.078124501,13.71460724,1,0.014320863,0,0.127595596,0.069981915,-0.021606397,0.022268841,-0.003787691,-0.065046765,-0.021656865,0.022172734,0.015237211,0.023989642,26.61940894,0.751002733,nan,1.421399211,25.04497843,0.090478496,21.15720116,0.06842684,24.48299707,0.043913977,20.40642759,0.024350924,24.03435234,0.044654392,19.9364885,0.031953346,23.91870108,0.074133148,20.10405264,0.063333309,23.91650033,0.243083372,20.8411122,0.207134988,1009742,2
302.7019779,-56.65545185,27215.05145,26443.35724,-0.199937075,0.034924716,0.60475266,0.152753741,9.58754921,1,-0.001559569,0,0.129197749,-0.056127855,-0.021722237,0.022186703,-0.110949092,0.035411961,-0.021782773,0.022092093,0.016221271,0.025694542,26.85170572,0.911895787,nan,0.237978188,25.32414222,0.117667723,22.6639797,0.141785786,24.81572145,0.059904832,21.6305776,0.041203643,24.98551076,0.108352385,21.82019061,0.093964749,25.24382467,0.26296682,23.63896034,0.87196931,26.07571921,1.832123596,nan,0.400580856,1009754,2
302.7107069,-56.67348717,27147.86424,26196.8915,0.373479784,-0.027625512,0.899803281,3.09E-05,11.91546822,1,0.094573161,0,0.296961791,-0.016769024,-0.018058635,0.022389985,0.296998292,-0.016758271,-0.018096628,0.022444209,0.016358431,0.028456846,18.62172321,0.004333885,16.52340426,0.004311959,17.33727191,0.002133124,14.99833193,0.00212238,16.45957433,0.001218148,14.1470657,0.001213034,16.14574288,0.002086749,13.60558447,0.002083786,15.71199782,0.001213427,13.18155944,0.001207925,15.61207985,0.000756467,13.14905454,0.000726628,1019696,2
302.7141952,-56.68392403,27120.76351,26054.18945,-0.050791856,0.230262399,0.762239099,9.94E-05,7.450362206,1,0.200445216,0,-0.038060596,0.157726565,-0.015770194,0.021580862,-0.038065102,0.157770708,-0.015803557,0.021626294,0.014318027,0.023200762,19.46473842,0.004444201,18.14004996,0.004396716,18.18764429,0.002154417,16.68724633,0.002137075,17.37189624,0.001227917,15.861624,0.001219747,17.02520544,0.002091055,15.4202997,0.002086803,16.62421885,0.001222756,15.08451149,0.00121443,16.50736022,0.000828422,14.90085848,0.000775489,1019697,2
302.687459,-56.67345595,27322.70147,26196.22158,-0.191334799,-0.323590398,0.214186147,0.001553645,3.017802954,1,0.238253872,0,-0.050129789,-0.043519269,-0.015045163,0.023174195,-0.050170671,-0.043536574,-0.015079114,0.023229804,0.014714217,0.029016417,20.70664693,0.005402672,20.62734617,0.005458452,19.34374791,0.002260556,19.18769251,0.002252524,18.61070565,0.001299584,18.46576303,0.001293757,18.18342506,0.002118289,18.00956617,0.00211547,17.81651715,0.001281096,17.66020397,0.001276399,17.64331062,0.001173203,17.46741539,0.00114823,1019706,2
302.6814863,-56.67109105,27367.83018,26228.30125,0.011313918,-0.108350158,0.334330231,0.001191221,3.373502016,1,0.263004403,0,-0.007364246,-0.011061977,-0.015749795,0.027425322,-0.007360932,-0.011055322,-0.0157861,0.02749086,0.014757179,0.029559155,20.75088228,0.005461016,20.53733878,0.005458606,19.49932741,0.002298865,19.23133123,0.002279118,18.83579697,0.001316698,18.56875552,0.001304555,18.44938024,0.002134308,18.13663994,0.002127393,18.10018578,0.001329188,17.82196283,0.001315065,17.94098849,0.001345507,17.62740056,0.00128667,1019707,2
302.6974152,-56.68401407,27246.9143,26052.17749,-0.12319997,0.315551013,0.896731377,0.000350766,9.66283226,1,0.402931959,0,-0.089796682,0.273890532,-0.013945761,0.023652993,-0.089556649,0.274379402,-0.013978241,0.023704546,0.013818762,0.023033559,20.63160355,0.005236783,18.57529625,0.004680359,19.84400836,0.002349395,17.84654706,0.002202751,19.06791794,0.001327651,16.96234594,0.001258979,18.67685755,0.002136762,16.42151756,0.002104501,18.21855313,0.001323303,16.06977185,0.001258863,18.00754609,0.00135855,15.81423278,0.001047754,1019709,2
302.7215619,-56.67820562,27065.84454,26132.79655,-0.105232313,0.469780773,0.771893978,0.000593356,8.445611954,1,0.540730637,0,-0.088308101,0.281894226,-0.016751625,0.016451621,-0.094765238,0.278655887,-0.016787034,0.016493117,0.015020422,0.023187788,21.03015197,0.006186457,19.638822,0.005716092,19.9772262,0.002528215,18.32899766,0.00236487,19.38702709,0.001444734,17.7197193,0.001350418,19.01789485,0.00219172,17.26113968,0.002144556,18.66114527,0.001463607,16.9627049,0.001363249,18.5073883,0.0020184,16.77780479,0.00162958,1019710,2
302.7414628,-56.67943751,26916.10395,26116.8025,0.444545031,0.541913271,0.63261354,0.00202477,4.632502079,1,0.354001031,0,0.239990637,0.314244182,-0.017709727,0.018324109,0.239948824,0.314499527,-0.017752459,0.018379666,0.012901535,0.025028812,22.21321479,0.013168601,21.42313475,0.011590173,21.30358515,0.003564816,20.45719682,0.003232098,20.22454232,0.00176559,19.43610628,0.001646647,19.65591087,0.00228182,18.74881454,0.002236952,19.17267029,0.001651232,18.3318132,0.001570052,18.91783173,0.0026679,18.05090038,0.002387373,1019726,2
302.7241541,-56.6674451,27047.22494,26280.20411,0.759120286,-0.400146663,0.69474262,0.003678209,5.571679592,1,0.610027427,0,0.464041924,-0.240194829,-0.019955472,0.017062363,0.464267761,-0.240307778,-0.019995509,0.017113276,0.017444162,0.030014441,21.90838786,0.010978673,21.03543782,0.009766678,21.42900829,0.004636216,20.49735426,0.004084564,20.99754764,0.00288923,20.06461707,0.002534834,20.62367702,0.003214753,19.62254776,0.002921563,20.28291666,0.003187815,19.33374538,0.002808292,20.00917096,0.00725207,19.04227676,0.006143915,1019729,2
302.7312994,-56.66493508,26993.68,26314.8765,-0.000797574,0.718566537,0.46809876,0.005805001,3.714004993,1,0.497706375,0,-0.013357652,0.322081625,-0.021686825,0.015602728,-0.013317805,0.322213948,-0.021731686,0.01565253,0.014600287,0.02712379,22.11669478,0.012362735,21.73397203,0.012026656,21.28326239,0.004169657,20.85399302,0.003927225,20.9107828,0.00253272,20.50693191,0.002397485,20.51900869,0.003024863,20.06002011,0.002901962,20.16673742,0.002951186,19.75585682,0.002784493,19.81668141,0.00601134,19.38387895,0.005508361,1019731,2
302.7129291,-56.68095709,27130.19129,26094.84294,nan,nan,nan,nan,5.313770771,1,nan,0,-0.333758799,0.171641772,-0.018851907,0.019234904,nan,nan,-0.018875798,0.019299265,0.01490598,0.024148375,22.64791023,0.018726131,21.25148951,0.016705591,22.44692416,0.009003504,20.64446306,0.006882512,22.10660092,0.005757139,20.23922439,0.004221427,21.70507235,0.005790927,19.73039979,0.004338572,21.29773819,0.007197088,19.37914237,0.005081881,21.04528347,0.016237286,19.0232362,0.010680741,1019737,2
302.6986117,-56.68501879,27238.6878,26039.30987,0.148351312,0.634673715,0.987387776,0.008162289,26.08691978,1,0.965420798,0,0.140861616,0.611650891,-0.015276154,0.022715971,0.142846942,0.618620634,-0.015309509,0.022765527,0.013728334,0.023041201,23.93388208,0.060081237,20.32599082,0.020084323,23.76947604,0.028828835,20.21047888,0.008968265,23.40867867,0.018716947,19.78355779,0.00569628,23.16514231,0.020150332,19.33260494,0.005842401,22.59256281,0.022793353,18.93714204,0.006774693,27.05382361,4.167605139,19.16953255,0.06834577,1019740,2
302.7269613,-56.65731343,27026.92556,26419.01272,0.11633949,0.086927772,0.467334777,0.012546243,4.104061604,1,0.342823334,0,0.028963087,0.046680037,-0.022948568,0.016513055,0.029832611,0.045518517,-0.022991538,0.016557949,0.014221899,0.02260469,23.0477181,0.028410864,22.62293985,0.027800139,22.20875272,0.007998817,21.60966253,0.007419238,21.77192507,0.004445634,21.26520396,0.004213392,21.16157564,0.004272533,20.57894483,0.004053166,20.86687418,0.00514468,20.34657676,0.004856306,20.51691766,0.011525967,19.89736657,0.01084521,1019741,2
302.7401002,-56.68270731,26926.09524,26071.98682,0.266465098,-0.015847875,0.834154129,0.02215841,8.327379227,1,0.811880675,0,0.204894269,-0.009369856,-0.017851908,0.017905103,0.205798864,-0.009621503,-0.017894382,0.01795797,0.012188203,0.024097235,23.17501823,0.030268597,22.10819311,0.024621999,23.31941359,0.016246871,21.90533331,0.012522862,23.33953105,0.016712459,21.84335816,0.012620146,23.2252034,0.019549534,21.58148782,0.013997364,22.79229177,0.025709241,21.18971412,0.018864706,23.41010105,0.144973278,21.94152439,0.179054696,1019760,2
302.7314136,-56.68530655,26991.50842,26036.06392,nan,nan,nan,nan,5.216447353,1,nan,0,0.213281851,0.218264295,-0.015307488,0.019891035,nan,nan,-0.015382201,0.019944509,0.012628411,0.021659273,24.2216451,0.077713254,19.97153323,0.054258085,25.05731651,0.083893802,20.18364587,0.045758091,24.75439571,0.059151202,19.53240714,0.024357217,24.53460502,0.067243868,19.30926942,0.029741597,24.12765756,0.088129556,18.96790352,0.038447648,24.98612949,0.637775171,18.97412077,0.048692043,1019790,2
302.6917909,-56.68092641,27289.0274,26086.9966,nan,nan,nan,nan,2.614329338,1,1,0,0.023567068,0.032580371,-0.01698321,0.021350145,0.023489472,0.032719586,-0.017017763,0.021396521,0.014358902,0.023585104,24.8822027,0.143704259,20.2863484,0.048380035,31.85765296,44.29977225,20.52003645,0.038484222,32.21613914,54.02511069,20.03411335,0.022626379,32.05097165,64.41007552,19.70953665,0.02561724,31.52790729,80.13466025,19.21378889,0.029816464,30.97345924,142.8803664,18.18822706,0.034953248,1019851,2
302.6883574,-56.67104016,27314.90039,26231.02795,nan,nan,nan,nan,2.376658201,1,0.982004995,0,-0.027004303,0.026459997,-0.015698169,0.023908623,-0.027107988,0.026424944,-0.015734039,0.023967607,0.014748202,0.028999042,24.51915014,0.103180899,20.51304141,0.051214132,27.008937,0.541553542,21.25165513,0.052027511,27.27529754,0.604340681,20.79378249,0.03159967,25.65029568,0.192368409,19.89590974,0.021742704,25.18592998,0.248230944,19.57796464,0.028379839,24.67745449,0.46737617,19.1419451,0.05871018,1019858,2
302.6891436,-56.66554507,27311.02691,26303.94226,nan,nan,nan,nan,2.304290771,1,0.979978927,0,-0.025438254,0.033894244,-0.019923275,0.021244788,-0.025502199,0.033925202,-0.01996191,0.021297041,0.015961991,0.031406011,24.53593611,0.11008054,20.55069475,0.058247514,26.87603203,0.513616624,21.73302871,0.088886518,27.00109978,0.463681812,21.36131554,0.055717978,26.94259605,0.643114992,20.98508839,0.063839634,26.87346536,1.157318376,20.50171559,0.070623951,25.25457732,0.80919309,19.48169723,0.085772473,1019860,2
302.7602262,-56.68900364,26774.31099,25986.63849,0.028582839,-0.301318109,0.781853437,0.011839864,4.441524029,1,0.005210523,0,0.015394913,-0.216879672,-0.018317368,0.020656098,0.017349361,-0.217257604,-0.018353947,0.020700427,0.011013576,0.024255272,23.72406624,0.049207609,23.05812907,0.044538364,23.55255635,0.020443196,22.5041679,0.015984448,22.5143007,0.007168322,21.42823133,0.005585131,22.2600753,0.008051111,21.11509948,0.006427206,21.93615926,0.012068739,20.91887875,0.009993733,22.00045885,0.038184906,20.97176367,0.032163677,1021589,2
302.7493135,-56.6888219,26856.35936,25988.67796,0.140608102,0.464986056,0.614644349,0.018783361,6.20338583,1,0.011719123,0,0.067832913,0.264875882,-0.016985674,0.022474498,0.067158557,0.264676422,-0.017022865,0.022526907,0.011530531,0.024335952,24.70129035,0.120801873,24.30898602,0.114222458,23.36571407,0.017386319,22.64551924,0.016152347,22.69969417,0.008569635,21.84662403,0.007771527,22.47402976,0.009807235,21.52569243,0.008920964,22.28053791,0.016470317,21.41851467,0.015289193,22.50054706,0.060726002,21.64511297,0.058436962,1021597,2
302.7454714,-56.66513242,26887.06115,26312.78323,-0.462422788,0.056259289,0.784191668,8.09E-05,9.056698799,1,3.50E-05,0,-0.307951448,0.048621263,-0.023624363,0.019991023,-0.309124708,0.049085267,-0.023650086,0.019964958,0.014540804,0.030425893,19.39528554,0.004429586,17.92139688,0.004383281,18.06224819,0.002153972,16.30725211,0.002135,17.21297105,0.001224768,15.42906693,0.001217303,16.90238838,0.002090772,15.03022872,0.002086368,16.56687557,0.001224817,14.77924034,0.001214584,16.47449883,0.000832404,14.65845608,0.000775167,1022659,2
302.7460308,-56.66074408,26883.21819,26372.88513,0.171528399,0.379889876,0.760715604,0.007775992,7.591944695,1,0.185016997,0,0.108914405,0.26595325,-0.023784487,0.020190519,0.109310172,0.26700592,-0.023829414,0.0202424,0.013574371,0.029881214,23.30353896,0.035374072,22.68892513,0.031258084,22.861936,0.012994989,21.69502126,0.010667324,22.01983933,0.005057945,20.80011888,0.004243941,21.76440161,0.006406238,20.44759834,0.005458614,21.48719282,0.008777918,20.22388741,0.007474866,21.55708245,0.027312222,20.28504177,0.02776758,1022661,2
302.7382058,-56.66107233,26942.03119,26368.04964,-0.290088534,-0.900824964,0.96542412,0.185233444,23.76221085,1,0.468266613,0,-0.153366155,-0.005909152,-0.0225302,0.015538958,-0.301359534,-0.832586527,-0.022575945,0.015589416,0.013544969,0.029905558,26.94199369,1.002944164,nan,0.965382028,25.3608962,0.124230075,22.27096272,0.208263741,25.90746386,0.175062476,21.63905647,0.051749169,25.18081339,0.137809729,21.45735142,0.096903037,24.69415446,0.155795588,21.27728265,0.117726901,25.06395181,0.729429972,21.8784282,0.589008676,1022676,2
302.7531062,-56.65903092,26830.09009,26396.62018,-0.138580352,0.143511087,0.839470029,0.00243751,7.100921154,1,0.000139352,0,-0.110774427,0.118390673,-0.022807156,0.022517426,-0.11078611,0.118495293,-0.022845047,0.022428213,0.015634236,0.029653792,22.59275953,0.018644119,21.69351785,0.016184196,21.64421332,0.004741949,20.18574171,0.003807618,20.97916129,0.002350468,19.45319182,0.001888709,20.76016303,0.003236097,19.15748647,0.002727621,20.47388447,0.003749778,18.98084024,0.002896525,20.44008773,0.010496853,18.89594291,0.00777838,1023025,2
302.698102,-56.65497973,27244.25479,26449.63717,-0.640467346,-0.105427302,0.709148467,0.11502149,11.86509514,1,0.41327654,0,-0.229869127,-0.037946476,-0.021740326,0.022312376,-0.390058786,-0.036075417,-0.021778883,0.022215763,0.015519175,0.024078485,25.97521936,0.398824317,24.4450752,0.975769112,25.23673693,0.108386377,22.56669951,0.121646857,24.78047215,0.058966887,21.6844152,0.042778936,24.33036015,0.05848732,21.45165113,0.061815866,24.32517603,0.112286927,21.83560056,0.154604726,26.84110286,3.812857772,nan,1.159731254,1023154,2
302.7111895,-56.6537753,27145.88298,26466.73353,-0.093456022,0.047336508,0.588151455,0.001623979,5.566649437,1,5.79E-08,0,-0.055647033,0.035114999,-0.025349735,0.019230785,-0.055743743,0.035191812,-0.025390081,0.019127119,0.016544666,0.024864356,21.94720686,0.010801309,21.21651337,0.010208279,20.76336437,0.003129654,19.84427641,0.002943841,19.9933545,0.001557047,19.04373708,0.001480365,19.7013215,0.002345718,18.68559588,0.002286818,19.42129308,0.001886599,18.48071486,0.001775358,19.36782198,0.004156182,18.40681542,0.003796647,1023170,2
302.7081975,-56.65262331,27168.49357,26482.36439,-0.006614551,-0.812322497,0.889747739,0.012770075,9.916751862,1,0.003407836,0,-0.014424095,-0.663777425,-0.025304041,0.019347262,-0.016508246,-0.66620189,-0.025343444,0.01924346,0.015258108,0.025152685,24.49509741,0.101473368,23.6666053,0.096562086,23.56296004,0.025001169,21.93986515,0.019508208,22.87428651,0.010342476,21.1251224,0.007733424,22.71064585,0.013707242,20.95648474,0.010216097,22.44550346,0.020119654,20.85694521,0.015588476,22.54245352,0.072737695,21.22762901,0.057925011,1023171,2
302.6844916,-56.65175615,27346.94839,26493.10796,0.426096112,-0.210383475,0.5592677,0.000293057,4.912451267,1,8.45E-07,0,0.185873781,-0.083235185,-0.022900049,0.024292255,0.186247095,-0.083539687,-0.022940483,0.02419487,0.014631631,0.024722771,20.22336088,0.004854753,19.65717318,0.004801336,18.81878011,0.002184946,18.09875228,0.002168107,17.99469601,0.001246833,17.23333035,0.001236667,17.65156497,0.002101171,16.82665771,0.00209578,17.3546108,0.001241561,16.58682928,0.001232259,17.26627242,0.001039289,16.48094971,0.000970515,1023362,2
302.6968073,-56.64744894,27254.64784,26552.65866,-0.735552251,0.209352881,0.793515265,0.004478845,5.849956036,1,2.90E-05,0,-0.540142416,0.153566114,-0.023287103,0.021764839,-0.540078759,0.153707445,-0.023312317,0.021739703,0.015770134,0.021326517,22.22804089,0.013554942,21.4869317,0.012670775,21.70453637,0.005127689,20.52175768,0.004470314,21.47166985,0.003280006,20.28292199,0.002740914,21.46121921,0.004842549,20.18890689,0.004007606,21.29382968,0.006935786,20.10671226,0.005644303,21.30671805,0.022830357,20.14321535,0.018176193,1023403,2
302.7560799,-56.64977557,26808.4095,26523.43187,0.30831939,0.169021368,0.537890017,0.005157457,3.956255436,1,5.54E-06,0,0.145370688,0.094177224,-0.024756168,0.020080151,0.14534989,0.094301261,-0.024731422,0.019939901,0.014417355,0.019556391,21.89919491,0.010634065,21.62478728,0.010395596,21.67796667,0.004716903,21.21841224,0.004428028,20.98687616,0.002425553,20.49709432,0.002260022,20.88915463,0.003365025,20.31975489,0.003176538,20.61721283,0.004028206,20.09867127,0.003760825,20.67307143,0.013108545,20.18376961,0.012204302,1023527,2
302.7107197,-56.65004356,27149.73049,26517.79266,0.01724185,0.195987523,0.822224438,0.00260157,7.103873253,1,0.020795116,0,0.008610146,0.153885743,-0.025096105,0.020354788,0.008539352,0.15403451,-0.025122218,0.020328641,0.016249343,0.01885803,22.58308765,0.01823472,21.71838518,0.015647767,21.67704855,0.005153693,20.27799686,0.004183964,21.00853648,0.002389109,19.579589,0.001945868,20.79962747,0.003301946,19.25794931,0.002775404,20.50617487,0.00372692,19.10953416,0.002924901,20.47266511,0.010938355,18.96646353,0.008225602,1023537,2
302.7237,-56.64679086,27052.31593,26562.90336,-0.438021988,-0.185948595,0.932222903,0.004272889,12.81766796,1,0.451180029,0,-0.378526232,-0.158386501,-0.023115323,0.016413408,-0.375450909,-0.156807065,-0.023159996,0.016456796,0.01408517,0.016716209,22.74211491,0.022071149,20.65002221,0.014863735,22.12496859,0.007149149,19.75476631,0.004468387,21.9066996,0.004819001,19.60655268,0.003000525,21.90763822,0.007181168,19.47482976,0.004392264,21.72795032,0.010825306,19.36705498,0.006531542,22.65854911,0.082076165,20.46985374,0.097641931,1023538,2
302.7234221,-56.64739383,27053.86611,26558.42303,-0.384839147,-0.395238012,0.950928688,0.005507379,14.69489574,1,0.542788372,0,-0.334913011,-0.353090939,-0.023095229,0.016399904,-0.338673323,-0.355828255,-0.02313941,0.016443487,0.014098106,0.016704957,22.39035772,0.016172653,20.66927748,0.010445429,22.38026919,0.008661552,20.08757589,0.004489686,22.48193235,0.007875951,20.08784505,0.003679409,22.65993352,0.013513617,20.04735946,0.005779423,22.46868644,0.021305072,20.03049856,0.00924191,21.7084695,0.034498595,19.29971538,0.015333464,1023542,2
302.7255861,-56.64453278,27038.30382,26593.89634,0.77225256,-0.076388992,0.837648094,0.020303616,9.497231483,1,0.262742556,0,0.595717842,-0.047600744,-0.023339009,0.016669,0.595608294,-0.049674839,-0.023384968,0.016715921,0.012875601,0.015193724,25.08355237,0.179656082,23.81470557,0.111561787,23.75034077,0.028727043,22.20199705,0.022019231,23.18994382,0.014561755,21.83180707,0.011286987,22.85889774,0.01614242,21.29154937,0.011857832,22.62199502,0.024670069,21.21075442,0.017840339,22.58844025,0.075429684,21.37813208,0.05621528,1023543,2
302.7199555,-56.64747787,27080.05059,26553.29299,nan,nan,nan,nan,2.665150404,1,0.919912124,0,0.067994607,-0.016375598,-0.024028207,0.014217098,0.068591312,-0.016573258,-0.024052156,0.014177439,0.014084415,0.016717786,24.20753644,0.082291336,20.20535545,0.040650053,25.79329883,0.184729322,21.65663528,0.059269728,26.60213056,0.325079698,21.16134907,0.032186393,25.36541949,0.15702905,20.46140231,0.029012583,25.47799249,0.336355117,19.98061102,0.032011363,24.79060557,0.546704352,18.92443033,0.038353361,1023551,2
302.7024817,-56.64163219,27212.44076,26632.54718,-0.01550679,-0.141764939,0.547874451,0.009192518,4.39454031,1,0.000324767,0,-0.022242773,-0.052121968,-0.02364152,0.02145352,-0.021499058,-0.05169107,-0.023681859,0.021351198,0.015313075,0.02025865,23.73241872,0.051307857,23.12295186,0.048189422,22.96811771,0.014782891,22.26167511,0.013644512,21.7091833,0.00394129,20.97486634,0.003666851,21.11394778,0.004029219,20.2849062,0.003847953,20.70783633,0.004518453,19.95827231,0.004332749,20.58686018,0.012015512,19.81760862,0.011483114,1024028,2
302.6897467,-56.63952426,27308.48053,26660.7955,0.099940829,-0.488154531,0.614507556,0.008686481,3.933237791,1,0.000396972,0,0.047744447,-0.285766452,-0.023779652,0.018894733,0.047335204,-0.286861837,-0.023804093,0.018865032,0.013792841,0.020736478,23.21175105,0.032972377,22.86476635,0.031678899,22.60863395,0.010742729,22.05864329,0.009740313,21.68581321,0.003884613,21.07896947,0.003471372,21.3078997,0.004648786,20.63022138,0.004192938,20.91687719,0.005298398,20.33525895,0.004858209,20.77037694,0.015241745,20.18175073,0.013914002,1024243,2
302.7401514,-56.64401375,26928.72299,26601.63459,0.264264137,-0.137714252,0.782555699,6.12E-05,8.060139656,1,0.004153447,0,0.167795261,-0.085604121,-0.026049685,0.014859723,0.168084696,-0.085820228,-0.026098289,0.014902712,0.013354249,0.019543026,18.98208322,0.00437213,17.69257944,0.004347963,17.69481403,0.002142381,16.12900896,0.002129762,16.84165637,0.001221826,15.24515353,0.001216005,16.52151454,0.002088575,14.82728477,0.002085359,16.15861779,0.001218184,14.53249654,0.0012114,16.01131971,0.000787258,14.36984864,0.000752206,1024251,2
302.7348591,-56.65179302,26967.59294,26494.7741,-0.168797716,-0.223123938,0.919481754,0.001306033,9.964929581,1,0.172944475,0,-0.142642478,-0.185950019,-0.025008177,0.014321116,-0.142724842,-0.186092362,-0.025056079,0.014362946,0.012787706,0.019988706,21.6334377,0.008993854,19.31083879,0.006403292,21.01122971,0.003518087,19.04163002,0.002627139,20.50386186,0.001923525,18.63748544,0.001496779,20.25443833,0.002648469,18.26606299,0.002291484,19.97681893,0.002538563,18.08635124,0.001858891,19.77617461,0.006039772,17.6012771,0.003739784,1024255,2
302.735543,-56.65043029,26962.90146,26513.60556,0.047674052,-0.012254197,0.870278656,0.012905599,14.202672,1,0.722879634,0,0.05954961,0.006394062,-0.024726513,0.013999272,0.002568617,-0.003170253,-0.024776125,0.014040366,0.013647363,0.018124065,24.3425957,0.090586417,22.72542322,0.097404382,23.39370615,0.022177131,21.03929473,0.015385403,22.9129468,0.011895536,20.59755289,0.008819341,22.68599947,0.013315939,20.25096756,0.009783991,22.53932613,0.022239539,20.16802143,0.015934371,22.52136296,0.071781033,20.70337037,0.08423392,1024259,2
302.7364105,-56.65076442,26956.72735,26508.61658,0.06905371,0.547000706,0.954910815,0.01242576,19.66188812,1,0.776776072,0,-0.016364077,0.10907477,-0.024736231,0.013972953,0.056256175,0.485591799,-0.024784321,0.014012763,0.013609377,0.018123981,24.95399373,0.156599573,22.56207341,0.162894547,23.49936509,0.024128688,20.6887992,0.011636644,23.30093693,0.01623628,20.73191343,0.008013583,23.09491623,0.019064769,20.21713683,0.009330487,22.73566829,0.026539468,19.72700208,0.013371195,23.11188461,0.124267587,20.36159152,0.126027809,1024260,2
302.7392397,-56.64909212,26935.18852,26532.08175,0.679345727,0.144846722,0.939362109,0.029405059,21.5818367,1,0.958380036,0,-0.136245104,-0.260704721,-0.024901622,0.015700823,0.587692678,0.126928821,-0.024925293,0.01574799,0.014915482,0.0200285,24.41677248,0.092364775,21.0889815,0.077634803,25.73453003,0.163856622,21.63583302,0.075782925,24.51076588,0.048096509,19.82264783,0.019804422,23.97066515,0.041070661,19.3679378,0.022247631,23.78803954,0.067716582,19.3488365,0.030462984,22.68757446,0.084993404,18.181553,0.03617875,1024272,2
302.7346118,-56.78837751,26958.75831,24625.42666,0.287651062,0.155095488,0.64637512,0.146748856,11.43315887,1,0,0,-0.069046318,-0.15938612,-0.01560096,0.028296302,0.163261652,0.097939208,-0.015604054,0.02830671,0.011575452,0.027770132,nan,2.842189001,inf,nan,27.44975537,0.666146972,24.15668021,0.335561689,24.94119873,0.060558093,21.86996044,0.03654496,24.85116666,0.07460585,21.6616316,0.049189385,24.43918069,0.10433035,21.40488082,0.064292865,23.13500371,0.097477104,19.68088797,0.038187195,1008465,3
302.7452766,-56.78588326,26879.24967,24659.92002,0.231440201,0.430072606,0.683882296,0.118435092,11.29555607,1,0,0,-0.064002776,-0.206686239,-0.017088262,0.027239065,0.145887703,0.267915279,-0.017051479,0.026836952,0.011609129,0.027544936,25.88569412,0.387173397,23.0728996,0.231410276,25.50978404,0.112903871,22.2584632,0.078647597,24.87304805,0.054286699,21.4043686,0.035378916,24.50500597,0.054978884,20.98633559,0.042953333,24.21391748,0.092803558,20.87379285,0.077356679,24.48186582,0.331276955,21.52929031,0.25023748,1008489,3
302.7407814,-56.78221821,26913.23966,24709.89734,0.185987383,0.247263104,0.530917168,0.209138513,9.229042053,1,-5.99E-05,0,-0.015352056,-0.028181495,-0.015346671,0.031193207,0.08700981,0.143401355,-0.015358518,0.031210689,0.010941718,0.026626845,25.18817077,0.200185536,22.81301245,0.245952117,25.63313552,0.121877918,22.96782764,0.147491321,25.03568685,0.064084957,21.94227335,0.043386097,25.04166761,0.091755547,21.98527276,0.06907843,25.84222428,0.379847211,23.314805,0.549603062,24.34183074,0.289913555,28.62581311,225.3056421,1008523,3
302.7235223,-56.77886754,27042.93213,24755.01099,0.017413875,0.468213171,0.56333971,0.180997774,9.520866394,1,-0.001394042,0,-0.252639329,-0.194272705,-0.015758539,0.029680094,-0.007424175,0.222150564,-0.015503588,0.029685952,0.012849826,0.026858955,25.68517316,0.322660307,22.30015359,0.205989226,25.30036458,0.092954568,21.96654016,0.079470914,25.0381203,0.064877303,21.60026442,0.040803453,25.11634833,0.09881542,21.81217543,0.100044574,24.8319912,0.156911969,21.39502661,0.118420155,22.84694228,0.073830377,19.0511019,0.027472386,1008566,3
302.7625242,-56.77694698,26750.58335,24782.94994,-0.089606673,-0.504461288,0.809515059,0.076621324,13.81998158,1,0.001679996,0,0.046352368,0.099212896,-0.016097663,0.026174778,-0.069701999,-0.357361138,-0.016151607,0.026230562,0.010958415,0.026416823,27.50686667,1.746316539,24.32191852,0.694507068,25.93478931,0.164417613,22.10884507,0.057795751,24.87015247,0.05533215,20.82006074,0.025490797,24.76854761,0.071123095,20.80044532,0.028761838,24.5004542,0.118815459,20.88565112,0.053020472,26.39380407,1.9616064,nan,0.403052786,1008587,3
302.7140391,-56.7563949,27115.91708,25062.19202,-0.228572696,0.222808421,0.543786108,0.223198488,9.37667942,1,-0.000311764,0,0.057553663,0.217470212,-0.016127408,0.036727192,-0.122327857,0.126287282,-0.014984297,0.037690606,0.013202823,0.031994631,26.17552533,0.58335719,22.78069941,0.219349501,26.01745843,0.194185007,22.17294296,0.062718078,25.07169753,0.07672443,21.40376865,0.043109933,24.70644452,0.072494737,20.94433328,0.054502423,24.96653989,0.196715926,21.69207886,0.129413654,24.97518076,0.523973213,21.11196262,0.183825091,1008780,3
302.7456548,-56.75093196,26879.09629,25138.35306,-0.092049882,0.482107103,0.740132809,0.119786449,12.05510426,1,0,0,-0.111423783,0.002408614,-0.01383202,0.036484513,-0.074540883,0.371901959,-0.013819803,0.036505792,0.010633958,0.029275122,25.82640702,0.412841025,22.6026763,0.587645916,25.78850744,0.140876534,21.94921794,0.045070133,25.06357513,0.075649873,21.26174304,0.025788242,24.94114559,0.086390261,20.84547356,0.024732824,24.98411612,0.187305299,20.78229327,0.044654758,24.24317217,0.26904977,20.43080391,0.095711767,1008817,3
302.7341534,-56.75086302,26965.41926,25138.80595,-0.154972643,-0.205306649,0.596203208,0.099612601,10.22718334,1,-0.000342572,0,0.064009857,0.03509543,-0.012178459,0.034502668,-0.074296914,-0.079830758,-0.012213384,0.034463655,0.011711181,0.028676138,26.7784608,1.024764424,24.01560548,0.590952597,25.37578365,0.099739729,22.19317193,0.056450001,24.3550312,0.040552951,20.87794837,0.027318602,24.26686818,0.046573027,20.85747312,0.031080478,24.13586024,0.088019881,20.72896848,0.055373025,23.70057467,0.163569799,20.42136596,0.085888375,1008822,3
302.7384778,-56.74902009,26933.10875,25164.21848,0.310814381,0.607693195,0.834712327,0.010354538,9.919151306,1,0,0,0.233864845,0.473462263,-0.012711423,0.034145188,0.233540535,0.471128404,-0.012747561,0.034105714,0.011314844,0.029336334,23.56689137,0.052156192,22.6830311,0.044356295,22.81117228,0.009415364,21.55650711,0.007499114,22.47091633,0.007526769,21.0588166,0.005767208,22.41977222,0.008713942,20.83330681,0.006498695,22.28666643,0.015482454,20.81773606,0.011535173,22.31411279,0.047335314,20.95100786,0.033322931,1008836,3
302.7459699,-56.74759218,26876.98767,25184.08168,1.003090501,-0.439293653,0.510945916,0.132470489,9.306266785,1,0,0,0.165108318,0.206185202,-0.01254217,0.039909348,0.250716686,-0.071961194,-0.012510614,0.039933234,0.011145159,0.029590894,25.78087171,0.400721506,22.8590731,0.31967635,24.77265143,0.055494963,21.86351666,0.058234547,24.5872691,0.049194975,21.40867526,0.034534044,24.56883448,0.06098858,21.34227053,0.036015838,24.51518443,0.11818806,21.40632959,0.065778271,24.1878334,0.254450862,21.03737151,0.132193609,1008856,3
302.7152147,-56.78950937,27104.35238,24608.97171,-0.135750011,0.94808799,0.54095304,0.016189929,3.376314402,1,0.38968698,0,-0.083700869,0.547161206,-0.017646672,0.028651695,-0.083667643,0.547056496,-0.017688626,0.028715825,0.013555506,0.02779471,23.25787253,0.03375944,22.79859421,0.031393633,22.89893974,0.011723463,22.45405329,0.010352732,22.3662897,0.005948229,21.94937144,0.00546484,21.85549693,0.005519155,21.38620195,0.005082328,21.94212402,0.011381351,21.56439994,0.010914893,22.53368056,0.056186338,22.03793867,0.053535409,1012653,3
302.7075211,-56.78430953,27162.47204,24679.79534,0.702629983,-0.714706123,0.818781614,0.088352554,14.44225025,1,0.619129938,0,-0.061916052,-0.121674658,-0.016689114,0.027262581,0.436751455,-0.460024267,-0.016677093,0.027329253,0.013486592,0.028264638,24.54840496,0.112258572,21.34490694,0.120045544,24.7849359,0.055870532,21.37685219,0.066552299,25.10368825,0.065631845,21.38353228,0.040627096,24.7114269,0.066402931,21.59791882,0.119296125,24.07683159,0.077211541,21.15931491,0.150696154,24.63036294,0.371130109,20.69531958,0.150063875,1012805,3
302.7113645,-56.78822253,27133.326,24626.41067,0.474139363,0.589244962,0.960106313,0.128845125,31.87677002,1,0.980030101,0,-0.157338631,0.145524563,-0.016497157,0.026032906,0.450273603,0.551042616,-0.016538722,0.026094612,0.013615869,0.027217708,nan,21.17748791,21.92415761,0.113653975,26.01472732,0.187692468,21.94222324,0.068235891,26.33194385,0.209566049,20.91549169,0.02418951,26.27387977,0.285646566,20.68742616,0.030083756,25.41386712,0.268755581,20.00298048,0.030205816,28.17523992,9.984538834,18.79396538,0.029797581,1012924,3
302.750881,-56.78378158,26837.38729,24688.92194,-0.0185457,0.025471294,0.855825722,0.000992393,9.626631737,1,0.033475906,0,-0.017102474,0.029249727,-0.016941988,0.029155125,-0.016977414,0.029391339,-0.016983682,0.029222935,0.010552039,0.026064861,22.02863518,0.012094533,20.41145599,0.01011091,20.95294096,0.002879651,19.08757163,0.002538711,20.22918602,0.001557693,18.37405961,0.001386063,20.01571447,0.002325144,18.02574256,0.002196672,19.69886874,0.001961275,17.83890082,0.001631144,19.67277284,0.004118478,17.75043712,0.002956392,1014586,3
302.7534657,-56.78399782,26817.98979,24686.0688,-0.18305847,-0.19630596,0.90690428,0.001357602,8.800726891,1,0.115129404,0,-0.157462219,-0.155695949,-0.017520426,0.02582686,-0.157668054,-0.155357257,-0.017561644,0.02588127,0.010419329,0.026077193,21.55513918,0.00845006,20.14046061,0.006574246,21.0469944,0.002993822,19.23963307,0.002454671,20.6915074,0.001835966,18.87341854,0.001466911,20.58643802,0.002651779,18.62251207,0.002293166,20.36822632,0.002980087,18.57562446,0.002112904,20.38591188,0.007705251,18.52871862,0.004842292,1014587,3
302.7356517,-56.7865972,26951.36073,24649.73757,0.100488827,-0.444140285,0.479220092,0.009486116,5.197050095,1,8.57E-06,0,0.028700292,-0.149312467,-0.015602865,0.02829911,0.028743744,-0.149349242,-0.015597614,0.028309053,0.011477535,0.028064904,25.05399036,0.177351713,24.81038757,0.174495601,23.45938051,0.016892308,23.06189261,0.016115737,21.71619515,0.003564583,21.14563712,0.003384662,20.95260069,0.003044159,20.3077949,0.002947384,20.51550393,0.003219043,19.91565854,0.003096055,20.39840586,0.008133717,19.80018195,0.007714774,1014632,3
302.7365785,-56.78498427,26944.53826,24671.85546,-0.007060623,-0.090374023,0.411099076,0.013222302,4.311741352,1,0.000450468,0,-0.011908253,-0.007804812,-0.015380942,0.03071536,-0.01145622,-0.007624606,-0.015375075,0.030730816,0.011121896,0.02716378,24.54084311,0.110917038,24.36283653,0.110846033,23.45579251,0.016954109,23.1070509,0.01656206,21.86583515,0.00399002,21.44349076,0.003847148,21.23170577,0.003501259,20.75177113,0.00340344,20.80126141,0.00395262,20.36926345,0.003840244,20.66526695,0.009902106,20.20160105,0.009541779,1014633,3
302.7289106,-56.78355931,27002.14809,24691.02743,-0.273927629,0.536235452,0.578275502,0.000467026,4.786516666,1,1.70E-05,0,-0.141215713,0.27933272,-0.014255404,0.03150866,-0.141176194,0.279389143,-0.014246658,0.031527076,0.012277152,0.026599378,20.81519679,0.005762424,20.28838869,0.005633307,19.48036438,0.002238147,18.80180917,0.002209891,18.67887836,0.00126504,17.96549756,0.001250669,18.37557618,0.002110006,17.58384683,0.002102306,18.08496069,0.001284792,17.34913232,0.001266066,18.01822281,0.001256825,17.24262565,0.001159074,1014653,3
302.7255405,-56.78346853,27027.4253,24692.12159,-0.9130463,-0.038175948,0.818392634,0.05385907,14.60124111,1,0.172332181,0,-0.549225927,-0.024774574,-0.015617014,0.029606422,-0.694043159,0.010917694,-0.0156589,0.029679155,0.012266382,0.026747701,26.00770182,0.427846688,23.5976305,0.483048037,25.28663813,0.092785536,22.24743375,0.071538476,24.48480212,0.037994338,21.33472718,0.027670818,24.44594807,0.05269162,21.3838682,0.047672088,24.25833166,0.092023921,21.41121901,0.093049207,22.57295885,0.056777139,18.25576711,0.0125602,1014657,3
302.7604486,-56.78674308,26765.42739,24648.77619,-0.511605501,0.10872516,0.903345942,0.005566663,9.440044403,1,0.007635244,0,-0.428545674,0.096223953,-0.016946757,0.023620598,-0.428685844,0.096343733,-0.016987944,0.023671588,0.010972267,0.027218968,23.85275467,0.059757262,22.67157551,0.049491936,22.89976697,0.010737559,20.89799748,0.007568669,22.22914941,0.005171925,20.2042065,0.003626451,22.09655283,0.006481974,19.93086575,0.004500483,21.82697672,0.010291409,19.80961187,0.007100569,21.91007603,0.031791441,20.16679846,0.023335122,1014664,3
302.7170136,-56.78257211,27091.43814,24704.01081,-0.892246366,-0.148623556,0.649245381,0.005951231,4.714623451,1,0.000221631,0,-0.561652639,-0.081624705,-0.016941441,0.027666924,-0.56178838,-0.081665561,-0.016982624,0.027731622,0.013595746,0.0278976,23.2114671,0.033286771,22.82610604,0.031286877,22.41107008,0.007310338,21.87600374,0.006629104,21.56475175,0.003094855,20.9796077,0.002769252,21.27903566,0.00367425,20.61807121,0.003338511,20.99266614,0.004857108,20.4019501,0.00433423,20.93868509,0.012802615,20.29035871,0.011079152,1014748,3
302.7590995,-56.78167368,26775.91829,24718.11201,-0.09886609,-0.821576655,0.372296214,0.01769238,3.666263103,1,0,0,-0.044286357,-0.273347711,-0.016589028,0.026277399,-0.047001809,-0.275909036,-0.016628414,0.026333433,0.010803845,0.026185083,24.24045508,0.085465009,24.07255029,0.083776376,23.03221346,0.011891881,22.78833629,0.011474482,22.04176443,0.004508428,21.78655633,0.004354098,21.15433108,0.003446388,20.86791354,0.003365482,20.71760205,0.003975559,20.47315571,0.003899406,20.65276777,0.010074275,20.38306389,0.009835959,1014985,3
302.7590376,-56.77951335,26776.54192,24747.68034,-0.147009417,0.86170274,0.633666873,0.085007913,10.04300404,1,0.091240948,0,-0.104084327,0.480061624,-0.016522669,0.026261686,-0.07275594,0.461588681,-0.016561825,0.026317768,0.011263171,0.026275289,26.26108136,0.550522704,24.73370825,1.072652678,24.88534121,0.063004802,22.26757212,0.057521,24.55751401,0.041250158,21.71845151,0.030665189,24.48419613,0.054326031,21.59431521,0.036572086,24.62928078,0.132490768,21.76755022,0.09170668,25.18273148,0.654926778,nan,0.250662685,1014987,3
302.7521279,-56.76545705,26829.41999,24939.8018,0.004007325,0.004288225,0.805907011,4.88E-05,9.950670242,1,0.041928388,0,-0.002656502,0.013098361,-0.014576019,0.033208471,-0.002590816,0.013046202,-0.014567229,0.033229355,0.011486819,0.03000432,19.05204552,0.004382161,17.45150804,0.004349599,17.65636745,0.002133317,15.79263945,0.002124827,16.80110287,0.0012191,14.91016616,0.001214438,16.49609277,0.002086853,14.50403781,0.002084404,16.11282941,0.001215622,14.18483287,0.001210613,16.05038772,0.000769951,14.06884691,0.000738982,1015177,3
302.7489843,-56.76519366,26853.02341,24943.27663,-3.779717922,-0.279645026,0.148094103,0.000706497,4.079699039,1,0.129690399,0,0.141586883,0.049042029,-0.014960971,0.035237601,0.151655763,0.050272074,-0.014953048,0.035265181,0.011654342,0.03002455,18.96188919,0.004377145,18.91644075,0.004379185,17.9504486,0.00214434,17.83617103,0.002142999,17.54128706,0.001232656,17.40335245,0.001231275,17.43723488,0.002096162,17.28241913,0.002095221,17.37998037,0.001251176,17.2384408,0.001248711,17.41719782,0.001049505,17.26773093,0.001037007,1015178,3
302.7136499,-56.76589304,27118.04798,24932.16283,0.63428688,0.574660301,0.972840369,0.000635184,15.84648991,1,0.2958456,0,0.603908258,0.531068546,-0.014503829,0.034322768,0.601501465,0.536852956,-0.014540951,0.0344042,0.014355272,0.03042913,21.04540051,0.006466838,18.32663837,0.005057096,20.40549743,0.002543313,17.47715448,0.002214632,20.27000368,0.00163371,17.38176905,0.001311394,20.24591335,0.002466279,17.24355148,0.002162564,19.9395813,0.002313215,16.99463641,0.001514453,19.93260306,0.005474346,16.83286051,0.002502345,1015187,3
302.7342458,-56.7581546,26964.15018,25039.00199,-0.467082977,-0.211649701,0.340242863,0.007645014,3.957150221,1,0.332882785,0,-0.139910175,-0.031131767,-0.013351366,0.035319347,-0.140562013,-0.031792346,-0.013386727,0.035286631,0.011787752,0.029648684,24.37409303,0.10740502,24.27227239,0.110793473,22.58980167,0.008673388,22.25986892,0.008402393,20.9148138,0.002363609,20.62044771,0.002302618,20.07427791,0.002452019,19.73581642,0.002419582,19.51235574,0.001919439,19.19708709,0.001869451,19.2820335,0.003255974,18.92176143,0.003106094,1015190,3
302.7102155,-56.76535387,27143.85807,24939.38609,0.627086878,0.271184027,0.981668591,0.00158363,19.9037838,1,0.648186544,0,0.596107123,0.248186494,-0.014251789,0.034330623,0.600353599,0.252926797,-0.014279934,0.034411073,0.01454223,0.030421077,22.25730966,0.015329661,19.40392204,0.00760776,21.51415498,0.004038319,18.37858113,0.002593845,21.06159617,0.002469022,17.76715762,0.001682992,20.77726616,0.003009682,17.36959579,0.002467645,20.46488172,0.003362104,17.17596158,0.002358568,20.4319995,0.008640225,17.08510168,0.005546832,1015191,3
302.708058,-56.75569492,27160.85783,25071.49933,0.609210253,-0.133431375,0.803458214,0.002191479,7.353722572,1,0.037775748,0,0.428814987,-0.08631193,-0.015376122,0.036275148,0.429316312,-0.086517498,-0.015367038,0.03629721,0.013120406,0.032951549,22.14705545,0.014840594,20.69809548,0.012606339,21.18449632,0.003293075,19.61880695,0.002904526,20.79767855,0.002098873,19.23161726,0.00179905,20.6933649,0.0028411,19.01596939,0.002546693,20.49251551,0.003445297,18.86592262,0.002803739,20.46958755,0.00852118,18.79965693,0.006561012,1015192,3
302.773919,-56.75135012,26666.94474,25133.77365,0.190789998,0.177282542,0.438202977,0.006931664,3.779063463,1,0.047061545,0,0.064047053,0.092072383,-0.015095979,0.035049345,0.064090647,0.09209206,-0.015111851,0.035038017,0.010302064,0.027180015,23.20916904,0.039092579,22.83699775,0.03857433,22.32424661,0.006547458,21.955683,0.006318463,21.1075744,0.002503457,20.74270669,0.002398182,20.52529745,0.002713025,20.12509284,0.002636586,20.04655115,0.00260271,19.67666881,0.00247594,19.91241083,0.005560258,19.49459994,0.005145134,1015193,3
302.7761625,-56.7520801,26650.05663,25123.86874,0.374905378,0.385543108,0.705924153,0.004003357,6.430706024,1,0.058744027,0,0.218006018,0.250038881,-0.015254778,0.035063536,0.218106657,0.250462413,-0.01527095,0.035052277,0.010125196,0.027180399,22.74309961,0.025843657,22.0693153,0.024465882,21.82771325,0.004672894,20.63590545,0.004142439,21.20971153,0.002718004,20.02939999,0.00239982,20.98728997,0.003323255,19.73665473,0.003029969,20.76551723,0.004474061,19.56728707,0.003955952,20.71618279,0.011474313,19.45223444,0.009788145,1015195,3
302.7373433,-56.75349898,26941.27287,25102.86228,-0.609874487,0.814896464,0.426426411,0.013201722,3.556560516,1,0.384332806,0,-0.246855274,0.341417227,-0.012868696,0.035572808,-0.246948466,0.34137094,-0.012905095,0.035535444,0.011019873,0.030478166,24.76274055,0.156441729,24.39780053,0.144629398,23.19583897,0.01384656,22.74648005,0.012680393,21.70274525,0.004142581,21.32368251,0.003967818,20.8402798,0.003099372,20.42556338,0.003002331,20.19093805,0.00278202,19.8099323,0.002663028,19.91018212,0.005378695,19.47991542,0.005024244,1015196,3
302.71925,-56.75078779,27077.27538,25139.17831,-0.331003964,0.217219502,0.602406681,0.011483217,4.862752914,1,0.170691673,0,-0.199283993,0.142575829,-0.012100038,0.033184426,-0.199243993,0.141281039,-0.012133563,0.033141878,0.013509541,0.029107524,24.3022129,0.104701074,23.52130612,0.094812446,23.45893537,0.018821655,22.87714664,0.016843178,21.96339684,0.004908891,21.3682222,0.004395725,21.34977643,0.00408471,20.62903354,0.00361855,20.81444282,0.004561919,20.1594853,0.003954687,20.66284406,0.010105993,19.93911624,0.008455934,1015201,3
302.7768068,-56.75010365,26645.3601,25150.94753,-0.403047889,-0.759994149,0.610275209,0.015479576,4.006786346,1,0.237704629,0,-0.248473225,-0.43377929,-0.015182539,0.035051735,-0.247965097,-0.434166521,-0.015198858,0.035040412,0.008618606,0.027260123,23.33654872,0.043909811,22.98325862,0.041462017,22.77146667,0.009621258,22.22329783,0.008464339,22.37461517,0.006639908,21.8343191,0.005954439,22.309081,0.00869031,21.73385009,0.007869512,22.18741355,0.015012882,21.67037451,0.013879465,22.22797123,0.044832005,21.59994621,0.040001956,1015207,3
302.7081931,-56.75489445,27159.45494,25082.20993,0.154318139,-0.785723805,0.928775251,0.017954284,13.40725327,1,0.695006315,0,0.127274179,-0.693214557,-0.014545652,0.036411873,0.12797153,-0.693541884,-0.014534911,0.036433887,0.013168413,0.032914869,26.34395019,0.662167112,25.01324057,0.590729421,25.71008678,0.140728981,24.5108697,0.170904579,23.31209531,0.015002834,21.7949594,0.010999674,22.74147483,0.011996941,21.04394931,0.010107415,22.33251467,0.017023578,20.75680637,0.015062206,22.2889129,0.044974172,20.92760309,0.049647927,1015208,3
302.7768817,-56.75077236,26644.75149,25141.797,-0.153404936,0.334501266,0.53980881,0.016118387,6.587641239,1,0.208567175,0,-0.08731791,0.131530564,-0.01522272,0.035057173,-0.098199077,0.135625854,-0.01523942,0.035045888,0.009055412,0.027595261,24.37276709,0.114237465,24.01631054,0.107972373,23.85385368,0.024887264,22.99548856,0.022376466,22.42983919,0.006889718,21.5993235,0.006445218,21.55948164,0.004788258,20.69617198,0.004563783,21.08884541,0.005669429,20.27722191,0.005427205,20.90772272,0.013458032,20.04367093,0.012609919,1015209,3
302.762074,-56.76797625,26754.61917,24905.72419,0.473903924,-0.321928889,0.924095154,0.010184069,19.34827614,1,0.981884346,0,0.377941578,-0.244787559,-0.015091117,0.031718428,0.377647907,-0.24970372,-0.015126083,0.031789269,0.010849713,0.028636184,27.53924858,2.024769811,22.76036778,0.206427036,23.62641647,0.036368163,20.47281033,0.018735295,22.98331668,0.019103754,19.82262919,0.010214784,22.83120129,0.018993459,19.56223553,0.01083011,22.41041148,0.023259712,19.21670316,0.013456046,22.31325475,0.050552224,18.89181566,0.025181779,1015216,3
302.7096427,-56.76644595,27147.28719,24925.03059,0.80617249,0.285566539,0.993430436,0.011005961,47.80062103,1,0.917031654,0,0.799276628,0.28739133,-0.014532332,0.033956489,0.78954792,0.280885309,-0.014560862,0.034036718,0.01397113,0.029891285,28.48766301,4.573501419,21.73911414,0.15799048,23.5823529,0.020653797,19.54652117,0.008347311,23.50975754,0.01755254,19.44671975,0.007174083,23.45667731,0.022596192,19.25747806,0.008880493,23.09979442,0.034302048,18.83551629,0.013116686,24.18309672,0.264992253,19.25503687,0.070257847,1015218,3
302.7094021,-56.76223852,27150.22204,24981.99181,-0.104529649,0.150645062,0.740608573,0.014286468,7.02946949,1,0.400202228,0,-0.071476738,0.116240099,-0.014088924,0.034255455,-0.07126838,0.116552547,-0.014124194,0.034337163,0.013593528,0.030035287,23.14719311,0.03472589,22.01287386,0.029219224,23.04074038,0.012164068,21.84245899,0.009928546,22.71463294,0.008584921,21.56589346,0.007194932,22.48958021,0.009343876,21.18694672,0.007845672,22.09621637,0.01356061,20.92532969,0.011157808,22.08076485,0.037521276,20.90663304,0.029304,1015221,3
302.7355317,-56.75650202,26954.63105,25061.67834,-0.653576016,-0.274880797,0.949523866,0.023231665,19.67626762,1,0.848067169,0,-0.568634713,-0.182249209,-0.014011403,0.034408407,-0.587682724,-0.26379776,-0.0140507,0.034367003,0.010936189,0.03059054,24.40351775,0.112129593,21.77875837,0.076933869,24.97014614,0.073067326,22.63824859,0.082745243,23.95177221,0.029425771,21.05225776,0.016552569,23.74009564,0.030678029,20.72558109,0.014724591,24.66163526,0.146153143,21.98841494,0.128648537,24.38167387,0.323352394,21.27758537,0.195076018,1015227,3
302.7630564,-56.76396132,26747.54389,24960.72053,0.272244483,-0.783289969,0.84091711,0.01397912,14.496171,1,0.73285605,0,0.17243994,-0.526917859,-0.014672714,0.032066449,0.169518709,-0.525568962,-0.014708854,0.032138627,0.010285073,0.029187921,23.56858724,0.046924214,21.27698099,0.042287391,24.00791867,0.029448269,21.08774618,0.018886614,23.18880746,0.012453409,20.31081852,0.008621774,22.77094507,0.012726037,19.83523546,0.009186105,22.36517615,0.018047526,19.49791308,0.012723632,21.90108829,0.031161974,18.90749348,0.020032854,1015230,3
302.7619953,-56.76810927,26755.19965,24903.90019,0.018938065,0.376718789,0.816113353,0.00962303,11.87506866,1,0.983196936,0,0.01870051,0.475183375,-0.015086642,0.0317208,0.015001701,0.297423899,-0.015125792,0.031792235,0.010892125,0.028727249,29.13266481,9.044969778,24.59070268,0.64756382,23.52051704,0.039373724,21.13090532,0.021439886,22.75933366,0.019076068,20.3792741,0.010994123,22.58768292,0.018467083,20.11182381,0.011120435,22.28060017,0.023615349,19.84689557,0.014300754,22.17783523,0.048692695,19.62405766,0.028365419,1015232,3
302.7229173,-56.76140844,27048.88867,24993.96583,-0.485071182,-0.768409669,0.950868428,0.030839756,17.61425209,1,0.933775342,0,-0.024184652,-0.036815634,-0.012917496,0.030361529,-0.436578304,-0.703342319,-0.012905955,0.030379847,0.012528752,0.028811434,23.67831046,0.055386864,21.787119,0.056750197,24.04038953,0.031021473,22.2770582,0.044868996,24.05680388,0.028847534,21.80187482,0.021826883,23.52986484,0.024434294,21.14638307,0.020829829,22.93929428,0.029002537,20.63446403,0.022546966,22.8380532,0.076759633,20.04015484,0.03766286,1015239,3
302.7575703,-56.75967617,26796.72967,24988.99925,nan,nan,nan,nan,6.959938526,1,nan,0,-0.077400755,-0.083385325,-0.014905634,0.031839471,nan,nan,-0.014898647,0.031856079,0.009895851,0.030447892,24.07674875,0.080967993,20.92577548,0.053948531,26.59685545,0.31207999,22.48442148,0.078471028,24.57311812,0.044930451,20.56807147,0.013082615,26.24858012,0.30479971,21.60771554,0.053529272,25.76782509,0.415735594,21.22971378,0.072552007,25.63893925,1.007963264,20.19573157,0.078572526,1015282,3
302.7471186,-56.7799187,26865.89442,24741.6407,0.114114858,0.179810345,0.989137948,0.128092289,66.94010162,1,0.667524523,0,-0.119601366,-0.172834978,-0.016771393,0.029161179,0.113186345,0.17746152,-0.016813325,0.029230796,0.011234649,0.026131236,25.8278263,0.365076308,21.32465584,0.09272719,24.60829265,0.048656923,20.61224092,0.02645408,25.5441733,0.102224333,19.84983329,0.012196935,25.58986561,0.152601479,19.51886658,0.014322752,24.13353339,0.082386747,19.33263842,0.022316517,24.08684401,0.230017745,19.21289395,0.059861794,1015292,3
302.7227817,-56.76911045,27049.15162,24882.98266,nan,nan,nan,nan,2.555135727,1,0.892056598,0,0.042649336,-0.005454164,-0.01381909,0.029182778,0.042394556,-0.005372056,-0.013854994,0.029254612,0.01291852,0.026297772,24.6251939,0.127019749,21.02306426,0.060986187,27.75541161,0.912451875,22.07528681,0.085721216,28.7601742,2.129362849,21.65333296,0.056348378,29.82838221,7.780989133,21.53336365,0.075475336,30.75818426,36.76067277,21.18380292,0.100926605,31.84035211,305.8824561,20.23612555,0.132561236,1015332,3
302.7273663,-56.77668045,27014.28034,24785.11801,-0.191515639,0.410565555,0.827233434,0.040321879,14.49397182,1,0.247543695,0,-0.133390412,-0.08234733,-0.015183898,0.029622206,-0.101339102,0.26000917,-0.015159257,0.029640933,0.012142917,0.026020915,25.97194531,0.428712204,23.49044261,0.459010493,25.62134819,0.12772802,22.55948133,0.103088829,24.02729139,0.025848874,20.75998,0.018317713,23.32217225,0.019622468,20.3288154,0.019431607,22.85074085,0.025382868,19.93931549,0.025275349,22.81108107,0.07176666,19.72512015,0.061611447,1015528,3
302.7762833,-56.78367189,26646.91896,24691.44086,-0.022644399,-0.125555843,0.701981366,0.000185315,7.068512917,1,0.011608585,0,-0.021522423,-0.058834941,-0.018190092,0.028164788,-0.02124528,-0.058875419,-0.018229483,0.028217513,0.010552385,0.025964799,20.24991479,0.00491214,19.12717596,0.004777136,18.91934372,0.002176811,17.57031299,0.002153656,18.06491467,0.001236944,16.69031239,0.00122616,17.72841834,0.002095006,16.27992123,0.002089858,17.39935788,0.001241789,16.02510071,0.001228061,17.31863853,0.000960666,15.91595702,0.000880996,1015606,3
302.7736144,-56.78307494,26666.78262,24699.31358,nan,nan,nan,nan,5.240962505,1,nan,0,0.000176402,-0.043542786,-0.017693327,0.025863827,nan,nan,-0.017731572,0.025914546,0.010671991,0.025937831,25.14864653,0.2017022,24.85915946,0.203115575,22.89235682,0.010286603,21.91187597,0.008604762,21.4768938,0.003017605,20.56812557,0.002749494,20.82503389,0.002936601,19.89056921,0.002815105,20.4208506,0.003177128,19.547416,0.00300194,20.30532494,0.007424771,19.40281594,0.006931567,1015609,3
302.7787169,-56.78130039,26628.77615,24723.98696,-0.060438395,0.159462065,0.764225006,0.003359322,9.851053238,1,0.130221102,0,-0.049391829,0.116961634,-0.01829869,0.02818859,-0.050885297,0.119730666,-0.018338671,0.028242996,0.009719715,0.026529003,23.01467027,0.028799142,22.34413692,0.026694388,22.00249278,0.005150152,20.40184475,0.004362204,21.34897226,0.002636796,19.74761235,0.002251239,21.08102853,0.003332604,19.38804387,0.002962102,20.80573615,0.004253962,19.16362519,0.003576544,20.7471078,0.010917434,19.04536777,0.008770023,1015610,3
302.7725542,-56.77974321,26675.16142,24745.07216,0.089191616,-0.079533353,0.980644703,0.214887634,52.08892441,1,0.496173115,0,0.165486289,0.094324272,-0.017615017,0.025923561,0.089296222,-0.075667217,-0.01765403,0.025975803,0.01101857,0.025968248,28.55404756,4.539142797,22.41399119,0.178345886,26.48837546,0.262143225,21.54912152,0.041845741,26.62900506,0.276448569,20.98757022,0.024010191,25.69367019,0.164302434,20.69196805,0.028520031,25.96531938,0.435872203,20.39785344,0.041291575,nan,3.547854705,20.18286745,0.101253645,1015635,3
302.7093705,-56.7724998,27149.59665,24841.5331,-0.103530914,0.008648676,0.65521127,0.006137905,5.744050503,1,4.92E-05,0,-0.060517087,0.019615176,-0.014708046,0.027701958,-0.060127322,0.019772325,-0.014743299,0.027765224,0.013865158,0.028174875,23.41241568,0.040258164,22.93656951,0.037925404,22.35618267,0.007163359,21.36211958,0.006463301,21.68161109,0.003457196,20.62213981,0.003088009,21.44936111,0.00416307,20.31784144,0.003762277,21.22930688,0.006015106,20.18332553,0.00539271,21.25136371,0.017537508,20.18250675,0.015376041,1015693,3
302.7783873,-56.77145417,26632.03282,24859.15149,-0.351518601,0.149189994,0.768155277,0.015481372,6.193377972,1,0.004015766,0,-0.242103427,0.106795297,-0.017586059,0.030864223,-0.243170068,0.106091365,-0.017604768,0.030848105,0.009526736,0.026864287,24.0968659,0.076336239,23.44370343,0.069411271,23.56336552,0.018549287,22.59954369,0.01529807,22.93977023,0.009530998,21.90756861,0.007745179,22.78555474,0.012219403,21.63160903,0.009850524,22.59384601,0.020543267,21.51074521,0.017028539,22.73460236,0.069844638,21.7921075,0.062396567,1015782,3
302.7294024,-56.77092523,26999.47043,24863.98544,0.141198471,-0.099006645,0.731311142,0.061051663,12.21832275,1,0.010630075,0,-0.043454522,0.036585109,-0.012757228,0.031285513,0.079819188,-0.039478231,-0.012722222,0.031299062,0.012112988,0.025334343,25.11640743,0.191839657,22.74142695,0.226840845,24.83870906,0.062513997,21.90202613,0.056574001,24.3380638,0.035222899,21.09919985,0.024603926,23.86233771,0.031471524,20.76408469,0.028215607,23.71761755,0.056853145,20.69747373,0.050628273,23.54927572,0.144375467,20.61740876,0.121299755,1015823,3
302.7879598,-56.76243202,26560.81363,24982.61898,0.280924559,-0.198152378,0.40407148,0.008914723,4.004451275,1,0.014294841,0,0.078235761,-0.042600703,-0.017338348,0.031765845,0.07809867,-0.042669829,-0.017377231,0.031831544,0.007786495,0.028979848,24.42667942,0.110351013,24.19664757,0.109180674,23.08480342,0.012116129,22.66050702,0.011758263,21.3475504,0.002915703,20.93364821,0.002809445,20.59190075,0.002785504,20.12807939,0.002730295,20.15349849,0.00267922,19.71607271,0.002607863,20.06674828,0.006379559,19.6143592,0.006191167,1016370,3
302.7239638,-56.75831787,27041.2879,25036.31632,0.225786522,-0.022735838,0.682617009,0.107887082,10.77906132,1,0.038853014,0,-0.02081584,0.07115887,-0.013807985,0.031917542,0.118764915,0.016651984,-0.013874817,0.032046553,0.012643188,0.028880815,27.78273484,2.405158129,23.40324701,0.202102182,25.48720141,0.118809188,22.55894361,0.065347997,24.6789275,0.050565622,21.52368188,0.034394424,24.57027288,0.064647331,21.30952922,0.04026082,24.46711876,0.123634456,21.56398764,0.070238103,26.89376005,3.169755941,21.01385062,0.094501651,1016898,3
302.783972,-56.75298238,26591.38602,25111.81705,-0.339384258,0.476652265,0.540094197,0.008972738,3.549224138,1,1.53E-05,0,-0.179403006,0.258831278,-0.015987922,0.032946387,-0.17919375,0.25869289,-0.016024068,0.033007424,0.007952086,0.027506567,23.334682,0.044339168,23.0410115,0.042500558,22.75071623,0.009591887,22.29197595,0.008845064,21.58124486,0.003596096,21.11587353,0.003340248,21.13472778,0.003623066,20.59319871,0.003435344,20.73192249,0.004163434,20.23269208,0.003948179,20.59707954,0.010469862,20.07049085,0.009767436,1017280,3
302.747936,-56.75026523,26862.02694,25147.57492,-0.190381169,-0.008119276,0.84439075,0.038464472,16.91731262,1,0.088775917,0,-0.253291835,-0.115536,-0.013912387,0.036486069,-0.142324671,-0.025382182,-0.013901956,0.036507357,0.010340473,0.029251783,24.45631059,0.1190497,21.66521373,0.119261143,24.64499093,0.049615081,21.08634307,0.03198651,24.10115678,0.031110325,20.49773992,0.019313286,23.81748603,0.030924085,20.12249977,0.019461222,23.24594526,0.037552767,19.71505228,0.026554758,23.00871917,0.087655135,19.40628942,0.055710651,1017368,3
302.7467204,-56.7493348,26870.81734,25160.14176,-0.184111789,-0.339443773,0.924339652,0.065521717,23.74780083,1,0.113267937,0,0.084160907,0.217433815,-0.013819784,0.036480248,-0.178741932,-0.299016118,-0.014181925,0.036122564,0.010319441,0.02887735,26.69169976,0.895536406,23.103008,0.340870522,24.89112724,0.06169559,20.95986395,0.038472798,24.56215241,0.047252872,20.74357304,0.021603607,24.32333523,0.049266914,20.3234482,0.020609344,24.28662648,0.096732569,20.31384472,0.035875497,23.77196768,0.17513046,19.79655804,0.066395768,1017369,3
302.7510511,-56.75020874,26838.65242,25148.47791,0.023542121,0.852848113,0.786426544,0.047888879,11.833848,1,0.593197954,0,0.066408213,0.399244972,-0.014063272,0.03649227,0.024110222,0.62512517,-0.01405302,0.036513608,0.010162173,0.029221299,25.02731876,0.200070597,23.15538877,0.22632583,24.97189567,0.06745766,22.66424953,0.064385543,24.1235098,0.031889488,21.40434593,0.021513049,23.79052269,0.030172235,20.92606854,0.019323595,23.42102288,0.044758489,20.71648649,0.03080957,24.04010347,0.228509991,21.46470977,0.182523356,1017370,3
302.7605245,-56.74859674,26767.67195,25170.93089,0.234799504,0.816387951,0.642387331,0.016943004,5.746835709,1,0.215863657,0,0.13144755,0.492791941,-0.01442989,0.034699696,0.131764159,0.492743075,-0.01446391,0.034769014,0.01017697,0.028403224,23.87296403,0.067968178,23.45252529,0.0625841,23.48768475,0.017424003,22.78697033,0.01557585,22.56757662,0.007962141,21.90191953,0.00717125,22.36995043,0.008658999,21.59900069,0.007741638,22.05084154,0.013148395,21.3195203,0.011812963,21.79554168,0.029062847,20.99238527,0.025022204,1017585,3
302.7617466,-56.7491589,26758.45824,25163.28525,-0.275861472,0.744345546,0.929044902,0.017377252,16.62586403,1,0.506664175,0,-0.24303735,0.644461725,-0.014510596,0.034707903,-0.236931637,0.652103961,-0.014548142,0.034777287,0.010073118,0.028410007,24.07309653,0.081246691,22.35110114,0.086003997,23.99447308,0.027393994,21.62080039,0.019947391,23.27310314,0.014889809,20.87303742,0.010787575,23.10958039,0.016594848,20.62413266,0.012154701,22.64104621,0.022311041,20.21437241,0.015470391,22.54418965,0.058096276,20.42552818,0.056899286,1017587,3
302.7270408,-56.74463654,27019.30068,25223.72405,0.142349154,-0.023522675,0.723729372,0.005341826,6.330413818,1,0.007887261,0,0.086752006,-0.004249992,-0.012035251,0.034706932,0.086597934,-0.004150808,-0.012066533,0.034670439,0.013481351,0.028420896,22.78550563,0.026078797,21.94636823,0.022387547,22.35919406,0.006925568,21.36003288,0.005732648,21.50047469,0.003330766,20.55141398,0.00284476,21.26961839,0.00370737,20.11808507,0.00330047,20.98502839,0.005006841,19.94928348,0.004350332,21.01679178,0.014528981,19.82703876,0.012169935,1017670,3
302.7255528,-56.7462741,27032.99504,25206.95428,-0.209438443,0.30326587,0.99506551,0.056287035,95.33972168,1,0.714951294,0,-0.115012512,0.160799486,-0.011378528,0.036529048,-0.208296269,0.299246013,-0.011409579,0.036492661,0.013022394,0.028355791,24.8006143,0.163033525,22.10354487,0.119114556,24.81190293,0.062008175,21.88660327,0.043979936,24.93401942,0.069420762,21.89771559,0.03903467,25.19212669,0.107154252,22.04180115,0.074310869,25.52436061,0.303572664,22.4871041,0.156561263,24.24567203,0.278998981,21.23197338,0.146829072,1017680,3
302.7528477,-56.74880298,26825.27415,25167.79438,-0.463064939,0.692203999,0.494163722,0.213079274,8.631680489,1,0.068951237,0,-0.12773082,-0.062309801,-0.015342632,0.034481781,-0.181270421,0.289549857,-0.015585921,0.034184355,0.009981398,0.028383591,nan,0.849053336,inf,nan,25.79198108,0.141499932,22.30002838,0.087302419,24.97111974,0.069322661,21.45705122,0.039754486,25.02822115,0.093052905,21.32142924,0.038684009,24.86497715,0.166682409,21.18765276,0.065369546,24.15560697,0.254264235,20.69043765,0.123405689,1017689,3
302.7759799,-56.74238638,26652.11185,25256.55069,0.394191533,-0.008088578,0.791417897,0.001951814,7.692894459,1,0.030027303,0,0.264913114,-0.000767831,-0.014237362,0.036510462,0.265237004,-0.00109484,-0.01426644,0.036429841,0.010999398,0.026022123,22.48793772,0.019851794,21.17363481,0.017104265,21.38993882,0.003541691,19.78031236,0.003066067,20.6807978,0.001980303,19.0795223,0.001715892,20.42774501,0.002624714,18.7785637,0.002428027,20.13241827,0.002780629,18.53534036,0.002346757,20.07508149,0.006340686,18.36230998,0.004992996,1017700,3
302.7672259,-56.74349648,26717.74481,25241.01222,0.619569957,-0.316443712,0.742349446,0.00884148,4.916228294,1,-3.81E-06,0,0.44576811,-0.218841896,-0.013667577,0.036611193,0.445625961,-0.218750387,-0.013681174,0.036606073,0.011303727,0.027981106,23.6064112,0.056270424,23.09503088,0.053049632,23.18697414,0.013113966,22.35376715,0.010771639,22.05552018,0.004902549,21.1965518,0.004056457,21.59108113,0.004667367,20.67066195,0.003980688,21.18319297,0.006159385,20.36429759,0.00528545,21.07555639,0.015321207,20.2188215,0.012985124,1017701,3
302.7117937,-56.74570597,27133.5948,25208.38642,-0.099173263,-0.017585089,0.777059078,0.018411843,7.222710609,1,0.00754019,0,-0.07276175,0.004066247,-0.013808069,0.037723826,-0.074456558,0.003933344,-0.013798041,0.037745275,0.014719667,0.03006682,24.49502223,0.122787289,23.54307531,0.101949482,23.58764403,0.019911157,22.26524759,0.016536158,22.98240482,0.011594819,21.65968866,0.009442554,22.83279746,0.012560446,21.36639454,0.009887573,22.58774205,0.020752616,21.33020469,0.016612426,22.58375129,0.058861793,20.9016358,0.044750757,1017762,3
302.7539542,-56.74595841,26817.20563,25206.77482,-0.351873249,0.297272295,0.505555868,0.018708276,4.875711918,1,0.033111293,0,-0.159883113,0.148312251,-0.014138381,0.03770057,-0.159529984,0.148538545,-0.014171804,0.037773255,0.010839811,0.029453287,23.83047526,0.067412269,23.59234561,0.067699504,23.44379356,0.016569866,23.03014128,0.015929314,22.38587095,0.006631348,21.85062205,0.00624758,21.99971816,0.00622722,21.46146477,0.005818503,21.66564007,0.009174061,21.13129766,0.00862843,21.5624422,0.023265483,20.99178254,0.021715614,1017826,3
302.7484292,-56.7435279,26858.83915,25239.81691,-0.258803785,-0.752161801,0.680378616,0.003148829,5.325163841,1,3.90E-05,0,-0.155550338,-0.419738424,-0.013121837,0.03788654,-0.158588916,-0.427489966,-0.013154061,0.037969097,0.011787295,0.02809098,22.14340903,0.015284487,21.49721105,0.014474457,21.22906216,0.003207446,20.23687353,0.00300002,20.92385008,0.002183513,19.83004012,0.001977779,20.83747994,0.002992573,19.66237421,0.00277087,20.70453898,0.004142119,19.59444778,0.003645774,20.73370324,0.010918173,19.56650632,0.009317324,1017831,3
302.722087,-56.74307277,27056.61192,25244.90934,0.650953531,0.423325539,0.574739277,0.016894158,5.251951694,1,0.000525239,0,0.319511551,0.228420016,-0.011515778,0.034714915,0.319152772,0.228425682,-0.011500168,0.034736425,0.014697431,0.027916225,23.27392723,0.042700839,22.7715116,0.041393754,22.82132368,0.01037489,22.275376,0.009612355,22.39957321,0.00698293,21.78833566,0.006442712,22.3217714,0.008315469,21.66364109,0.007687168,22.22538546,0.014897322,21.60185471,0.013963135,22.19595342,0.04251413,21.46913386,0.039104408,1017848,3
302.7214371,-56.74385995,27061.42622,25234.10527,0.926510215,0.161668018,0.959006906,0.154263273,21.05865479,1,0.198483628,0,-0.172472758,0.377721764,-0.011902384,0.034710938,0.889506459,0.154718384,-0.011494745,0.03473112,0.013713836,0.026866219,28.98051156,7.938302972,22.24417239,0.196270942,25.98138471,0.176586781,21.79098603,0.061003844,25.24304711,0.091015902,20.92860256,0.040596732,25.17332471,0.108517387,20.40620647,0.048062995,25.12518502,0.214412252,20.85634916,0.07224224,24.56817551,0.376189184,19.89491061,0.088028006,1017850,3
302.7904888,-56.74250474,26543.18998,25255.4808,0.095269077,-0.252546668,0.525235474,0.001268609,4.382110119,1,3.27E-05,0,0.033196866,-0.089411227,-0.015338057,0.034660976,0.033330493,-0.089383148,-0.015353883,0.034650225,0.00910144,0.02526011,21.79042634,0.011032604,21.3455169,0.010757351,20.36452403,0.00250425,19.75083297,0.002439334,19.51712647,0.001393302,18.88192021,0.001357017,19.17335816,0.002174748,18.47794713,0.00215519,18.86696722,0.001483631,18.22279629,0.001439092,18.79201118,0.002314046,18.12228796,0.002137199,1017856,3
302.7349251,-56.74385992,26960.18025,25234.69855,0.066558756,-0.044007007,0.255604833,0.008042145,3.284648657,1,0.059609576,0,0.00697333,0.018501353,-0.011494805,0.036078138,0.006989801,0.018565468,-0.011525393,0.036045495,0.012933076,0.027590707,21.43441621,0.008781268,21.33173827,0.008852468,20.95795343,0.002972611,20.79808397,0.00294289,20.58860069,0.001914076,20.42194296,0.00188568,20.41400616,0.002576748,20.21233654,0.002551338,20.40292316,0.003212644,20.22578018,0.003162396,20.41591275,0.00825467,20.21316905,0.008074656,1017985,3
302.7313932,-56.74287127,26986.77054,25248.078,-0.026947271,-0.119240828,0.652587891,0.003214689,5.333162308,1,0.03862499,0,-0.021915117,-0.051654266,-0.010392806,0.037248668,-0.022252981,-0.051427878,-0.010422191,0.037216991,0.013483166,0.026251109,22.10185466,0.014483088,21.15931,0.01317066,21.55253087,0.003976211,20.555965,0.003579454,20.80540385,0.002113052,19.83813528,0.001931814,20.50426084,0.002647647,19.42522073,0.002524464,20.27724767,0.002888997,19.27734857,0.002651089,20.26127967,0.007404588,19.16351717,0.006669176,1017987,3
302.7271939,-56.74037515,27018.49415,25282.06112,0.751096666,-0.437178016,0.846776187,0.003930734,6.748248577,1,0.040562905,0,0.592940541,-0.339424688,-0.011237078,0.033768518,0.593206048,-0.339453936,-0.011269646,0.03372924,0.012914097,0.02566632,23.84994507,0.06495403,22.58667523,0.049152404,22.94346132,0.011528431,21.54731936,0.008783329,21.40517777,0.003086687,20.03296068,0.002565469,20.75132323,0.002893463,19.25483059,0.002642553,20.22578531,0.002749875,18.80661116,0.002382815,20.02545902,0.005991412,18.5486348,0.005016163,1017989,3
303.2494875,-56.84692139,23100.15108,23831.70628,nan,nan,nan,nan,2.693783998,1,nan,0,-0.019026146,0.109592072,-0.016808217,0.033901385,nan,nan,-0.016849451,0.033974636,0.002663071,0.043171025,22.97397183,0.164770188,16.68954853,0.004795521,20.8629085,0.109453227,18.78457272,0.021710513,19.81545863,0.005532713,17.7782292,0.003229182,23.21195314,0.453663888,17.6929334,0.00403827,19.91579883,0.012733552,17.23872551,0.004311659,19.83902445,0.015191227,15.90095354,0.003904034,774312,4
303.2498907,-56.84439443,23097.07194,23866.29047,-0.01845721,0.04771477,0.450791776,0.002277511,5.283572197,1,0.560556181,0,-0.01493377,0.039749843,-0.016375022,0.03402818,-0.014977048,0.039975502,-0.016415259,0.034100488,0.00264176,0.041179309,21.85412891,0.012452944,21.32619104,0.011545672,21.48179457,0.004630858,20.87492487,0.004305767,20.01727086,0.001652933,19.42688398,0.001593714,19.03604223,0.002148484,18.36803888,0.002135646,19.1388711,0.001569481,18.54808373,0.001530175,19.54174926,0.00389488,18.89856508,0.003615475,774315,4
303.2233891,-56.83566835,23295.30628,23986.04565,-0.617669225,-0.205787495,0.677478194,0.005236931,6.110280037,1,0.51719381,0,-0.370194144,-0.108786154,-0.015729879,0.03153198,-0.369591534,-0.109118246,-0.015767973,0.031598613,0.007138041,0.048048737,25.08439303,0.217182683,24.56760683,0.241320413,22.69096992,0.01100087,21.7028098,0.009766957,21.43790592,0.003226029,20.51159282,0.002858822,20.94205621,0.003106108,19.91435707,0.00281227,20.66205656,0.003537696,19.70844414,0.003079881,20.71017318,0.010148766,19.65577285,0.008672845,774340,4
303.2670565,-56.85087693,22968.74559,23777.26117,1.162426829,0.22556968,0.146025956,0.039135929,3.230415821,1,0.263809844,0,0.101070601,0.053848843,-0.018002411,0.034438427,0.103202522,0.054686673,-0.018043904,0.034509759,0.003312071,0.04177459,25.84510651,0.454769066,25.71732861,0.467484712,24.24060441,0.039292616,23.91837199,0.03979447,21.73586517,0.003999062,21.40101237,0.003979546,21.09488581,0.003240712,20.67247982,0.003171478,20.89799147,0.004316859,20.50451856,0.004174907,21.51655807,0.02166332,21.12047203,0.021246511,774351,4
303.2509942,-56.84946922,23088.93435,23796.81116,-0.091370247,0.133930191,0.792292833,0.011128947,14.0522747,1,0.82067718,0,-0.078280914,0.100040309,-0.015278719,0.03636024,-0.082328223,0.099095955,-0.015269388,0.036375392,0.002678638,0.040625003,25.82815079,0.447054359,24.25591602,0.571697962,23.27742769,0.017120549,20.54212763,0.009133269,22.69044778,0.009281073,20.34955882,0.007031515,22.1617696,0.00678228,19.80959033,0.005819571,22.12282843,0.01269903,19.68605926,0.009157095,21.99170895,0.032488581,19.07519562,0.015544139,774368,4
303.2337926,-56.84854409,23217.79501,23809.81225,nan,nan,nan,nan,5.336869717,1,nan,0,-0.249625409,-2.2463035,-0.01647737,0.029474043,nan,nan,-0.014805506,0.031846296,0.003167619,0.041775509,25.64664008,0.373116023,24.33444396,0.448677471,23.06089192,0.014727855,20.71994571,0.008330281,22.61797818,0.008913957,20.59931476,0.006713149,21.94100837,0.005772475,19.82839886,0.004626352,21.99675855,0.011786519,19.87656919,0.008345434,21.5158859,0.021298054,19.02117745,0.010865818,774370,4
303.1832631,-56.85296148,23595.95724,23749.65814,0.37024191,0.599104881,0.905536175,0.015606356,5.574620724,1,0.591963604,0,0.321021152,0.527351053,-0.015354804,0.03151461,0.321177334,0.527788043,-0.015395438,0.031582136,0.003661633,0.042146666,23.28118455,0.039853916,22.33662626,0.039380316,23.1104125,0.01364035,21.57468636,0.009565607,23.16067693,0.013007573,21.50254954,0.008250541,23.13892447,0.016225458,nan,nan,23.03611898,0.029528134,21.17960137,0.019065824,24.24315224,0.257303865,23.41179593,0.361586242,774378,4
303.2258258,-56.83658391,23277.07858,23973.48792,0.328524947,0.83844316,0.702567816,0.106610812,11.52769279,1,0.86250947,0,0.191135357,0.52294083,-0.015779666,0.031541427,0.193822891,0.522967577,-0.015817685,0.031608149,0.006167195,0.044793199,27.82109626,2.70706984,25.28052893,1.529270848,25.5306797,0.13514544,22.43595838,0.056088767,24.82360292,0.060001814,21.98391103,0.041153263,23.96855253,0.033557955,21.11177419,0.029024595,23.87574228,0.060595231,21.12114894,0.052068471,24.89131446,0.471221616,22.48066372,0.518581191,774458,4
303.1934556,-56.85171792,23519.65518,23766.61452,0.497700214,-0.434018493,0.689685583,0.005107628,4.421701908,1,0.005522047,0,0.314918636,-0.269591105,-0.015426372,0.03285725,0.317163378,-0.269254357,-0.015467691,0.03292796,0.003689114,0.041730469,21.99185896,0.013114574,21.48966885,0.012314677,21.499622,0.003674834,20.79163095,0.003338117,21.37601936,0.002915464,20.64055224,0.002561864,21.25044039,0.003548006,20.40516445,0.00317398,21.21909596,0.005630962,20.46579157,0.004887933,21.25315263,0.016456873,20.48478988,0.014329658,778751,4
303.1851054,-56.84416997,23582.06711,23869.98658,0.034632139,-0.098302692,0.572545588,0.017794363,16.84749985,1,0.000650289,0,0.011896783,-0.039468476,-0.015005935,0.031363109,0.009918466,-0.03918023,-0.015046435,0.03142982,0.003503948,0.042466633,24.61228523,0.141955812,24.34373502,0.147549639,23.07555628,0.013811306,22.5717408,0.012873672,22.41108091,0.006767451,21.87378043,0.006199242,22.25041869,0.007443277,21.60564399,0.006684058,22.0803608,0.01211052,21.52819893,0.011110847,22.33961709,0.043573086,21.76895629,0.040254443,779181,4
303.2295622,-56.82744603,23248.91797,24098.52889,0.748763621,-0.08884421,0.635017812,0.000426263,4.893452644,1,0.000159262,0,0.40907483,-0.034182449,-0.016211048,0.033393478,0.409089744,-0.034156919,-0.016249817,0.033466775,0.007476158,0.046531296,20.77040287,0.006025157,20.28216872,0.005866937,19.39263843,0.002240954,18.66204317,0.002206395,18.61286915,0.001265408,17.85116893,0.001248715,18.34168077,0.002107393,17.48019777,0.002099085,18.05244991,0.001278331,17.27118769,0.001257849,17.98476318,0.001193336,17.17394727,0.001089138,783442,4
303.2245348,-56.83346394,23286.68582,24016.20822,0.279733419,0.28243342,0.721309662,0.000355999,7.879817963,1,0.049025848,0,0.147028386,0.16867847,-0.016870319,0.029813156,0.147059992,0.168446407,-0.016910348,0.029877737,0.008087698,0.04723019,20.82645627,0.006133753,19.56183266,0.005702604,19.67699542,0.002299612,18.28543025,0.002241034,18.75191167,0.001275577,17.29650692,0.001249719,18.44460587,0.002110088,16.85592273,0.002098157,18.11342182,0.001279596,16.61709576,0.001250816,18.03441038,0.001244187,16.51969556,0.001084093,783445,4
303.2448423,-56.83220709,23134.58429,24033.17847,-0.01530508,0.101391107,0.810821354,0.000778805,6.438390255,1,0.053136811,0,-0.016010277,0.082316224,-0.018425674,0.028732378,-0.016005343,0.082342505,-0.018464711,0.028792752,0.007268429,0.047928919,21.68348097,0.010266524,20.09247327,0.008575256,20.53406278,0.002673174,19.25028538,0.002465444,19.70087019,0.001404812,18.34554319,0.001317985,19.46775208,0.002182501,17.90056252,0.002132032,19.13237783,0.001497359,17.66760339,0.001373802,19.08744136,0.002490211,17.5704033,0.001933788,783456,4
303.2040899,-56.831953,23439.76428,24037.08027,-0.07037475,-0.300484031,0.568282187,0.001766174,4.672032356,1,0.000640261,0,-0.040922828,-0.11940241,-0.015835375,0.034080138,-0.040870294,-0.119399562,-0.015872449,0.034150887,0.007827757,0.046407893,22.09470684,0.014371867,21.60516934,0.013842944,20.81726678,0.002844223,20.06292171,0.002721286,20.05302246,0.00152158,19.26846569,0.001461222,19.78034677,0.002252886,18.89105103,0.002214717,19.50189068,0.001711964,18.69875818,0.001632119,19.46919137,0.003324252,18.64152327,0.003054835,783459,4
303.2527857,-56.83385321,23075.13918,24010.54221,-0.102434203,0.784276783,0.788736522,0.001346731,4.768155098,1,0.061853803,0,-0.082413003,0.600374511,-0.018631486,0.035024718,-0.082161821,0.600413203,-0.018671663,0.035096735,0.007302267,0.046181865,22.12595848,0.015664305,21.2057322,0.0129964,21.12437209,0.003310177,20.2118767,0.002924471,20.14355309,0.001576181,19.21064105,0.001445106,19.7466677,0.002240706,18.70218416,0.00217613,19.40010542,0.00165531,18.43892108,0.001522291,19.36370712,0.003033194,18.33764701,0.002559178,783460,4
303.2270572,-56.80762083,23267.29223,24369.92748,0.162884042,0.297988504,0.743153989,0.001397519,5.164651394,1,1.63E-05,0,0.105553194,0.214462393,-0.017983681,0.028771614,0.105542108,0.21449928,-0.018026549,0.028834719,0.003755754,0.040506667,21.65951496,0.01014404,21.00453951,0.009312232,20.66478828,0.002664459,19.76914381,0.002488602,20.18206285,0.001541204,19.24918441,0.001428588,20.07377425,0.002324424,18.99804504,0.002230171,19.84927438,0.001991565,18.88638448,0.001761068,19.83272305,0.004687701,18.85271928,0.003848196,783461,4
303.2092224,-56.8289409,23401.27998,24078.26716,0.034524109,-0.028622188,0.747362554,0.001714891,6.190973282,1,7.30E-10,0,0.016532036,-0.006182787,-0.017279757,0.034365679,0.016613439,-0.006249475,-0.017318547,0.034437381,0.006656523,0.046740882,22.3341422,0.017313763,21.16995776,0.015371708,21.19927416,0.00333678,19.85701564,0.002991956,20.46885341,0.001713586,19.08619074,0.001556628,20.23969196,0.002395682,18.72850772,0.002283498,19.9416608,0.002114441,18.55117796,0.001878028,19.9327618,0.004855829,18.54979796,0.004079879,783467,4
303.2251248,-56.83128809,23282.13757,24046.12182,0.241881415,-0.550059915,0.738463819,0.003154392,5.115661621,1,0.302368072,0,0.158227207,-0.370732337,-0.01631433,0.030840558,0.158235714,-0.370702237,-0.01635267,0.030908016,0.007958774,0.046757571,22.08356342,0.014191423,20.86592179,0.012166205,21.77705343,0.00497309,20.91152438,0.004236102,20.9846313,0.00231185,20.1000444,0.002006652,20.68190302,0.002719508,19.65580496,0.002502022,20.47330406,0.003067508,19.52733522,0.002668165,20.47096894,0.008153148,19.42073306,0.00691865,783473,4
303.2353574,-56.80778365,23205.09724,24367.60634,-0.278996378,0.090444006,0.849123776,0.001877854,8.511517525,1,0.007080123,0,-0.207403127,0.065943491,-0.018103335,0.029026172,-0.207402244,0.065663688,-0.018146358,0.029089786,0.003599038,0.040484561,22.59435141,0.022104895,21.66868875,0.020782852,21.51910266,0.003770354,19.70865556,0.003167945,20.86438034,0.002019095,19.01774558,0.00169389,20.70309208,0.002708335,18.70090232,0.002419015,20.41974061,0.002820078,18.52775522,0.002241811,20.33368379,0.007292878,18.37731988,0.005485814,783476,4
303.2528917,-56.81900937,23073.97895,24213.72626,-3.072644949,1.23274684,0.241342843,0.017517243,4.098694801,1,0.21901959,0,-0.158492852,0.098264342,-0.018341553,0.037174327,-0.182940811,0.105012536,-0.018361632,0.037169337,0.004133916,0.03801978,24.53203976,0.132537274,24.43527854,0.135663374,22.88721721,0.011206868,22.73502199,0.011190218,21.54809875,0.003370807,21.38854033,0.003354502,20.97392978,0.003085944,20.79213365,0.003079093,20.69672963,0.003592949,20.53426735,0.00358791,20.64348795,0.009609007,20.4728867,0.009682565,783484,4
303.2513944,-56.81930741,23085.2028,24209.66678,-0.144825086,-0.176200375,0.728337705,0.005314752,5.614460945,1,0.083992316,0,-0.098441051,-0.102711797,-0.017156639,0.037155417,-0.098132797,-0.103148289,-0.01717549,0.037149519,0.004219866,0.037833212,22.99519874,0.032675917,22.34241224,0.029420434,22.62472063,0.008831061,21.43321361,0.007223574,21.57063406,0.003307567,20.6531298,0.002815542,21.28739389,0.003570953,20.1611828,0.003158252,20.90532323,0.004200237,19.75651452,0.00360853,20.776797,0.01073735,19.58786023,0.008969618,783489,4
303.2211331,-56.80672123,23311.66838,24382.30277,0.108076856,-0.227190524,0.678175628,0.006188734,4.975820541,1,0.000529861,0,0.062447095,-0.13080663,-0.017449492,0.032778855,0.062505856,-0.13091661,-0.017490413,0.032846287,0.003884402,0.040554528,23.11073233,0.034041567,22.58690089,0.031453195,22.65955549,0.008823164,21.90212914,0.007581863,21.65672617,0.003321882,20.89548422,0.002922108,21.43957982,0.003803894,20.58197312,0.003433333,21.15015125,0.005103727,20.40255982,0.004583855,21.14274253,0.015266911,20.31238729,0.01352937,783494,4
303.2211361,-56.80916911,23311.69145,24348.79572,-0.514113009,0.318538308,0.383224785,0.016833333,3.010304451,1,0.000444346,0,-0.197754496,0.13653396,-0.017546176,0.032665587,-0.197804973,0.136971906,-0.017587224,0.032732975,0.004489778,0.039272233,24.08462492,0.086353347,23.92209269,0.086082682,23.12543025,0.013295099,22.88338228,0.013051649,21.99617725,0.004358711,21.72418687,0.004208452,21.51156852,0.004010934,21.17359264,0.003862241,20.98290436,0.00453469,20.69932285,0.004382959,20.67275162,0.009688892,20.35605587,0.009263848,783499,4
303.224842,-56.82539357,23284.23127,24126.67395,0.030796632,0.027571851,0.652819812,0.012347834,4.299817085,1,0.054464529,0,0.015862508,0.031909492,-0.016074796,0.033335548,0.016283056,0.031826276,-0.016113503,0.033408768,0.007537158,0.046616172,24.0939211,0.088747641,23.67929493,0.088806864,23.31997403,0.016090667,22.62460012,0.014154019,22.26798533,0.005865097,21.55606046,0.00518621,21.98403218,0.005936513,21.09023838,0.005302533,21.69412993,0.008769563,21.00050177,0.008022615,21.6298082,0.023420959,20.91816791,0.021487235,783503,4
303.2298468,-56.80924043,23246.42015,24347.7279,-0.047223512,0.067391403,0.706163824,0.009425105,5.230207443,1,0.021569094,0,-0.035174165,0.05330717,-0.018097372,0.028787678,-0.035149254,0.053593602,-0.018140359,0.028850883,0.00438433,0.039277788,23.72834543,0.06204997,22.59744542,0.055003473,22.8717712,0.010566331,21.97765523,0.00906212,22.21525296,0.005293911,21.14671217,0.004574935,22.04189857,0.005901636,20.90307853,0.005000986,21.78997249,0.008837213,20.75423269,0.007560397,21.78218485,0.026764309,20.69892774,0.022945781,783506,4
303.2360526,-56.82443329,23200.24218,24139.69452,-0.105867244,-0.154641986,0.526636839,0.016984858,2.672338486,1,1.91E-06,0,-0.056213719,-0.060336178,-0.016170571,0.033689549,-0.061663732,-0.058859028,-0.016209092,0.033763375,0.00552033,0.041265667,24.62870759,0.14378304,24.39383364,0.149181488,23.36631541,0.01693682,22.91721619,0.015836083,22.29315735,0.005974253,21.82053569,0.005569935,21.56804019,0.004363368,20.97600664,0.004027015,21.15106714,0.005307699,20.64443379,0.004891801,21.01059529,0.01309406,20.48478529,0.01201707,783508,4
303.239351,-56.81420974,23175.31184,24279.59743,-0.088600926,-0.10223107,0.457697988,0.018629104,4.355900764,1,0.12263908,0,-0.0438089,-0.016107829,-0.016704471,0.031293591,-0.045435116,-0.01560881,-0.016745962,0.031361666,0.004084489,0.039847599,25.5862125,0.335521549,25.34731538,0.330861377,24.44202823,0.042120577,23.93075257,0.042647915,22.3786896,0.006152343,21.79724557,0.005882048,21.24990765,0.003507977,20.59135505,0.003370053,20.73860529,0.003686122,20.13849601,0.003515254,20.55677583,0.009013358,19.94154899,0.008543383,783509,4
303.2213285,-56.83341311,23310.69489,24016.9368,-0.376029313,0.147169337,0.85987854,0.010606013,11.28091717,1,0.660391338,0,-0.298242233,0.113651428,-0.016322494,0.034066495,-0.293689668,0.110582687,-0.016360415,0.03413577,0.008124458,0.047226805,25.00590787,0.200806813,23.60724199,0.244785735,23.89390359,0.028985667,21.77308246,0.021860856,22.76833466,0.009257863,20.62206504,0.006977294,22.38367778,0.008130623,20.12437519,0.005861199,22.0716578,0.011824477,19.89621447,0.008472326,22.76738346,0.063424552,21.14986465,0.08227628,783511,4
303.2463405,-56.8105004,23122.85715,24330.28487,-0.168536425,0.176866204,0.641567171,0.015416238,5.169019699,1,4.55E-06,0,-0.108112315,0.120768389,-0.018075944,0.032612867,-0.107147306,0.120443642,-0.018117383,0.032680277,0.003447186,0.040093847,23.45755612,0.050572956,23.03199779,0.048727911,23.1404763,0.013015304,22.47996993,0.011533907,22.51936341,0.006891538,21.84597162,0.006132932,22.35051267,0.007749026,21.57897713,0.006877952,22.18186451,0.013445494,21.50750209,0.012115102,22.12242308,0.036386367,21.1169244,0.033070096,783520,4
303.2697954,-56.83078016,22947.67742,24052.36136,0.224347308,-0.060346618,0.626625419,0.015527624,7.203491211,1,0.000148112,0,0.09487495,-0.009741762,-0.017976068,0.036654103,0.095422968,-0.010713726,-0.018013785,0.036726899,0.00802152,0.046921306,24.96838741,0.201390827,23.99742171,0.181330375,24.26179107,0.038621239,23.04014176,0.031503759,22.63178218,0.007801305,21.50541501,0.007081007,21.65722794,0.004551994,20.46436772,0.00424689,21.15987278,0.005379799,20.05657146,0.00504144,21.01921397,0.013124565,19.91848776,0.012520503,783527,4
303.2348261,-56.8137941,23209.2047,24285.34023,-0.002624257,0.108803801,0.77924633,0.016210504,8.091161728,1,0.017349819,0,-0.005914046,0.091729616,-0.016625864,0.031154995,-0.004521631,0.092804,-0.016667351,0.031222848,0.004805662,0.039016751,24.36567144,0.107745946,22.84353857,0.081069154,23.57528323,0.019485383,22.45032085,0.016245609,22.93223953,0.009896322,21.82920841,0.008049105,22.80187493,0.011238526,21.51097686,0.008510077,22.58467851,0.01851916,21.45324266,0.014448284,22.50710406,0.053030915,21.1987312,0.041844227,783537,4
303.2474532,-56.80602911,23114.41396,24391.4745,-0.002307357,0.736777723,0.977629125,0.01746127,25.68852615,1,0.943510993,0,-0.002773761,0.657369221,-0.01789265,0.032845799,-0.022784332,0.69562465,-0.017928081,0.032906231,0.00330462,0.040442647,24.16649436,0.095455752,21.82811713,0.113887432,25.01627153,0.072937447,22.3506825,0.081257003,23.73045416,0.020011443,20.37048606,0.012094436,23.63122782,0.02296966,20.13717867,0.012698218,23.191887,0.033765879,20.03685421,0.015240932,24.83988392,0.44564007,21.22112515,0.219473728,783545,4
303.2517944,-56.82037375,23082.23268,24195.06511,0.14429082,-0.069353461,0.891619921,0.016043384,9.026642799,1,0.604786985,0,0.110729559,-0.056559255,-0.017202159,0.037122873,0.112070829,-0.054740086,-0.017220713,0.037117291,0.005249584,0.040806297,28.13938773,3.697318153,26.22550484,3.45651091,24.25711758,0.037787159,22.30143195,0.041323543,23.26873572,0.013715654,21.54378892,0.009024282,23.16160924,0.015601818,21.29220018,0.010117096,23.25790667,0.035103887,21.10856246,0.03329727,22.72578578,0.062828881,20.51187104,0.058313123,783549,4
303.1897981,-56.83075323,23546.77795,24053.60855,0.081090137,0.231471136,0.633470237,0.011631534,3.98566103,1,7.56E-06,0,0.081098489,0.162757972,-0.015354424,0.034165019,0.043146797,0.14907591,-0.015391693,0.034237508,0.008171772,0.046359571,24.0709729,0.083437752,23.7300303,0.089473444,22.91929025,0.011570562,22.24375794,0.010663484,22.2157224,0.005385443,21.22030656,0.004829273,22.02935833,0.005960554,20.94478415,0.005324434,21.84166375,0.009690065,21.11677839,0.008827369,21.97446409,0.030465746,21.0627641,0.028925415,783914,4
303.188842,-56.82901625,23553.91735,24077.39094,0.110008292,0.280710697,0.791926026,0.019339954,2.194085121,1,-0.000761841,0,0.07762802,0.224012281,-0.01686362,0.033852851,0.079412468,0.222599626,-0.016903255,0.03392477,0.007428431,0.045781357,25.79427144,0.406713257,27.84920096,4.820310887,23.75403873,0.024675963,22.71698446,0.020159132,23.04886005,0.011183747,21.94123693,0.008726259,22.98103191,0.013181151,21.69469854,0.009732183,22.81982041,0.023283805,21.72552503,0.018691472,23.36736274,0.109832181,22.45779039,0.106868688,783916,4
303.2213232,-56.8219554,23310.55695,24173.76099,-0.250676483,0.132624447,0.728284836,0.011598485,4.008445263,1,0.01894318,0,-0.168541308,0.098582474,-0.016462671,0.035933145,-0.16818589,0.098519497,-0.016481051,0.035924517,0.006212769,0.042159811,24.19593991,0.095873624,23.67475194,0.095559708,22.99075999,0.012173884,21.91547746,0.0105097,22.43757959,0.006589794,21.4908252,0.005555691,22.27052851,0.007252909,21.15049393,0.006049652,22.07495241,0.012000905,21.17924893,0.010266283,22.13597704,0.03683059,21.23696195,0.032213394,784374,4
303.2687712,-56.81563901,22954.92583,24259.63198,-0.252250403,-0.16121304,0.739562392,0.00026237,5.936578751,1,0.060006228,0,-0.159793089,-0.085474338,-0.01818695,0.036514797,-0.159497038,-0.085417897,-0.018227886,0.036587439,0.004631581,0.038754211,19.64230537,0.004571854,18.69283577,0.00452472,18.87136197,0.00217258,17.71538089,0.002149862,18.37981571,0.001251645,17.19896989,0.001234095,18.24374788,0.002103475,16.9265283,0.002093767,17.93230292,0.001266692,16.70828252,0.001242521,17.82588325,0.00113084,16.5206575,0.000992134,784428,4
303.2633565,-56.81226377,22995.40284,24305.91393,0.714632094,0.414733887,0.799280226,0.002287981,5.38683176,1,0.057511129,0,0.529985019,0.319680602,-0.018305916,0.035977068,0.530124068,0.319767028,-0.018347554,0.03605007,0.003371022,0.038186358,22.54283835,0.022105637,21.68025843,0.019251416,21.42882412,0.003632636,20.25333285,0.003138252,20.81251547,0.002027079,19.74306894,0.001761131,20.61217047,0.002646786,19.37826163,0.002425876,20.36000903,0.002852496,19.21900343,0.002375535,20.30605589,0.007078637,19.11546588,0.005567721,784442,4
303.2610218,-56.80457117,23012.69318,24411.24569,-0.133831874,0.100808442,0.672823191,0.00422415,5.046370983,1,0.0671268,0,-0.087834467,0.074098794,-0.019348349,0.034102475,-0.087739691,0.073998444,-0.019391214,0.034172956,0.002988954,0.038231827,22.96092239,0.031827128,22.42313752,0.02910607,21.83239277,0.004811405,20.98158381,0.004246439,21.17235098,0.002485894,20.41648924,0.002218228,20.96551218,0.003008413,20.08467864,0.002754273,20.73439703,0.003753243,19.9693994,0.003321699,20.55667906,0.009170101,19.62626767,0.007723491,784447,4
303.2669762,-56.81719379,22968.41694,24238.37706,0.750961721,-0.346096486,0.794830739,0.005294151,8.402965546,1,0.459334961,0,0.537124865,-0.244998717,-0.019450614,0.035426635,0.536923409,-0.246927842,-0.019473203,0.035415892,0.003710505,0.038353073,22.41803562,0.019310046,21.58795931,0.015594196,21.93551743,0.005082754,20.92931695,0.004123812,21.75700169,0.003987235,20.59831445,0.003266195,21.62405003,0.004429734,20.33904176,0.003657101,21.47194225,0.007043166,20.16727455,0.005716479,21.28374869,0.017486152,19.97278062,0.013669719,784450,4
303.1936778,-56.82106177,23517.59794,24186.24084,0.014690084,-0.061398648,0.75443244,0.003332576,3.988932371,1,0.014048482,0,0.003079294,-0.029515107,-0.016322591,0.035198991,0.003003148,-0.029460518,-0.016360004,0.035266977,0.006110371,0.04206948,22.96524362,0.029799425,22.2703424,0.027183289,21.86005783,0.004749955,20.73112646,0.004106982,21.17269549,0.002463598,19.98718343,0.002117397,20.99552541,0.003041171,19.66425639,0.002711411,20.74149673,0.00366761,19.5681778,0.003101593,20.78098636,0.010358734,19.73716232,0.008621455,784713,4
303.212908,-56.8172127,23373.48145,24238.77228,-0.412096292,-0.803198218,0.626665413,0.008224516,3.559195995,1,0.00013487,0,-0.263127403,-0.486315807,-0.017196947,0.033449019,-0.263444275,-0.486186802,-0.017236887,0.033514235,0.004402914,0.039880076,23.05582295,0.032697838,22.68878903,0.031126771,22.2878669,0.006261213,21.73790153,0.005576574,21.7662495,0.003775947,21.21484727,0.003377285,21.58693817,0.004198336,20.95181909,0.003789091,21.44793343,0.006680507,20.89975033,0.006029721,21.45558054,0.019928122,20.87994667,0.017926597,784775,4
303.1914746,-56.81832288,23534.0683,24223.74655,0.094958246,0.649717987,0.193064719,0.033604044,11.83139133,1,0.001719322,0,0.007375897,0.169859216,-0.016985824,0.033243166,0.00618655,0.170124069,-0.01702537,0.033309635,0.004634069,0.039388976,23.11630873,0.034409547,23.03231962,0.034443469,22.58331437,0.008053685,22.47097332,0.008012449,21.86757575,0.004176279,21.74308186,0.004126945,21.77866948,0.004819277,21.62230482,0.00474904,21.58172736,0.007434197,21.44532939,0.007319142,21.89727676,0.029824738,21.76262516,0.029764295,784950,4
303.2077652,-56.81451579,23411.96721,24275.73365,0.417678475,0.063331865,0.63830477,0.00137996,5.235515594,1,2.96E-07,0,0.219617642,0.050098644,-0.01606268,0.034414415,0.219750047,0.050046928,-0.016102565,0.034485329,0.004188445,0.03974973,22.11544007,0.014371406,21.64387716,0.013551346,20.78398207,0.002737131,19.885547,0.00260235,19.99889428,0.001466608,19.06898433,0.001403309,19.72942124,0.002231343,18.69052942,0.00218988,19.44238008,0.001666231,18.49036942,0.001569376,19.38212944,0.003129195,18.40227555,0.002781248,785128,4
303.2178107,-56.81340463,23336.68457,24290.85177,-0.057444803,0.084581353,0.754319012,0.012586404,22.23336029,1,0.000759485,0,-0.046123399,0.069083586,-0.01596902,0.034825926,-0.043662842,0.068771824,-0.016008306,0.034897171,0.004984557,0.039043728,24.65111359,0.145192693,24.20875626,0.163479095,23.31756176,0.01540417,22.37220386,0.012907723,22.60076943,0.007268946,21.60362091,0.005947309,22.45332045,0.008269916,21.31075905,0.006610702,22.28186403,0.014263815,21.25762949,0.011578152,22.32116891,0.042916362,21.27094282,0.034874076,785411,4
303.0958005,-56.87351741,24250.43931,23468.38101,0.013337676,-0.20385538,0.491203547,0.010477305,2.906206131,1,0,0,-0.004960721,-0.077127459,-0.019593847,0.024998708,-0.004886818,-0.077175006,-0.0196309,0.024896696,0.008175681,0.040210123,23.48262944,0.060219969,22.97732134,0.057842314,22.38736051,0.007689103,21.90043913,0.007280794,21.70411524,0.003750854,21.26512926,0.003542114,21.45992608,0.003967156,20.89078756,0.003769571,21.26330808,0.005772638,20.82984719,0.005458989,21.2205143,0.016194946,20.77165246,0.015224995,984296,5
303.0896957,-56.8673463,24296.15502,23552.82799,-0.15526101,-0.79936552,0.534902334,0.007305618,3.322474003,1,0,0,-0.083979017,-0.368956027,-0.018881704,0.027019431,-0.084019184,-0.369224757,-0.018920077,0.0269171,0.008002734,0.040422873,22.78598791,0.032084523,22.45291246,0.031223634,21.7668875,0.0049411,21.26800857,0.004686139,21.37765573,0.003075273,20.84109256,0.002877951,21.24595889,0.00351526,20.64261404,0.003309542,21.14391901,0.005072019,20.62420501,0.004709951,21.17927174,0.0162142,20.66828183,0.014936275,984361,5
303.0889048,-56.85344158,24302.18523,23743.15534,0.054248031,0.241568387,0.378047794,0.023292312,13.69010639,1,0,0,0.010058099,0.113722529,-0.018117938,0.024602305,0.010153487,0.113617763,-0.018161038,0.024654234,0.006418432,0.04123594,24.18130083,0.113755321,24.01756031,0.113773885,23.34770177,0.017244824,23.07675383,0.016740259,22.17178672,0.005550663,21.88437548,0.00535282,21.3766905,0.003752315,21.03642104,0.00363009,20.98614246,0.004641142,20.69112713,0.004492293,20.87940393,0.012554529,20.56676239,0.01209324,984518,5
303.1069205,-56.85279567,24167.39873,23752.10463,0.064626627,-0.061172646,0.713400662,0.011812027,5.752978325,1,0,0,0.032570165,-0.02750519,-0.018040972,0.024993973,0.033616804,-0.027733924,-0.0180835,0.025046833,0.005973601,0.040397309,24.15489057,0.106985826,23.65451499,0.103645587,22.99125797,0.012908048,22.23420936,0.011541261,22.34680619,0.006562083,21.30730808,0.005633876,22.13378264,0.006516487,21.03275148,0.00559769,21.93670686,0.010663996,20.91698819,0.009226662,22.01900455,0.033653694,21.18879612,0.029815822,984524,5
303.122986,-56.84918058,24047.11088,23801.56831,0.19199273,-0.789748967,0.853229046,0.010849644,11.76048946,1,0.001021915,0,0.151717099,-0.588735626,-0.016795436,0.027589525,0.148140401,-0.592401803,-0.016839063,0.027649423,0.005236758,0.041133199,24.99987439,0.243988831,24.18651201,0.268949622,24.00062498,0.030080156,21.74865431,0.021014969,22.59041331,0.008054965,20.37764487,0.005982179,22.16651065,0.006686261,19.91472358,0.005381401,21.67519767,0.008047146,19.55499777,0.006587699,21.57286912,0.021434151,19.51436055,0.018915745,984561,5
303.1086492,-56.84513898,24154.39716,23857.12073,-0.093396805,0.003903153,0.64593935,0.026766637,10.74669361,1,0,0,0.611998526,-0.289061067,-0.018202884,0.0248862,-0.038745727,0.027199997,-0.017748404,0.024902077,0.00589656,0.041512267,26.06561298,0.64861781,25.20318598,1.24906565,24.29865346,0.041238315,22.29975654,0.034020994,23.18877891,0.013618027,21.13843088,0.011002934,22.87713094,0.012116366,20.78379236,0.010471057,22.59204545,0.018184445,20.58827968,0.015650573,22.46085321,0.049302688,20.48314773,0.044055497,984611,5
303.1028663,-56.84427563,24197.73928,23868.67196,-0.196272939,0.13370946,0.667317092,0.076551482,9.962284088,1,0.05023301,0,0.659072233,1.097258732,-0.017690586,0.024796508,-0.146493584,0.09994711,-0.017725898,0.024822978,0.005848568,0.040800539,25.40259106,0.366342375,22.89456097,0.33146267,25.00416773,0.076834322,21.9773257,0.05492087,24.05913164,0.029603316,20.86093022,0.018578777,24.01519729,0.034572857,20.7017222,0.019331921,23.62234223,0.046497946,20.48738396,0.027957765,23.89320978,0.183521457,20.9142462,0.113770333,984623,5
303.0813549,-56.86940852,24358.53865,23524.5599,0.122068055,0.118933477,0.52568996,0.000839533,5.241408825,1,0.008179217,0,0.032128418,0.059245003,-0.020826217,0.022368346,0.03244324,0.059289049,-0.020865826,0.022256024,0.007374192,0.03991573,21.40684789,0.010177905,20.77424945,0.00973146,20.06865693,0.002443262,19.2864553,0.002382456,19.13665186,0.001315347,18.33951297,0.001292269,18.75804524,0.002123651,17.89176955,0.00211399,18.46649371,0.001320667,17.6636161,0.001298831,18.42158444,0.001617397,17.64439663,0.00152482,1004475,5
303.0696417,-56.87021313,24446.15892,23513.47713,-0.440436602,0.049592141,0.716813087,0.018206777,5.860739708,1,0.104946617,0,-0.307725929,0.042267236,-0.020910094,0.022038933,-0.306892782,0.042725202,-0.020933867,0.022006687,0.008117625,0.038958747,23.60942767,0.068626114,22.54336883,0.059806022,23.58781235,0.023863731,22.73372369,0.01939266,22.76097147,0.009249112,21.93321829,0.007846246,22.52233421,0.008870908,21.5847121,0.00742044,22.16376472,0.012996533,21.22358429,0.011027815,22.04337031,0.035621279,21.15478058,0.029292979,1004498,5
303.0896314,-56.87305076,24296.59098,23474.74377,-0.060523964,0.082849488,0.68460232,0.017713711,5.455904484,1,0.006164758,0,-0.046657236,0.059119953,-0.019618029,0.024885779,-0.04618258,0.059122685,-0.019655133,0.024783408,0.008322514,0.039717456,24.26246253,0.124313647,23.61890834,0.103389123,23.34979914,0.0177732,22.49945315,0.015483103,22.72591761,0.008878623,21.84340803,0.007779362,22.53717012,0.009127952,21.47759108,0.007861422,22.3020188,0.01421164,21.27254377,0.012251138,22.34274456,0.047268408,21.22480612,0.045714402,1004499,5
303.0682087,-56.86979433,24456.88463,23519.20021,0.433322579,0.288815737,0.895645976,0.023851076,10.66140747,1,0.270090798,0,0.363808855,0.253577028,-0.020903525,0.02200633,0.361887127,0.254084468,-0.020927224,0.021974105,0.008123602,0.038956422,24.86170935,0.217321905,22.79989583,0.162124622,24.3827419,0.047744308,22.54476699,0.036638245,23.61413057,0.019907126,21.92115786,0.012692481,23.51065154,0.021144945,21.65064062,0.012858781,23.41560529,0.04037777,21.95829652,0.03218154,23.16134724,0.098031763,20.7715851,0.068001565,1004514,5
303.0467668,-56.8722641,24617.25447,23485.22488,-0.792350531,-0.500170052,0.933919191,0.001374507,6.980216026,1,0.03110088,0,-0.728259912,-0.455475703,-0.019519261,0.02280357,-0.727982998,-0.455975771,-0.01948813,0.022653311,0.008239886,0.039910253,21.98719582,0.015548009,20.67956148,0.010873804,21.17906016,0.003393735,19.58576907,0.002653199,20.5761766,0.001839763,18.98568064,0.001477589,20.32694435,0.002432002,18.62587167,0.002213405,20.02800105,0.002182527,18.47545683,0.001683287,19.95853303,0.005148468,18.39277132,0.003401005,1005753,5
303.0459175,-56.8736774,24623.58454,23465.87164,-0.352983445,-0.187138528,0.830390453,0.008046149,8.107726097,1,0.385245453,0,-0.283126216,-0.132911152,-0.018902419,0.023596385,-0.281997979,-0.130940005,-0.018938152,0.023489362,0.008412796,0.040718152,23.96015426,0.092759323,23.16507256,0.088489988,22.92367702,0.012339391,21.6263843,0.009141939,22.24741891,0.00601885,20.93901336,0.004514198,22.09163421,0.006218589,20.42424968,0.004628783,21.84610859,0.009407898,20.12332135,0.006856483,21.87540905,0.028702614,19.89886071,0.020307602,1005757,5
303.1073876,-56.86926344,24163.78159,23526.64552,0.027945623,0.116012529,0.74443084,0.010108823,21.52685928,1,0,0,0.017523105,0.090239286,-0.019995415,0.025196124,0.017450681,0.090292923,-0.020033281,0.02509347,0.007696173,0.040021283,23.89170858,0.087940484,23.24162624,0.079855399,22.91060585,0.012588373,21.97788696,0.010479954,22.25989097,0.005902213,21.29674363,0.004919419,22.0940502,0.00627903,20.99658834,0.005137115,21.86598617,0.009879361,20.89930257,0.008234508,21.93376998,0.031292345,20.93177561,0.025711183,1005913,5
303.1171909,-56.8667086,24090.4461,23561.63508,0.312850893,-0.33369571,0.575704396,0.008610671,4.046176434,1,0.003152083,0,0.155216002,-0.163648988,-0.0200981,0.025704854,0.155180216,-0.163642243,-0.020135405,0.0256072,0.007498687,0.041122858,23.8901088,0.08578219,23.55948662,0.083243114,22.88622306,0.012126089,22.38965748,0.011267732,21.67386676,0.003627963,21.13434839,0.003321409,21.26495257,0.003451711,20.64894262,0.003222522,20.86531117,0.004182237,20.34200648,0.00389201,20.87196769,0.011506997,20.28995245,0.01069045,1006161,5
303.0940649,-56.86311281,24263.49616,23610.79488,0.387647718,0.20676294,0.777149916,0.002165053,5.456317425,1,1.24E-05,0,0.259567511,0.154428999,-0.020032698,0.025285986,0.259900481,0.154939473,-0.020070219,0.025186902,0.007670789,0.039999286,22.56383107,0.025987698,21.81231215,0.022501509,21.75681064,0.004739239,20.74376071,0.003988933,20.65031166,0.001941796,19.59093298,0.001694343,20.29714723,0.002432456,19.03677425,0.002296023,19.89866874,0.00207495,18.76361512,0.001824146,19.86600336,0.004848984,18.72851263,0.003980387,1006166,5
303.1143312,-56.86265443,24111.85423,23617.12516,0.045161158,-0.399418592,0.389138788,0.004716189,4.233092308,1,0,0,-0.003216166,-0.087924088,-0.019981774,0.025669195,-0.003327774,-0.08812473,-0.020018874,0.025571421,0.007405663,0.041167466,24.09791964,0.10683744,23.9151044,0.105303739,22.29874039,0.007318179,21.88034433,0.007114827,20.62289657,0.001897904,20.1858175,0.001846408,20.0900923,0.002344518,19.60344053,0.002319586,19.77116724,0.001960566,19.33332328,0.001914765,19.6860733,0.004048417,19.22881745,0.003917884,1006307,5
303.0786055,-56.85595957,24379.24445,23708.6371,0.201772839,0.10585577,0.53223902,0.000606968,4.856291771,1,0.00021991,0,0.074866098,0.058095905,-0.01923492,0.022111089,0.074937925,0.058242846,-0.019280761,0.022159591,0.008465846,0.040732579,20.86717807,0.006884015,20.2748344,0.006692856,19.54543827,0.002265421,18.82726363,0.002234331,18.715653,0.001276888,17.99535669,0.001261764,18.40142673,0.002108676,17.59279477,0.002102002,18.09554553,0.001285548,17.35799847,0.001269404,18.02726693,0.001284149,17.26292079,0.001197761,1006451,5
303.0838338,-56.85832639,24340.09403,23676.26714,0.030544844,-0.017585067,0.663503706,0.00096107,6.4048419,1,0.000611914,0,0.007066481,0.0033353,-0.020570265,0.022758789,0.007471164,0.003159344,-0.020608865,0.022651277,0.007865918,0.040640739,22.26439004,0.019918332,21.24991174,0.018443116,20.94646647,0.003062736,19.72783501,0.002860125,19.6041262,0.001405834,18.35844881,0.001349175,19.15196308,0.002151256,17.81770372,0.002129199,18.78461537,0.001415139,17.54119263,0.001361284,18.68855121,0.001909724,17.4276037,0.001699491,1006452,5
303.0746973,-56.85383987,24408.51677,23737.62939,-0.026361562,0.004396224,0.198934838,0.039882593,3.041828871,1,0.000430631,0,-0.020916051,0.018672575,-0.018666622,0.021886308,-0.02035014,0.018584523,-0.01871117,0.021934021,0.006749085,0.040290078,23.02354859,0.038753048,22.92590646,0.039232692,22.70593593,0.009755519,22.58270919,0.009709778,22.01057267,0.004980128,21.87792357,0.004929063,21.7084105,0.004747983,21.54074283,0.004681638,21.62335689,0.008053168,21.48055306,0.007956679,21.62346622,0.023779371,21.47170114,0.023629883,1006455,5
303.0425096,-56.85470868,24649.4072,23725.48769,0.522028923,0.310011446,0.726073623,0.009456527,3.9753232,1,0.015709809,0,0.331282298,0.206329909,-0.018293033,0.022244981,0.331247419,0.206735685,-0.018334027,0.022289878,0.007626872,0.04073396,23.8774746,0.086076504,22.84396865,0.074100942,22.83365407,0.010814239,21.91727761,0.009285075,22.15290389,0.005414519,21.17991594,0.004651089,21.92751019,0.005360206,20.78702317,0.004582604,21.68428424,0.008463311,20.742791,0.007141951,21.64853639,0.024198109,20.6021587,0.020285563,1006606,5
303.0480318,-56.85019399,24608.15096,23787.33655,0.189547226,0.22540012,0.766047835,0.000165102,8.375944138,1,0.004028608,0,0.108841652,0.153158401,-0.015907456,0.024895269,0.109855272,0.153149381,-0.015946593,0.024946028,0.006828463,0.040847267,20.10413454,0.005083476,18.70924012,0.004878769,18.78323569,0.002164447,17.16051636,0.002143412,17.94281882,0.001237636,16.29753069,0.0012248,17.64321482,0.002092907,15.88877672,0.002087834,17.30801669,0.001230693,15.64522077,0.001219128,17.22949593,0.000900224,15.54064744,0.000825345,1006698,5
303.0506463,-56.85186283,24587.3519,23765.10582,0.295451343,0.246402755,0.808178604,0.002117117,9.625718117,1,0.661611167,0,0.182887334,0.208187453,-0.017700268,0.02260173,0.187461317,0.212883919,-0.017739644,0.02264606,0.006881405,0.040767959,24.51472972,0.150177992,24.35876714,0.15038214,21.97801297,0.005467688,21.47586356,0.005035602,20.86548247,0.002322226,20.37965734,0.00219385,19.7729742,0.002270264,19.29110582,0.002251006,19.2129677,0.001580842,18.78164267,0.001556184,19.05784548,0.0025625,18.61684243,0.002500233,1006699,5
303.051343,-56.85173287,24583.34227,23766.30089,0.284143388,0.023960005,0.695517957,0.001092697,6.982424736,1,0.260893725,0,0.151651274,0.025528559,-0.017697769,0.022617337,0.152743205,0.025796551,-0.017736943,0.022662127,0.006754698,0.040880371,21.64884596,0.011585948,20.5401792,0.010422075,20.60193814,0.002648144,19.32095891,0.002511527,19.81864943,0.001481534,18.50566968,0.001401784,19.54138702,0.002204599,18.11662799,0.00216332,19.25296352,0.001578955,17.9004685,0.001471808,19.20340735,0.002816192,17.83134745,0.002392841,1006701,5
303.0452506,-56.84932659,24628.9834,23799.18445,0.815149665,-0.230633408,0.981343806,0.007470936,59.11580658,1,0.84341892,0,0.027162067,0.058335762,-0.015878706,0.024855573,0.785065591,-0.219448715,-0.015917864,0.024906749,0.00639377,0.040463375,24.33985106,0.131407784,21.84146759,0.1303146,23.26435631,0.015407288,20.26943916,0.009013966,22.72510098,0.00954426,19.90521525,0.004880172,22.6241066,0.009785949,19.67610562,0.004713818,22.27378176,0.013755928,19.51458001,0.006408574,22.16393151,0.036306546,19.33740647,0.015763301,1006702,5
303.1189664,-56.85345305,24077.18995,23743.08202,0.110243767,0.619398773,0.884597719,0.012163004,9.952300072,1,0.278874817,0,0.085083251,0.505681808,-0.018454718,0.025276088,0.084588639,0.511159837,-0.018498387,0.025330091,0.005817348,0.042128521,24.37838742,0.135934533,23.73256784,0.160398258,23.27409962,0.016636973,21.54419907,0.013890783,22.69545945,0.009022578,20.92998048,0.00706488,22.52422666,0.008778003,20.70311402,0.006620037,22.28407073,0.014529329,20.50695044,0.01090014,22.63926604,0.057515404,21.0099089,0.056746945,1006769,5
303.1120842,-56.85389703,24128.69775,23736.99431,0.697556794,-0.032974884,0.689286172,0.009968255,3.364444733,1,0.001187784,0,0.450232985,-0.011831601,-0.018476231,0.025100301,0.450671554,-0.012188393,-0.018520316,0.025154,0.006275219,0.04147444,23.20165646,0.045514398,22.70877165,0.041929859,22.76378779,0.01056427,22.07845617,0.009304994,22.01399003,0.004980826,21.31097932,0.004376644,21.89561068,0.005355137,21.05870798,0.004756368,21.59582892,0.007924195,20.85226692,0.007144899,21.70558899,0.025261511,21.01742604,0.023202062,1006772,5
303.1030473,-56.85053102,24196.35138,23783.0474,0.519932985,0.14960137,0.635576069,0.002382227,5.14556694,1,0.163870285,0,0.2538683,0.089089727,-0.01768175,0.025146289,0.253996134,0.08911933,-0.01772384,0.025199436,0.006014242,0.040291806,23.16544123,0.045791892,22.36878084,0.041209967,22.0264576,0.00560484,20.94190727,0.004894622,20.48996052,0.00182878,19.4460008,0.001704943,19.97131531,0.002310678,18.86014491,0.002260568,19.59247641,0.001807224,18.55982916,0.001710993,19.51015438,0.003656591,18.46059022,0.003354243,1006966,5
303.1023452,-56.850138,24201.0109,23788.35889,0.166269451,0.27109459,0.742684245,0.004501778,5.484917164,1,0.442900762,0,0.113169147,0.175704284,-0.016409491,0.027100055,0.11502061,0.177288041,-0.016451951,0.02715865,0.006013825,0.040288033,23.13570064,0.04427277,22.60014307,0.04041025,22.57180844,0.008647788,21.78365136,0.00733316,21.32821444,0.002974205,20.51818984,0.002608485,20.92359769,0.003018268,19.98025788,0.00280062,20.51771294,0.003151254,19.6444724,0.002846072,20.46675652,0.008217098,19.55348146,0.007393717,1006968,5
303.0958883,-56.84002792,24250.00691,23926.79265,-0.69869411,0.173309162,0.902355015,6.26E-05,11.43549347,1,0.059540362,0,-0.572073612,0.144865614,-0.017476122,0.025615551,-0.573817253,0.145186335,-0.017519254,0.025671199,0.006864667,0.04558727,19.32640227,0.004519922,17.26082907,0.004411307,18.04998401,0.00214014,15.72737289,0.002125534,17.21978565,0.001222914,14.89526435,0.001215015,16.94784579,0.002088225,14.48890494,0.002084526,16.57649075,0.001215893,14.22880333,0.001209116,16.47841413,0.000792731,14.08886525,0.000743564,1007187,5
303.0979292,-56.83816829,24234.73847,23952.25484,-0.24696812,0.005450484,0.716104925,0.000246857,7.389678478,1,0.140891577,0,-0.151361934,0.010812584,-0.017343041,0.028206615,-0.151941165,0.010620884,-0.017382495,0.028263673,0.007713988,0.045385196,20.39816001,0.005605185,19.18253123,0.0052945,19.07932802,0.00219503,17.66451278,0.002164904,18.24549342,0.001247959,16.82129787,0.001232945,17.94362407,0.002099853,16.42052173,0.002092645,17.58077223,0.001244044,16.14625832,0.001229267,17.4823265,0.000993918,16.01040606,0.000899501,1007188,5
303.0888177,-56.83899513,24302.95465,23940.90097,0.033740569,-0.638267457,0.270583063,0.008879041,3.580235243,1,0.365598104,0,-0.006112164,-0.10986061,-0.017606686,0.026945899,-0.005734681,-0.110149466,-0.017647011,0.027001401,0.007038009,0.045031044,22.89595531,0.036193052,22.75329478,0.036682293,22.2094275,0.00662055,21.98315665,0.006490955,20.81492012,0.002242524,20.59539672,0.002205875,20.26841549,0.002495713,20.0219155,0.002474174,19.92768909,0.002134902,19.71312374,0.002108236,19.78269111,0.004586456,19.5709004,0.004504308,1007192,5
303.1101817,-56.83522037,24142.92398,23992.81455,0.388941258,-0.732170641,0.455012381,0.00794175,5.52995491,1,0.625335225,0,0.128000652,-0.240927595,-0.017287706,0.028481134,0.128399178,-0.241124198,-0.017326666,0.028538615,0.010080736,0.047869464,22.97254793,0.039680285,22.10393705,0.034668113,22.8375976,0.011854158,21.87315428,0.010749801,21.32474364,0.003135677,20.3940273,0.002947791,20.80814426,0.003101512,19.80325866,0.002983146,20.4268846,0.003149719,19.50363184,0.003020272,20.1695397,0.006429487,19.20700068,0.006084939,1007193,5
303.0976544,-56.8371413,24236.80268,23966.31153,0.065397374,0.531736672,0.972921848,0.002136788,26.65325546,1,0.860689486,0,0.043574602,0.512787976,-0.017328285,0.028226388,0.05882166,0.48490715,-0.017366653,0.028286751,0.008413993,0.04449036,24.54006033,0.159365377,22.32123475,0.178177259,22.14874283,0.006599497,19.2699447,0.004041451,21.15195332,0.002783071,18.13484541,0.002002159,20.79832651,0.003022555,17.72555626,0.002588753,20.39853584,0.003016976,17.38457,0.002250446,20.25428536,0.006952647,17.20727281,0.004459252,1007194,5
303.0944512,-56.84337007,24260.74345,23881.0392,-0.514715433,0.155617654,0.991613984,0.029144034,27.60174561,1,0.986462837,0,-0.052426773,0.094091589,-0.017668083,0.024646494,-0.49211219,0.155405223,-0.017710129,0.024697553,0.005950953,0.040740706,nan,754.3502048,23.85449224,0.690357117,25.79498389,0.162717442,23.24370928,0.169068134,24.11796546,0.032103963,20.87141173,0.020209197,23.03990676,0.014700239,19.66160725,inf,22.53153108,0.017646821,19.33235856,0.022988494,22.04087176,0.033218481,19.45513176,0.077183888,1007201,5
303.0987473,-56.84283332,24235.8297,23893.96363,-0.078412622,0.023414588,0.993492067,0.011113147,53.93005371,1,0.983886589,0,0.000891526,0.072549036,-0.017641637,0.024723136,-0.074076876,0.036458805,-0.017683554,0.024774544,0.005855268,0.040773563,24.7003078,0.187887464,21.30880256,0.135045945,23.99098057,0.031017223,19.99986842,0.016884822,23.73167377,0.022492975,19.78777161,0.008522692,23.7570655,0.027671149,19.60904498,0.00941219,23.39496213,0.039207528,19.51412389,0.012259813,23.06919317,0.08572606,19.12764122,0.028910385,1007204,5
303.0789366,-56.84488352,24376.87824,23860.2502,0.381022155,0.335572869,0.50833571,0.000310061,4.521082878,1,1.09E-05,0,0.146832692,0.152824022,-0.018154923,0.021826769,0.146903709,0.152998433,-0.018198289,0.021873549,0.005525785,0.041306475,20.28347212,0.005362526,19.78011724,0.005288573,18.80662613,0.002173946,18.18589811,0.002161948,17.93316413,0.001237761,17.29714378,0.001231387,17.58580375,0.002093255,16.87323963,0.002090532,17.27085455,0.001230704,16.6141875,0.001225024,17.17473032,0.000893962,16.50587414,0.000859894,1007253,5
303.0779517,-56.8457892,24384.36722,23847.8224,0.616899788,-0.276109844,0.522761226,0.014625395,3.794378281,1,0.262687802,0,0.278519604,-0.113801348,-0.018688464,0.021869184,0.279009879,-0.113846228,-0.018733039,0.021917254,0.006277464,0.040305798,22.71700441,0.029734709,22.40019679,0.02983987,22.37882447,0.007531462,21.82693702,0.007102432,22.08633758,0.005341369,21.52241339,0.004966709,22.03729283,0.006075662,21.29394015,0.00556192,21.94480269,0.010556447,21.22261703,0.009620513,21.9244714,0.029694524,21.1210721,0.026497922,1007254,5
303.067044,-56.84327588,24465.9285,23882.18256,0.233650401,0.419923484,0.309967786,0.022725055,13.04879665,1,0.002481269,0,0.047186228,0.126228761,-0.018089974,0.021632402,0.048233069,0.125948414,-0.018133381,0.021678587,0.006230871,0.040154296,24.10759529,0.107696819,23.99052044,0.108535666,23.51562275,0.020556713,23.30951229,0.020118408,21.95428346,0.00479923,21.66197131,0.004701708,21.08120597,0.003243308,20.74767717,0.003185159,20.81776471,0.003973062,20.51539798,0.003894209,20.75280707,0.010076295,20.4413232,0.009848591,1007580,5
303.0696524,-56.84297609,24446.40456,23886.30358,-0.104481697,0.336538881,0.878258526,0.0104091,2.189178228,1,0.173950197,0,-0.093125995,0.281785894,-0.018083513,0.021684359,-0.094150215,0.28435722,-0.018126741,0.021730604,0.006259083,0.040387611,24.06511442,0.103378892,23.11865202,0.094071076,23.24928442,0.016278647,21.76569437,0.011320829,22.57699086,0.008025962,21.05044254,0.005500888,22.43223067,0.008329478,20.71669421,0.005519332,22.15572559,0.012745458,20.63030402,0.00885021,22.40617754,0.046646024,21.06410425,0.038768819,1007581,5
303.054395,-56.84042157,24560.66857,23921.15787,-0.399859935,0.112038605,0.66608727,0.000139607,6.127859116,1,0,0,-0.229674749,0.073853005,-0.017562916,0.023513325,-0.230018362,0.0738502,-0.017602518,0.02355922,0.007497621,0.045122932,19.87508431,0.004834493,18.91274921,0.004742888,18.40619061,0.002152142,17.26328743,0.002139788,17.48760336,0.00122722,16.31989084,0.001221018,17.11449659,0.002088961,15.85745004,0.002086502,16.74347381,0.001218544,15.57129338,0.001213791,16.64693749,0.000816153,15.4471738,0.00078228,1007907,5
303.0464142,-56.83579683,24620.4978,23984.39325,-0.194169879,-0.035373088,0.615636408,0.001204044,5.116616249,1,4.09E-06,0,-0.10769974,-0.004766995,-0.016756118,0.026451856,-0.107724622,-0.004844626,-0.016774265,0.026426408,0.009241462,0.0451596,21.61505811,0.011378591,20.83742645,0.010753959,20.44645024,0.002587533,19.54849052,0.002486748,19.69854222,0.001419387,18.76176759,0.001368081,19.42165788,0.002187539,18.39073993,0.002159407,19.15891171,0.001522384,18.2132921,0.001458911,19.12344452,0.002554675,18.15895008,0.002304608,1007909,5
303.1139202,-56.82676405,24115.04041,24108.3996,0.24331902,-0.229818374,0.948128283,4.95E-05,18.23867798,1,0.248611202,0,0.200633605,-0.189087536,-0.01835392,0.03146767,0.200479135,-0.189007789,-0.018396707,0.031533442,0.009353072,0.046649653,19.21105655,0.004500132,16.35613977,0.004359326,18.06715682,0.002141352,15.0447704,0.00212337,17.20545255,0.001223959,14.15947753,0.001213877,16.93341291,0.002088218,13.71996463,0.002083896,16.50374901,0.001216428,13.43718632,0.001207993,16.38012421,0.000779603,13.23688994,0.000729767,1011400,5
303.0917782,-56.83006398,24280.85525,24063.16517,0.151166841,0.081641093,0.369190723,0.004041778,3.83833313,1,0.492544117,0,0.031805134,0.045087949,-0.017835244,0.028519941,0.031880822,0.045110896,-0.017875429,0.028577859,0.009205133,0.045685194,21.5461289,0.012060894,21.26223953,0.011947124,20.89306711,0.003128408,20.52002322,0.003049493,20.32437903,0.00178307,19.9591553,0.001736322,20.17862452,0.002510146,19.74902639,0.002471343,19.83180676,0.002159221,19.46186365,0.002104142,19.48817005,0.003567016,19.12084642,0.003400367,1011420,5
303.0992548,-56.8243106,24224.8968,24141.9463,0.69532007,-0.374413759,0.697709739,0.006867012,8.022760391,1,0.790652225,0,0.398711332,-0.206605525,-0.017651802,0.031462258,0.398582935,-0.206968352,-0.01769257,0.031526923,0.008084079,0.040546574,22.36415801,0.024780448,21.94130656,0.025233308,22.19379903,0.006896027,21.14145637,0.006119724,21.80839994,0.004797964,20.69563628,0.00413052,21.75141944,0.005651264,20.54555055,0.004849843,21.49177277,0.007746382,20.32383882,0.006583427,21.09609015,0.014895973,19.86881855,0.012322268,1011432,5
303.1016265,-56.83029652,24207.09878,24060.01737,0.255287886,-0.345249802,0.665223122,0.011366213,9.093849182,1,0.862558456,0,0.118259512,-0.149856823,-0.017817604,0.028640812,0.118971169,-0.149357542,-0.017857581,0.028699018,0.009092441,0.045806339,22.80745679,0.035424486,22.35745279,0.038162998,22.81065481,0.011901197,21.46508653,0.010588827,22.36475971,0.00763207,20.9578795,0.006512953,22.22022592,0.00800995,20.68855915,0.00674209,21.96984073,0.011652761,20.51107048,0.009722938,21.70701368,0.025585297,20.19349438,0.020856425,1011437,5
303.0858358,-56.83416689,24325.32281,24006.97724,-0.199004382,0.663370192,0.849987805,0.00810446,12.18926907,1,0.001182386,0,-0.156311633,0.502133232,-0.017824054,0.025395418,-0.156480536,0.506716192,-0.017864874,0.025449103,0.01005621,0.047243992,23.66961005,0.077964338,22.75739622,0.06705654,23.21996147,0.015295107,21.96165886,0.011799524,22.32754031,0.006343456,20.77187382,0.004832501,22.2397971,0.007428033,20.45944677,0.005641884,21.99402983,0.011104625,20.25667693,0.008584257,22.18631553,0.038699935,20.96875211,0.032347837,1011873,5
303.0502206,-56.83384303,24592.02661,24011.17107,0.118245177,0.131848425,0.766765714,0.007975863,4.079296112,1,0.000310011,0,0.07318669,0.100289306,-0.017645041,0.025772988,0.073062882,0.100081444,-0.017664362,0.025745993,0.010255092,0.047112367,23.69195098,0.076902479,22.95138619,0.066285659,22.76236404,0.010031681,21.77396307,0.008411441,22.06207676,0.005015463,20.98944924,0.004150387,21.83683938,0.00518127,20.62145821,0.004320751,21.61262242,0.007842541,20.60959084,0.006622959,21.62802621,0.023083232,20.24023407,0.019630173,1011898,5
303.0323608,-56.82387138,24725.96144,24147.49293,0.717505157,0.51671809,0.726759434,0.009198263,3.546777487,1,0.003302156,0,0.503621242,0.369613607,-0.015140494,0.030670714,0.508487105,0.374788672,-0.015176432,0.030733678,0.008626324,0.040476528,22.76994154,0.034549086,22.22845015,0.030628435,22.68147856,0.00898413,21.96770457,0.00760007,22.01274602,0.004846449,21.3005614,0.004162002,21.84890344,0.005473355,21.05425308,0.00470885,21.77948217,0.009412859,21.10283818,0.008415762,21.62930531,0.023472074,20.8807067,0.019887769,1013000,5
303.0060336,-56.77246696,24924.43036,24850.80978,-0.165086254,0.094135351,0.505631804,0.225519136,9.290624619,1,0,0,0.010028285,0.20501046,-0.018785962,0.03289585,-0.058239609,0.062207304,-0.01883067,0.032959357,0.005459083,0.03956119,26.62395943,1.090834085,23.51516677,0.761814062,26.40863125,0.259775876,22.92015463,0.13786873,25.09396768,0.07714316,21.94231227,0.051269723,25.03264236,0.086229464,21.68251176,0.053886109,24.86722702,0.15319663,21.81129312,0.102240033,24.47741153,0.338552087,20.63115267,0.151980209,1008647,6
302.97755,-56.75699784,25138.54604,25062.12514,0.073699623,-0.775436938,0.52606374,0.141939625,8.685098648,1,0,0,0.000877737,-0.020653402,-0.01543101,0.044162631,0.022700273,-0.279146641,-0.015424285,0.044190109,0.003188366,0.041092961,25.70406427,0.56487143,24.95505275,3.016795836,24.8601506,0.067602619,21.84920807,0.056938321,24.53917943,0.050471084,21.41619225,0.036009988,24.54155635,0.064207608,21.4207678,0.038177753,24.01497519,0.079278361,20.99747517,0.053188618,23.7077758,0.176708267,20.76149721,0.117848391,1008777,6
302.9835457,-56.75372262,25093.6519,25107.05478,-0.05017158,-0.463950574,0.72377485,0.060925867,11.95293903,1,0.002259559,0,-0.027396858,-0.031799562,-0.015337511,0.042399059,-0.021916173,-0.201698482,-0.015354047,0.042399827,0.003409458,0.041871267,25.2856488,0.377476831,22.61092578,0.305391335,24.4001005,0.045051359,21.54677557,0.039562171,24.11839291,0.034559251,21.0862056,0.025851119,23.86789346,0.034188267,20.72681093,0.024593021,23.52921224,0.050266842,20.50841432,0.036404817,23.12107014,0.10223491,20.2474523,0.065398499,1008800,6
303.0137738,-56.74835647,24866.93113,25180.9409,-0.043896589,0.403201848,0.711830854,0.154536992,12.62197304,1,0.003431305,0,-0.066577113,-0.022448465,-0.017618811,0.039063868,-0.034014832,0.244770318,-0.017635489,0.039060991,0.004784955,0.03872387,26.18545375,0.784667627,22.5321501,0.333740874,25.43076068,0.105432601,21.28604592,0.06722054,25.05062467,0.078910809,21.25352419,0.044999307,24.61380658,0.063268092,20.40133761,0.048350483,23.93280593,0.069249146,19.65475179,0.040313147,22.80413623,0.07495414,18.31394265,0.041095285,1008853,6
302.9744713,-56.74591308,25161.99128,25213.80403,-0.122542664,-0.057073873,0.680045307,0.207162321,11.27093124,1,0.00255437,0,-0.029842925,0.139689123,-0.015047792,0.042582842,-0.085923918,-0.02787447,-0.015077573,0.042509466,0.00523614,0.039858852,25.50937152,0.437993094,23.45994925,0.665379469,25.26372445,0.092859413,22.20846351,0.067468989,25.1283342,0.088467704,21.96982607,0.052341762,25.24022521,0.113156722,21.8308068,0.051135602,24.78458716,0.154298028,21.44911405,0.061031071,26.56745122,2.560682708,21.03353274,0.134900095,1008879,6
303.0587089,-56.78493893,24529.15387,24680.6504,-0.031283651,0.090467006,0.615518272,0.00407428,5.179076672,1,0.0073233,0,-0.024290043,0.060527685,-0.019020404,0.027239127,-0.024399094,0.060604144,-0.019061638,0.027289616,0.005471225,0.03607568,22.9367218,0.037231822,22.16505985,0.035524836,21.783638,0.004415792,20.8705212,0.004074096,21.07521111,0.002350043,20.16626533,0.002164486,20.79050969,0.002822012,19.78144342,0.00267559,20.52846691,0.003144317,19.58557239,0.002887872,20.46692525,0.008180826,19.49841382,0.007423008,1014425,6
303.04976,-56.78367957,24598.31541,24696.8177,-0.429435313,0.44843331,0.989277363,0.012574648,48.28641891,1,0.993793163,0,0.044838009,-0.02478454,-0.018225715,0.027275578,-0.410657674,0.422751844,-0.018246364,0.027246714,0.006026407,0.036506594,24.4625008,0.151998807,21.14162465,0.116020239,23.74858824,0.021753524,19.84949413,0.013047759,23.45576921,0.016375509,19.37609366,0.008614648,23.30484913,0.0179229,19.20091266,0.010329097,23.53737539,0.046336734,19.94738389,0.038133346,23.24785454,0.109494553,19.09702089,0.053576209,1014427,6
302.9940491,-56.78425176,25014.00294,24689.32708,0.133793697,-0.392251313,0.519346714,0.008455757,3.77031374,1,0.013569197,0,0.05405188,-0.17060721,-0.016847592,0.031243483,0.053906441,-0.170295864,-0.016888937,0.031301163,0.005148324,0.035810854,22.75772653,0.032171441,22.2544016,0.031004421,22.38883278,0.006827274,21.96231955,0.006434787,21.54883787,0.003316172,21.05882235,0.003107184,21.2902442,0.003580244,20.71707362,0.003395064,20.97426096,0.004756313,20.45359033,0.004488747,20.79989385,0.011432648,20.24541327,0.010664232,1014530,6
303.0312651,-56.78177253,24734.99441,24723.73909,-0.058543392,-0.37259838,0.888021946,0.003453148,8.66735363,1,2.24E-06,0,-0.048620475,-0.292903656,-0.017519662,0.027314099,-0.04828101,-0.29241699,-0.017558871,0.027366618,0.005525209,0.036048117,23.12455292,0.0435392,21.8526014,0.034346969,22.17581637,0.005735397,20.45223749,0.004327093,21.54072202,0.003259905,19.71081952,0.002399234,21.33852122,0.003864152,19.37697289,0.003006529,21.0659811,0.005024096,19.21777399,0.003610348,21.05332547,0.014818408,19.15900029,0.010324857,1014812,6
303.0185743,-56.78401583,24830.11066,24692.88708,0.012924617,-0.204608873,0.713863134,0.000948112,5.948558807,1,0.001715536,0,0.001619793,-0.108444647,-0.019319262,0.027417911,0.001712703,-0.108378693,-0.019362567,0.027471172,0.005411194,0.036630616,21.64907792,0.012505791,20.77309289,0.011448145,20.45358344,0.002510099,19.28011337,0.002391836,19.70001582,0.001403886,18.48445006,0.001339404,19.42354078,0.002188239,18.10665357,0.002149674,19.1314701,0.001518205,17.88526072,0.001426343,19.05289217,0.002511495,17.75881196,0.002138273,1014933,6
303.0240997,-56.78399867,24788.68002,24693.18742,0.318834454,-0.677673995,0.226344764,0.010669174,3.322835922,1,0.102176779,0,0.040279358,-0.09699122,-0.019311411,0.027490846,0.040374659,-0.097229026,-0.019354803,0.027544234,0.005376044,0.036688226,24.51469508,0.159323224,24.39551399,0.160140337,22.54469012,0.007870056,22.38580437,0.007808903,20.8353826,0.002113738,20.65774763,0.002089618,20.2986404,0.002487402,20.09741643,0.002470539,19.93970132,0.002237481,19.76113662,0.002215722,19.85946511,0.004965685,19.67187739,0.004903849,1014934,6
303.0231027,-56.78420662,24796.15116,24690.32944,-0.351484358,0.583305359,0.596423864,0.008674671,5.062282562,1,0.194669641,0,-0.187936199,0.320597156,-0.019320314,0.027470725,-0.190246522,0.321932226,-0.019363634,0.027524212,0.005381942,0.036675832,23.32592289,0.053894227,22.99180417,0.051663863,22.80114012,0.009699971,22.27668661,0.008754023,21.78815467,0.003969073,21.24649941,0.003605205,21.53658231,0.004348115,20.91588565,0.003958829,21.17668677,0.005520553,20.62566815,0.00501413,21.09513316,0.014783418,20.4939115,0.01311908,1014935,6
303.0095162,-56.77854734,24898.16326,24767.62661,-0.026341848,0.360713601,0.607114673,0.000291365,6.152050972,1,0.008877086,0,-0.021297891,0.181853528,-0.01954667,0.027427638,-0.021241195,0.182079867,-0.019590775,0.027481193,0.00517993,0.03676833,20.36336471,0.005546433,19.56994436,0.005389253,19.04373727,0.002181403,18.07162545,0.002163023,18.22476197,0.00124358,17.22699566,0.00123337,17.88988736,0.002097233,16.82293742,0.00209255,17.59614597,0.001246357,16.58974727,0.001234773,17.49198161,0.001016818,16.47265176,0.000949596,1014956,6
303.0101309,-56.77728154,24893.5832,24784.96117,-0.276105553,-0.70224452,0.951829433,0.005209423,16.570467,1,0.847263377,0,0.043942529,-0.044050078,-0.019586531,0.027233491,-0.235193431,-0.600466609,-0.01963033,0.027286019,0.004785658,0.038537815,24.72661988,0.189208549,23.28503593,0.212480776,22.81471128,0.009956798,20.7976202,0.008183436,21.84245095,0.004182986,19.85971217,0.003632641,21.51497265,0.004312392,19.45220362,0.003861255,21.31845451,0.006359878,19.27302823,0.005119858,21.24347914,0.017368526,19.21632999,0.013010705,1014957,6
303.0447334,-56.77898912,24634.04545,24761.97377,0.170260608,0.047328316,0.85216105,0.138835579,16.71711159,1,0.084643345,0,-0.031787054,0.816228275,-0.018222373,0.027317961,0.12558645,0.038022932,-0.017772408,0.027419589,0.005055397,0.036337728,25.77105415,0.50000393,22.64866209,0.59660557,25.92475976,0.165827329,21.99950774,0.082545119,25.22881082,0.083272826,21.23922789,0.04340502,25.07887448,0.091841556,20.8163908,0.047278797,24.89453954,0.160857762,20.90866619,0.057853254,27.75519707,7.055668352,19.87817743,0.070776745,1015151,6
302.9893829,-56.77935923,25049.12917,24756.22673,0.249469131,0.5671767,0.800384045,0.005646987,6.776762486,1,0.062826947,0,0.178295128,0.421026564,-0.016354808,0.031521187,0.178436279,0.421101302,-0.016396308,0.03158205,0.004984084,0.037478811,23.49329497,0.06299139,22.80472845,0.059678125,22.46811475,0.007410692,21.28936564,0.006095838,21.81886707,0.004030864,20.56197323,0.003256741,21.61782317,0.004435055,20.25791808,0.003644355,21.37666895,0.006483505,20.07170943,0.00516736,21.38183163,0.019954524,20.03912101,0.015732908,1015422,6
303.0190808,-56.77638825,24826.48102,24797.30121,0.100848883,-0.911882401,0.359525889,0.000363564,3.176769972,1,0.00032904,0,0.026220718,-0.329830536,-0.018832207,0.027512473,0.026666207,-0.334049821,-0.018875675,0.027566701,0.005138296,0.038639915,19.67348637,0.004717198,19.53775251,0.004719798,18.21619004,0.002145568,17.99462225,0.002142128,17.61262467,0.001230331,17.36781135,0.001227574,17.45557104,0.002091853,17.16031418,0.00209028,17.35506278,0.001236961,17.09271781,0.001232563,17.3362747,0.000990909,17.05655529,0.000957915,1015540,6
303.0204223,-56.77562887,24816.437,24807.71183,-0.088363826,-0.274334192,0.758147597,0.018213,8.497281075,1,0.638062604,0,-0.063661041,-0.16099327,-0.017443552,0.028011167,-0.065665953,-0.179426625,-0.017483156,0.028066743,0.005135222,0.03866372,24.46877254,0.152788952,23.89912003,0.150362311,23.81055397,0.024776042,22.52278809,0.024981779,22.96200395,0.011019915,21.70244988,0.009290906,22.76921982,0.011426614,21.3279284,0.009702163,22.51337739,0.017915084,21.13043121,0.014973118,22.66856635,0.066281137,21.29936525,0.066306285,1015541,6
303.0618362,-56.77395759,24505.85356,24830.98905,0.612268329,0.073706701,0.58076328,0.011595524,4.566905022,1,0.000422356,0,0.325929466,0.05403854,-0.017026373,0.028148795,0.325574785,0.053820517,-0.017064346,0.028202144,0.00516604,0.039777594,23.17941161,0.04576099,22.63830949,0.043252011,22.96483531,0.011008658,22.45101704,0.009986533,22.05990044,0.004711219,21.53402806,0.004322333,21.81035605,0.005149028,21.20031886,0.004744125,21.58985737,0.007898513,21.05992905,0.007322282,21.41881071,0.019908076,20.83738053,0.018380863,1015685,6
302.9882426,-56.77213529,25057.88428,24855.09201,-0.399244279,-0.313168824,0.855162978,0.093370989,16.86196899,1,0.131028414,0,0.067858176,-0.128450889,-0.018404692,0.035477486,-0.340178162,-0.228906348,-0.017814096,0.034931332,0.005251336,0.040323364,25.45692102,0.396022797,22.30097632,0.597458834,25.04120462,0.074084327,20.90251071,0.053689495,24.82240903,0.061331869,20.60741922,0.033264528,24.93846742,0.08382922,20.60239934,0.033432672,24.62523929,0.123766258,20.23633598,0.042944051,24.37365511,0.325996721,19.85464987,0.099138876,1015791,6
303.0273652,-56.76978831,24764.4838,24887.73903,0.028128592,0.040696297,0.862133265,0.000589233,9.861814499,1,0.009865014,0,0.022044521,0.04014851,-0.017578848,0.033729181,0.022453714,0.040300805,-0.017620925,0.03380103,0.00554015,0.041677032,21.4263662,0.01008352,19.64908826,0.008383936,20.30826396,0.002428616,18.35802347,0.002270975,19.56773299,0.001382994,17.58470098,0.001288766,19.32603963,0.002167125,17.22138032,0.002118881,19.00330268,0.001485182,17.00069042,0.001345007,18.93741621,0.002333173,16.86949471,0.001688003,1015931,6
303.0214641,-56.76736459,24808.80193,24920.84759,-0.026826028,0.186696529,0.538731396,0.011938926,4.32349062,1,7.96E-05,0,-0.022298585,0.111679656,-0.018328838,0.034153151,-0.022219973,0.111495063,-0.018371761,0.034224816,0.006054558,0.042270736,23.56279949,0.064460491,23.27870184,0.063305489,22.9891612,0.011276767,22.53405104,0.010539098,21.94910128,0.00453928,21.46184084,0.004216211,21.59795903,0.004459186,21.03566094,0.004182584,21.29423122,0.006269526,20.74935596,0.005946168,21.20870262,0.016458074,20.57748318,0.015508993,1015933,6
303.0509673,-56.7738559,24587.37565,24832.29415,-0.200833708,0.31755349,0.815497875,0.004748038,7.555163383,1,0.060439312,0,-0.153455293,0.23826624,-0.017060552,0.028032248,-0.153278664,0.238257378,-0.017098581,0.028085493,0.005763806,0.040149928,23.42144244,0.05676334,22.62112454,0.051804709,22.39717398,0.006906156,20.99522839,0.005617781,21.68807543,0.003614622,20.26801085,0.002886295,21.45963563,0.004019544,19.93744282,0.003321994,21.20197663,0.00568106,19.76376777,0.004470767,21.18490284,0.016288417,19.80357282,0.012582211,1015955,6
303.0077485,-56.77007317,24911.62586,24883.5994,-0.094572432,0.256361306,0.737586439,0.144537836,13.08309269,1,0.023709411,0,-0.061592745,0.071201,-0.019454723,0.033236066,-0.077790566,0.168659449,-0.019501209,0.033307306,0.005218211,0.041301455,26.45768089,0.949963945,nan,1.741700821,25.40478905,0.100019492,22.00563094,0.108705896,25.17111254,0.081719877,21.52435048,0.047419596,25.21594201,0.103437765,21.33907817,0.053721922,25.16363472,0.207160506,21.6068365,0.084563131,25.50891242,0.858226359,21.69919716,0.285304096,1015977,6
302.9808542,-56.76931342,25113.38618,24893.6011,0.609888256,-0.027241075,0.899252534,0.099446826,20.70090485,1,0.096212908,0,0.03325011,-0.217893077,-0.01634503,0.037019616,0.493312836,-0.009901856,-0.016377604,0.037101958,0.004768749,0.039749972,nan,13.40033636,25.77911045,7.861199336,25.71570885,0.140350478,21.86126835,0.074413048,24.90725462,0.069892649,20.73498198,0.038868036,24.32644732,0.050298149,19.54978132,0.030955365,23.79849083,0.062647563,19.45405897,0.040542001,28.90991179,21.55379688,20.22156549,0.144853141,1015980,6
302.9794685,-56.76831414,25123.81068,24907.25691,-0.08595562,0.196738705,0.781003296,0.111308903,13.69464302,1,0.016659844,0,0.025873369,-0.020612927,-0.016294313,0.037044739,-0.071380377,0.148429334,-0.01633732,0.037115283,0.004716469,0.039969986,nan,452.7764845,25.01972521,2.943037232,25.34002138,0.099033708,21.94016756,0.07532465,24.89018244,0.066838039,21.22032249,0.040196731,24.28072654,0.04826944,20.57259923,0.033118528,24.29123791,0.098282444,20.5214827,0.052151213,24.51347498,0.370988681,20.58166504,0.149345614,1015981,6
303.0476063,-56.76612879,24612.7114,24938.03513,0.366261095,-0.04764156,0.674684048,0.000984793,4.63485384,1,1.89E-07,0,0.221782622,-0.016985659,-0.017426457,0.034288434,0.221804544,-0.016979303,-0.01746715,0.03435855,0.006180947,0.043049715,20.68398343,0.006408841,20.21279358,0.006196914,19.95340773,0.002322787,19.24047669,0.002262183,19.57447713,0.001373211,18.82073574,0.001321761,19.36739921,0.002186621,18.50897375,0.002149733,19.19290265,0.001582798,18.42886459,0.001482384,19.14044245,0.002755129,18.34356171,0.002351585,1016029,6
302.9967202,-56.76091201,24994.59395,25008.84581,-0.390003264,-0.206151396,0.871414244,4.01E-05,11.31359863,1,0.012751575,0,-0.304092204,-0.150473291,-0.016070726,0.039277279,-0.304613143,-0.150789961,-0.016110457,0.039357573,0.004945833,0.042832574,18.86422881,0.004416469,17.0193375,0.004367987,17.51687382,0.002129153,15.38976522,0.002121941,16.62093655,0.001217445,14.44294022,0.001213198,16.2890841,0.002085459,13.98291428,0.002083659,15.88216167,0.001211942,13.70382576,0.001207832,15.77404692,0.000754895,13.51532572,0.000729473,1016122,6
303.0076831,-56.74462196,24912.7362,25231.98044,0.043068312,-0.284567803,0.755690575,0.003317462,6.472313881,1,0.20335283,0,0.026445955,-0.176169105,-0.019335628,0.037507206,0.026945049,-0.176340342,-0.019357253,0.037497383,0.006598826,0.037676307,22.33280916,0.024406013,21.1475118,0.02155644,21.53291674,0.003916791,20.34673655,0.003473589,21.03755443,0.00258148,19.77927508,0.002203293,20.76447375,0.002873941,19.4035723,0.002579673,20.6924625,0.003916232,19.45808917,0.003306514,20.74431944,0.011362847,19.37714642,0.009409096,1016128,6
303.0178385,-56.75755932,24836.21867,25055.02069,-0.039572682,-0.612096786,0.892466187,0.002296363,8.112639427,1,0.123441578,0,-0.038979668,-0.509401019,-0.016200074,0.041075767,-0.039290447,-0.509325922,-0.016190173,0.041103579,0.004154372,0.041994868,22.37687278,0.023980803,21.24821252,0.019597601,21.44946323,0.003713054,19.81078995,0.002937344,21.01137255,0.002437658,19.4291051,0.001851604,20.87910344,0.003020811,19.11857674,0.002488794,20.61575711,0.003615875,18.89547627,0.002509961,20.55081566,0.008961912,18.71692571,0.005712425,1016131,6
302.9837506,-56.76389177,25091.81797,24967.86044,0.314715177,0.49415198,0.572446406,0.005841788,4.101620197,1,0.183160262,0,0.161989817,0.288131761,-0.014146036,0.041049919,0.162491709,0.288256407,-0.014183901,0.041132115,0.004941604,0.041557822,22.57474108,0.027783454,21.9348641,0.025772586,21.87089995,0.004856989,21.36077159,0.004455614,21.17064944,0.002754143,20.65587903,0.002543535,20.86229866,0.003042374,20.28052689,0.00288201,20.62611884,0.003689208,20.11319136,0.003438502,20.45716402,0.008925179,19.92146621,0.00819014,1016132,6
303.0058173,-56.7658535,24926.21642,24941.33323,-0.19897601,0.019550016,0.58765924,0.013511799,5.231595993,1,0.405586252,0,-0.109945002,0.027494377,-0.017954485,0.035845162,-0.109791733,0.027505536,-0.017997788,0.035921283,0.005779011,0.042465385,23.4628979,0.060034182,22.69708868,0.053992646,22.99623456,0.011435391,22.33356408,0.010125178,22.22203413,0.005840674,21.5344463,0.005344767,21.94299215,0.005907111,21.16940764,0.005423375,21.68489176,0.008674036,20.96455463,0.008016073,21.68013202,0.026038774,20.93516018,0.023356718,1016134,6
303.0038592,-56.7428512,24941.48333,25256.16728,0.20747374,0.051626068,0.606566131,0.014987987,4.622341156,1,0.261810024,0,0.109072018,0.047497223,-0.015046408,0.038975972,0.109088689,0.047556143,-0.015081442,0.039049994,0.006262987,0.036469624,23.64118121,0.078391865,22.83030454,0.070340684,22.81385411,0.010143256,22.07839568,0.009131511,22.27124317,0.006624083,21.65918496,0.005996127,21.88194976,0.005726602,21.12821963,0.004995683,21.84900436,0.010381032,21.18578841,0.009358575,22.04933569,0.038280458,21.06171728,0.031659944,1016135,6
303.00478,-56.76279817,24934.07457,24983.14116,-0.127763703,-0.206311807,0.612024546,0.018034,8.14640522,1,0.545463849,0,-0.066819164,-0.08069869,-0.018585635,0.035753497,-0.06728673,-0.081234038,-0.018629516,0.035828132,0.004787642,0.04279308,23.30231955,0.053796072,22.42637517,0.050138694,23.31918519,0.0153356,22.20063065,0.013391848,22.67699857,0.008610715,21.572829,0.00776724,22.48459271,0.009106849,21.29556596,0.008150384,22.27870394,0.014965672,21.15335008,0.013412588,22.39391152,0.048941881,21.17419801,0.041265167,1016140,6
302.9911733,-56.76232859,25036.17313,24989.37303,-0.297561884,0.022401577,0.996688962,0.00332123,80.73419952,1,0.932955057,0,-0.249293059,-0.031012952,-0.017291491,0.038362207,-0.294079304,0.021471342,-0.017467532,0.038334683,0.004788318,0.042506593,22.66143329,0.030271224,19.4054343,0.039765864,21.96699506,0.005127134,17.85917119,0.004061907,21.63866966,0.003990887,17.3268245,0.002413686,21.54739082,0.004403345,17.09414475,0.002855746,21.41267272,0.007148533,16.9527524,0.00305975,21.3623781,0.021028214,16.69481952,0.006521251,1016144,6
302.9878038,-56.7586159,25061.55865,25040.14147,nan,nan,nan,nan,7.369824886,1,nan,0,-0.071397896,0.003833957,-0.017921012,0.041318845,nan,nan,-0.017964078,0.041397262,0.003944602,0.041171496,25.64973683,0.492569551,21.86257689,0.123886602,26.85895698,0.397563246,22.38628072,0.069311588,26.0051125,0.184188533,21.55547184,0.035118374,25.64911692,0.17137361,21.06005201,0.030905321,25.3208158,0.251369972,20.81833638,0.045325654,28.37955846,12.5706613,21.65831526,0.289780918,1016167,6
303.0295541,-56.76022076,24748.25576,25018.7259,-0.240297586,-0.028669542,0.908009052,0.000747543,11.6114893,1,0.000340562,0,-0.200030364,-0.018549986,-0.016355661,0.036456722,-0.19987461,-0.018390952,-0.016349047,0.036473293,0.005030628,0.042511468,21.81984227,0.0143032,20.36929977,0.011116851,20.73293405,0.002656762,18.41040291,0.00235661,19.98601563,0.001492657,17.61940127,0.001326713,19.76013926,0.002260246,17.27012597,0.0021502,19.42910146,0.00170692,17.05576126,0.001438905,19.36289353,0.003117093,16.93905066,0.002096254,1016853,6
303.0318832,-56.76098854,24728.80842,25007.00278,0.285104007,0.122233525,0.053163782,4.941156387,2.775131941,1,0.888848713,0,0.001807814,0.041939062,-0.016378761,0.036461134,0.002084371,0.042284567,-0.016372357,0.036477748,0.006054816,0.044073514,24.92015036,0.228399406,21.33722225,0.132911599,26.94058297,0.413091649,22.61283311,0.15869904,26.27594302,0.222162819,21.95784917,0.089064293,24.14106304,0.041029652,20.50890114,0.014550844,23.76965949,0.058868673,19.84629786,0.021219533,23.60701732,0.145569655,19.00550381,0.045350737,1016859,6
303.0272148,-56.76179734,24765.77573,24997.11947,0.33616516,0.133957133,0.986106455,0.036004603,45.39732742,1,0.884582951,0,0.077890209,0.086966275,-0.01764036,0.036196225,0.324889243,0.126861781,-0.016407769,0.036455918,0.005366709,0.043406757,24.82859953,0.209464339,20.48363427,0.146164713,25.09357214,0.074990606,21.07723828,0.05211092,24.37128869,0.038369425,19.18330481,0.017169826,24.30889307,0.046628007,18.94071845,0.019239968,24.56090497,0.120981504,19.76191569,0.034029123,24.10281898,0.227275818,18.95872114,0.046887695,1016865,6
302.9736348,-56.75798306,25167.89426,25048.57328,-0.020795502,-0.006181932,0.794798791,0.002033759,7.698470592,1,0.003895032,0,-0.018167914,0.009952329,-0.013105695,0.047821964,-0.018109374,0.010061054,-0.013138045,0.047802411,0.003743561,0.041596948,22.46821847,0.027578469,21.27833142,0.024249515,21.32498976,0.003589171,19.78273802,0.003120336,20.60996315,0.002019411,19.03644501,0.00173952,20.34562885,0.002597526,18.65430945,0.002396958,20.0670091,0.002546573,18.43619148,0.00214665,19.99468697,0.006166004,18.30665347,0.004819846,1016869,6
302.9755225,-56.75912744,25153.69483,25032.94071,0.83731705,0.123988353,0.960089684,0.043019343,25.54500389,1,0.631725063,0,0.047563115,-0.030433674,-0.015364149,0.044409547,0.780139327,0.095662937,-0.015363925,0.044434328,0.003241362,0.040878345,24.67895333,0.210221179,21.08920981,0.301280808,25.01729978,0.077329816,20.99978921,0.043089142,24.22977118,0.035859773,19.35593431,0.01831457,24.28118354,0.051240043,19.16343007,0.021052764,24.26412372,0.098678901,19.70563681,0.036329484,24.09582308,0.255867161,18.7186374,0.044201046,1016879,6
303.0586899,-56.76121072,24529.63232,25005.44731,0.02095487,0.035912003,0.682663977,0.003779825,5.742577076,1,0.00379753,0,0.006301092,0.036626725,-0.017997641,0.036131043,0.006239915,0.03650447,-0.018040247,0.036205925,0.005031514,0.044024577,22.82369604,0.03407396,22.31440193,0.032090729,21.73633267,0.004487126,20.80155859,0.004032109,21.03873228,0.002415362,20.09406751,0.002156288,20.80033355,0.002954939,19.73313696,0.002724405,20.56801231,0.003508379,19.59286582,0.003088094,20.53794249,0.009188267,19.47223633,0.007931391,1016909,6
303.0523651,-56.75070065,24577.24875,25149.26049,-0.19396992,-0.060666062,0.808997452,0.006995786,7.992063999,1,0.017775892,0,-0.146168461,-0.034919149,-0.017884608,0.035645545,-0.146539494,-0.034936026,-0.017924063,0.035711482,0.004540138,0.040311605,23.72777534,0.080582583,22.89432112,0.070271465,22.76196687,0.009375077,21.40520725,0.007333797,22.04431901,0.004906592,20.74780552,0.003861629,21.86367709,0.005364204,20.48056992,0.004251511,21.61528995,0.008302416,20.25772697,0.006375599,21.54171454,0.022507364,19.94564958,0.016607542,1016911,6
303.0608798,-56.76370466,24513.16774,24971.32638,0.284476489,-0.176678404,0.706839681,0.017935529,6.994007111,1,0.054981299,0,0.160737402,-0.101024315,-0.018723074,0.034027331,0.1595065,-0.101917841,-0.018764958,0.034094494,0.005190999,0.042464805,24.69039557,0.185316191,24.11986698,0.169245204,23.46546128,0.017950011,22.28581682,0.015707982,22.82799803,0.009824136,21.74874603,0.00847099,22.65083234,0.010783251,21.4137736,0.009171344,22.42615577,0.017146415,21.32811509,0.014821209,22.47685338,0.053335759,21.09222881,0.045317656,1016917,6
303.0598912,-56.75341359,24521.33332,25113.32804,-0.70023036,-0.008773833,0.979498088,0.025234297,35.3870697,1,0.980862679,0,-0.731276182,0.051079375,-0.017605052,0.036230943,-0.659627795,-0.016043905,-0.017645231,0.036297619,0.004382829,0.04065038,25.15484361,0.308730816,21.09687115,0.127355897,25.53767252,0.113658576,20.99008068,0.043367823,24.04687033,0.030511197,19.14808543,0.014267121,24.07142799,0.036726223,19.06139952,0.016386938,24.74972299,0.147607171,19.58506919,0.031422962,24.64443401,0.39510741,18.59581214,0.037442581,1016920,6
302.9806827,-56.75647262,25115.05502,25069.36604,-0.070185758,0.01237407,0.664375663,0.068465762,11.01776886,1,0.131551833,0,-0.032091619,0.024473781,-0.015401512,0.044167851,-0.040297262,0.03763628,-0.015393326,0.044195239,0.003220371,0.041120144,26.40050587,1.068171551,24.78250067,1.203014776,25.35111324,0.107203613,23.03502697,0.077981428,24.1515089,0.035449924,21.89950442,0.028463325,24.05909569,0.04109609,21.66588547,0.031477426,23.83816302,0.067422665,21.47205771,0.049589638,23.84194547,0.195399738,21.43638379,0.140562459,1017174,6
302.9814725,-56.75617902,25108.61638,25073.96781,0.016219044,0.203667209,0.642353177,0.099906169,11.24756527,1,0.212459802,0,0.009237727,-0.008170435,-0.015056836,0.044513364,0.002988186,0.129771829,-0.015056852,0.044538114,0.003232761,0.041131476,25.4108295,0.428243442,23.42004832,0.505325335,24.88270879,0.070090714,22.2224258,0.053326823,24.4903805,0.048251589,21.73763649,0.032798501,24.34365064,0.053041174,21.45873857,0.035087714,24.03433285,0.080455154,21.17401478,0.046979596,24.10889591,0.249558756,20.97969655,0.108716127,1017175,6
302.9786953,-56.75527436,25129.95045,25085.55928,0.852885902,-0.059123859,0.506462336,0.228236482,8.709470749,1,0.019930963,0,0.00869161,0.012320746,-0.014440235,0.043720679,0.421627969,-0.001022499,-0.01443041,0.04374408,0.003297341,0.041088578,nan,161.9930211,nan,0.87580713,25.48326269,0.120185703,21.59821307,0.070221008,24.88936906,0.070198176,21.37829647,0.038804635,24.71534361,0.075214248,21.0150616,0.040178156,24.91701033,0.181453426,21.10243277,0.087378826,24.98612607,0.573346608,21.14569136,0.209505257,1017214,6
303.0407895,-56.75037992,24664.1294,25153.5456,-0.466920346,-0.10110905,0.518109798,0.021792369,4.066078186,1,0.000932478,0,-0.219379057,-0.02590569,-0.017190145,0.035742201,-0.219356835,-0.026265677,-0.017228533,0.035808541,0.005495902,0.040030704,24.33909781,0.13588691,24.0465565,0.130253335,23.20326649,0.013865289,22.74867786,0.013211923,22.52249549,0.007791513,21.97977517,0.007327574,22.27341083,0.007607815,21.68509049,0.007091102,22.07597293,0.012513172,21.57159701,0.011776196,22.11718401,0.038551424,21.61347224,0.035596947,1017263,6
303.0308271,-56.75271063,24738.85192,25121.54012,-0.568053246,-0.138254583,0.568454921,0.005886304,4.637208939,1,2.07E-05,0,-0.278275976,-0.051805195,-0.015910974,0.036631831,-0.27779004,-0.052005578,-0.01594826,0.036702808,0.00558873,0.04036899,22.34643636,0.022971357,21.93254903,0.0218241,21.78452565,0.004493837,21.17586701,0.004153784,21.21086004,0.002823793,20.54396162,0.002628299,21.05015771,0.003284968,20.30505268,0.0031048,20.9511617,0.004736889,20.26797638,0.00441267,20.92997302,0.013130057,20.21018863,0.012281544,1017290,6
303.0503416,-56.74432723,24592.47291,25236.55097,-0.054591659,0.001990457,0.779411793,0.013958938,7.572383881,1,0.016177611,0,-0.045111171,0.017526404,-0.016502733,0.038215916,-0.045419969,0.017030118,-0.016520208,0.038206577,0.006701224,0.039422489,24.38682639,0.147007908,23.63293941,0.127595191,23.38152914,0.016225316,22.14606707,0.013573168,22.74942023,0.009208231,21.29308319,0.007495209,22.54654501,0.009405346,21.07650731,0.007596308,22.34113042,0.016049326,20.95954231,0.013113467,22.40309001,0.049374228,21.35539301,0.042156888,1017784,6
303.0306347,-56.74578268,24740.43318,25216.36949,-0.317401737,0.031104047,0.53811115,0.00848804,4.597520828,1,0.000839375,0,-0.160502115,0.035854889,-0.016349673,0.038068067,-0.160452396,0.03597467,-0.016385512,0.038135763,0.007167237,0.039015016,22.90498258,0.039338431,22.5264435,0.038062497,22.12927063,0.005737011,21.58497858,0.005367508,21.53434152,0.003454079,20.97536928,0.003229592,21.2897777,0.003605086,20.65292903,0.003410619,21.12516234,0.005533959,20.56111436,0.005165304,21.13410068,0.016002381,20.47677613,0.014979726,1017863,6
302.9837168,-56.74294879,25092.68118,25254.53212,0.022729995,-0.068604887,0.731393576,9.73E-05,7.982633114,1,0.000353339,0,0.011914053,-0.02690802,-0.013680403,0.043131945,0.012093455,-0.027224187,-0.013712129,0.043055154,0.005790659,0.039878009,19.52998527,0.004706886,18.27905836,0.004611698,18.06476206,0.002140899,16.60603399,0.002130645,17.18825099,0.001225112,15.69307491,0.001218444,16.82174695,0.002087658,15.24538375,0.002085277,16.44219581,0.001217501,14.929884,0.001212044,16.31474282,0.000798191,14.78528113,0.000763043,1017928,6
302.9787089,-56.74567891,25130.19118,25217.08033,-0.292969525,-0.188928708,0.779756844,0.001693971,7.367719173,1,0.025945302,0,-0.19972374,-0.112466009,-0.016133362,0.042186922,-0.199583575,-0.112438053,-0.016167941,0.042113062,0.005269402,0.039902008,22.2414146,0.022417657,21.33944584,0.019876996,21.06806085,0.003194297,19.67045365,0.002842731,20.35325522,0.001795736,18.88978371,0.00159122,20.06617032,0.002372948,18.49922191,0.002260144,19.77070136,0.002078992,18.28197368,0.001817173,19.72250666,0.00483694,18.18626405,0.003888278,1017930,6
302.9832698,-56.73903239,25096.15129,25308.1336,0.003984694,-0.177923635,0.380457848,0.016480751,3.644667864,1,0.197491595,0,-0.00809166,-0.039185312,-0.016519825,0.037844885,-0.007689223,-0.039313532,-0.016553316,0.037765112,0.005722076,0.038348288,23.18144474,0.046560614,23.0301948,0.046792867,22.61865598,0.008469902,22.35630707,0.008206655,21.8033317,0.004301545,21.51929899,0.004152238,21.19903887,0.003572951,20.86378977,0.003449159,20.86063596,0.004563504,20.56272574,0.004386797,20.74549429,0.011764906,20.41894687,0.01116368,1017932,6
302.9890884,-56.74278328,25052.39698,25256.86663,-0.189782545,0.086318903,0.665001094,0.007633363,7.175694942,1,0.192520744,0,-0.110850588,0.067921807,-0.013700575,0.043175018,-0.111547485,0.067734472,-0.013732395,0.043098282,0.005551998,0.038253935,23.29243499,0.056811048,22.28037811,0.050930035,22.4020657,0.007447004,21.26045162,0.006773217,21.76391517,0.004334533,20.63109835,0.003848261,21.50919807,0.004341052,20.30277393,0.003916861,21.28766261,0.006309463,20.06901433,0.005615329,21.18446623,0.01833079,19.91310069,0.015644474,1017933,6
303.0177495,-56.7411251,24837.25346,25279.97498,0.446361035,0.486840993,0.645033836,0.006105391,5.152493477,1,0.115573589,0,0.239072174,0.285890093,-0.017077603,0.035703667,0.239992067,0.28580609,-0.01709657,0.035692006,0.005630379,0.036553563,23.06503995,0.043651217,22.59810741,0.041096839,22.0391842,0.005450852,21.21889361,0.005005518,21.4513582,0.003394153,20.58974347,0.003054205,21.2340659,0.003624757,20.2789797,0.003316911,21.04330924,0.005261003,20.14913891,0.00469783,21.04118543,0.014775769,20.16635104,0.012947308,1017953,6
302.9980181,-56.74082381,24985.38341,25283.83641,0.378378838,0.288755953,0.706433713,0.002287425,5.309938908,1,3.62E-05,0,0.235752495,0.19887005,-0.015806138,0.037544122,0.235809177,0.19899863,-0.015844174,0.037617281,0.006091579,0.035490499,22.36718331,0.022677182,21.58678323,0.020635588,21.4853271,0.003808503,20.59856691,0.003414246,20.49968942,0.001885236,19.58368748,0.001703986,20.08225149,0.002363294,19.07210277,0.0022783,19.76018406,0.002057509,18.81364466,0.001864306,19.68086606,0.004532229,18.67652065,0.003907567,1018124,6
303.0454164,-56.73877726,24625.10886,25310.41812,nan,nan,nan,nan,6.885281086,1,nan,0,0.227018198,0.006624979,-0.015702606,0.03652681,nan,nan,-0.015736125,0.036437277,0.00637235,0.037618604,27.05066212,1.597842901,24.17699198,0.704036613,24.80235905,0.057897699,22.16439554,0.021962167,23.59144591,0.019097215,21.12384722,0.008823517,22.40916758,0.008487967,20.31575466,0.005924402,21.90068805,0.010916082,19.83023682,0.006978359,21.77523539,0.028558376,19.58879803,0.016422884,1018254,6
303.0423272,-56.74129672,24652.74696,25277.89339,-0.094105616,0.167258039,0.759382844,0.019958055,7.266329288,1,0.045903621,0,-0.070588011,0.123198593,-0.016203147,0.035951815,-0.070941515,0.123927385,-0.016236648,0.035860691,0.006410009,0.037340811,24.45633187,0.142596501,23.26504095,0.13324044,23.67884699,0.020994903,22.55576239,0.017255011,23.03254358,0.011926395,21.95497688,0.009843836,22.90435897,0.013140905,21.71537718,0.01047011,22.66125449,0.021236354,21.54216629,0.019058977,22.6343928,0.061470997,21.27578759,0.048432115,1018255,6
302.9055538,-56.75681247,25678.79669,25063.18099,0.854330301,-0.010313592,0.765532911,0.010002652,4.759102345,1,0,0,0.62524256,0.001540556,-0.021178185,0.038925507,0.625503242,0.001546475,-0.021223992,0.039003205,0.003324653,0.033419778,24.18747389,0.109196161,23.31669374,0.101348069,23.47645902,0.017597287,22.65500033,0.014495172,22.15839118,0.005917101,21.30390136,0.004838206,21.66346975,0.005271177,20.76732122,0.00448404,21.19048698,0.006030011,20.38566865,0.00522194,21.050651,0.014871605,20.24390942,0.01319505,1008775,7
302.8916555,-56.73358487,25784.19084,25380.77359,-0.064354599,-0.112962186,0.798163235,0.132566109,15.01172638,1,-0.017573301,0,0.075741401,0.14306518,-0.017119852,0.032689164,-0.03862391,-0.059390564,-0.017145395,0.032600466,0.008074943,0.029177149,26.68974944,0.922349433,23.03407859,0.671489286,27.00322785,0.444972831,22.73075648,0.115712613,25.08669037,0.075888946,21.24515253,0.043379876,23.80445069,0.032472187,20.2208787,0.037910124,23.30220991,0.043010727,19.93565414,0.057787225,23.16942875,0.118000475,20.19338825,0.225164915,1008990,7
302.8237818,-56.76226021,26292.064,24986.24018,0.33487606,-0.851876497,0.302704036,0.010552117,3.05036521,1,0.093266984,0,0.089012593,-0.228029409,-0.016149381,0.037114554,0.089069724,-0.228056371,-0.016168531,0.03711601,0.008598857,0.029852129,23.70510591,0.059983285,23.51063681,0.059088722,22.41878011,0.007220648,22.20315927,0.007072896,21.09450722,0.002645763,20.8715941,0.002574454,20.55766756,0.002798668,20.29756636,0.002748216,20.35365421,0.003217349,20.12976366,0.003150172,20.60879018,0.011198386,20.35796241,0.011089311,1015053,7
302.8207439,-56.76010115,26315.00236,25015.70211,0.117484935,0.053837735,0.726639748,0.004632105,6.099768162,1,0.2340257,0,0.068220579,0.046599505,-0.016420857,0.039143636,0.06823317,0.046617199,-0.01645573,0.039073396,0.0078577,0.029889584,22.71131382,0.026159731,21.82467117,0.023281363,22.01243381,0.005241739,20.84682344,0.004587969,21.37628957,0.003060086,20.16153282,0.002634408,21.12008137,0.003678138,19.77276363,0.003227654,21.0411578,0.005601303,19.82305103,0.004834005,21.58812144,0.026848617,20.16841735,0.023415549,1015055,7
302.8197222,-56.75415299,26323.02427,25097.07625,0.238616586,0.012163723,0.675317824,0.006548204,5.247431278,1,5.36E-06,0,0.134258385,0.012799191,-0.015245254,0.044147576,0.134936273,0.0119659,-0.015278994,0.044091359,0.006839588,0.029693988,23.01584428,0.034468854,22.15233011,0.031657199,22.70344725,0.009021522,21.91000022,0.007925046,21.52097021,0.003676812,20.56956983,0.003235964,21.03741741,0.003443831,20.00304609,0.003160882,20.66766224,0.004054159,19.68622849,0.003663558,20.52131547,0.010040997,19.46167211,0.009020911,1015057,7
302.8235851,-56.75489157,26293.99013,25087.09675,0.511192262,-0.567803264,0.636526287,0.011087394,4.671298981,1,4.75E-05,0,0.298585602,-0.321872472,-0.015998221,0.04193766,0.298308998,-0.321966559,-0.016032595,0.041875817,0.007410493,0.030198076,24.85353577,0.19002184,24.44619365,0.17698293,23.58316043,0.020819421,23.02999965,0.019066556,21.95530462,0.005217701,21.3496024,0.004651335,21.31656512,0.00414268,20.6340871,0.003770804,20.84122756,0.004740139,20.24115374,0.004287291,20.66718227,0.011838439,19.98329174,0.010595674,1015061,7
302.8259945,-56.7570544,26275.77894,25057.57199,-0.580176353,-0.358655453,0.67724812,0.018023558,5.705989361,1,0.176099189,0,-0.376800661,-0.21539033,-0.016979185,0.044636263,-0.377231658,-0.215855032,-0.017014094,0.044582028,0.007129596,0.03033033,23.7032584,0.066483583,23.29629591,0.064237361,23.5308742,0.020063798,22.88568276,0.017741373,22.56976764,0.008704521,21.88296801,0.007641999,22.36750426,0.009692294,21.61580915,0.008459879,22.13796457,0.015096462,21.47289527,0.013572194,22.22123786,0.04807045,21.32267231,0.04938978,1015068,7
302.8243953,-56.75691574,26287.78686,25059.41671,-0.667761028,-0.794534028,0.632865906,0.020705916,5.190557003,1,0.404221736,0,-0.355594743,-0.399681648,-0.017156982,0.041997699,-0.356555223,-0.401103914,-0.017193096,0.041935343,0.007229002,0.030325199,23.65236551,0.063571538,23.18682154,0.064464254,23.4846486,0.019396911,22.73413932,0.017829423,22.70957293,0.009938646,21.9340117,0.009127397,22.15608446,0.008108222,21.3404172,0.007493806,22.01839151,0.013393656,21.24714295,0.012473423,21.823708,0.033300013,20.99470369,0.030009694,1015069,7
302.8412631,-56.76144841,26160.95346,24997.92066,0.384803832,0.408512354,0.856957436,0.000819358,8.227920532,1,2.45E-06,0,0.296602185,0.326769222,-0.017318564,0.038196562,0.296743393,0.326904744,-0.017315023,0.038223289,0.007553991,0.037921341,21.55202893,0.010580742,20.50819078,0.009099378,20.5170254,0.002579606,18.9449609,0.00236291,19.85885269,0.001458079,18.22409091,0.001333933,19.65318361,0.002273367,17.94099086,0.002170176,19.34484835,0.001760852,17.75493989,0.001506503,19.32252046,0.003329279,17.72315715,0.002392454,1016343,7
302.885335,-56.76155438,25830.28291,24997.75471,0.343941897,-0.511976719,0.433036268,0.0080859,4.376255035,1,0.000435162,0,0.098139709,-0.142663847,-0.020547069,0.036027142,0.098197877,-0.142919734,-0.020573711,0.036020599,0.006130957,0.036892055,24.91753925,0.206767907,24.62586059,0.217830815,23.12776616,0.012762813,22.63782926,0.012238821,21.35915845,0.002885295,20.85046352,0.002768934,20.56542864,0.002749582,20.02235575,0.002690927,20.14900131,0.00274257,19.64119629,0.002656967,20.0528053,0.006440062,19.53437319,0.006239207,1016397,7
302.8690699,-56.75458986,25952.68008,25092.63703,-0.032258607,0.110294178,0.605068207,0.000128751,6.822927475,1,0.004609713,0,-0.02317692,0.071714972,-0.017861443,0.040891218,-0.023235096,0.071775034,-0.017858408,0.040918604,0.005055699,0.033128481,19.66232697,0.00465961,18.82963434,0.004605656,18.16318127,0.00214379,17.13726256,0.002135077,17.24634317,0.001225613,16.19639611,0.001220481,16.87317318,0.002088703,15.75541797,0.002086535,16.53236471,0.001221678,15.46975968,0.001216019,16.4282618,0.000813777,15.33667158,0.00078224,1016775,7
302.8651304,-56.75677544,25982.12751,25062.60717,0.159843668,-0.241620556,0.820650876,0.001060646,8.783885956,1,0.030097716,0,0.105231859,-0.149416158,-0.021551625,0.037003659,0.105147921,-0.148810163,-0.021598438,0.037080549,0.004337296,0.035256621,21.91043936,0.013861684,20.81140458,0.012367455,20.7651225,0.002755462,19.09114578,0.002499014,20.02279859,0.001577289,18.29105973,0.001419035,19.75344312,0.002297114,17.93469708,0.002197276,19.45633447,0.001821778,17.69111533,0.001586423,19.41058279,0.003638521,17.4913622,0.002773469,1016777,7
302.8632409,-56.75513422,25996.39354,25085.0176,0.078319758,-0.096004166,0.615496695,0.004176054,5.402444839,1,0.089218085,0,0.034639549,-0.037918615,-0.020421484,0.037151333,0.034571446,-0.037996083,-0.020465804,0.037226312,0.002697796,0.036392238,21.85534931,0.013505091,21.44634393,0.012752618,21.387015,0.003606118,20.78055936,0.003334241,20.90868364,0.00239991,20.27553734,0.002185243,20.69346246,0.002903046,20.00783,0.002740868,20.62822462,0.003921716,19.91412257,0.003571696,20.59795524,0.010427095,19.67190018,0.009299955,1016778,7
302.8749756,-56.75758626,25908.20997,25051.78824,0.193920329,-0.590145111,0.735657156,0.003831782,6.266442299,1,0.069438364,0,0.117774347,-0.362938332,-0.020077783,0.041234917,0.117729478,-0.363788605,-0.020078272,0.04126139,0.005714478,0.034483181,24.03670213,0.098038253,23.45339772,0.090650369,22.9497124,0.011797848,21.89182376,0.010329742,21.18849627,0.0027331,19.93943719,0.002382034,20.53188554,0.002835261,19.22666401,0.002646068,20.0059113,0.00256383,18.7234478,0.002287285,19.8548357,0.005357714,18.51372692,0.004653126,1016779,7
302.8613596,-56.76080664,26010.20676,25007.31749,-0.073743217,0.660535991,0.620053947,0.013224262,5.659554958,1,0.047104662,0,-0.050217301,0.392224232,-0.019973722,0.035651613,-0.051199961,0.392664582,-0.019975241,0.035669602,0.004154454,0.035789862,26.09018804,0.5906265,25.50269689,0.461236797,23.71605611,0.021524248,23.13914824,0.019123119,22.1949526,0.005837765,21.61243126,0.005267454,21.58119093,0.004974842,20.92791813,0.004498338,21.07149442,0.005424111,20.48629945,0.004992786,20.95236284,0.013941517,20.2044724,0.012732934,1016782,7
302.8700842,-56.76036115,25944.76901,25013.66736,0.378306448,0.395106465,0.705938101,0.013426331,5.228600502,1,0.029885128,0,0.248137907,0.269509758,-0.017248135,0.040238385,0.246599078,0.267440706,-0.017243551,0.040266186,0.005952329,0.034494355,23.74439023,0.070598008,23.24793419,0.066749289,23.35442629,0.015147196,22.57828059,0.012892497,22.4414547,0.006887724,21.63626733,0.005865651,22.19113208,0.008015568,21.28871559,0.006715913,21.91366751,0.011598603,21.08241561,0.009830755,21.80254894,0.029573796,20.95437106,0.02514158,1016784,7
302.8664106,-56.75319927,25972.29085,25111.10086,-0.020000553,-0.272828758,0.982743025,0.012824203,40.1444931,1,0.943919454,0,0.00309644,0.075869099,-0.020163038,0.035523111,-0.020329101,-0.24957408,-0.020187318,0.035512902,0.005100927,0.03193975,25.39041488,0.339860365,21.57911538,0.156285143,24.36612332,0.039127631,20.16019263,0.016148061,23.65939735,0.021993487,19.65993746,0.008661725,23.41537877,0.02226324,19.38746971,0.008602132,23.01525629,0.033037359,19.0519696,0.012855887,25.72117716,1.167246884,19.79499432,0.109259173,1016789,7
302.8952167,-56.75618911,25756.39357,25071.45433,0.038349032,0.796705186,0.719776869,0.004850514,5.148225784,1,3.82E-09,0,0.02062149,0.547215471,-0.022365005,0.038040259,0.020564867,0.547319293,-0.022413237,0.038118243,0.003976792,0.035522051,22.21032888,0.017641454,21.70477854,0.016354481,21.48790629,0.003820724,20.76396315,0.003427827,21.31237807,0.003038035,20.53675712,0.002617338,21.26558166,0.00376454,20.40101129,0.003294463,21.18873754,0.006014366,20.39995896,0.005111881,21.26318695,0.019381102,20.42424629,0.016011605,1017134,7
302.9031501,-56.75357442,25696.97986,25107.44475,0.273415089,0.093830824,0.867466629,0.004013374,10.03300858,1,0.039671141,0,0.202621689,0.071905627,-0.019622509,0.037647801,0.207120597,0.077084489,-0.019666541,0.037718035,0.003897672,0.030988818,23.33644471,0.050827744,21.99228992,0.038377445,22.33811165,0.006529551,20.23490673,0.004970777,21.63384223,0.003630202,19.51686568,0.002786028,21.37388993,0.004199747,19.12680373,0.003387274,21.10138813,0.005702546,18.94842895,0.004295664,21.03597424,0.014966281,18.93791327,0.011012879,1017334,7
302.8959766,-56.75309639,25750.83554,25113.80759,-0.801496208,-0.47141552,0.765115917,0.008628472,5.145251751,1,0.000265154,0,-0.604923063,-0.344728556,-0.021366267,0.036431058,-0.605348825,-0.344688654,-0.021391759,0.03642286,0.00440025,0.033279212,23.42900586,0.053227521,22.87098906,0.047462835,23.03063075,0.011472719,22.23628056,0.009411951,22.0345686,0.005114645,21.21352388,0.004191273,21.7915951,0.005461067,20.9200858,0.004555858,21.48386663,0.00791453,20.68060157,0.006580403,21.46527739,0.02414654,20.63967859,0.020079999,1017336,7
302.9035532,-56.75459883,25693.78836,25093.9593,0.51197803,-0.214248672,0.971544862,0.041147985,34.58561325,1,0.760408863,0,-0.010110877,0.269785938,-0.018747656,0.039864879,0.490177989,-0.192565903,-0.018772895,0.039890643,0.003485085,0.033335834,24.70789504,0.175534135,22.78138728,0.159117011,24.5861026,0.047566288,22.25457036,0.037907278,24.27031836,0.036726235,21.75398931,0.025515233,24.0858578,0.042666423,21.49036104,0.028661145,24.52592141,0.126275749,22.49472915,0.137934777,23.90505254,0.203726502,21.70536645,0.194352977,1017337,7
302.8645999,-56.73529806,25987.24606,25356.57823,-0.051697273,0.239753902,0.741342366,5.32E-05,8.583474159,1,0.016332458,0,-0.036461546,0.155194658,-0.015722739,0.033239304,-0.036426745,0.155442655,-0.015738364,0.033223893,0.005070865,0.031108696,18.79754088,0.00436546,17.53841546,0.004347233,17.53379644,0.002130461,15.9933005,0.002124406,16.68478122,0.001219213,15.08987321,0.001215053,16.31872785,0.002085975,14.65749093,0.002084314,15.97994197,0.001214946,14.3714934,0.001211386,15.85758035,0.000767477,14.2285578,0.000742088,1017376,7
302.8946473,-56.74392727,25761.24206,25239.28214,0.044138353,0.168787569,0.598278165,0.000143878,6.40711689,1,0.009925344,0,0.00810876,0.09620249,-0.020660596,0.037698772,0.008045694,0.096084625,-0.02069846,0.037622128,0.007197286,0.03234726,19.52915569,0.004590093,18.7308388,0.004542279,18.19969216,0.002145098,17.21853658,0.002136327,17.41544028,0.001226596,16.40087077,0.001221321,17.08228614,0.002089978,16.01338021,0.00208745,16.78048631,0.001225069,15.7685702,0.001218805,16.70551622,0.00086033,15.66385927,0.000817708,1017377,7
302.848626,-56.74287637,26106.75412,25252.36748,-0.498187542,-0.172847092,0.712226927,0.000513814,5.812914848,1,0.034160681,0,-0.315981951,-0.094567366,-0.017758171,0.037299868,-0.316296905,-0.094892196,-0.017798623,0.037375983,0.003738825,0.033308891,20.94609773,0.006773571,19.91408319,0.006343446,19.71373852,0.002264042,18.52658792,0.002212718,18.94076619,0.001308486,17.74445896,0.001272862,18.6228999,0.00212769,17.34099614,0.002110946,18.34198998,0.001332625,17.12137391,0.001291839,18.26814007,0.001604476,16.95182728,0.001374765,1017385,7
302.8262976,-56.73185705,26275.03187,25402.48764,-1.865841985,-1.461766601,0.221589863,0.013356029,4.258793831,1,0.002770567,0,-0.084729227,-0.028373479,-0.013724905,0.030338428,-0.09055908,-0.032220911,-0.013737648,0.030320898,0.010358387,0.02325046,23.04237446,0.031617395,22.94337761,0.032212944,21.82274783,0.00480387,21.65948119,0.004774185,21.12153598,0.002560309,20.94606467,0.002537914,20.85648906,0.003133332,20.66107146,0.003115646,20.72707179,0.004486162,20.54854573,0.004471779,20.68155987,0.012393855,20.49624318,0.012402895,1017394,7
302.8716359,-56.72879505,25934.75384,25445.79419,-0.266897529,-0.014526065,0.60174793,0.007807228,5.005104065,1,0.34930333,0,-0.158275435,0.00896928,-0.013002247,0.035247478,-0.158325762,0.009322968,-0.013036344,0.035322987,0.007228277,0.027339503,22.54109731,0.019581175,21.75661413,0.017717689,22.53609845,0.008121385,21.93173219,0.007154393,21.60232708,0.003554528,21.00099371,0.003213354,21.31694979,0.004141129,20.65706946,0.003804975,20.95678514,0.005263054,20.35136016,0.004814972,20.88688397,0.014167964,20.21664709,0.01268709,1017397,7
302.8902332,-56.73585136,25794.76202,25349.71232,0.475775003,0.620311797,0.217349216,0.019888412,3.194328308,1,0.064647014,0,0.075385984,0.146589362,-0.017176111,0.032680865,0.075261325,0.146815732,-0.017209155,0.032592334,0.00833699,0.029865118,21.62151599,0.010306221,21.56213356,0.010497371,21.64485933,0.004134473,21.50097218,0.004109134,21.43557178,0.003160436,21.29261929,0.003125674,21.27842295,0.003957616,21.11685394,0.003912618,21.1892416,0.006463561,21.02704349,0.006409977,21.00002177,0.016663104,20.82706033,0.016475978,1017398,7
302.8614348,-56.73051619,26011.26585,25421.94107,-0.221630737,0.423000276,0.3970882,0.020923853,6.967345715,1,0.519990325,0,-0.051033824,0.100103994,-0.016094532,0.030175606,-0.050940908,0.100031644,-0.016089415,0.030181369,0.00487952,0.028633422,23.82019882,0.065643561,23.47322746,0.065001035,22.98520825,0.011812859,22.51873388,0.011498488,22.33554456,0.006857521,21.85004366,0.006635807,22.00391523,0.00687102,21.48220423,0.006677275,21.74070063,0.010426464,21.23474985,0.010084608,21.58661056,0.025997947,21.04497742,0.024730893,1017402,7
302.8713835,-56.73433415,25952.72362,25369.29016,-0.100970276,0.103565097,0.997246265,0.004564905,86.76010895,1,0.969692716,0,-0.018583097,0.082852187,-0.013504467,0.035919737,-0.101116352,0.102987796,-0.013536965,0.035989046,0.007230905,0.026966301,24.27513468,0.100277258,19.04114952,0.03948211,23.03716602,0.012447928,17.68673054,0.005372429,22.85264972,0.010391686,17.43838536,0.003450342,22.6911586,0.012255406,17.12319263,0.003960085,22.43277663,0.019218057,16.70687728,0.004950818,22.37319236,0.053189568,15.95683759,0.010305961,1017414,7
302.8271219,-56.73367762,26268.73187,25377.59475,0.074046776,-0.271482348,0.841624916,0.016219521,10.46555233,1,0.002313271,0,0.042039897,-0.189439002,-0.014149659,0.031149595,0.042132176,-0.188920587,-0.01417858,0.031061966,0.010310458,0.02388401,25.01715319,0.194589165,24.03891236,0.163098557,23.7524036,0.023546187,22.17146769,0.018941297,23.1270975,0.012740641,21.2237007,0.009735792,22.89681715,0.014206899,20.85924284,0.010751429,22.71834553,0.025791889,20.8999979,0.020627769,22.79819039,0.081913505,20.97576355,0.063535348,1017426,7
302.8722306,-56.72345795,25930.95083,25519.1199,nan,nan,nan,nan,37.80387878,1,0.533068082,0,-0.100698568,0.106980127,-0.015338854,0.03338663,0.534897089,0.332126617,-0.015377933,0.033458512,0.008147828,0.026160649,25.67460371,0.341923333,21.84572667,0.112732815,26.63862318,0.344757341,21.57660301,0.048567993,26.39244729,0.24865312,21.15688768,0.031799016,25.55083993,0.163007921,21.06218916,0.045709679,25.70876611,0.403824073,20.59535857,0.057838538,23.83024427,0.214962982,19.29022951,0.053934741,1017544,7
302.8660493,-56.72372266,25976.80817,25514.90078,0.968696356,-0.359176427,0.859907746,0.627174735,15.68409443,1,0.958610651,0,0.012430137,-0.018058842,-0.017038803,0.030340402,0.794879019,-0.287197173,-0.017076286,0.030396353,0.00750429,0.028389041,24.8241995,0.157049608,21.18799122,0.073520479,26.20054727,0.225294133,21.8929155,0.065413603,26.57876283,0.303792464,21.38387563,0.041842559,26.45504079,0.355881042,21.42192538,0.062856861,26.59839822,0.906866892,20.79127697,0.070969582,25.1221019,0.733603562,19.58088135,0.074974246,1017548,7
302.9010622,-56.74870423,25712.87106,25174.05694,nan,nan,nan,nan,33.54319763,1,0.870248037,0,-0.052577529,0.369222701,-0.017906342,0.041484118,0.719198048,-0.328678071,-0.01792963,0.041485786,0.004688869,0.030737617,25.59626585,0.398745725,21.47591935,0.102369851,25.89787684,0.155746331,21.54419016,0.043609135,25.97444157,0.172691225,20.92802772,0.026796261,26.15429369,0.281345196,20.69311667,0.032155362,24.99680137,0.203886128,20.31998815,0.044005279,nan,58.87489432,19.62432459,0.068671596,1017577,7
302.8269091,-56.74360634,26269.71049,25241.69846,0.060417235,-0.116220377,0.692441463,0.012932305,4.264541626,1,0,0,0.030676847,-0.059094818,-0.017239546,0.036545601,0.030378206,-0.058983855,-0.017272199,0.036471866,0.009345863,0.025939992,24.13600475,0.098338301,23.23077925,0.093702511,23.03398456,0.012507299,22.2966081,0.011113051,22.38071985,0.006702957,21.54094281,0.005797497,22.14014293,0.007346737,21.25756449,0.006302835,21.95407817,0.012877512,21.15135988,0.011160361,21.85848899,0.033669558,21.03582726,0.029287166,1017851,7
302.823553,-56.73964761,26295.16333,25295.75753,-0.25649038,0.181745648,0.530520916,0.012780118,4.205839634,1,0.009889709,0,-0.138895021,0.109894261,-0.015269196,0.03458041,-0.137624323,0.110431701,-0.015299729,0.034505673,0.009706062,0.024125106,22.83781067,0.027335214,22.57360875,0.02678794,22.49376243,0.008086886,22.0728226,0.007662247,21.94969664,0.004672492,21.47669385,0.004345485,21.53695105,0.004635107,21.0000375,0.004285928,21.35702953,0.007369776,20.8684331,0.006773374,21.30377476,0.020802554,20.77340481,0.018780033,1018086,7
302.8217461,-56.7397019,26308.72486,25294.95368,0.170787409,-0.12728104,0.405526161,0.021266701,4.054376125,1,0.046035942,0,0.049616348,-0.021151417,-0.015169203,0.034601182,0.049831379,-0.020578342,-0.01519963,0.034526501,0.009805,0.024149382,23.46773235,0.048326279,23.29387981,0.047809072,23.088707,0.012920412,22.76095478,0.012435095,22.22191074,0.005858737,21.87609739,0.005641056,21.45447952,0.00441932,21.07098084,0.004280559,21.09621407,0.005773711,20.74249672,0.005609433,21.03035023,0.016100722,20.68588182,0.015642913,1018087,7
302.9084551,-56.73621472,25657.93618,25345.19794,0.327828228,0.374460667,0.871185482,0.29091239,18.9004612,1,0.214412171,0,-0.059726957,-0.046341664,-0.018631983,0.030510899,0.28646782,0.325636834,-0.018644769,0.030427039,0.006655041,0.028032565,29.12603458,9.165018074,22.31686195,0.239649482,26.64826463,0.330760482,22.10179533,0.096434313,25.85397986,0.149925608,21.31801467,0.046495627,25.77134563,0.194761475,21.03044689,0.053875602,26.15492668,0.560302671,20.8762764,0.088072781,nan,66.35799946,20.75614273,0.2506862,1018233,7
302.8945172,-56.73530935,25762.62335,25357.24264,-0.549112022,-0.264666826,0.73057425,0.086497657,12.30501366,1,0.007749224,0,0.071500058,0.076951983,-0.017322771,0.032683239,-0.312548876,-0.126207054,-0.01734877,0.032595508,0.007847153,0.030878755,30.05337142,20.96366996,23.15485439,0.406763028,25.63249888,0.127379123,21.96300931,0.077503579,24.6579106,0.050734833,20.97139763,0.03299005,24.1278083,0.041907955,20.59364419,0.038118747,23.8439737,0.070006884,20.34854416,0.061540075,23.82514677,0.223145638,20.91373306,0.333000317,1018279,7
302.8963233,-56.73092736,25749.26704,25417.27065,0.508856893,-0.34594515,0.342987567,0.023076838,3.898288965,1,7.31E-05,0,0.143371624,-0.084187243,-0.017103063,0.031746269,0.143169373,-0.084245585,-0.017140452,0.031807281,0.007636757,0.03017259,23.54274423,0.05000617,23.34156284,0.051035889,23.12589378,0.013234818,22.91179195,0.013044638,22.12086729,0.005288211,21.86639785,0.005148651,21.79274399,0.005321706,21.51494493,0.005177027,21.53257014,0.008594196,21.28232904,0.008366698,21.42486855,0.023974331,21.15330194,0.023407663,1019190,7
302.8820961,-56.72957852,25856.16586,25435.35932,-0.214379266,-0.147549316,0.877016485,0.031865455,15.6522522,1,0.076297323,0,-0.257149145,-0.117597503,-0.016351739,0.031838278,-0.166530788,-0.111941345,-0.016389119,0.031898219,0.007821387,0.027546505,24.9245684,0.173682055,23.03526821,0.163622641,24.35522034,0.040281165,22.02676178,0.031958416,23.74329859,0.021648899,21.26350491,0.015585813,23.74686293,0.031091132,21.29978214,0.024679674,23.53953121,0.05442904,21.27051635,0.048080993,24.05878577,0.261864844,21.61843959,0.199699625,1019197,7
302.9053272,-56.7292627,25681.73184,25440.28244,-0.687043548,-0.332408726,0.712208748,0.004495756,4.678617001,1,0.000148322,0,-0.47345983,-0.216809452,-0.016047635,0.032105058,-0.47307831,-0.216888919,-0.016064966,0.032088425,0.006489865,0.027123203,23.12047381,0.033451197,22.64042353,0.030929435,22.31930012,0.00674692,21.60132774,0.005859135,21.29301348,0.002737007,20.53841247,0.002387329,20.92076084,0.003149591,20.09936677,0.002860716,20.56741826,0.003696745,19.81171555,0.003214772,20.53321611,0.010254753,19.738288,0.008607215,1019299,7
302.8294122,-56.72468202,26252.07528,25500.80365,0.434581548,0.263169169,0.812938213,0.201661497,15.18331146,1,0.109060612,0,0.03859174,0.180927204,-0.015440058,0.028509452,0.337265819,0.195023909,-0.015375547,0.028503295,0.010706854,0.025411787,nan,0.513960934,inf,nan,27.02457545,0.480065024,23.10761124,0.164395616,25.50004551,0.110046454,21.84001762,0.05014343,25.4916316,0.148467806,21.51095971,0.055214043,25.74267984,0.422355375,21.55318979,0.119812174,25.52184511,1.025756964,20.96754795,0.20771645,1019445,7
302.8200779,-56.72283591,26322.2918,25525.76199,0.209599808,0.278346926,0.736787617,0.005129518,6.588214874,1,0.000178908,0,0.127178145,0.18839685,-0.014710465,0.029724364,0.127140328,0.188503087,-0.01474502,0.029788459,0.010568939,0.024345296,23.2714429,0.03669229,22.35638745,0.033428736,22.28711771,0.006498817,21.06746645,0.0055822,21.58968912,0.003428583,20.35649687,0.0029295,21.35938228,0.004056367,20.00958437,0.003534048,21.11945201,0.006257283,19.8647432,0.00529459,21.10046311,0.017975477,19.78644434,0.015196838,1019461,7
302.8713299,-56.71615302,25937.70415,25618.83228,-0.248894066,0.836467206,0.573269188,0.009701581,3.534663916,1,0,0,-0.148476801,0.488527248,-0.018239168,0.030101293,-0.148254678,0.48866117,-0.018281406,0.030162187,0.008379799,0.025677931,23.33793405,0.039554762,23.07932171,0.039257214,22.62238458,0.008951745,22.17824696,0.008272106,21.80014061,0.003990916,21.33079651,0.003646689,21.39289116,0.004207536,20.86548734,0.003874917,21.12313514,0.00583981,20.65841556,0.005393666,21.04581144,0.016962663,20.55099266,0.015501995,1020278,7
302.8331057,-56.71169848,26225.10593,25678.64567,-0.082388654,-0.258234382,0.645457566,0.145318121,11.06706238,1,0,0,-0.041857341,-0.01171445,-0.017683251,0.026055113,-0.041338686,-0.124262795,-0.017685475,0.026102977,0.010539807,0.0261518,25.72681696,0.338823429,22.45729143,0.244528009,25.33055761,0.10572445,21.76349458,0.090434313,25.03513847,0.067360519,21.26002449,0.040425828,24.77970835,0.074732794,21.06500405,0.052640622,24.0863682,0.089796194,20.39993839,0.073586305,24.21590496,0.329393091,20.89061589,0.254274382,1009219,8
302.8090098,-56.72731253,26405.13311,25464.10321,-0.332093507,0.015188156,0.490796924,0.00448128,4.531677246,1,3.07E-05,0,-0.146246037,0.024383991,-0.012523282,0.03151603,-0.145636648,0.02432346,-0.012554199,0.031579778,0.010794775,0.022875101,22.96804164,0.028702867,22.75184764,0.028796809,22.14836676,0.005967869,21.6208159,0.005753421,20.80433983,0.002116917,20.28285904,0.002014168,20.29417753,0.002545344,19.72223864,0.002480439,19.90648334,0.002325264,19.37335603,0.002214524,19.77756931,0.005343791,19.21434646,0.005013352,1019320,8
302.8294122,-56.72468202,26252.07528,25500.80365,0.434581548,0.263169169,0.812938213,0.201661497,15.18331146,1,0.109060612,0,0.03859174,0.180927204,-0.015440058,0.028509452,0.337265819,0.195023909,-0.015375547,0.028503295,0.010706854,0.025411787,nan,0.513960934,inf,nan,27.02457545,0.480065024,23.10761124,0.164395616,25.50004551,0.110046454,21.84001762,0.05014343,25.4916316,0.148467806,21.51095971,0.055214043,25.74267984,0.422355375,21.55318979,0.119812174,25.52184511,1.025756964,20.96754795,0.20771645,1019445,8
302.8178667,-56.72076666,26339.02823,25554.01093,-0.233409122,0.3661111,0.699431837,0.00235688,5.159389496,1,8.27E-07,0,-0.156287528,0.248343409,-0.015202742,0.028448491,-0.156270981,0.248514056,-0.015237788,0.028507007,0.010874815,0.024287636,22.15534944,0.013886861,21.65063133,0.012980499,21.53425486,0.003844956,20.77095118,0.003451549,20.6010981,0.001858231,19.80287547,0.001680696,20.28790613,0.002520036,19.4128589,0.002388849,19.90446361,0.002398149,19.11634609,0.002144035,19.91113171,0.006278559,19.04300368,0.005408642,1019460,8
302.8200779,-56.72283591,26322.2918,25525.76199,0.209599808,0.278346926,0.736787617,0.005129518,6.588214874,1,0.000178908,0,0.127178145,0.18839685,-0.014710465,0.029724364,0.127140328,0.188503087,-0.01474502,0.029788459,0.010568939,0.024345296,23.2714429,0.03669229,22.35638745,0.033428736,22.28711771,0.006498817,21.06746645,0.0055822,21.58968912,0.003428583,20.35649687,0.0029295,21.35938228,0.004056367,20.00958437,0.003534048,21.11945201,0.006257283,19.8647432,0.00529459,21.10046311,0.017975477,19.78644434,0.015196838,1019461,8
302.8176669,-56.717297,26340.74576,25601.49755,0.787368834,0.348188132,0.669671893,0.011773364,4.898870945,1,0,0,0.485415088,0.229383601,-0.016339109,0.027958441,0.484908432,0.229297206,-0.016376618,0.028016904,0.010832205,0.024060216,24.63718358,0.122106023,23.84546432,0.105857788,23.79258227,0.023334977,23.0318745,0.020190696,22.29993758,0.00581929,21.60998457,0.005168193,21.66757297,0.0050351,20.85648929,0.004619438,21.21899524,0.006509548,20.46140019,0.005996535,21.12817165,0.018261977,20.39601734,0.016672908,1020280,8
302.7947196,-56.71685107,26513.14813,25606.78865,0.82052803,0.07470265,0.929695189,0.001475525,10.55582428,1,0.005953846,0,0.716582299,0.068310818,-0.01718522,0.02445956,0.716990829,0.068372712,-0.017223611,0.02451116,0.011258769,0.024969765,22.35387527,0.015220185,20.53651049,0.011503066,21.47297661,0.003748421,19.21570573,0.002920655,20.81832077,0.002023242,18.53001715,0.001589673,20.62789068,0.002766268,18.2242518,0.002373347,20.35127251,0.003099968,18.03295204,0.002239829,20.31560103,0.008686787,18.00009448,0.005685869,1020309,8
302.7969887,-56.72382494,26495.63986,25511.41204,-0.077928588,-0.376951069,0.733132899,0.01695013,4.562862873,1,0.000100568,0,-0.058890366,-0.255272488,-0.014267989,0.027186439,-0.05761468,-0.255397767,-0.014301198,0.02724128,0.010182593,0.026554222,24.00070718,0.072759937,23.41143706,0.065603515,23.36930756,0.016729537,22.52386973,0.01426292,22.77620278,0.009086795,21.87916666,0.007595119,22.60798111,0.010683879,21.60474521,0.008705556,22.40950148,0.01920693,21.50455085,0.016091161,22.38645843,0.05403101,21.21614997,0.043529679,1020312,8
302.8373825,-56.70090073,26193.60523,25826.58537,-0.176897615,-0.074828975,0.81672436,5.72E-05,9.70019722,1,0.012151821,0,-0.119113362,-0.042590076,-0.020840239,0.023154484,-0.118803158,-0.042637512,-0.020873906,0.023057308,0.010736832,0.027485918,19.16338345,0.004394983,17.55090486,0.00435823,17.82249362,0.002144034,15.94857001,0.00212943,16.97083586,0.001221546,15.06319655,0.001215356,16.61207617,0.002087425,14.61562337,0.002084668,16.21266474,0.001218017,14.2839736,0.001210856,16.09544865,0.000791056,14.12551884,0.000750028,1020411,8
302.828392,-56.70134435,26261.14223,25820.22072,0.706956267,0.427666873,0.728839993,0.006299555,6.374112606,1,0.338926083,0,0.483737139,0.303938462,-0.020618099,0.022954856,0.483908832,0.304004014,-0.020651776,0.022856066,0.011847004,0.023385073,22.63232392,0.019583026,22.07369422,0.017224294,22.2549814,0.007476744,21.49833813,0.006285058,21.73918251,0.003912781,20.95587381,0.003312144,21.56085226,0.004847487,20.71955129,0.004165056,21.1777309,0.006823551,20.4326956,0.005919607,20.98580297,0.016697476,20.1392687,0.014194413,1020428,8
302.8401441,-56.69774486,26175.66226,25857.98016,-0.166658431,0.00595649,0.995405674,0.001719083,47.36772537,1,0.893812427,0,-0.162768378,-0.001282728,-0.022015486,0.022731297,-0.164529756,0.005237398,-0.022051189,0.022628251,0.011254408,0.02614349,nan,1.78686E+11,20.38235776,0.071207525,21.7964647,0.005323345,17.71383222,0.00304795,22.02460221,0.004884275,17.44378971,0.001645884,21.95616848,0.007045869,17.06026001,0.002444186,23.48070401,0.053990268,18.61795021,0.025717186,23.71964644,0.203467165,17.75090327,0.03542209,1020431,8
302.8475235,-56.71155548,26116.79552,25681.05997,-0.424882382,-0.760774195,0.739643335,0.015787605,5.78096056,1,0.372380583,0,-0.312211197,-0.543534987,-0.022817985,0.02075118,-0.312139302,-0.543758094,-0.022864062,0.020794477,0.005565624,0.029271939,23.4475006,0.040482684,22.68867456,0.033430767,23.18543771,0.014282262,22.35770529,0.011300499,22.72794302,0.008411795,21.95633962,0.007074011,22.59992165,0.011379822,21.79447769,0.009853425,22.08306587,0.014578207,21.31062292,0.012318595,21.93604787,0.040948377,20.82511728,0.033300888,1020438,8
302.846168,-56.69695855,26127.80613,25880.82394,0.881714165,-0.292130649,0.958893657,0.01308767,21.12134552,1,0.787075962,0,0.025706001,-0.003699411,-0.026259835,0.017372905,0.775857329,-0.262501925,-0.026286231,0.017335486,0.005904906,0.027827989,24.52571816,0.111262901,22.42221969,0.106796914,24.1156588,0.038086121,22.13875327,0.052072979,22.95146768,0.011002873,20.41300655,0.009329211,22.05839182,0.00776396,19.71238727,0.008309149,21.4756365,0.008379809,19.14074257,0.008593647,21.15858696,0.019743394,18.67487855,0.017928028,1020439,8
302.7864969,-56.69939445,26576.1123,25845.43259,-0.242322057,0.032032121,0.805566669,4.19E-05,9.630911827,1,0.015756726,0,-0.166279522,0.02945621,-0.020885413,0.020184735,-0.166525498,0.02943192,-0.020920223,0.020073581,0.012586182,0.02365156,18.89611038,0.004354955,17.31028081,0.004331058,17.52412279,0.002135699,15.6671082,0.002125718,16.66243409,0.001218481,14.76451526,0.001214139,16.33517825,0.002086613,14.35859912,0.002084468,15.95174371,0.001214487,14.08429118,0.001210429,15.84681047,0.000777931,13.93456256,0.000743737,1020586,8
302.7906982,-56.68844553,26545.2801,25995.46058,-0.038646389,0.219915733,0.562817454,0.002053782,3.909413338,1,0.034746909,0,-0.027729932,0.124067399,-0.019646958,0.018828202,-0.027756024,0.124097437,-0.019685289,0.018869098,0.008608015,0.02361401,21.82595372,0.009821892,21.41620304,0.009525734,21.00109471,0.003110846,20.48832897,0.00293989,20.12779895,0.00159126,19.57767011,0.001517817,19.74506185,0.002305597,19.10358681,0.002258026,19.47832429,0.001867624,18.8786369,0.001768557,19.38834035,0.004031575,18.7193097,0.003672086,1020593,8
302.7878123,-56.70783542,26565.65048,25729.94037,-0.077286392,-0.274313629,0.587750494,0.004207288,4.383766651,1,0.342032755,0,-0.050415295,-0.139260364,-0.018020003,0.022177506,-0.051466629,-0.139251441,-0.018036639,0.022143733,0.012280594,0.02322195,21.34285915,0.007250468,20.63085712,0.006962504,21.42742329,0.003790005,20.86789721,0.003493248,21.0079618,0.00229153,20.42921159,0.002101924,20.84957112,0.003137931,20.19302399,0.002919271,20.48694295,0.003578614,19.91755712,0.003272541,20.12943214,0.007578242,19.49375267,0.006609448,1020595,8
302.7962719,-56.7093625,26501.98682,25709.35033,0.106989123,-0.278318822,0.69196552,0.003404034,5.250430584,1,0.280111246,0,0.060999606,-0.159194771,-0.017961663,0.02297053,0.061085664,-0.159015745,-0.017999541,0.023017718,0.011174084,0.025490601,22.44650323,0.016447587,21.41728934,0.01466945,21.55500614,0.004089351,20.54218204,0.00356795,21.06919543,0.002356402,20.15742321,0.002094064,20.85946276,0.003115211,19.86199409,0.002839871,20.52046823,0.003695473,19.60874057,0.003198338,20.2753139,0.008618553,19.16327975,0.006930594,1020599,8
302.8088503,-56.70715413,26407.62303,25740.0296,-0.026769895,0.427100122,0.863504291,0.002791785,7.159342766,1,0.129265702,0,-0.019989992,0.3375114,-0.018077619,0.024532216,-0.020497842,0.337401718,-0.018095439,0.024503756,0.012032114,0.022008123,22.41432899,0.015908884,21.31360326,0.012069885,21.9535056,0.005222331,20.52606578,0.003840022,21.25012563,0.002539105,19.86451033,0.002003008,20.97513189,0.003323075,19.40300205,0.002815147,20.66516404,0.004013247,19.14529026,0.003176033,20.60549154,0.011834775,18.93230862,0.00900618,1020601,8
302.8144673,-56.70215157,26365.73395,25808.7012,0.135378152,0.104343005,0.234269112,0.014814449,3.253475904,1,0.003881003,0,0.009510973,0.037639934,-0.021219291,0.022111929,0.009670816,0.037498243,-0.021255096,0.022005251,0.011742649,0.022274216,22.76283934,0.020941478,22.66209283,0.021294202,22.0584348,0.006049679,21.90946186,0.006005003,21.30416959,0.002682804,21.14142129,0.002650832,20.90641986,0.003232952,20.72171543,0.003202879,20.72751116,0.004326805,20.56881954,0.004285245,20.65691563,0.012302544,20.46826853,0.012206066,1020602,8
302.7906359,-56.70117738,26549.6968,25825.88546,-0.137032345,-0.146232113,0.994797409,0.001911111,47.01203918,1,0.922729961,0,-0.00708376,0.204343678,-0.021041047,0.020081028,-0.134463087,-0.14324066,-0.021075523,0.019970043,0.012282051,0.023617345,23.08241828,0.028287868,20.00322671,0.034009005,22.15796683,0.007057516,18.08255248,0.003530492,21.43598616,0.003177109,17.27476902,0.001797088,21.08420541,0.003574106,16.81095498,0.002508411,20.62238892,0.004099328,16.47379743,0.002259157,20.3017286,0.009376703,16.145211,0.004440138,1020604,8
302.8139585,-56.70913442,26369.11643,25713.10106,-0.80509311,0.093569726,0.784061432,0.004509881,5.493999481,1,0.010192923,0,-0.596842942,0.07708644,-0.017939799,0.02523483,-0.599298,0.077209949,-0.017978426,0.025285987,0.011805378,0.023181607,23.23441671,0.032786883,22.54268616,0.027609722,22.61793569,0.008834671,21.6832172,0.007046829,21.54055894,0.003104517,20.5790122,0.002613724,21.07858206,0.00351081,19.99712229,0.003126116,20.6455005,0.004025732,19.63789671,0.003512182,20.58570231,0.011409083,19.46211575,0.010055558,1020606,8
302.8100535,-56.69688325,26399.23841,25880.66166,0.014001172,0.134409606,0.600881815,0.010196439,4.640523911,1,0.015973762,0,0.0011011,0.082067016,-0.020822568,0.022622141,0.001231232,0.082244948,-0.020857744,0.022517735,0.012271091,0.022196546,23.77557017,0.052842941,23.39840879,0.049731256,23.13578139,0.014552497,22.55223407,0.012955873,22.00636467,0.004543285,21.41562899,0.004132875,21.21139953,0.003813235,20.43302389,0.003580408,20.75396929,0.004355226,19.99753654,0.004103942,20.61190752,0.011872458,19.7615738,0.011168422,1020611,8
302.7904482,-56.70350278,26546.04132,25789.60219,nan,nan,nan,nan,5.560955048,1,nan,0,0.188221651,0.365026104,-0.018898107,0.021884848,nan,nan,-0.018976094,0.021882588,0.012515615,0.023143138,24.86678923,0.146978143,24.42448306,0.152641098,25.42167969,0.123599698,24.49734262,0.141923466,23.00404,0.011074843,21.67669106,0.00893763,22.01212275,0.006868195,20.70360465,0.006020758,21.3879738,0.00790274,20.16814489,0.007024228,21.12821348,0.019395769,19.87342702,0.017040814,1020618,8
302.7761893,-56.71001787,26652.72228,25699.36327,-0.389226109,0.069879919,0.790411532,0.010647433,6.155085564,1,0.054583857,0,-0.304096792,0.061692304,-0.016415762,0.02490548,-0.302998066,0.059909269,-0.016450554,0.02495507,0.013580253,0.023904653,23.56028052,0.043351907,22.77776936,0.035730305,23.46844824,0.018775235,22.3410703,0.013674565,22.45546597,0.006249929,21.36378741,0.004905433,22.14096412,0.007206915,20.95300025,0.005644735,21.78963729,0.010748305,20.74968062,0.00874994,21.73138703,0.031241174,20.62114193,0.024731346,1020619,8
302.7815138,-56.70420763,26613.06425,25779.51539,nan,nan,nan,nan,5.501752853,1,nan,0,0.09468441,0.148701667,-0.017780829,0.023864607,nan,nan,-0.017801752,0.023813302,0.012947819,0.023173122,23.96346636,0.063890369,22.1197785,0.057221053,24.20247166,0.039267089,21.84845303,0.028150948,23.89629187,0.024078778,21.52984467,0.017499024,23.34407572,0.021481759,20.98290092,0.01691908,22.99498704,0.032759786,20.68467269,0.025087158,23.28873748,0.13206083,21.59294709,0.181687424,1020634,8
302.8112705,-56.70953434,26389.28675,25707.53351,0.162237212,0.08832451,0.727010429,0.023870481,8.794202805,1,0.02435528,0,0.126513462,0.067046714,-0.017826277,0.025253681,0.129569098,0.067788295,-0.017864436,0.025305072,0.01187482,0.023098413,24.78385635,0.135282249,24.28687557,0.14505458,24.04217996,0.03043531,22.76804825,0.028563541,23.40803133,0.014771609,21.87143254,0.012508773,23.16798274,0.018354213,21.54068147,0.015232456,23.00643847,0.032303808,21.54284768,0.029067237,22.96042869,0.099110511,21.7463296,0.08790762,1020647,8
302.7729544,-56.70626017,26677.39848,25750.9342,-0.171379283,0.488684356,0.985090673,0.219609171,52.54636002,1,0.583740038,0,-0.080776722,-0.104537306,-0.016637607,0.02418071,-0.166507021,0.465069056,-0.016652664,0.024151506,0.01386377,0.022974838,nan,11.15417216,21.69045445,0.106120762,26.202434,0.230198185,21.19140819,0.042391086,26.41084898,0.230159794,20.71085666,0.023703773,25.64170572,0.169410396,20.42445403,0.030063132,24.85994246,0.166250329,19.88738521,0.034290573,24.16224375,0.284257522,19.0128962,0.050541367,1020712,8
302.7810349,-56.71275731,26616.22994,25662.31244,0.707395494,0.544225037,0.652175426,0.012877456,4.320438385,1,0.000419623,0,0.443710408,0.356560202,-0.016649121,0.024746677,0.444207698,0.356488764,-0.016684685,0.024795862,0.012530225,0.025153937,23.60651131,0.045421177,23.20998315,0.042200832,23.25043454,0.01479572,22.66877777,0.013022304,22.36672694,0.005876626,21.77583073,0.005209952,22.13109479,0.007111206,21.49988644,0.006371834,21.85834669,0.011342771,21.29374112,0.010311587,21.69070723,0.029659511,21.10622076,0.026993024,1020745,8
302.8564787,-56.69272065,26050.54433,25939.14754,0.090645246,0.037126765,0.716396809,0.018727953,6.436328411,1,0.045785587,0,0.033176237,0.030181713,-0.025372417,0.01874456,0.031292122,0.030006442,-0.025399541,0.018705329,0.0057039,0.027789234,24.44880274,0.104800359,23.96368261,0.10438188,23.54719479,0.020704862,22.45148424,0.017657004,22.91320883,0.010638708,21.73045926,0.009095564,22.73659646,0.013470086,21.47169751,0.011185901,22.59645539,0.023452191,21.20264246,0.020034127,22.50525261,0.068719845,21.08499361,0.056238569,1021387,8
302.8532693,-56.68449413,26075.1229,26051.65752,0.017267253,0.628978431,0.713095665,8.50E-05,6.891223907,1,0.000307965,0,0.001369349,0.388811084,-0.023228866,0.018423588,0.001495825,0.390209943,-0.023267059,0.018310847,0.007101462,0.026691165,19.43556517,0.004446514,18.40341335,0.004411648,17.98156615,0.002144832,16.70622106,0.002133563,17.08384376,0.001223695,15.77362068,0.001218117,16.71001666,0.002088617,15.3413519,0.002086017,16.36407953,0.001218941,15.05153853,0.001213119,16.22964813,0.000810264,14.91996221,0.000773142,1021638,8
302.840837,-56.68601128,26168.50452,26030.50546,0.222748652,-0.093675584,0.468960553,0.001468838,5.369356155,1,0.000350106,0,0.054303031,-0.015162557,-0.020574101,0.021837135,0.054007214,-0.015489506,-0.020595105,0.021806994,0.008239059,0.027117732,22.69515115,0.020409768,22.21884726,0.019743757,21.10411653,0.003278868,20.47500606,0.003142036,19.63893101,0.001421153,18.99191905,0.001385293,19.16637548,0.002189155,18.47720701,0.002170741,18.84107651,0.001495493,18.18888702,0.001456595,18.71618589,0.002403016,18.05483644,0.002258718,1021640,8
302.8513187,-56.68574936,26089.71809,26034.41638,-0.169132128,0.170350999,0.875697732,0.001482466,7.472795963,1,0.069879862,0,-0.140355066,0.146164593,-0.024259206,0.018216379,-0.140360683,0.146308929,-0.024283677,0.01817894,0.007140108,0.026691564,21.93589414,0.010935478,20.82335673,0.008826132,21.36596257,0.003747536,19.81719442,0.002905452,20.50239679,0.001815865,18.94626006,0.001494873,20.18517059,0.002508894,18.55100613,0.002273374,19.87870472,0.002299439,18.35639652,0.001810566,19.76550499,0.005864423,18.22955571,0.004127413,1021641,8
302.8300479,-56.68404552,26249.73411,26057.06547,0.465841353,0.236568421,0.715462208,0.005169811,4.407010078,1,0.066336229,0,0.29057909,0.161012961,-0.018894816,0.022236245,0.290525258,0.160948962,-0.018913513,0.022207778,0.007984935,0.021312334,23.34521551,0.035884973,22.81919137,0.033014437,22.78074207,0.010268259,21.9767055,0.008712964,21.45861918,0.003187575,20.63792373,0.002760915,20.99028154,0.003488228,19.94774197,0.003153922,20.6047836,0.004029023,19.60490312,0.003567568,20.44352082,0.009991988,19.4690713,0.008857764,1021825,8
302.780563,-56.68352033,26621.81514,26062.49565,0.136183843,-0.119561598,0.388515621,0.021765279,3.487747192,1,0.02190605,0,0.029083053,-0.018540409,-0.020045212,0.019656176,0.03143014,-0.019601684,-0.020063713,0.01962458,0.009689612,0.021733572,24.5528847,0.106144524,24.43165457,0.109055943,23.07990243,0.012833255,22.66970453,0.012526324,22.24941686,0.005983283,21.81783786,0.00580025,21.90543999,0.006348273,21.45878176,0.00618129,21.63871312,0.00936847,21.2228524,0.009122361,21.59565969,0.026682617,21.23723673,0.026032504,1021877,8
302.8587614,-56.67867774,26034.14656,26131.43842,0.221331328,0.096837461,0.860036969,0.005505408,8.536944389,1,0.805411198,0,0.150752266,0.081607525,-0.021287224,0.021088098,0.162459105,0.083288766,-0.021307895,0.02105356,0.006685979,0.023779037,23.80702896,0.057182694,22.28173452,0.057956291,22.48260894,0.008690368,21.09853495,0.006632785,21.87767931,0.004528407,20.37569897,0.003476888,21.6334067,0.00567046,20.05647589,0.004315757,21.40236958,0.007818605,19.811776,0.005719357,21.27183465,0.021728392,19.59987991,0.014724011,1021897,8
302.8056581,-56.68388975,26433.11458,26058.3645,-0.258220583,0.337554127,0.308483809,0.028784601,3.256455183,1,0.000221844,0,-0.078148205,0.095466005,-0.022145695,0.017463818,-0.078607045,0.095035367,-0.022167135,0.017426912,0.00769573,0.021770466,26.38511652,0.567832719,26.1790455,0.521635263,24.2849589,0.036854861,24.0807413,0.035853228,22.26801562,0.006021794,21.99512618,0.005911035,21.10885418,0.003706511,20.80832532,0.003645086,20.64129386,0.003918088,20.35568539,0.003849885,20.4770452,0.010569921,20.19186981,0.01041708,1021909,8
302.8143025,-56.6783537,26368.47197,26134.44604,-0.133799225,0.182374239,0.279532641,0.010527388,3.099914789,1,5.57E-05,0,-0.049801432,0.063222192,-0.021163812,0.019678109,-0.049758479,0.063170485,-0.021184592,0.019645967,0.009038942,0.021017646,23.71588528,0.049262928,23.62813848,0.050060073,22.20185295,0.006572665,22.01822802,0.006488494,21.01673551,0.002415092,20.82645507,0.002368655,20.60948121,0.002922768,20.38900708,0.002884035,20.33710801,0.003357849,20.14618545,0.003300744,20.25579149,0.008462852,20.0528265,0.008340453,1022128,8
302.7101579,-56.54986818,27162.35796,27888.99763,0.297145635,0.775470316,0.974569917,0.000371954,14.62872791,1,0.396598608,0,0.283003275,0.730248913,-0.035573507,0.006763885,0.285223037,0.73101002,-0.035511926,0.006815047,0.002483165,0.002059249,20.73696535,0.006189167,18.6475822,0.004815736,20.13854707,0.002656096,17.70752177,0.002230544,19.16562487,0.001416722,16.35074279,0.001267785,18.74731877,0.002210913,15.76729805,0.002124475,18.23182555,0.001387045,15.43702781,0.001281014,17.95943523,0.002143118,15.24442611,0.001596093,1024832,9
302.7364289,-56.54209474,26964.74989,27996.57609,-0.784147143,0.051382575,0.865078449,0.000423923,7.209227562,1,0.005522572,0,-0.633886761,0.044290624,-0.0361371,0.00416211,-0.633881569,0.044348359,-0.036074501,0.00420709,-0.003163916,-0.000489874,20.55775877,0.005180792,19.53684245,0.00496119,19.58761961,0.002347985,18.20734005,0.002242224,19.05471487,0.001332805,17.56322898,0.001267079,18.80965191,0.002210359,17.26227075,0.002141124,18.57284957,0.001480313,17.08137318,0.001346508,18.38080108,0.003381286,16.96408017,0.002547184,1024835,9
302.711106,-56.55015535,27156.51391,27885.5991,0.319054455,0.619332254,0.971008897,0.000561037,15.43540382,1,0.568325179,0,0.301808478,0.578595646,-0.03412356,0.006927089,0.302710831,0.57882005,-0.034055408,0.006980574,0.00245202,0.002056599,20.3853685,0.005420574,18.17234175,0.004786519,20.05841025,0.002573855,17.59061551,0.00222843,19.88479725,0.001708319,17.25869463,0.001318687,19.87012403,0.002690319,17.08035934,0.002198962,19.59448008,0.002307603,16.9533838,0.001492215,19.42303123,0.006973385,16.85564571,0.003344664,1024841,9
302.7101876,-56.54441291,27162.59096,27963.67302,-0.094733059,0.062388945,0.707563758,0.002038809,4.660106659,1,0.001627545,0,-0.076299211,0.044657411,-0.035128647,0.006812757,-0.076667838,0.044948634,-0.035063546,0.006863613,0.002293933,0.001541783,21.3875225,0.007957782,20.89253927,0.007532494,20.777508,0.003148236,20.03888344,0.002888285,20.27317067,0.001777921,19.43384516,0.001605388,20.01078579,0.002744817,19.1057519,0.002538353,19.81977296,0.002686109,19.00579427,0.0023668,19.72988075,0.008804361,18.93571448,0.007608243,1024847,9
302.68685,-56.5552532,27337.74288,27814.18183,0.089226052,0.11456731,0.919039369,0.00134087,9.636260033,1,0.014441088,0,0.0719607,0.097588986,-0.02782539,0.005489346,0.072105564,0.09792193,-0.027750039,0.005536422,0.003433558,0.01276535,21.23026042,0.007002466,19.85030954,0.005825226,20.77832043,0.003077252,18.9839905,0.00250907,20.48015022,0.00197459,18.52804652,0.001506651,20.34099751,0.003190539,18.25615155,0.002511837,20.10308356,0.003137413,18.11133092,0.002137519,19.92973097,0.011902991,18.12025346,0.007665091,1024850,9
302.6920101,-56.54188721,27299.98414,27997.39021,0.107797265,-0.271442235,0.700475514,0.004725333,8.387861252,1,0.381578121,0,0.044116035,-0.137539249,-0.03094467,0.006200115,0.044075072,-0.137716949,-0.030872162,0.006250657,0.003602935,0.010683191,22.88681887,0.022876635,21.78097597,0.020289641,21.97340131,0.007528871,20.67584441,0.006604745,21.3344653,0.003306501,19.94079706,0.002863767,21.01566176,0.005157682,19.56931799,0.004477101,20.74889099,0.005545162,19.35910503,0.004798649,20.65035516,0.022017925,19.54110287,0.023616523,1024859,9
302.7242368,-56.54707888,27056.35614,27927.81637,0.456901789,-0.343368113,0.682526648,0.004288119,5.286973,1,5.36E-06,0,0.236729847,-0.174638887,-0.035798248,0.002837689,0.239755392,-0.180875495,-0.035732176,0.002876365,-0.000481718,-0.001741254,23.37976948,0.037697881,22.5072297,0.034361343,22.37006712,0.009899139,21.43852362,0.008640194,21.13600074,0.002828366,20.07310906,0.002498388,20.58225503,0.003686024,19.45536093,0.003378663,20.13418113,0.003212329,19.07321919,0.00294073,19.98202503,0.011714133,19.03193208,0.010902621,1024860,9
302.7329432,-56.54498546,26990.8264,27956.8555,-0.27745375,-0.260805488,0.893655241,0.002965405,7.678853989,1,0.093061227,0,-0.238835122,-0.218646408,-0.036612566,0.003691084,-0.238643855,-0.218664825,-0.036549538,0.003735165,-0.003200006,-0.001035497,22.4104754,0.015615743,21.26202465,0.012140718,21.6979541,0.005606904,20.16292321,0.004002217,21.22735151,0.002940522,19.57593599,0.002101005,20.95546246,0.004507086,19.24436129,0.003313041,20.71801486,0.005185206,19.09905505,0.00362279,20.49605774,0.019354553,18.96211887,0.013268314,1024861,9
302.7049869,-56.55681566,27200.7841,27793.65805,-0.151356965,-0.060600519,0.311380625,0.015500998,3.508285761,1,0.001888786,0,-0.061069569,-0.007585017,-0.029473296,0.007088103,-0.060969219,-0.007472112,-0.029394727,0.007138733,0.002704112,0.003684915,24.79859202,0.164137494,24.62765191,0.165874981,23.05807344,0.015648676,22.84724014,0.015427794,21.34906791,0.00362187,21.08559984,0.003537847,20.54131157,0.003676119,20.25154496,0.003597523,20.17649386,0.003466589,19.90517934,0.003400259,20.07627239,0.012318158,19.83858397,0.012169937,1024863,9
302.7051667,-56.54828647,27198.43812,27909.87625,0.404361427,0.418804586,0.972460151,0.006000642,20.02503014,1,0.789504484,0,-0.024210068,0.053408066,-0.033525683,0.006800011,0.376934826,0.387145221,-0.033458766,0.006846105,0.001908538,0.004145822,23.29164528,0.040932201,20.75080806,0.021258651,22.7511983,0.012446884,20.14338697,0.006225586,22.46249056,0.008673227,19.54176329,0.004235954,22.29967198,0.013353305,19.15756457,0.006578505,21.97173413,0.014994447,18.90854788,0.007457794,22.40495818,0.103341826,19.55051885,0.094734506,1024866,9
302.6940292,-56.55499385,27283.60487,27818.0781,-0.229187563,-0.520733237,0.742187321,0.00999642,5.922186852,1,0.060997556,0,-0.159824467,-0.332948017,-0.027405026,0.007132601,-0.159622461,-0.332524419,-0.027324636,0.007187622,0.003936562,0.010382773,23.51636391,0.044928126,23.00741707,0.042686617,22.60260055,0.011774356,21.54130376,0.010181602,22.10900416,0.006158696,21.10252765,0.00517575,21.84278203,0.009478026,20.70391531,0.007837997,21.61956621,0.011428625,20.52505493,0.009477138,21.55748313,0.05153092,20.71315526,0.043491418,1024879,9
302.724865,-56.55149879,27051.25821,27867.34276,-0.087204807,0.448416322,0.334609449,0.029762859,3.524931669,1,0.017139177,0,-0.050653119,0.142978724,-0.034837516,0.002652935,-0.050149828,0.143237844,-0.034767795,0.002692882,-0.000243744,-0.001384396,23.85035639,0.059428885,23.74639406,0.06016627,23.06113395,0.017037341,22.85997822,0.01665612,22.1787579,0.006592833,21.94927493,0.006434993,21.82589538,0.008849201,21.55132417,0.00863263,21.55931668,0.010440177,21.33276221,0.010242645,21.51511731,0.049835122,21.24068284,0.049528445,1024881,9
302.7361375,-56.54406457,26966.79361,27969.59966,-0.437827826,0.41530332,0.761450589,0.015640307,10.74583244,1,0.417876375,0,-0.233169637,0.242696125,-0.036149086,0.004080084,-0.226499692,0.238102466,-0.036086615,0.004124471,-0.003023859,-0.000456521,24.61767974,0.113854823,23.26047271,0.107882203,24.793684,0.083516454,23.38396555,0.095846909,22.90826295,0.011563197,21.03674731,0.009445465,22.3156281,0.013408297,20.45036768,0.011542053,21.83207554,0.014138068,20.04621098,0.012508948,21.61522576,0.056344003,19.86319849,0.048453491,1024900,9
302.703666,-56.54776897,27211.51867,27917.43111,0.472640783,0.157309294,0.97569555,0.02047506,33.52300644,1,0.855092522,0,0.440588515,0.137725343,-0.031667391,0.007940178,0.443024784,0.140804097,-0.031596821,0.007992363,0.002172926,0.009601549,24.77916242,0.15852732,20.89738132,0.058867999,24.22501357,0.046347483,20.46216995,0.021271799,23.94273544,0.030901639,19.8795827,0.013396605,23.82616265,0.053273353,19.588109,0.021954913,25.23777025,0.297036803,20.81046908,0.097326269,23.21673053,0.202320616,19.24216316,0.096904118,1024921,9
302.6879977,-56.54969576,27329.57534,27890.30994,0.105400458,-0.964633286,0.957404792,0.226388142,17.18995094,1,0.075415933,0,-0.285002248,-0.149729071,-0.031533008,0.00568625,0.103358641,-0.906810284,-0.031460483,0.005734664,0.002773255,0.013069011,27.06791,1.112768485,23.8527538,0.517862161,26.25836384,0.296526292,22.57033865,0.122457593,25.56195544,0.133598827,21.96255831,0.074855006,24.7933618,0.124573363,21.51037335,0.127413014,24.6088146,0.164013792,21.05721075,0.114539236,26.37623539,3.870504078,20.63627681,0.313150937,1025186,9
302.6793046,-56.55027649,27395.11399,27881.93484,0.895060778,-0.231965795,0.582975268,0.01701233,4.529811382,1,4.32E-05,0,0.445765386,-0.113373937,-0.030688437,0.007777519,0.445817769,-0.113778897,-0.030616514,0.007835397,0.001477062,0.008154525,23.56849595,0.045618977,23.26968923,0.045308692,22.8977907,0.014026839,22.35327758,0.013122022,22.30802441,0.007254745,21.68220514,0.006663641,22.16727597,0.011337577,21.53496092,0.010279364,22.0539651,0.01692398,21.44011138,0.015712515,22.22496912,0.086182357,21.72707868,0.077816251,1030462,9
302.6489012,-56.54185226,27625.31989,27995.69448,-0.011294007,-0.240320355,0.772997618,0.00888444,6.618063927,1,0.521616977,0,-0.012250988,-0.158630475,-0.029344345,0.011545552,-0.012242312,-0.157987371,-0.029263005,0.011619643,0.005127668,0.009337497,23.84142616,0.056660212,22.44380075,0.044878499,23.07931573,0.015500081,21.73248101,0.012480815,22.20783875,0.00603658,20.9439858,0.004892778,21.77300498,0.007908279,20.38925484,0.006418129,21.71086536,0.012580726,20.34034819,0.010458306,21.98122268,0.060823312,20.35112598,0.047416112,1030464,9
302.6605676,-56.54600506,27536.88723,27939.45779,-0.498861313,0.406327546,0.951892853,0.012405177,20.68066597,1,0.765661127,0,-0.020090952,-0.061803229,-0.031862568,0.008189247,-0.446271688,0.331308633,-0.031794757,0.008243295,0.002236869,0.006681455,25.61995105,0.276200053,23.44692303,0.174940344,24.23419096,0.045916251,22.52904136,0.056532523,22.7783604,0.01037459,20.5621303,0.008643075,21.5059059,0.00647781,19.48870713,0.006710971,20.93890655,0.006170627,18.93511271,0.006273323,20.57166378,0.018024285,18.43128791,0.015525274,1030466,9
302.6499125,-56.54573881,27617.31534,27942.54719,0.503973126,0.412128001,0.772156239,0.166657642,13.13204479,1,0.019203062,0,0.024871977,-0.050611832,-0.029811362,0.011138019,0.353532553,0.318423271,-0.029750044,0.011203229,0.004854397,0.009050713,28.80553577,5.21778946,23.02720564,0.166043222,25.37791323,0.121289931,22.47847284,0.073343249,25.19128934,0.08517415,21.74192738,0.05022808,25.41500427,0.202246315,21.98798923,0.089627654,24.47453924,0.14824458,21.24597736,0.071958063,22.9831559,0.150541222,19.12333399,0.070066079,1030730,9
302.7240747,-56.54356796,27057.8643,27975.8681,0.134969652,-0.1725927,0.911957681,0.019157447,10.44343758,1,0.028822574,0,0.113294364,-0.145423878,-0.035193262,0.003332826,0.109031469,-0.145880416,-0.03512799,0.003372619,-0.000341674,-0.001174964,24.84912653,0.146484696,23.67242633,0.12451119,23.81675745,0.036429837,22.11760813,0.024277559,23.36696176,0.017471174,21.44399964,0.010615379,23.42132226,0.036458336,21.377926,0.026634697,22.9792507,0.03966179,21.18216251,0.029596163,22.56301178,0.131913621,21.02360505,0.105100221,1030826,9
302.708589,-56.54033613,27174.97243,28019.44939,-0.050403424,0.091109507,0.728609324,0.014360692,7.246880531,1,0,0,-0.045468402,0.064052694,-0.03642433,0.006264686,-0.045429934,0.064034604,-0.0363639,0.006313435,0.001374131,0.002910507,24.26834971,0.096718854,23.69472397,0.087755998,23.12867092,0.017420939,22.20987569,0.015542451,22.49186171,0.008518587,21.35078626,0.00714157,22.25916436,0.011792469,20.99590829,0.00993171,22.05268424,0.016193503,20.77502262,0.013913537,22.2594596,0.094715341,21.33534762,0.075802694,1030942,9
302.7086746,-56.52679931,27175.49055,28204.70589,0.040061817,0.722666204,0.824461699,0.142473996,13.72763062,1,-0.006594853,0,-0.057320556,-0.198927851,-0.036338358,0.006828034,0.017065873,0.537697911,-0.036271535,0.006889489,0.001819214,-0.000416011,25.51448837,0.306645598,21.78345914,0.180903249,27.18123493,0.696052913,22.54268885,0.121967554,25.07513742,0.090078807,21.09418908,0.045783691,24.09609207,0.065063388,20.35558097,0.059235416,23.78084984,0.083536199,19.78730035,0.055284262,24.77910491,0.985503121,20.90738671,0.377227026,1031083,9
302.6943969,-56.53254084,27282.78475,28125.44167,0.19985801,0.031562652,0.821284056,4.77E-05,9.268030167,1,0.030855465,0,0.129830036,0.021084009,-0.033062481,0.005709823,0.130113736,0.020623023,-0.03299588,0.005758532,0.001850729,0.008644941,18.80414166,0.004361557,17.21444187,0.004333245,17.40733647,0.002138654,15.60532778,0.002127045,16.61002485,0.001221763,14.69147554,0.001215421,16.23799094,0.002091494,14.2531121,0.002086526,15.85496689,0.001224707,14.00906111,0.00121196,15.65703678,0.000904701,13.79703805,0.00081179,1034854,9
302.6877413,-56.54153394,27332.23066,28002.01976,0.123730756,-0.153467819,0.755419374,0.000181764,7.48021698,1,0.03638492,0,0.066163499,-0.090395918,-0.030642697,0.005296529,0.066435792,-0.090631105,-0.030641509,0.00528968,0.002644926,0.009696577,20.18290454,0.00485636,18.93083122,0.004707931,18.79637474,0.002211211,17.30753637,0.002170984,17.89721285,0.001251955,16.31927493,0.001232609,17.51544945,0.002110375,15.89120419,0.002097577,17.19511414,0.001256139,15.62370379,0.001234012,16.98756147,0.001229269,15.47503444,0.001060246,1034861,9
302.6978628,-56.53246385,27256.62853,28126.66062,0.205381066,0.020122403,0.369335979,0.001293506,6.031851768,1,0.284327786,0,0.009296972,0.014219531,-0.033210138,0.008435412,0.009518491,0.014287394,-0.033210747,0.008437837,0.000818426,0.007817656,21.05641048,0.00648679,20.77794611,0.006484513,19.71335375,0.002458499,19.32173466,0.002423942,19.07383741,0.001392993,18.62375408,0.001367651,18.743002,0.002232506,18.2613932,0.002211401,18.52279038,0.00150736,18.07535488,0.001475289,18.33791977,0.003784857,17.91072682,0.003624727,1034866,9
302.6830667,-56.5289696,27368.63075,28173.77768,0.288503706,0.230654195,0.72060436,0.000623504,6.389966011,1,0.17488631,0,0.146882158,0.146744519,-0.033825825,0.006568983,0.146513745,0.147206411,-0.033759639,0.006621082,0.002153237,0.006160113,20.97545019,0.006200296,19.88553851,0.005805394,19.77864582,0.00244293,18.47769049,0.002331939,19.13597232,0.001371221,17.81567172,0.001310415,18.76844962,0.002207798,17.35697378,0.002160196,18.49942382,0.001480162,17.18226593,0.001393941,18.2568749,0.003408118,16.89971955,0.002845343,1034869,9
302.6880969,-56.52773896,27330.76515,28190.86853,0.193492413,-0.059780642,0.529532194,0.002147916,4.568478584,1,0.279783678,0,0.065642817,-0.019732757,-0.032615386,0.005577155,0.065926515,-0.019834811,-0.032550335,0.005622663,0.001935499,0.006060566,21.6944282,0.009372906,21.16345814,0.009039563,20.61946644,0.003145677,19.93388282,0.002987079,19.99019877,0.001672332,19.30558243,0.001590961,19.52976213,0.002459982,18.78639987,0.002382841,19.356576,0.002084379,18.67400455,0.0019672,19.09191414,0.006757652,18.36454494,0.006197021,1034880,9
302.7011745,-56.51954825,27232.67598,28303.63901,0.553883672,-0.281731755,0.845275044,0.001041363,7.09655714,1,0.005300006,0,0.410036286,-0.206562905,-0.031720839,0.009291101,0.409671754,-0.206266999,-0.031720337,0.009294959,0.003882223,0.004352318,21.63937122,0.00909723,20.60930685,0.00800414,20.5886108,0.002891163,19.28698731,0.002576757,19.92953786,0.001613745,18.49569079,0.001420877,19.61991707,0.002457696,18.08694156,0.002278418,19.35769569,0.001995706,17.89598463,0.00166366,19.18675294,0.005691951,17.79185616,0.004391509,1034885,9
302.6978134,-56.52997559,27257.21646,28160.71877,-0.219790056,-0.853588402,0.629249692,0.003350873,6.763411522,1,0.495610361,0,-0.130375448,-0.444743515,-0.033237606,0.008533615,-0.130079433,-0.445021093,-0.033239692,0.00853651,0.000857162,0.00772806,21.461409,0.008160972,20.92946341,0.007852706,20.77653384,0.003390586,20.09524284,0.003170887,20.71673812,0.002424519,19.90474874,0.002202494,20.30657937,0.00325939,19.42886822,0.003007005,20.34202184,0.004010486,19.47440993,0.003621641,20.04848641,0.01586438,19.20967376,0.014311663,1034888,9
302.6868996,-56.53854914,27338.84707,28042.83604,0.15189366,0.44194892,0.874874473,0.00221421,9.926003456,1,0.315297908,0,0.112979892,0.347900108,-0.032519301,0.005036986,0.111835606,0.348027468,-0.032453377,0.005081936,0.002678562,0.009656088,21.12429804,0.006634194,19.98385249,0.005610867,20.74798983,0.003241853,19.29012973,0.002640315,20.85736709,0.002450051,19.3345056,0.001859521,20.75008232,0.003978482,19.14611684,0.003056133,20.66066088,0.005092553,19.02331244,0.003679306,20.16661725,0.016324399,18.20509155,0.010867305,1034894,9
302.7010644,-56.53983794,27231.82939,28025.87227,-0.886861026,0.277172536,0.733855247,0.006519467,4.528281689,1,0.225852215,0,-0.642209072,0.202018134,-0.033228851,0.007562666,-0.642268121,0.202024817,-0.033164188,0.00761365,0.002001962,0.008219206,22.73415213,0.022588534,21.95932471,0.020379026,22.15633656,0.008385358,21.48630108,0.007134343,21.54668353,0.003905116,20.82776425,0.00333785,21.17820411,0.005263615,20.41189393,0.004540928,20.93255846,0.005942567,20.23367027,0.005173658,20.57426721,0.019904569,19.87020077,0.016650656,1034901,9
302.7014442,-56.51260615,27231.29331,28398.65136,0.297522336,-0.068894796,0.481510103,0.014347796,5.161288738,1,0.072409984,0,0.079761117,-0.009645699,-0.030537372,0.009364525,0.080093049,-0.009074869,-0.030535998,0.009368513,0.005386735,0.003945506,24.20030023,0.082213557,23.70372281,0.076233739,23.70621372,0.030836794,23.20259275,0.030685745,21.94475647,0.005447335,21.30618943,0.005156628,21.02086034,0.004831157,20.36338967,0.00462659,20.60314046,0.004637351,19.97945545,0.004450073,20.42417677,0.016837377,19.84225164,0.016339746,1034918,9
302.7018754,-56.5140651,27227.91198,28378.70074,-0.241493657,0.350961059,0.935409129,0.007036557,11.84440136,1,0.059321794,0,-0.214391965,0.31375293,-0.030916011,0.009715287,-0.214787498,0.314499646,-0.030913919,0.00972113,0.005303879,0.004020903,23.31904398,0.036783868,21.83561929,0.026633003,22.85091903,0.013572269,20.65169101,0.00868292,22.35167983,0.007523756,20.12853848,0.004527345,22.10531605,0.011510664,19.83776384,0.007067284,21.94576214,0.014721194,19.70981963,0.009029394,21.65728966,0.051555997,19.29528216,0.036932448,1034933,9
302.6552931,-56.53725027,27577.51804,28059.02347,0.102983616,0.525036573,0.616901517,0.002599294,4.137299061,1,0.013591133,0,0.045142912,0.303435739,-0.031314731,0.010711118,0.045119807,0.30340609,-0.031238306,0.010781836,0.001676145,0.004332793,21.52341842,0.008313424,21.21044931,0.008173782,20.81392989,0.003133309,20.31170134,0.00297693,20.45336938,0.001833706,19.85172137,0.001701377,20.20265397,0.002811502,19.53985575,0.002646712,20.09201583,0.003187901,19.47579201,0.002874376,19.98961504,0.01121161,19.25361637,0.009973314,1035373,9
302.714765,-56.53776186,27128.60015,28054.92514,0.852273524,0.215780422,0.830899954,0.125439942,13.54962063,1,0.156370456,0,0.341369505,0.141690213,-0.036485835,0.006334979,0.635246873,0.168558002,-0.036496669,0.006352901,-0.001974537,-0.002884829,nan,2.898774481,nan,1.288526618,25.61136528,0.183532191,22.627659,0.12336747,25.12519622,0.087350163,21.53893995,0.046574647,24.92200725,0.140121814,21.26973861,0.083660214,24.66183347,0.199172843,21.26819111,0.100445757,27.33279436,11.39497217,21.55634881,0.584439819,1035753,9
302.6471635,-56.53343046,27639.24596,28110.88334,0.271599621,-0.383306563,0.819369316,0.109907813,14.10581779,1,0.056056086,0,-0.115790834,-0.032516438,-0.030867313,0.010942693,0.204679742,-0.267381668,-0.030787984,0.011015345,0.003493307,0.007521706,25.49707059,0.260626065,21.98020075,0.13302215,25.55624614,0.149460575,21.56132809,0.059889022,24.88145201,0.06439378,20.76532342,0.034825947,25.14067084,0.148915483,20.82419136,0.053998028,25.02480345,0.249144481,20.36462787,0.060941982,25.95597966,2.612186095,19.35615058,0.106024542,1035975,9
302.6558933,-56.53039545,27573.63688,28152.88632,0.511492372,0.425148875,0.803717911,0.000491272,7.419168472,1,0.000213145,0,0.350413811,0.301926136,-0.03116795,0.010916787,0.352344692,0.304274946,-0.031091996,0.010986902,0.001615681,0.001578403,21.08109931,0.006536433,19.78836673,0.006035086,19.92978158,0.002459719,18.38746418,0.002325616,19.13918299,0.001336877,17.49600764,0.001280094,18.75981422,0.002188002,17.07952648,0.002143311,18.42807433,0.00144483,16.82600131,0.001359363,18.30551968,0.002686063,16.70508966,0.002233756,1036010,9
302.6597152,-56.53111435,27544.71773,28143.24388,0.336415261,0.687458336,0.942503512,0.018106671,14.14778614,1,0.594012069,0,0.297361478,0.620184975,-0.033411923,0.0082381,0.29424566,0.619836271,-0.033344921,0.008295674,0.001477739,0.001538338,24.46041898,0.106845107,22.35909548,0.084054762,24.75013732,0.077471012,22.68690128,0.078970035,23.39922661,0.017809857,21.2788467,0.011163952,22.94855788,0.021949947,20.66475455,0.014810741,22.54395853,0.026981664,20.30189207,0.019244265,22.26101294,0.10063567,20.77495917,0.085499982,1036011,9
302.6484063,-56.52580303,27630.599,28215.35649,0.381987363,0.338729322,0.766542315,0.003287475,5.941454411,1,0.009127573,0,0.247645073,0.237254166,-0.030903483,0.011159003,0.247923195,0.237778366,-0.030826546,0.01123044,0.005776476,0.00203995,22.65453154,0.019306439,21.67921501,0.017856673,21.68498163,0.005051484,20.50189823,0.004373932,21.07252959,0.002582435,19.83679068,0.002191045,20.8129919,0.003756088,19.49781307,0.003260581,20.57390439,0.004437545,19.32679407,0.003756712,20.54358328,0.017089111,19.46967719,0.014125568,1036207,9
302.7248644,-56.52836847,27053.13428,28183.96075,0.621835232,0.738010943,0.258707643,0.011560007,3.233932734,1,0.003245865,0,0.100123308,0.159460322,-0.036857451,0.003112458,0.10021887,0.159448251,-0.036797386,0.003151847,-0.002894482,-0.003137742,24.3609777,0.098256683,24.24563541,0.100168674,22.52660113,0.011183757,22.34916382,0.011102152,20.93880433,0.002524065,20.72943125,0.002479201,20.40490521,0.003258249,20.18276351,0.003216919,20.10476282,0.003557437,19.89697448,0.003506409,19.9232473,0.013847965,19.7365827,0.013813829,1036286,9
302.7356045,-56.52732821,26972.1339,28198.67153,0.022870544,-0.060531754,0.250568897,0.022791596,3.284612179,1,0.028547878,0,-0.024550671,-0.005780819,-0.037652366,0.004089964,-0.024612695,-0.005810408,-0.037594307,0.004134895,-0.003938835,-0.00513034,24.82946253,0.141885007,24.72254585,0.144890225,23.42217888,0.023601692,23.30104403,0.023612098,21.65378525,0.004101899,21.45946865,0.00404357,20.59753562,0.0036482,20.37698536,0.003602524,20.18809364,0.003738864,19.98500201,0.003701326,19.96998471,0.015659476,19.78262152,0.015586804,1036288,9
302.730016,-56.52759317,27014.30399,28194.80109,-0.561321437,0.338809937,0.269641131,0.023249542,3.405434847,1,0.062483918,0,-0.145317805,0.078501514,-0.035958172,0.004902457,-0.145227402,0.078315511,-0.035897642,0.004949446,-0.003740289,-0.003076769,25.13336399,0.186200651,25.08063208,0.193417377,23.4126051,0.023080292,23.21825432,0.022820708,21.76605925,0.004402655,21.55748986,0.004331658,20.89314444,0.004308506,20.66355263,0.00424363,20.45614675,0.004653415,20.2452847,0.004589085,20.32999789,0.020888041,20.11467763,0.020558448,1036289,9
302.7210215,-56.53362483,27081.71712,28111.83753,-0.088033013,-0.176519647,0.537985802,0.024804318,6.044059277,1,0.00436851,0,-0.058142812,-0.064061059,-0.036842777,0.002892763,-0.059720151,-0.06489037,-0.036782607,0.002931279,-0.002458687,-0.002998174,24.76385386,0.142426008,24.22783913,0.139831089,24.1613521,0.048261317,23.43612974,0.044356561,22.70804511,0.009962177,21.93413922,0.009334814,21.60733873,0.007205375,20.814943,0.006754129,21.14966441,0.008186591,20.40845159,0.007751351,21.01064993,0.037786066,20.45502685,0.036814726,1036292,9
302.7204145,-56.53760934,27085.97285,28057.26858,0.358475596,0.404272079,0.949890494,0.06015088,24.33116341,1,0.197557529,0,0.390442154,0.358181429,-0.036914135,0.002647801,0.327808201,0.367947161,-0.036854398,0.002684251,-0.002223244,-0.002912017,25.72502836,0.343413828,23.92486931,0.409704956,25.37920136,0.147364415,22.65599921,0.093841786,24.47268559,0.048248742,21.76824486,0.033390088,23.33272472,0.032716182,20.90935686,0.032513924,22.83040401,0.036790059,20.57030624,0.039901517,22.78026713,0.20087959,20.86581453,0.275100629,1036302,9
302.7194142,-56.53568434,27093.37331,28080.04634,0.132882044,0.107506335,0.935785592,0.081705518,26.08782387,1,0.300321655,0,0.149965459,0.136828948,-0.036888454,0.002716367,0.114707388,0.0863318,-0.036828168,0.002757995,-0.002160061,-0.002924493,26.3366884,0.604121845,23.06274185,0.395968276,25.27719456,0.132676223,21.66801456,0.067974104,25.09157394,0.086161336,21.21100806,0.045438817,25.07540684,0.161701031,20.92452618,0.06511395,24.59985873,0.187282099,20.85267324,0.08882673,24.38335407,0.814243596,20.59210809,0.251548412,1036305,9
302.7183936,-56.53944979,27101.15445,28031.393,-0.026765665,0.333827674,0.918637574,0.104452893,19.52337646,1,0.109863803,0,-0.128980326,0.21799685,-0.037462199,0.004102489,-0.024404192,0.305604428,-0.037775874,0.003529347,-0.000854187,-0.002250544,26.34415469,0.608463536,26.41334725,11.76608328,25.12887228,0.114394697,21.35701718,0.083038886,24.92997119,0.074285567,20.85850311,0.041152675,24.66728554,0.108314201,20.68106073,0.060310524,24.33968356,0.147564664,20.4770517,0.108350122,28.89458254,41.03815926,21.96106826,0.937137764,1036311,9
302.7185949,-56.53851937,27099.63192,28044.72969,-0.505147576,0.60490799,0.942959309,0.135262504,21.88653183,1,0.429646569,0,0.197402749,0.171097426,-0.036615972,0.006309871,-0.467633963,0.533082604,-0.036833301,0.002646186,-0.000921195,-0.002262181,25.74534136,0.353267602,23.18510726,0.577081347,25.66386209,0.191700635,22.06148341,0.114661091,25.30771215,0.103996209,21.45773118,0.047559072,25.16450165,0.176653566,21.08661563,0.067936075,25.29636242,0.358555332,21.25905832,0.132586351,24.62130619,0.937785451,21.55999765,1.309284935,1036314,9
302.7046304,-56.52223617,27206.41094,28266.98032,0.672539115,-0.403531253,0.841843426,0.23669146,14.66274357,1,0.037866786,0,0.060887041,0.137952588,-0.031717389,0.009152359,0.5097543,-0.334668994,-0.031749848,0.009161034,0.003385027,0.004891863,nan,7.611307879,24.35918713,0.919702652,32.14010865,63.82226745,23.88275437,0.401071047,25.50450526,0.131141956,21.72983981,0.066203893,25.44210581,0.229202875,21.96537745,0.132821723,28.29321627,5.23666426,21.3238973,0.113351303,24.28783701,0.585867881,20.67808497,0.269707213,1036420,9
302.6772293,-56.51876546,27413.62243,28313.16829,-0.177510887,0.163448319,0.713653266,0.013215121,3.951631308,1,-1.06E-05,0,-0.124256249,0.105427646,-0.030759406,0.009038034,-0.123464994,0.111283116,-0.030757507,0.009045015,0.002903256,-0.000679716,23.62025951,0.050222192,23.11446548,0.046167715,22.85886281,0.0124756,22.11228709,0.01087838,22.30865496,0.007201986,21.41070581,0.006159401,22.05789296,0.010092626,21.15087972,0.008511235,21.78029314,0.013891824,20.92249504,0.011495342,21.83229719,0.057764307,20.96066668,0.047332484,1036548,9
302.6686308,-56.51919822,27477.46265,28307.74611,0.012005161,-0.221708715,0.765370309,0.008037876,6.041301727,1,0.000118363,0,-0.006078866,-0.121049146,-0.031814745,0.009017134,0.000259151,-0.128281236,-0.031812679,0.009022419,0.002476833,-0.001200728,23.89305457,0.064908341,23.91978414,0.072130304,22.98219944,0.013805808,22.88460144,0.013946963,21.97407849,0.005297276,21.84012796,0.005242647,20.70932438,0.003725764,20.57221035,0.00370702,20.0921945,0.003279884,19.97221408,0.003278581,19.85942615,0.010243241,19.74439944,0.010274883,1036625,9
302.6591146,-56.51362887,27550.89649,28382.56167,0.153191492,-0.006095863,0.766279459,0.001432831,6.856784344,1,0.005495352,0,0.087908875,0.003145495,-0.031611896,0.009888559,0.08773502,0.003220214,-0.031541068,0.009951443,0.004325098,0.001631196,21.84230314,0.010609502,20.68926594,0.009604128,20.80956179,0.003062033,19.42442626,0.002766249,20.14386796,0.001710483,18.66703203,0.001529285,19.84564005,0.002539672,18.31051021,0.002372748,19.61735562,0.002283609,18.13791386,0.001975918,19.48921134,0.006660769,17.98944644,0.00536748,1036923,9
302.6601885,-56.51048641,27543.08103,28425.63255,-0.110091895,-0.011914539,0.79745239,0.002305381,6.556154251,1,0.051009196,0,-0.088112597,-0.00550009,-0.031011948,0.009742311,-0.088260204,-0.005656523,-0.03100865,0.009750316,0.002824008,0.003238408,21.78742908,0.010227478,20.76433369,0.009172014,21.46650764,0.004360341,20.13406233,0.003664984,20.68457449,0.002174406,19.28554827,0.001833376,20.36384076,0.003116036,18.87314334,0.00274623,20.06840721,0.002888872,18.65292678,0.002479614,19.94495644,0.010011691,18.50521571,0.008482288,1036926,9
302.6595049,-56.50947329,27548.33947,28439.46535,0.767820001,0.180926025,0.893805325,0.004407521,8.019576073,1,0.159195486,0,0.637241162,0.156749236,-0.031013508,0.009806081,0.637189686,0.156646892,-0.031010104,0.009814282,0.005105515,0.00683972,23.77876378,0.05603194,22.55933713,0.038707421,23.06055114,0.015174709,21.55279302,0.010213568,21.60203935,0.004112614,20.03496554,0.003020519,20.88039528,0.004154312,19.0749989,0.003442534,20.33468613,0.003493406,18.63003276,0.002956359,20.04828129,0.010927961,18.24685761,0.008859552,1036929,9
302.6561399,-56.51095566,27573.61595,28418.99958,0.027684478,0.259593576,0.502263367,0.01379187,4.015017986,1,0.061514058,0,-0.003942342,0.134850851,-0.028599315,0.012047422,-0.003804949,0.134614378,-0.028520219,0.012119086,0.004487379,0.001529947,22.8197226,0.023494317,22.54193059,0.023375864,22.48295527,0.009347005,22.10777401,0.008863952,21.86339517,0.004636542,21.4332934,0.00433483,21.69899864,0.007206295,21.22777455,0.00671678,21.5856203,0.010226878,21.17079826,0.009729984,21.91315008,0.055326278,21.36291136,0.05703827,1036930,9
302.7132182,-56.50859871,27142.70228,28454.05358,-0.594424665,0.251328349,0.50312233,0.00433375,3.903874397,1,2.25E-12,0,-0.274404699,0.11621716,-0.033902265,0.008678766,-0.274445117,0.116356947,-0.033833239,0.008738439,0.00597455,0.001567738,23.06545132,0.034117847,22.8557366,0.033978958,21.93608853,0.006650135,21.45142864,0.006413722,20.58023408,0.002183283,20.03780456,0.002064328,20.05154584,0.002945057,19.45523037,0.002836707,19.64892308,0.002297983,19.10405038,0.002204125,19.54319873,0.007353287,19.02172683,0.007027378,1037079,9
302.7349386,-56.51056738,26978.48348,28428.07338,0.193865404,-0.073095173,0.663187861,0.011168564,4.916215897,1,0.000208591,0,0.10219727,-0.038019674,-0.035041316,0.005137657,0.102168567,-0.0378999,-0.035050023,0.005131329,-0.004211816,-0.004522821,22.84493245,0.024628101,22.41988874,0.022986093,22.61516346,0.011339489,21.93176609,0.010104662,22.05717352,0.005601663,21.24976554,0.004942864,21.9977429,0.011154297,21.12778106,0.009902586,21.75788158,0.012706275,21.02634131,0.011370366,21.7047492,0.056385378,20.94616093,0.053159939,1037119,9
303.2233891,-56.83566835,23295.30628,23986.04565,-0.617669225,-0.205787495,0.677478194,0.005236931,6.110280037,1,0.51719381,0,-0.370194144,-0.108786154,-0.015729879,0.03153198,-0.369591534,-0.109118246,-0.015767973,0.031598613,0.007138041,0.048048737,25.08439303,0.217182683,24.56760683,0.241320413,22.69096992,0.01100087,21.7028098,0.009766957,21.43790592,0.003226029,20.51159282,0.002858822,20.94205621,0.003106108,19.91435707,0.00281227,20.66205656,0.003537696,19.70844414,0.003079881,20.71017318,0.010148766,19.65577285,0.008672845,774340,10
303.2258258,-56.83658391,23277.07858,23973.48792,0.328524947,0.83844316,0.702567816,0.106610812,11.52769279,1,0.86250947,0,0.191135357,0.52294083,-0.015779666,0.031541427,0.193822891,0.522967577,-0.015817685,0.031608149,0.006167195,0.044793199,27.82109626,2.70706984,25.28052893,1.529270848,25.5306797,0.13514544,22.43595838,0.056088767,24.82360292,0.060001814,21.98391103,0.041153263,23.96855253,0.033557955,21.11177419,0.029024595,23.87574228,0.060595231,21.12114894,0.052068471,24.89131446,0.471221616,22.48066372,0.518581191,774458,10
303.2164712,-56.80026623,23346.49169,24470.70575,-0.01525957,0.011392136,0.558751047,0.011066209,16.65250015,1,0,0,-0.016255241,0.02134903,-0.016904002,0.030390244,-0.016262023,0.021473078,-0.016944621,0.030454444,0.004328535,0.042059647,24.06676942,0.083788932,23.74063561,0.081965653,22.70322298,0.008750629,22.16563059,0.008184438,22.0211969,0.004425282,21.48686522,0.004095689,21.78160492,0.00496588,21.10792998,0.00455954,21.55547313,0.007331787,21.0108653,0.006754727,21.5828828,0.02259248,21.00903636,0.020603155,779750,10
303.2973909,-56.79402713,22739.78014,24554.97839,0.272736013,-0.129759014,0.649242342,0.11411988,11.47915363,1,0,0,-0.11880539,0.328145933,-0.016683416,0.037228595,0.136583969,-0.05352537,-0.016721183,0.037191134,0.001859472,0.039761124,26.63959431,0.935437294,23.39965677,0.367108332,25.44368338,0.113589326,22.40367909,0.137251771,24.73046666,0.052238417,21.26780067,0.035255968,24.93808245,0.082186489,21.32697442,0.052728372,25.30393785,0.238767812,21.93552249,0.112422743,24.41177715,0.312531583,21.34719631,0.398032607,779826,10
303.2752225,-56.79330184,22905.9412,24565.28697,0.121551298,0.050760865,0.582611382,0.148346215,9.66744709,1,-0.000309142,0,-0.006652129,0.008091354,-0.01870058,0.032536432,0.035153765,0.037080176,-0.01874847,0.032621853,0.003950876,0.039989669,25.63573942,0.370474969,22.87039304,0.306576114,25.01364338,0.072260405,22.06125226,0.063565648,24.97893967,0.061898442,21.84805387,0.043480122,24.9586063,0.080074903,21.84542815,0.063513258,24.75175203,0.143107158,21.93543391,0.083473104,25.07311301,0.573887717,21.64668593,0.194353665,779834,10
303.2295622,-56.82744603,23248.91797,24098.52889,0.748763621,-0.08884421,0.635017812,0.000426263,4.893452644,1,0.000159262,0,0.40907483,-0.034182449,-0.016211048,0.033393478,0.409089744,-0.034156919,-0.016249817,0.033466775,0.007476158,0.046531296,20.77040287,0.006025157,20.28216872,0.005866937,19.39263843,0.002240954,18.66204317,0.002206395,18.61286915,0.001265408,17.85116893,0.001248715,18.34168077,0.002107393,17.48019777,0.002099085,18.05244991,0.001278331,17.27118769,0.001257849,17.98476318,0.001193336,17.17394727,0.001089138,783442,10
303.2245348,-56.83346394,23286.68582,24016.20822,0.279733419,0.28243342,0.721309662,0.000355999,7.879817963,1,0.049025848,0,0.147028386,0.16867847,-0.016870319,0.029813156,0.147059992,0.168446407,-0.016910348,0.029877737,0.008087698,0.04723019,20.82645627,0.006133753,19.56183266,0.005702604,19.67699542,0.002299612,18.28543025,0.002241034,18.75191167,0.001275577,17.29650692,0.001249719,18.44460587,0.002110088,16.85592273,0.002098157,18.11342182,0.001279596,16.61709576,0.001250816,18.03441038,0.001244187,16.51969556,0.001084093,783445,10
303.2473301,-56.8013108,23115.22549,24456.06129,0.185681,-0.453821123,0.853128076,0.000289224,8.804134369,1,0.01314948,0,0.152672277,-0.314713171,-0.017392694,0.031379488,0.153124541,-0.31480661,-0.017433675,0.031445224,0.003828882,0.041988612,20.31430589,0.005132547,18.68811687,0.004920167,19.33511246,0.002214328,17.47313818,0.002169042,18.82463861,0.001269415,16.89534168,0.00123911,18.67343816,0.002116572,16.60912593,0.002098277,18.39608045,0.001316014,16.46000257,0.001262883,18.34295179,0.001450806,16.34330485,0.001166416,783447,10
303.2448423,-56.83220709,23134.58429,24033.17847,-0.01530508,0.101391107,0.810821354,0.000778805,6.438390255,1,0.053136811,0,-0.016010277,0.082316224,-0.018425674,0.028732378,-0.016005343,0.082342505,-0.018464711,0.028792752,0.007268429,0.047928919,21.68348097,0.010266524,20.09247327,0.008575256,20.53406278,0.002673174,19.25028538,0.002465444,19.70087019,0.001404812,18.34554319,0.001317985,19.46775208,0.002182501,17.90056252,0.002132032,19.13237783,0.001497359,17.66760339,0.001373802,19.08744136,0.002490211,17.5704033,0.001933788,783456,10
303.2527857,-56.83385321,23075.13918,24010.54221,-0.102434203,0.784276783,0.788736522,0.001346731,4.768155098,1,0.061853803,0,-0.082413003,0.600374511,-0.018631486,0.035024718,-0.082161821,0.600413203,-0.018671663,0.035096735,0.007302267,0.046181865,22.12595848,0.015664305,21.2057322,0.0129964,21.12437209,0.003310177,20.2118767,0.002924471,20.14355309,0.001576181,19.21064105,0.001445106,19.7466677,0.002240706,18.70218416,0.00217613,19.40010542,0.00165531,18.43892108,0.001522291,19.36370712,0.003033194,18.33764701,0.002559178,783460,10
303.2270572,-56.80762083,23267.29223,24369.92748,0.162884042,0.297988504,0.743153989,0.001397519,5.164651394,1,1.63E-05,0,0.105553194,0.214462393,-0.017983681,0.028771614,0.105542108,0.21449928,-0.018026549,0.028834719,0.003755754,0.040506667,21.65951496,0.01014404,21.00453951,0.009312232,20.66478828,0.002664459,19.76914381,0.002488602,20.18206285,0.001541204,19.24918441,0.001428588,20.07377425,0.002324424,18.99804504,0.002230171,19.84927438,0.001991565,18.88638448,0.001761068,19.83272305,0.004687701,18.85271928,0.003848196,783461,10
303.2092224,-56.8289409,23401.27998,24078.26716,0.034524109,-0.028622188,0.747362554,0.001714891,6.190973282,1,7.30E-10,0,0.016532036,-0.006182787,-0.017279757,0.034365679,0.016613439,-0.006249475,-0.017318547,0.034437381,0.006656523,0.046740882,22.3341422,0.017313763,21.16995776,0.015371708,21.19927416,0.00333678,19.85701564,0.002991956,20.46885341,0.001713586,19.08619074,0.001556628,20.23969196,0.002395682,18.72850772,0.002283498,19.9416608,0.002114441,18.55117796,0.001878028,19.9327618,0.004855829,18.54979796,0.004079879,783467,10
303.2251248,-56.83128809,23282.13757,24046.12182,0.241881415,-0.550059915,0.738463819,0.003154392,5.115661621,1,0.302368072,0,0.158227207,-0.370732337,-0.01631433,0.030840558,0.158235714,-0.370702237,-0.01635267,0.030908016,0.007958774,0.046757571,22.08356342,0.014191423,20.86592179,0.012166205,21.77705343,0.00497309,20.91152438,0.004236102,20.9846313,0.00231185,20.1000444,0.002006652,20.68190302,0.002719508,19.65580496,0.002502022,20.47330406,0.003067508,19.52733522,0.002668165,20.47096894,0.008153148,19.42073306,0.00691865,783473,10
303.2353574,-56.80778365,23205.09724,24367.60634,-0.278996378,0.090444006,0.849123776,0.001877854,8.511517525,1,0.007080123,0,-0.207403127,0.065943491,-0.018103335,0.029026172,-0.207402244,0.065663688,-0.018146358,0.029089786,0.003599038,0.040484561,22.59435141,0.022104895,21.66868875,0.020782852,21.51910266,0.003770354,19.70865556,0.003167945,20.86438034,0.002019095,19.01774558,0.00169389,20.70309208,0.002708335,18.70090232,0.002419015,20.41974061,0.002820078,18.52775522,0.002241811,20.33368379,0.007292878,18.37731988,0.005485814,783476,10
303.2528917,-56.81900937,23073.97895,24213.72626,-3.072644949,1.23274684,0.241342843,0.017517243,4.098694801,1,0.21901959,0,-0.158492852,0.098264342,-0.018341553,0.037174327,-0.182940811,0.105012536,-0.018361632,0.037169337,0.004133916,0.03801978,24.53203976,0.132537274,24.43527854,0.135663374,22.88721721,0.011206868,22.73502199,0.011190218,21.54809875,0.003370807,21.38854033,0.003354502,20.97392978,0.003085944,20.79213365,0.003079093,20.69672963,0.003592949,20.53426735,0.00358791,20.64348795,0.009609007,20.4728867,0.009682565,783484,10
303.2513944,-56.81930741,23085.2028,24209.66678,-0.144825086,-0.176200375,0.728337705,0.005314752,5.614460945,1,0.083992316,0,-0.098441051,-0.102711797,-0.017156639,0.037155417,-0.098132797,-0.103148289,-0.01717549,0.037149519,0.004219866,0.037833212,22.99519874,0.032675917,22.34241224,0.029420434,22.62472063,0.008831061,21.43321361,0.007223574,21.57063406,0.003307567,20.6531298,0.002815542,21.28739389,0.003570953,20.1611828,0.003158252,20.90532323,0.004200237,19.75651452,0.00360853,20.776797,0.01073735,19.58786023,0.008969618,783489,10
303.2211331,-56.80672123,23311.66838,24382.30277,0.108076856,-0.227190524,0.678175628,0.006188734,4.975820541,1,0.000529861,0,0.062447095,-0.13080663,-0.017449492,0.032778855,0.062505856,-0.13091661,-0.017490413,0.032846287,0.003884402,0.040554528,23.11073233,0.034041567,22.58690089,0.031453195,22.65955549,0.008823164,21.90212914,0.007581863,21.65672617,0.003321882,20.89548422,0.002922108,21.43957982,0.003803894,20.58197312,0.003433333,21.15015125,0.005103727,20.40255982,0.004583855,21.14274253,0.015266911,20.31238729,0.01352937,783494,10
303.2211361,-56.80916911,23311.69145,24348.79572,-0.514113009,0.318538308,0.383224785,0.016833333,3.010304451,1,0.000444346,0,-0.197754496,0.13653396,-0.017546176,0.032665587,-0.197804973,0.136971906,-0.017587224,0.032732975,0.004489778,0.039272233,24.08462492,0.086353347,23.92209269,0.086082682,23.12543025,0.013295099,22.88338228,0.013051649,21.99617725,0.004358711,21.72418687,0.004208452,21.51156852,0.004010934,21.17359264,0.003862241,20.98290436,0.00453469,20.69932285,0.004382959,20.67275162,0.009688892,20.35605587,0.009263848,783499,10
303.224842,-56.82539357,23284.23127,24126.67395,0.030796632,0.027571851,0.652819812,0.012347834,4.299817085,1,0.054464529,0,0.015862508,0.031909492,-0.016074796,0.033335548,0.016283056,0.031826276,-0.016113503,0.033408768,0.007537158,0.046616172,24.0939211,0.088747641,23.67929493,0.088806864,23.31997403,0.016090667,22.62460012,0.014154019,22.26798533,0.005865097,21.55606046,0.00518621,21.98403218,0.005936513,21.09023838,0.005302533,21.69412993,0.008769563,21.00050177,0.008022615,21.6298082,0.023420959,20.91816791,0.021487235,783503,10
303.2721197,-56.82948955,22930.23406,24069.99139,0.821161032,-0.115191951,0.413709462,0.019548438,4.561254978,1,0.015864446,0,0.255301861,-0.013287792,-0.019599415,0.036021668,0.254760593,-0.013862415,-0.019620191,0.036015246,0.007221429,0.046408746,25.00296304,0.200843105,24.72420394,0.206969055,23.99596279,0.030450963,23.53602057,0.0283651,22.25082251,0.005757567,21.86360859,0.005545221,21.17420633,0.003447813,20.73360451,0.003351825,20.67149947,0.003619484,20.27648899,0.003517437,20.51437274,0.008404006,20.10911062,0.008182671,783505,10
303.2298468,-56.80924043,23246.42015,24347.7279,-0.047223512,0.067391403,0.706163824,0.009425105,5.230207443,1,0.021569094,0,-0.035174165,0.05330717,-0.018097372,0.028787678,-0.035149254,0.053593602,-0.018140359,0.028850883,0.00438433,0.039277788,23.72834543,0.06204997,22.59744542,0.055003473,22.8717712,0.010566331,21.97765523,0.00906212,22.21525296,0.005293911,21.14671217,0.004574935,22.04189857,0.005901636,20.90307853,0.005000986,21.78997249,0.008837213,20.75423269,0.007560397,21.78218485,0.026764309,20.69892774,0.022945781,783506,10
303.2360526,-56.82443329,23200.24218,24139.69452,-0.105867244,-0.154641986,0.526636839,0.016984858,2.672338486,1,1.91E-06,0,-0.056213719,-0.060336178,-0.016170571,0.033689549,-0.061663732,-0.058859028,-0.016209092,0.033763375,0.00552033,0.041265667,24.62870759,0.14378304,24.39383364,0.149181488,23.36631541,0.01693682,22.91721619,0.015836083,22.29315735,0.005974253,21.82053569,0.005569935,21.56804019,0.004363368,20.97600664,0.004027015,21.15106714,0.005307699,20.64443379,0.004891801,21.01059529,0.01309406,20.48478529,0.01201707,783508,10
303.239351,-56.81420974,23175.31184,24279.59743,-0.088600926,-0.10223107,0.457697988,0.018629104,4.355900764,1,0.12263908,0,-0.0438089,-0.016107829,-0.016704471,0.031293591,-0.045435116,-0.01560881,-0.016745962,0.031361666,0.004084489,0.039847599,25.5862125,0.335521549,25.34731538,0.330861377,24.44202823,0.042120577,23.93075257,0.042647915,22.3786896,0.006152343,21.79724557,0.005882048,21.24990765,0.003507977,20.59135505,0.003370053,20.73860529,0.003686122,20.13849601,0.003515254,20.55677583,0.009013358,19.94154899,0.008543383,783509,10
303.2213285,-56.83341311,23310.69489,24016.9368,-0.376029313,0.147169337,0.85987854,0.010606013,11.28091717,1,0.660391338,0,-0.298242233,0.113651428,-0.016322494,0.034066495,-0.293689668,0.110582687,-0.016360415,0.03413577,0.008124458,0.047226805,25.00590787,0.200806813,23.60724199,0.244785735,23.89390359,0.028985667,21.77308246,0.021860856,22.76833466,0.009257863,20.62206504,0.006977294,22.38367778,0.008130623,20.12437519,0.005861199,22.0716578,0.011824477,19.89621447,0.008472326,22.76738346,0.063424552,21.14986465,0.08227628,783511,10
303.2495948,-56.79027366,23097.98637,24607.11052,-0.510781467,0.308629274,0.585453629,0.014637163,4.402885914,1,0.089993931,0,-0.295151715,0.187550755,-0.017745031,0.032306803,-0.294406295,0.188753754,-0.017785333,0.032371253,0.003266964,0.038453056,23.47939793,0.047993246,22.78356111,0.04368568,23.31259142,0.015925983,22.7935997,0.014311884,22.35262044,0.005900216,21.81488699,0.005343649,21.39280166,0.003783586,20.73337362,0.003407423,20.91200534,0.004379238,20.34339349,0.003910002,20.83069602,0.011743348,20.20456929,0.010106199,783512,10
303.2350608,-56.79754256,23207.10303,24507.7919,0.024674242,-0.039432131,0.738025069,0.010164107,6.663705826,1,0.00405215,0,0.012210005,-0.014289236,-0.017004996,0.031046849,0.01235897,-0.014214708,-0.017045023,0.031110691,0.004004717,0.041627827,23.74350809,0.063359298,22.3860874,0.051155728,23.02715759,0.011469758,21.87039648,0.009746708,22.41959264,0.006113248,21.23492996,0.00514609,22.23728292,0.006847469,20.94851208,0.005706653,21.99658061,0.011087861,20.77085291,0.009388464,22.0020369,0.032599214,20.71261288,0.026773049,783515,10
303.2463405,-56.8105004,23122.85715,24330.28487,-0.168536425,0.176866204,0.641567171,0.015416238,5.169019699,1,4.55E-06,0,-0.108112315,0.120768389,-0.018075944,0.032612867,-0.107147306,0.120443642,-0.018117383,0.032680277,0.003447186,0.040093847,23.45755612,0.050572956,23.03199779,0.048727911,23.1404763,0.013015304,22.47996993,0.011533907,22.51936341,0.006891538,21.84597162,0.006132932,22.35051267,0.007749026,21.57897713,0.006877952,22.18186451,0.013445494,21.50750209,0.012115102,22.12242308,0.036386367,21.1169244,0.033070096,783520,10
303.2441137,-56.80088251,23139.32197,24461.9648,0.355159551,-0.419504195,0.952822685,0.012181607,16.40085602,1,0.774403892,0,0.321278347,-0.377783361,-0.017323547,0.03129014,0.317530036,-0.376513034,-0.017360657,0.03135116,0.003904014,0.042014192,26.05397641,0.520401592,24.19807188,0.568694513,24.05755027,0.029667432,21.79486337,0.017500094,22.97634834,0.010189022,20.45277591,0.007592449,21.73973968,0.004784249,19.4745193,0.004893424,21.15307496,0.005350933,19.06336516,0.005909018,21.08932608,0.014130021,18.92872927,0.015027796,783525,10
303.2697954,-56.83078016,22947.67742,24052.36136,0.224347308,-0.060346618,0.626625419,0.015527624,7.203491211,1,0.000148112,0,0.09487495,-0.009741762,-0.017976068,0.036654103,0.095422968,-0.010713726,-0.018013785,0.036726899,0.00802152,0.046921306,24.96838741,0.201390827,23.99742171,0.181330375,24.26179107,0.038621239,23.04014176,0.031503759,22.63178218,0.007801305,21.50541501,0.007081007,21.65722794,0.004551994,20.46436772,0.00424689,21.15987278,0.005379799,20.05657146,0.00504144,21.01921397,0.013124565,19.91848776,0.012520503,783527,10
303.2348261,-56.8137941,23209.2047,24285.34023,-0.002624257,0.108803801,0.77924633,0.016210504,8.091161728,1,0.017349819,0,-0.005914046,0.091729616,-0.016625864,0.031154995,-0.004521631,0.092804,-0.016667351,0.031222848,0.004805662,0.039016751,24.36567144,0.107745946,22.84353857,0.081069154,23.57528323,0.019485383,22.45032085,0.016245609,22.93223953,0.009896322,21.82920841,0.008049105,22.80187493,0.011238526,21.51097686,0.008510077,22.58467851,0.01851916,21.45324266,0.014448284,22.50710406,0.053030915,21.1987312,0.041844227,783537,10
303.2474532,-56.80602911,23114.41396,24391.4745,-0.002307357,0.736777723,0.977629125,0.01746127,25.68852615,1,0.943510993,0,-0.002773761,0.657369221,-0.01789265,0.032845799,-0.022784332,0.69562465,-0.017928081,0.032906231,0.00330462,0.040442647,24.16649436,0.095455752,21.82811713,0.113887432,25.01627153,0.072937447,22.3506825,0.081257003,23.73045416,0.020011443,20.37048606,0.012094436,23.63122782,0.02296966,20.13717867,0.012698218,23.191887,0.033765879,20.03685421,0.015240932,24.83988392,0.44564007,21.22112515,0.219473728,783545,10
303.2517944,-56.82037375,23082.23268,24195.06511,0.14429082,-0.069353461,0.891619921,0.016043384,9.026642799,1,0.604786985,0,0.110729559,-0.056559255,-0.017202159,0.037122873,0.112070829,-0.054740086,-0.017220713,0.037117291,0.005249584,0.040806297,28.13938773,3.697318153,26.22550484,3.45651091,24.25711758,0.037787159,22.30143195,0.041323543,23.26873572,0.013715654,21.54378892,0.009024282,23.16160924,0.015601818,21.29220018,0.010117096,23.25790667,0.035103887,21.10856246,0.03329727,22.72578578,0.062828881,20.51187104,0.058313123,783549,10
303.2464378,-56.80296084,23121.95185,24433.48668,-0.309027314,0.375096411,0.994934738,0.011142938,65.8536377,1,0.991210701,0,-0.261768741,0.536153666,-0.017741428,0.032956703,-0.30523783,0.372326583,-0.01777247,0.033012275,0.003429525,0.04058571,24.8742559,0.17714807,20.3767685,0.09222026,24.3004173,0.037434559,19.70957468,0.011197721,23.42707458,0.015049519,18.9152981,0.006385255,23.07856945,0.014138823,18.27311003,0.007833989,22.8031885,0.023607536,18.18616117,0.009448905,23.50229899,0.130982957,18.11788066,0.040551736,783634,10
303.2877831,-56.83410771,22813.07284,24006.51914,0.367469877,0.659626901,0.754915357,0.005172644,4.334709644,1,0.03632985,0,0.265936692,0.495123677,-0.017125567,0.037292256,0.266409606,0.495515585,-0.017119506,0.037312858,0.007135697,0.049802428,23.43492533,0.051540725,22.81861914,0.045901809,22.6744859,0.009790901,21.81933,0.007939578,21.44964175,0.003185272,20.59348691,0.002678876,20.97947067,0.003062439,20.01390359,0.002747617,20.51558007,0.003175522,19.6744142,0.002760359,20.33910198,0.007019642,19.47029008,0.005917041,783834,10
303.2947525,-56.83341581,22760.86135,24015.86659,-0.113911517,0.437979072,0.159759253,0.03579196,3.324503422,1,0.024064621,0,-0.025546417,0.070617931,-0.017088155,0.038007817,-0.025689684,0.071084909,-0.017080935,0.038031712,0.00608718,0.048867571,24.56721056,0.144000622,24.50604132,0.144049931,23.29235948,0.016527461,23.21376647,0.016578316,21.73239484,0.003995361,21.63074727,0.003991392,21.20929594,0.0034427,21.08048859,0.003428687,20.94885909,0.004524386,20.84063949,0.004521929,20.86340169,0.011373518,20.74681856,0.011324253,783835,10
303.2921991,-56.82941448,22779.85147,24070.68346,-0.050190553,0.093832865,0.608237743,0.00354542,5.317595005,1,0.000943066,0,-0.032342131,0.067441201,-0.017947752,0.039119426,-0.032203544,0.067226864,-0.017940737,0.039146058,0.00539265,0.048436363,22.29748721,0.017879263,21.80480625,0.01747628,22.07111945,0.006103168,21.12083371,0.005768168,20.92999743,0.002196772,19.91322445,0.002036803,20.43070763,0.002551448,19.30762573,0.002449877,20.02248248,0.002249558,18.98065636,0.002086736,19.8364708,0.004552023,18.78566824,0.00416908,783948,10
303.2900268,-56.82963162,22796.1276,24067.74959,0.108200118,-0.15557164,0.717565894,0.009286944,4.496947289,1,0.037310166,0,0.066579559,-0.087572049,-0.017690732,0.039108759,0.066371724,-0.087669618,-0.017683681,0.03913426,0.006352236,0.049377073,23.80062117,0.069424797,23.1959218,0.063526558,23.23405798,0.016174262,22.40960422,0.013837138,22.09615941,0.005131524,21.22011367,0.004344785,21.68008921,0.004714193,20.66522817,0.004063242,21.2938724,0.005910015,20.39949708,0.005151649,21.17942689,0.014937937,20.19024243,0.012791613,783949,10
303.2945249,-56.82414331,22762.25931,24142.79451,0.327842116,0.833620071,0.844823897,0.003602927,5.065630913,1,0.000894077,0,0.266724033,0.694717761,-0.016298415,0.042236171,0.266997129,0.694708049,-0.016287783,0.042269748,0.004285442,0.042882047,23.49413093,0.05171942,22.73462204,0.04526791,22.41923007,0.007690478,21.36815963,0.005904339,21.34790655,0.002821831,20.26307115,0.002239744,20.96907764,0.003161461,19.75885378,0.002688562,20.57118614,0.003322888,19.48481698,0.002640417,20.49930484,0.008491221,19.3963055,0.006436253,784215,10
303.2213232,-56.8219554,23310.55695,24173.76099,-0.250676483,0.132624447,0.728284836,0.011598485,4.008445263,1,0.01894318,0,-0.168541308,0.098582474,-0.016462671,0.035933145,-0.16818589,0.098519497,-0.016481051,0.035924517,0.006212769,0.042159811,24.19593991,0.095873624,23.67475194,0.095559708,22.99075999,0.012173884,21.91547746,0.0105097,22.43757959,0.006589794,21.4908252,0.005555691,22.27052851,0.007252909,21.15049393,0.006049652,22.07495241,0.012000905,21.17924893,0.010266283,22.13597704,0.03683059,21.23696195,0.032213394,784374,10
303.2826177,-56.80826965,22850.96158,24360.28357,0.015361241,0.361497521,0.871446609,7.03E-05,13.38403797,1,0.033229441,0,0.000141636,0.288408721,-0.01940304,0.034450472,-0.000809717,0.290471137,-0.019448018,0.034524824,0.002549764,0.042226143,19.59278262,0.004555666,17.46584102,0.00443192,18.25915751,0.002147715,15.92460666,0.002128607,17.36962392,0.001222615,15.00247301,0.001214987,17.0849394,0.00208884,nan,nan,16.69090043,0.001218801,nan,nan,16.5821114,0.000797723,14.14642598,0.000747037,784422,10
303.284376,-56.80416071,22837.65889,24416.49799,-0.989523649,-0.037000086,0.413173139,0.000337885,3.319750547,1,0.07700756,0,-0.452075996,0.003288063,-0.019217938,0.034673449,-0.447348386,0.003414343,-0.019262388,0.034748271,0.003437211,0.041989296,19.88430157,0.004723043,19.70862004,0.004718882,18.38517066,0.002158509,18.1202746,0.002152873,17.75946159,0.001229999,17.4605156,0.001226875,17.63042967,0.002093623,17.24998308,0.002091275,17.49688484,0.001244119,17.17804215,0.001237747,17.48369786,0.001008209,17.11759907,0.000959126,784423,10
303.2687712,-56.81563901,22954.92583,24259.63198,-0.252250403,-0.16121304,0.739562392,0.00026237,5.936578751,1,0.060006228,0,-0.159793089,-0.085474338,-0.01818695,0.036514797,-0.159497038,-0.085417897,-0.018227886,0.036587439,0.004631581,0.038754211,19.64230537,0.004571854,18.69283577,0.00452472,18.87136197,0.00217258,17.71538089,0.002149862,18.37981571,0.001251645,17.19896989,0.001234095,18.24374788,0.002103475,16.9265283,0.002093767,17.93230292,0.001266692,16.70828252,0.001242521,17.82588325,0.00113084,16.5206575,0.000992134,784428,10
303.2633565,-56.81226377,22995.40284,24305.91393,0.714632094,0.414733887,0.799280226,0.002287981,5.38683176,1,0.057511129,0,0.529985019,0.319680602,-0.018305916,0.035977068,0.530124068,0.319767028,-0.018347554,0.03605007,0.003371022,0.038186358,22.54283835,0.022105637,21.68025843,0.019251416,21.42882412,0.003632636,20.25333285,0.003138252,20.81251547,0.002027079,19.74306894,0.001761131,20.61217047,0.002646786,19.37826163,0.002425876,20.36000903,0.002852496,19.21900343,0.002375535,20.30605589,0.007078637,19.11546588,0.005567721,784442,10
303.2756859,-56.81130379,22902.9943,24318.8653,0.244376168,0.82048291,0.571090341,0.007265021,6.107309818,1,0.611923196,0,0.103898748,0.402021736,-0.018886582,0.0345129,0.104230173,0.401982456,-0.018927164,0.034578744,0.004172299,0.040990956,24.38883438,0.11466339,24.09770378,0.1154276,23.37018382,0.017758555,22.58242593,0.015345722,21.60868438,0.003563308,20.87789051,0.003297997,20.72668703,0.002831465,19.92786373,0.002715035,20.34253121,0.002887213,19.62392073,0.00273986,19.92935987,0.00527543,19.17136747,0.004867045,784443,10
303.2610218,-56.80457117,23012.69318,24411.24569,-0.133831874,0.100808442,0.672823191,0.00422415,5.046370983,1,0.0671268,0,-0.087834467,0.074098794,-0.019348349,0.034102475,-0.087739691,0.073998444,-0.019391214,0.034172956,0.002988954,0.038231827,22.96092239,0.031827128,22.42313752,0.02910607,21.83239277,0.004811405,20.98158381,0.004246439,21.17235098,0.002485894,20.41648924,0.002218228,20.96551218,0.003008413,20.08467864,0.002754273,20.73439703,0.003753243,19.9693994,0.003321699,20.55667906,0.009170101,19.62626767,0.007723491,784447,10
303.2669762,-56.81719379,22968.41694,24238.37706,0.750961721,-0.346096486,0.794830739,0.005294151,8.402965546,1,0.459334961,0,0.537124865,-0.244998717,-0.019450614,0.035426635,0.536923409,-0.246927842,-0.019473203,0.035415892,0.003710505,0.038353073,22.41803562,0.019310046,21.58795931,0.015594196,21.93551743,0.005082754,20.92931695,0.004123812,21.75700169,0.003987235,20.59831445,0.003266195,21.62405003,0.004429734,20.33904176,0.003657101,21.47194225,0.007043166,20.16727455,0.005716479,21.28374869,0.017486152,19.97278062,0.013669719,784450,10
303.2761496,-56.80862622,22899.31642,24357.06775,-0.469305992,-0.041358173,0.993895829,0.002795677,45.08778381,1,0.855263865,0,-0.490845756,-0.021728922,-0.018814311,0.0339335,-0.457196712,-0.041031588,-0.01885443,0.033998534,0.004217554,0.041074575,25.30179517,0.266892347,20.85523036,0.108442912,22.914049,0.011815633,18.65410512,0.003847144,22.46495604,0.006674815,18.06867449,0.002143057,22.33836598,0.007910667,17.71679275,0.002759565,21.90182475,0.010474369,17.53486874,0.003073855,21.39002934,0.018866075,17.08230481,0.004629661,784460,10
303.2796393,-56.80401783,22873.153,24418.53285,0.835688114,-0.003588724,0.989391088,0.00242463,29.62477303,1,0.796083082,0,0.809357476,-0.002586238,-0.018092549,0.034604032,0.814919055,-0.005338083,-0.018131018,0.034670196,0.003432567,0.041539024,24.60849893,0.141706528,21.42133786,0.125541448,22.40048157,0.007795015,19.07924353,0.003336865,22.00340709,0.004495358,18.60038294,0.001921146,21.86046696,0.005311973,18.24767762,0.002641376,21.46141361,0.007130146,17.93202428,0.002908633,21.19890991,0.016310006,17.48278435,0.005434303,784462,10
303.2723336,-56.8138553,22928.18573,24283.99279,-0.469594032,0.371271074,0.88236177,0.018957876,16.83513641,1,0.790467389,0,-0.365940064,0.25865662,-0.018514317,0.036174111,-0.389874399,0.262084782,-0.018556397,0.036245864,0.004626061,0.038828268,24.79606677,0.160734136,22.35931132,0.127941324,24.57607981,0.048429709,21.8724643,0.02673944,23.42187823,0.016173382,20.68147471,0.012052805,22.31394798,0.007565603,19.69353641,0.007059774,21.8419649,0.00976313,19.39295555,0.009686051,21.38181455,0.019086908,18.88755055,0.018444096,784465,10
303.2933078,-56.81455451,22771.06121,24274.06978,-0.171827644,-0.186323076,0.779343188,0.027205119,12.10281563,1,0.738394496,0,-0.116656927,-0.106548373,-0.016940212,0.039159795,-0.116908036,-0.10501495,-0.016932327,0.039183769,0.002897357,0.040688827,23.88212464,0.071822847,22.46288268,0.059566228,23.85258596,0.025866691,22.01480895,0.020458678,23.58134638,0.018988191,21.70497478,0.015112403,23.4137656,0.019850164,21.38906483,0.015150203,22.90850619,0.024476183,20.9701029,0.019010927,24.78056406,0.423069203,23.38091286,0.544676357,784476,10
303.212908,-56.8172127,23373.48145,24238.77228,-0.412096292,-0.803198218,0.626665413,0.008224516,3.559195995,1,0.00013487,0,-0.263127403,-0.486315807,-0.017196947,0.033449019,-0.263444275,-0.486186802,-0.017236887,0.033514235,0.004402914,0.039880076,23.05582295,0.032697838,22.68878903,0.031126771,22.2878669,0.006261213,21.73790153,0.005576574,21.7662495,0.003775947,21.21484727,0.003377285,21.58693817,0.004198336,20.95181909,0.003789091,21.44793343,0.006680507,20.89975033,0.006029721,21.45558054,0.019928122,20.87994667,0.017926597,784775,10
303.2178107,-56.81340463,23336.68457,24290.85177,-0.057444803,0.084581353,0.754319012,0.012586404,22.23336029,1,0.000759485,0,-0.046123399,0.069083586,-0.01596902,0.034825926,-0.043662842,0.068771824,-0.016008306,0.034897171,0.004984557,0.039043728,24.65111359,0.145192693,24.20875626,0.163479095,23.31756176,0.01540417,22.37220386,0.012907723,22.60076943,0.007268946,21.60362091,0.005947309,22.45332045,0.008269916,21.31075905,0.006610702,22.28186403,0.014263815,21.25762949,0.011578152,22.32116891,0.042916362,21.27094282,0.034874076,785411,10
303.2619407,-56.79991607,23005.68359,24474.95245,-0.093804993,-0.521314919,0.681830227,0.199140638,11.17836094,1,0.069338241,0,-0.054659448,-0.295157927,-0.018879261,0.032563858,-0.081031851,-0.333535761,-0.018921863,0.032631032,0.00354565,0.039774155,26.13018431,0.583002364,23.33454598,0.407494207,25.70125884,0.137064764,21.8378378,0.076375265,25.33623977,0.088540397,21.74432358,0.047518975,25.09320706,0.090687401,21.18427314,0.068878793,24.51874773,0.11221131,20.92073917,0.101903683,24.53928491,0.341430444,21.36039038,0.211850489,785886,10
303.2687171,-56.79465075,22954.74662,24546.92438,-0.212912783,0.148610815,0.714044809,0.014131059,6.751977444,1,0.001152595,0,-0.14205504,0.106723913,-0.01872949,0.033122292,-0.141972542,0.106848769,-0.018771166,0.033189859,0.003789998,0.03961478,24.26570722,0.100673953,23.26511128,0.089931269,23.60757076,0.020034455,22.750621,0.016767452,22.67842711,0.007691549,21.75055639,0.006567347,21.97874188,0.005665585,20.92629857,0.00492277,21.58768905,0.007790148,20.64905533,0.00690052,21.45441732,0.020766251,20.40914337,0.018566001,786085,10
303.2712623,-56.7913111,22935.57237,24592.59897,0.052053649,-0.240072086,0.825035155,0.024500243,11.68839455,1,0.236268187,0,0.03894408,-0.172366614,-0.018628147,0.0334042,0.037768271,-0.172063872,-0.01866948,0.033472404,0.002568859,0.039608444,24.99626616,0.200871251,23.64046122,0.195833523,24.13176613,0.032275758,22.26871585,0.027832798,23.65160393,0.018605834,21.67892284,0.014468177,23.56245888,0.022858848,21.78104213,0.024025108,23.139051,0.03170553,21.24305744,0.02779303,22.7705796,0.068864674,20.80606869,0.056022325,786090,10
303.2543636,-56.79270237,23062.29495,24573.80185,-0.307719618,0.067324989,0.757302046,0.175121635,13.98952961,1,0.002786818,0,-0.094781977,0.122837033,-0.018482983,0.032615662,-0.224826515,0.041937079,-0.018523144,0.03268433,0.003717458,0.039536708,27.47062875,1.976602453,22.43089741,0.191860383,26.12117085,0.19905952,21.51302959,0.111574141,25.94959404,0.151869167,21.91846789,0.049894854,25.94557932,0.197035029,21.93416411,0.075075054,25.88532062,0.403580488,21.57921704,0.103681503,28.34479502,11.57169632,20.89027114,0.16704862,786274,10
303.2893813,-56.79168586,22799.74833,24587.16988,-0.099153258,-0.062890463,0.589034438,0.004322561,4.668404102,1,0.01083674,0,-0.06031026,-0.016298315,-0.018154309,0.034868604,-0.060385719,-0.016180407,-0.018149551,0.034883097,0.002366708,0.04114595,21.88659654,0.012425438,21.50384714,0.011924649,21.2243352,0.003321459,20.6847583,0.003131493,21.01502306,0.002277792,20.43352377,0.00210678,21.00136691,0.003160436,20.30516198,0.002937126,20.85843793,0.004276964,20.24637896,0.003863461,20.88926073,0.012702096,20.22628788,0.011151962,786390,10
303.2627211,-56.79032608,22999.57842,24606.2108,1.014736891,0.441610575,0.637081385,0.173392892,10.46535873,1,0.057605337,0,-0.047314764,0.132594945,-0.018453197,0.033096493,0.470446587,0.247690588,-0.018504472,0.0331771,0.002988758,0.038559671,25.18967462,0.238103573,22.01303683,0.195555331,25.68980278,0.138034196,22.28960372,0.083070541,25.28556584,0.082755767,21.84826677,0.05038082,24.92383421,0.078153369,21.37459642,0.065555738,24.35581227,0.096617313,20.81021048,0.069457815,24.01876465,0.217920146,20.4504725,0.164417385,786426,10
303.2982411,-56.78958598,22733.18728,24616.26348,0.355747223,-0.757980824,0.943749428,0.117353715,26.00580978,1,0.324511914,0,0.164700217,-0.149905318,-0.017306707,0.037009195,0.311440349,-0.65982163,-0.01729936,0.037030995,0.001280642,0.038989273,nan,38.49437116,nan,3.676827219,25.70434782,0.141430643,22.18133463,0.135479423,25.19837451,0.079903495,21.33839112,0.043791739,24.8445604,0.073704784,20.79694151,0.047309068,25.38936827,0.248837608,21.17449453,0.095909112,nan,76.07971206,21.41744446,0.378848603,786542,10