,RA,DEC,J,H,Av,R,Weight,in_field
0,274.6659601,-13.79560953,12.93108215,12.55665,-0.42042042,14.569521,1,IN
1801,274.665047,-13.7595638,19.0543641,17.23142,10.750751,30.30001,1,IN
1802,274.6504374,-13.75954807,18.01999736,16.168066,10.750751,29.265643,1,IN
1803,274.6949501,-13.75914524,19.51700929,17.761685,10.750751,30.762655,1,IN
1804,274.6893135,-13.75777698,18.36144131,16.466937,10.750751,29.607087,1,IN
1805,274.6897912,-13.75416318,18.3560953,16.461331,10.750751,29.601741,1,IN
1806,274.6667055,-13.75378725,14.92817488,13.821758,10.750751,26.173821,1,IN
1807,274.6561741,-13.79880888,14.52247616,13.46622,10.750751,25.768122,1,IN
1808,274.6532478,-13.79613799,19.0630803,17.248057,10.750751,30.308726,1,IN
1809,274.6798795,-13.795406,14.92586601,13.81683,10.750751,26.171512,1,IN
1810,274.6498182,-13.78986165,19.14549992,17.353212,10.750751,30.391146,1,IN
1811,274.6638089,-13.78904077,14.83602924,13.759026,10.750751,26.081675,1,IN
1812,274.6738634,-13.78598383,18.80866435,16.9567,10.750751,30.05431,1,IN
1813,274.6678851,-13.78591031,19.36944648,17.587601,10.750751,30.615092,1,IN
1814,274.691389,-13.78501301,18.59438789,16.717511,10.750751,29.840034,1,IN
1815,274.6979072,-13.78399998,19.37480767,17.573416,10.750751,30.620453,1,IN
1816,274.6845674,-13.78232856,15.03570875,13.919037,10.870871,26.384658,1,IN
1817,274.6591108,-13.77927092,18.02625386,16.167255,10.870871,29.375203,1,IN
1800,274.6895118,-13.75981625,18.95002404,17.11925,10.750751,30.19567,1,IN
1818,274.685408,-13.77240009,19.54319933,17.764664,10.870871,30.892148,1,IN
1799,274.6709875,-13.76240265,19.77894845,18.042283,10.750751,31.024594,1,IN
1797,274.6958954,-13.7627273,19.37010944,17.571235,10.750751,30.615755,1,IN
1780,274.6962913,-13.78261653,18.91297541,17.098914,10.630631,30.055318,1,IN
1781,274.6855575,-13.7783766,15.00757047,13.906695,10.750751,26.253216,1,IN
1782,274.6536005,-13.77717171,20.22372658,18.516605,10.750751,31.469372,1,IN
1783,274.6520706,-13.77701859,19.39732956,17.611081,10.750751,30.642975,1,IN
1784,274.6554173,-13.77659799,14.81337896,13.718364,10.750751,26.059025,1,IN
1785,274.6532611,-13.77651659,19.38288568,17.632505,10.750751,30.628531,1,IN
1786,274.6972839,-13.77473854,16.5193258,14.929707,10.750751,27.764972,1,IN
1787,274.6959104,-13.77286507,19.11627119,17.319172,10.750751,30.361917,1,IN
1788,274.6641366,-13.7720622,19.6134856,17.885242,10.750751,30.859131,1,IN
1789,274.6730248,-13.76874021,14.73788786,13.650137,10.750751,25.983534,1,IN
1790,274.6717791,-13.76831782,18.59347646,16.710912,10.750751,29.839122,1,IN
1791,274.6541016,-13.76797883,19.72548439,17.98012,10.750751,30.97113,1,IN
1792,274.6800831,-13.76474148,20.27498985,18.582258,10.750751,31.520636,1,IN
1793,274.6705814,-13.7645146,18.33599454,16.418523,10.750751,29.58164,1,IN
1794,274.6530791,-13.76356135,19.99564142,18.272952,10.750751,31.241287,1,IN
1795,274.665307,-13.76338817,19.11015372,17.294467,10.750751,30.3558,1,IN
1796,274.6768945,-13.76332938,19.71813899,17.995041,10.750751,30.963785,1,IN
1798,274.6954188,-13.76267555,20.0077141,18.286038,10.750751,31.25336,1,IN
1779,274.6863218,-13.78362149,18.86494459,17.038579,10.630631,30.007287,1,IN
1819,274.6634463,-13.76938498,18.70525241,16.831633,10.870871,30.054202,1,IN
1821,274.6655536,-13.7643539,13.67357757,12.628629,10.870871,25.022527,1,IN
1843,274.693856,-13.77843191,19.17567336,17.337457,10.990991,30.627926,1,IN
1844,274.6708609,-13.77799575,18.95343697,17.077632,10.990991,30.405689,1,IN
1845,274.6653489,-13.77619024,19.68394417,17.907257,10.990991,31.136197,1,IN
1846,274.6588478,-13.77600918,15.02308575,13.896037,10.990991,26.475338,1,IN
1847,274.6832573,-13.77531194,19.69019743,17.892818,10.990991,31.14245,1,IN
1848,274.6612192,-13.77226309,18.47025918,16.537598,10.990991,29.922512,1,IN
1849,274.6726757,-13.77159271,19.58121022,17.780574,10.990991,31.033463,1,IN
1850,274.6840774,-13.7714479,19.93601988,18.179525,10.990991,31.388272,1,IN
1851,274.6804942,-13.76933253,19.44713623,17.635613,10.990991,30.899389,1,IN
1852,274.6796632,-13.76920617,15.01973784,13.89509,10.990991,26.47199,1,IN
1853,274.6599892,-13.76885463,19.70368815,17.927712,10.990991,31.155941,1,IN
1854,274.6759039,-13.76874248,20.01902786,18.268241,10.990991,31.47128,1,IN
1855,274.6815261,-13.76682787,19.45127538,17.677912,10.990991,30.903528,1,IN
1856,274.6979511,-13.76371483,19.31967847,17.483991,10.990991,30.771931,1,IN
1857,274.6773036,-13.76339615,19.47090146,17.658439,10.990991,30.923154,1,IN
1858,274.685002,-13.76080987,19.30871402,17.485398,10.990991,30.760966,1,IN
1859,274.6883859,-13.75909342,19.3238457,17.491213,10.990991,30.776098,1,IN
1842,274.6755763,-13.778561,19.47488546,17.66861,10.990991,30.927138,1,IN
1820,274.6543157,-13.76792082,20.02958592,18.303612,10.870871,31.378535,1,IN
1841,274.6575265,-13.78277035,19.40897261,17.613266,10.870871,30.757922,1,IN
1839,274.6780612,-13.78691177,19.54307997,17.773773,10.870871,30.892029,1,IN
1822,274.696426,-13.7637924,19.42508609,17.667963,10.870871,30.774035,1,IN
1823,274.6507617,-13.7636354,19.09443765,17.231347,10.870871,30.443387,1,IN
1824,274.672234,-13.76245682,13.73382016,12.6776,10.870871,25.082769,1,IN
1825,274.6952615,-13.75999211,19.98691654,18.252325,10.870871,31.335866,1,IN
1826,274.6778624,-13.759216,19.14593754,17.327059,10.870871,30.494887,1,IN
1827,274.6908434,-13.7590382,19.31462988,17.525468,10.870871,30.663579,1,IN
1828,274.6962914,-13.75730808,19.15210448,17.338849,10.870871,30.501054,1,IN
1829,274.6700671,-13.75175831,18.84248246,16.987744,10.870871,30.191432,1,IN
1830,274.6497387,-13.79752689,18.92055809,17.049193,10.870871,30.269507,1,IN
1831,274.6730642,-13.79688922,19.1652151,17.366178,10.870871,30.514164,1,IN
1832,274.6655513,-13.79669454,14.98041573,13.886499,10.870871,26.329365,1,IN
1833,274.6822497,-13.79584634,18.57461793,16.670758,10.870871,29.923567,1,IN
1834,274.6635685,-13.79130159,19.5398273,17.790245,10.870871,30.888776,1,IN
1835,274.6745178,-13.78928916,14.76156334,13.685743,10.870871,26.110512,1,IN
1836,274.6493358,-13.78758378,19.83468593,18.073317,10.870871,31.183635,1,IN
1837,274.6653883,-13.78753376,19.56969249,17.799609,10.870871,30.918642,1,IN
1838,274.6638832,-13.78728829,14.6564838,13.573147,10.870871,26.005433,1,IN
1840,274.6772206,-13.78569856,19.90481451,18.163079,10.870871,31.253764,1,IN
1778,274.6924269,-13.78481001,19.46686287,17.705895,10.630631,30.609205,1,IN
1777,274.6530543,-13.78510147,19.20042731,17.424924,10.630631,30.34277,1,IN
1776,274.6706722,-13.78715956,14.92518285,13.851745,10.630631,26.067525,1,IN
1716,274.7003718,-13.78853666,18.37403207,16.51093,10.39039,29.309768,1,IN
1717,274.6935711,-13.78681276,19.70313995,17.993847,10.39039,30.638876,1,IN
1718,274.6966146,-13.78676575,18.96234041,17.193896,10.39039,29.898076,1,IN
1719,274.6894051,-13.78616501,14.41464669,13.402047,10.39039,25.350383,1,IN
1720,274.6555413,-13.78532836,19.14567938,17.395822,10.39039,30.081415,1,IN
1721,274.650653,-13.78447152,18.42583249,16.563642,10.39039,29.361568,1,IN
1722,274.6613195,-13.78394046,14.46832911,13.409258,10.39039,25.404065,1,IN
1723,274.6840085,-13.77841436,14.87838877,13.806247,10.510511,25.917428,1,IN
1724,274.6513037,-13.77822049,19.18698549,17.430015,10.510511,30.226025,1,IN
1725,274.6678329,-13.77478477,18.88117159,17.074607,10.510511,29.920211,1,IN
1726,274.6616231,-13.77452594,18.85063972,17.029747,10.510511,29.889679,1,IN
1727,274.6648106,-13.77451571,14.8131644,13.738483,10.510511,25.852204,1,IN
1728,274.6557635,-13.77435371,18.8611343,17.052915,10.510511,29.900173,1,IN
1729,274.6651506,-13.77383889,19.63605196,17.922005,10.510511,30.675091,1,IN
1730,274.6762074,-13.770963,14.54988225,13.504097,10.510511,25.588921,1,IN
1731,274.6601293,-13.77046565,17.9351158,16.105678,10.510511,28.974155,1,IN
1732,274.6858937,-13.76769752,18.99395589,17.198262,10.510511,30.032995,1,IN
1715,274.6660179,-13.7901897,19.51607444,17.824629,10.39039,30.45181,1,IN
1733,274.6804697,-13.76746881,18.85489576,17.068775,10.510511,29.893935,1,IN
1714,274.6823319,-13.79464998,14.53378604,13.464438,10.39039,25.469522,1,IN
1712,274.6900604,-13.75050061,18.12227101,16.250606,10.39039,29.058007,1,IN
1695,274.6527759,-13.77663787,19.52817321,17.8395,10.39039,30.463909,1,IN
1696,274.6531967,-13.77627786,19.30399174,17.575058,10.39039,30.239728,1,IN
1697,274.668595,-13.77619597,19.1199209,17.34608,10.39039,30.055657,1,IN
1698,274.6746301,-13.77297823,20.05402957,18.386442,10.39039,30.989765,1,IN
1699,274.6900195,-13.76911281,18.63516347,16.813052,10.39039,29.570899,1,IN
1700,274.6850514,-13.76863776,19.41771719,17.701356,10.39039,30.353453,1,IN
1701,274.6570845,-13.76755313,14.47010902,13.390439,10.39039,25.405845,1,IN
1702,274.6711002,-13.76734975,18.43397257,16.572786,10.39039,29.369708,1,IN
1703,274.6722058,-13.76595557,19.41194033,17.672631,10.39039,30.347676,1,IN
1704,274.6752416,-13.76198359,19.40124757,17.694824,10.39039,30.336983,1,IN
1705,274.6604344,-13.76181876,18.55675049,16.714367,10.39039,29.492486,1,IN
1706,274.674254,-13.76102568,18.16564861,16.304738,10.39039,29.101384,1,IN
1707,274.6950242,-13.76073134,20.02150033,18.345944,10.39039,30.957236,1,IN
1708,274.6721834,-13.75966204,18.82806421,17.034633,10.39039,29.7638,1,IN
1709,274.6770276,-13.75929502,19.96837932,18.28881,10.39039,30.904115,1,IN
1710,274.6641378,-13.75877468,14.37547358,13.092805,10.39039,25.311209,1,IN
1711,274.6852675,-13.75262877,16.79007339,15.180244,10.39039,27.725809,1,IN
1713,274.6640271,-13.79901281,19.28005991,17.558199,10.39039,30.215796,1,IN
1734,274.681597,-13.76440951,19.90341316,18.213191,10.510511,30.942452,1,IN
1735,274.6500353,-13.76407398,18.86583066,17.071912,10.510511,29.90487,1,IN
1736,274.695638,-13.76026218,18.13946925,16.250841,10.510511,29.178508,1,IN
1759,274.6981042,-13.76509668,18.90509332,17.096422,10.630631,30.047436,1,IN
1760,274.6768575,-13.7635527,19.94438763,18.23962,10.630631,31.08673,1,IN
1761,274.6771201,-13.76317101,19.36224836,17.586385,10.630631,30.504591,1,IN
1762,274.6824725,-13.76084495,19.46648759,17.729082,10.630631,30.60883,1,IN
1763,274.6807263,-13.76030535,20.10478728,18.404399,10.630631,31.24713,1,IN
1764,274.6948485,-13.75669337,19.23195091,17.450208,10.630631,30.374293,1,IN
1765,274.6611432,-13.79948065,16.7663772,15.140725,10.630631,27.90872,1,IN
1766,274.6754093,-13.79898465,15.25461524,13.819861,10.630631,26.396958,1,IN
1767,274.6640869,-13.79587807,19.22757054,17.437113,10.630631,30.369913,1,IN
1768,274.6551209,-13.79385502,18.89216026,17.087692,10.630631,30.034503,1,IN
1769,274.6628849,-13.79161844,19.22620242,17.44696,10.630631,30.368545,1,IN
1770,274.6741903,-13.79143009,14.54134973,13.436514,10.630631,25.683692,1,IN
1771,274.6751796,-13.79075814,18.38969992,16.488791,10.630631,29.532042,1,IN
1772,274.6945863,-13.78823562,19.854874,18.138969,10.630631,30.997216,1,IN
1773,274.64994,-13.78820343,18.87008664,17.047959,10.630631,30.012429,1,IN
1774,274.6763904,-13.78775864,19.4669107,17.720294,10.630631,30.609253,1,IN
1775,274.6655171,-13.78756528,19.93762585,18.213612,10.630631,31.079968,1,IN
1758,274.652293,-13.7651115,19.23741455,17.473503,10.630631,30.379757,1,IN
1757,274.6855688,-13.76668418,18.68025101,16.81906,10.630631,29.822594,1,IN
1756,274.6500868,-13.76713734,19.59192935,17.845742,10.630631,30.734272,1,IN
1755,274.6546039,-13.77241628,20.11334133,18.400434,10.630631,31.255684,1,IN
1737,274.6792039,-13.75771511,13.9978118,12.967129,10.510511,25.036851,1,IN
1738,274.6987712,-13.75662814,18.98783173,17.168147,10.510511,30.026871,1,IN
1739,274.683074,-13.75526731,19.43852185,17.687049,10.510511,30.477561,1,IN
1740,274.6714744,-13.75509948,18.73046057,16.899256,10.510511,29.7695,1,IN
1741,274.6733688,-13.75499588,19.99604648,18.320648,10.510511,31.035086,1,IN
1742,274.6679635,-13.7975563,19.33009474,17.600311,10.510511,30.369134,1,IN
1743,274.6637747,-13.79114097,19.44201873,17.719042,10.510511,30.481058,1,IN
1744,274.6719667,-13.78942852,19.56689037,17.842331,10.510511,30.60593,1,IN
1860,274.6779032,-13.75832885,18.65771678,16.761793,10.990991,30.109969,1,IN
1745,274.6932829,-13.78815388,19.66784321,17.953356,10.510511,30.706882,1,IN
1747,274.6937097,-13.7810472,18.9143662,17.113543,10.630631,30.056709,1,IN
1748,274.6721955,-13.78087574,19.58076416,17.862758,10.630631,30.723107,1,IN
1749,274.6838047,-13.77675873,19.34797888,17.607007,10.630631,30.490321,1,IN
1750,274.6673428,-13.77672423,18.86135165,17.025718,10.630631,30.003694,1,IN
1751,274.6511785,-13.77476348,20.01382032,18.31088,10.630631,31.156163,1,IN
1752,274.6630716,-13.77403851,17.14334546,15.448025,10.630631,28.285688,1,IN
1753,274.6912118,-13.77305048,14.8473599,13.765633,10.630631,25.989702,1,IN
1754,274.6545619,-13.77278412,20.10672254,18.425176,10.630631,31.249065,1,IN
1746,274.6606049,-13.78307747,19.34469721,17.614531,10.510511,30.383736,1,IN
1694,274.6663836,-13.7775705,19.61675721,17.910171,10.39039,30.552493,1,IN
1861,274.6856273,-13.75586859,19.19022469,17.36487,10.990991,30.642477,1,IN
1863,274.6931708,-13.75037528,19.1905194,17.379198,10.990991,30.642772,1,IN
1970,274.6537479,-13.77334833,19.17780438,17.280251,11.591592,31.146573,1,IN
1971,274.6632722,-13.77304994,15.18177657,14.012645,11.591592,27.150546,1,IN
1972,274.6625031,-13.77165531,17.95356032,16.052232,11.591592,29.922329,1,IN
1973,274.6791008,-13.77054142,19.74293829,17.871632,11.591592,31.711707,1,IN
1974,274.6789247,-13.7689786,14.9841025,13.801593,11.591592,26.952871,1,IN
1975,274.6919039,-13.76849611,20.03083636,18.220417,11.591592,31.999605,1,IN
1976,274.6973601,-13.76587104,19.35703567,17.475751,11.591592,31.325805,1,IN
1977,274.6780082,-13.76575988,19.73875368,17.885772,11.591592,31.707523,1,IN
1978,274.6780175,-13.76541057,18.58317193,16.596852,11.591592,30.551941,1,IN
1979,274.6839277,-13.76530978,19.6497614,17.809235,11.591592,31.61853,1,IN
1980,274.6501241,-13.76489319,20.13623703,18.320662,11.591592,32.105006,1,IN
1981,274.6757561,-13.76262456,20.39269987,18.608171,11.591592,32.361469,1,IN
1982,274.6558391,-13.76261824,19.73269844,17.868778,11.591592,31.701467,1,IN
1983,274.6782618,-13.76233622,20.30815128,18.500526,11.591592,32.27692,1,IN
1984,274.6912929,-13.76181662,17.20471557,15.447878,11.591592,29.173485,1,IN
1985,274.6620468,-13.76081171,19.18889048,17.261868,11.591592,31.157659,1,IN
1986,274.6860562,-13.75908873,19.38468479,17.495335,11.591592,31.353454,1,IN
1969,274.6696261,-13.77548751,19.28140375,17.353457,11.591592,31.250173,1,IN
1987,274.6789103,-13.75508762,19.1433351,17.213316,11.591592,31.112104,1,IN
1968,274.6525915,-13.78016877,19.76956344,17.932288,11.591592,31.738332,1,IN
1966,274.6567298,-13.78797034,19.72802857,17.891838,11.471471,31.593494,1,IN
1949,274.6542668,-13.76566419,19.47446197,17.632786,11.471471,31.339928,1,IN
1950,274.6728561,-13.76491737,14.13060214,13.018781,11.471471,25.996068,1,IN
1951,274.6804185,-13.7637057,18.47541451,16.496865,11.471471,30.34088,1,IN
1952,274.6996456,-13.76285513,19.7323887,17.894674,11.471471,31.597854,1,IN
1953,274.6753475,-13.76220438,19.33877688,17.454615,11.471471,31.204243,1,IN
1954,274.6758924,-13.76182502,20.07163119,18.264364,11.471471,31.937097,1,IN
1955,274.66349,-13.75872006,19.46776295,17.584394,11.471471,31.333229,1,IN
1956,274.6805719,-13.75796008,19.10385415,17.169089,11.471471,30.96932,1,IN
1957,274.6769302,-13.75575287,20.10197225,18.283196,11.471471,31.967438,1,IN
1958,274.6761633,-13.75184533,19.46333413,17.5999,11.471471,31.3288,1,IN
1959,274.6697252,-13.75168873,19.58279459,17.708605,11.471471,31.44826,1,IN
1960,274.6632703,-13.79824542,19.83089632,18.025276,11.471471,31.696362,1,IN
1961,274.6661266,-13.79789277,18.42411308,16.432803,11.471471,30.289579,1,IN
1962,274.6576522,-13.79697871,18.67080988,16.691298,11.471471,30.536276,1,IN
1963,274.6741513,-13.79083289,15.27686272,14.125383,11.471471,27.142328,1,IN
1964,274.6997606,-13.78983623,19.8337004,17.9888,11.471471,31.699166,1,IN
1965,274.6751343,-13.78830034,15.21656811,14.045685,11.471471,27.082034,1,IN
1967,274.681649,-13.78042388,18.83419123,16.877611,11.591592,30.80296,1,IN
1948,274.6711861,-13.76761502,19.91568147,18.090098,11.471471,31.781147,1,IN
1988,274.6744082,-13.75452821,15.27897471,14.109304,11.591592,27.247744,1,IN
1990,274.6913601,-13.7506841,19.29984533,17.386296,11.591592,31.268614,1,IN
2012,274.6563457,-13.76273947,20.00247289,18.175109,11.711712,32.074545,1,IN
2013,274.7004149,-13.76252568,20.0132293,18.178302,11.711712,32.085302,1,IN
2014,274.6728295,-13.76136376,19.78597331,17.929292,11.711712,31.858046,1,IN
2015,274.6878292,-13.75947916,19.77701509,17.904551,11.711712,31.849087,1,IN
2016,274.6939703,-13.75808741,18.69613817,16.688516,11.711712,30.76821,1,IN
2017,274.6730275,-13.75749885,18.89039301,16.906731,11.711712,30.962465,1,IN
2018,274.6656789,-13.75563353,15.00393299,13.841044,11.711712,27.076005,1,IN
2019,274.6592621,-13.75431178,15.34425398,14.169945,11.711712,27.416326,1,IN
2020,274.6898898,-13.75395361,19.31803614,17.397872,11.711712,31.390108,1,IN
2021,274.6757914,-13.75234993,19.64289273,17.757991,11.711712,31.714965,1,IN
2022,274.6798705,-13.75079991,19.77401033,17.896544,11.711712,31.846083,1,IN
2023,274.6681667,-13.7994056,18.7493964,16.753143,11.711712,30.821469,1,IN
2024,274.6724771,-13.7976083,19.77753036,17.904813,11.711712,31.849603,1,IN
2025,274.6794051,-13.79369105,18.87802155,16.90143,11.711712,30.950094,1,IN
2026,274.6550898,-13.78907158,14.6618091,13.361851,11.711712,26.733881,1,IN
2027,274.6502019,-13.78789246,19.34092372,17.415793,11.711712,31.412996,1,IN
2028,274.694956,-13.78582557,20.34472116,18.532014,11.711712,32.416793,1,IN
2011,274.7005958,-13.76423882,19.07877121,17.110958,11.711712,31.150843,1,IN
1989,274.6830356,-13.75226643,19.65425094,17.803623,11.591592,31.62302,1,IN
2010,274.6512785,-13.76537103,19.97917523,18.139652,11.711712,32.051247,1,IN
2008,274.657584,-13.7659508,15.26659354,14.071755,11.711712,27.338666,1,IN
1991,274.6650181,-13.79887952,19.86297532,18.013978,11.591592,31.831744,1,IN
1992,274.6725607,-13.79778373,20.04048118,18.236426,11.591592,32.00925,1,IN
1993,274.6910324,-13.79616975,14.39523932,13.255322,11.591592,26.364008,1,IN
1994,274.6935151,-13.78977787,18.12133904,16.190468,11.591592,30.090108,1,IN
1995,274.6987414,-13.78954114,19.74463373,17.908137,11.591592,31.713403,1,IN
1996,274.6762352,-13.78787375,19.86239601,18.007359,11.591592,31.831165,1,IN
1997,274.6776196,-13.78656705,19.87158591,18.028302,11.591592,31.840355,1,IN
1998,274.6937223,-13.78511217,20.23972068,18.434069,11.591592,32.20849,1,IN
1999,274.6945299,-13.78252068,16.27848382,14.665378,11.591592,28.247253,1,IN
2000,274.6962536,-13.78166371,19.41376579,17.517493,11.711712,31.485838,1,IN
2001,274.6673928,-13.7730691,19.67027228,17.787201,11.711712,31.742345,1,IN
2002,274.6974981,-13.77233589,19.41579947,17.514821,11.711712,31.487872,1,IN
2003,274.6560796,-13.77078375,19.79037363,17.951565,11.711712,31.862446,1,IN
2004,274.6508774,-13.7704648,20.06917281,18.222996,11.711712,32.141245,1,IN
2005,274.6999111,-13.7687269,18.95296427,16.983203,11.711712,31.025037,1,IN
2006,274.6616815,-13.76735207,19.40351721,17.512596,11.711712,31.475589,1,IN
2007,274.6772107,-13.76721448,17.02008388,15.297605,11.711712,29.092156,1,IN
2009,274.6709817,-13.76555317,19.89802859,18.063921,11.711712,31.970101,1,IN
1947,274.69158,-13.76798517,19.3289514,17.437375,11.471471,31.194417,1,IN
1946,274.6542346,-13.76808357,19.73340543,17.921519,11.471471,31.598871,1,IN
1945,274.6689294,-13.77204579,15.71697384,14.177899,11.471471,27.582439,1,IN
1885,274.6945767,-13.76181694,20.05294146,18.291236,11.111111,31.608497,1,IN
1886,274.6814519,-13.76063142,20.35304995,18.596894,11.111111,31.908606,1,IN
1887,274.6963959,-13.76043949,19.23106048,17.382629,11.111111,30.786616,1,IN
1888,274.6825448,-13.75564632,19.83344072,18.047775,11.111111,31.388996,1,IN
1889,274.665317,-13.7921317,18.30566802,16.366235,11.111111,29.861224,1,IN
1890,274.6666774,-13.79090157,18.31956669,16.379993,11.111111,29.875122,1,IN
1891,274.6727396,-13.78733355,18.90940444,17.016017,11.111111,30.46496,1,IN
1892,274.662708,-13.78693132,19.36188102,17.516851,11.111111,30.917437,1,IN
1893,274.6958806,-13.78669587,18.52122624,16.590148,11.111111,30.076782,1,IN
1894,274.6760183,-13.78596504,19.49276204,17.698789,11.111111,31.048318,1,IN
1895,274.6545383,-13.78589513,19.46929672,17.642897,11.111111,31.024852,1,IN
1896,274.6515785,-13.78163373,17.23266819,15.503319,11.231231,28.891527,1,IN
1897,274.683812,-13.78053576,18.42444259,16.470051,11.231231,30.083302,1,IN
1898,274.6947773,-13.77685606,14.66433636,13.508089,11.231231,26.323195,1,IN
1899,274.6843507,-13.77273195,16.87928935,15.199959,11.231231,28.538148,1,IN
1900,274.6546976,-13.771069,18.34112739,16.38258,11.231231,29.999986,1,IN
1901,274.6568569,-13.76609442,19.65452751,17.822655,11.231231,31.313387,1,IN
1884,274.6990016,-13.76214912,18.77207883,16.843557,11.111111,30.327635,1,IN
1902,274.667721,-13.76556987,14.60695046,13.433394,11.231231,26.265809,1,IN
1883,274.667444,-13.76582004,14.58158622,13.426174,11.111111,26.137142,1,IN
1881,274.6749371,-13.76710966,14.43667958,13.339308,11.111111,25.992235,1,IN
1864,274.6944479,-13.79938276,19.9733511,18.232512,10.990991,31.425604,1,IN
1865,274.6642825,-13.79788855,18.80311411,16.917316,10.990991,30.255367,1,IN
1866,274.6614133,-13.79740554,19.86224828,18.09734,10.990991,31.314501,1,IN
1867,274.6822275,-13.79513205,19.19039961,17.385523,10.990991,30.642652,1,IN
1868,274.6720399,-13.79347386,19.59369647,17.813775,10.990991,31.045949,1,IN
1869,274.6536698,-13.79031975,19.32833831,17.49526,10.990991,30.780591,1,IN
1870,274.6578831,-13.78743309,19.68025918,17.908163,10.990991,31.132512,1,IN
1871,274.6528261,-13.78618634,17.40513048,15.642174,10.990991,28.857383,1,IN
1872,274.6933299,-13.78426178,17.94877075,16.07916,10.990991,29.401023,1,IN
1873,274.6527534,-13.78363935,19.45959875,17.659149,10.990991,30.911851,1,IN
1874,274.671394,-13.78222265,17.83692349,15.986901,11.111111,29.392479,1,IN
1875,274.6825533,-13.77939889,18.71637572,16.791644,11.111111,30.271931,1,IN
1876,274.6526399,-13.77689751,19.82362034,18.034976,11.111111,31.379176,1,IN
1877,274.6842173,-13.77348077,19.23976381,17.390079,11.111111,30.79532,1,IN
1878,274.6558417,-13.77238749,20.15389565,18.389485,11.111111,31.709451,1,IN
1879,274.6596876,-13.76913053,20.22459028,18.469226,11.111111,31.780146,1,IN
1880,274.6728738,-13.76908699,14.9814727,13.842075,11.111111,26.537028,1,IN
1882,274.6795977,-13.7659566,15.16552711,14.052116,11.111111,26.721083,1,IN
1903,274.680788,-13.76110367,19.93374268,18.15054,11.231231,31.592602,1,IN
1904,274.6794242,-13.76018616,15.07771151,13.943653,11.231231,26.736571,1,IN
1905,274.6962478,-13.75934253,18.41736093,16.450159,11.231231,30.07622,1,IN
1928,274.6909499,-13.75887204,19.31508815,17.441119,11.351351,31.07725,1,IN
1929,274.6573734,-13.7538492,15.12343771,13.99475,11.351351,26.8856,1,IN
1930,274.6706678,-13.75280245,16.9894571,15.289851,11.351351,28.751619,1,IN
1931,274.6937576,-13.75055197,19.41115421,17.563474,11.351351,31.173317,1,IN
1932,274.6894494,-13.75022434,18.17010812,16.266616,11.351351,29.93227,1,IN
1933,274.6619743,-13.79672104,18.83539237,16.894978,11.351351,30.597555,1,IN
1934,274.6553737,-13.78718591,19.10464597,17.206757,11.351351,30.866808,1,IN
1935,274.6624289,-13.78544246,18.74581438,16.792968,11.351351,30.507977,1,IN
1936,274.6954076,-13.78469607,18.68239386,16.73519,11.351351,30.444556,1,IN
1937,274.6569387,-13.78366752,18.1739552,16.258703,11.351351,29.936118,1,IN
1938,274.6506533,-13.78265752,19.54276159,17.692631,11.351351,31.304924,1,IN
1939,274.6503591,-13.78224372,19.44437785,17.584361,11.471471,31.309843,1,IN
1940,274.6655741,-13.77942314,15.24145504,14.092125,11.471471,27.106921,1,IN
1941,274.6913232,-13.77811536,18.56190386,16.582217,11.471471,30.427369,1,IN
1942,274.6535803,-13.77655042,20.00431433,18.189739,11.471471,31.86978,1,IN
1943,274.6650104,-13.77631224,19.71314563,17.892664,11.471471,31.578611,1,IN
1944,274.6711743,-13.77339501,15.03923883,13.90029,11.471471,26.904704,1,IN
1927,274.6788404,-13.75913882,19.31565893,17.462906,11.351351,31.077821,1,IN
1926,274.6498952,-13.76077548,19.89329139,18.070955,11.351351,31.655454,1,IN
1925,274.6987233,-13.76204109,18.70793346,16.765488,11.351351,30.470096,1,IN
1924,274.6619162,-13.76245538,18.17401869,16.262069,11.351351,29.936181,1,IN
1906,274.6980542,-13.75557193,19.7715815,17.986871,11.231231,31.430441,1,IN
1907,274.6771348,-13.75514164,20.09553669,18.322561,11.231231,31.754396,1,IN
1908,274.6917027,-13.75477336,20.09992292,18.336442,11.231231,31.758782,1,IN
1909,274.6742057,-13.75376208,15.07778444,13.929371,11.231231,26.736643,1,IN
1910,274.6647761,-13.79857704,19.77237294,17.957598,11.231231,31.431232,1,IN
1911,274.6613416,-13.79583674,19.06215365,17.165269,11.231231,30.721013,1,IN
1912,274.6596213,-13.79513081,19.3842564,17.532809,11.231231,31.043115,1,IN
1913,274.6576337,-13.79281004,19.65032339,17.843683,11.231231,31.309182,1,IN
1862,274.6764014,-13.75173691,19.69208308,17.929858,10.990991,31.144335,1,IN
1914,274.6719522,-13.79015728,19.39732354,17.587824,11.231231,31.056183,1,IN
1916,274.6669805,-13.77527776,14.65500585,13.479782,11.351351,26.417168,1,IN
1917,274.6644987,-13.77307757,19.80555265,18.002553,11.351351,31.567715,1,IN
1918,274.6609293,-13.76845473,19.67959051,17.850705,11.351351,31.441753,1,IN
1919,274.6859708,-13.76825254,19.67221923,17.848064,11.351351,31.434382,1,IN
1920,274.6980213,-13.76785515,18.37734638,16.408058,11.351351,30.139509,1,IN
1921,274.6651114,-13.76597208,19.90454235,18.105994,11.351351,31.666705,1,IN
1922,274.6535464,-13.76491371,19.23547503,17.337717,11.351351,30.997637,1,IN
1923,274.6804312,-13.76479054,20.24105875,18.451899,11.351351,32.003221,1,IN
1915,274.6692768,-13.78944444,19.74832496,17.943557,11.231231,31.407184,1,IN
1693,274.6860671,-13.77788753,19.61512139,17.930921,10.39039,30.550857,1,IN
1692,274.6857611,-13.78016164,14.14229839,13.120029,10.39039,25.078034,1,IN
1691,274.6902233,-13.78248271,14.33897585,13.248078,10.39039,25.274712,1,IN
1462,274.6937716,-13.78980484,18.49934069,16.803408,9.3093093,28.505347,1,IN
1463,274.6861978,-13.78949722,18.00325658,16.259951,9.3093093,28.009263,1,IN
1464,274.6669329,-13.78880266,19.48771132,17.89528,9.3093093,29.493717,1,IN
1465,274.6870806,-13.78809366,18.98442119,17.385943,9.3093093,28.990427,1,IN
1466,274.6694613,-13.78644729,18.38231835,16.682201,9.3093093,28.388324,1,IN
1467,274.674238,-13.78455154,14.40395737,13.448695,9.3093093,24.409964,1,IN
1468,274.6552519,-13.78250229,19.25156346,17.637251,9.4294294,29.360873,1,IN
1469,274.6862395,-13.77939706,18.8868547,17.24108,9.4294294,28.996164,1,IN
1470,274.6548524,-13.77861207,19.5001177,17.927862,9.4294294,29.609427,1,IN
1471,274.6610458,-13.77794685,16.42979492,14.935116,9.4294294,26.539104,1,IN
1472,274.6799465,-13.77759253,14.18811873,13.218516,9.4294294,24.297428,1,IN
1473,274.6633104,-13.77710842,18.76316801,17.078536,9.4294294,28.872477,1,IN
1474,274.6928886,-13.77130241,18.27705721,16.545682,9.4294294,28.386367,1,IN
1475,274.65988,-13.77002729,19.77551017,18.194579,9.4294294,29.88482,1,IN
1476,274.6770338,-13.76281095,18.85679168,17.178402,9.4294294,28.966101,1,IN
1477,274.6952664,-13.76158542,19.85622698,18.294443,9.4294294,29.965536,1,IN
1478,274.6844998,-13.75974062,18.8696557,17.188829,9.4294294,28.978965,1,IN
1461,274.6681103,-13.7930611,19.11152849,17.478258,9.3093093,29.117535,1,IN
1479,274.6994003,-13.75795872,18.5698119,16.875467,9.4294294,28.679121,1,IN
1460,274.6649688,-13.79603564,15.70775494,14.320857,9.3093093,25.713761,1,IN
1458,274.679045,-13.75717816,18.83816442,17.198876,9.3093093,28.844171,1,IN
1441,274.6810577,-13.79459119,18.45353966,16.763577,9.1891892,28.356242,1,IN
1442,274.6717646,-13.79285928,19.26646477,17.6811,9.1891892,29.169168,1,IN
1443,274.6640104,-13.79242076,18.13994784,16.413885,9.1891892,28.042651,1,IN
1444,274.662365,-13.7921865,18.8339528,17.213611,9.1891892,28.736656,1,IN
1445,274.6967696,-13.79161437,17.84100551,16.101883,9.1891892,27.743708,1,IN
1446,274.6912265,-13.78893483,18.9528232,17.315703,9.1891892,28.855526,1,IN
1447,274.6785552,-13.7857046,18.26346642,16.556591,9.1891892,28.166169,1,IN
1448,274.6947844,-13.78562552,18.80581473,17.18497,9.1891892,28.708518,1,IN
1449,274.6563667,-13.78298667,18.79211383,17.158048,9.1891892,28.694817,1,IN
1450,274.6523133,-13.77882117,18.65949943,16.962169,9.3093093,28.665506,1,IN
1451,274.6533965,-13.77417223,20.27456054,18.774515,9.3093093,30.280567,1,IN
1452,274.6493594,-13.77253169,18.17549292,16.452989,9.3093093,28.181499,1,IN
1453,274.6554666,-13.77168539,18.39477345,16.682763,9.3093093,28.40078,1,IN
1454,274.6732323,-13.77102654,17.82031401,16.06323,9.3093093,27.82632,1,IN
1455,274.6856626,-13.76807797,18.34039884,16.629469,9.3093093,28.346405,1,IN
1456,274.6766883,-13.76142845,17.46152985,15.773946,9.3093093,27.467536,1,IN
1457,274.6828943,-13.76032147,18.48122419,16.765334,9.3093093,28.48723,1,IN
1459,274.6592601,-13.79931825,18.72249272,17.057096,9.3093093,28.728499,1,IN
1440,274.6628089,-13.796526,17.96959872,16.236255,9.1891892,27.872302,1,IN
1480,274.6527698,-13.75456228,20.34308203,18.928773,9.4294294,30.452391,1,IN
1482,274.666803,-13.79743029,18.42222055,16.713112,9.4294294,28.53153,1,IN
1504,274.6770303,-13.76597397,19.53190445,17.945925,9.5495495,29.744517,1,IN
1505,274.6545121,-13.76430403,18.00680486,16.227806,9.5495495,28.219418,1,IN
1506,274.6839714,-13.75908761,18.40573205,16.677219,9.5495495,28.618345,1,IN
1507,274.6784719,-13.75852174,18.55961474,16.842779,9.5495495,28.772227,1,IN
1508,274.6822268,-13.75780713,18.06429536,16.28099,9.5495495,28.276908,1,IN
1509,274.6956839,-13.75690728,19.18766828,17.547787,9.5495495,29.400281,1,IN
1510,274.693549,-13.75191508,18.4341621,16.710824,9.5495495,28.646775,1,IN
1511,274.6676527,-13.79075617,18.58286541,16.870954,9.5495495,28.795478,1,IN
1512,274.6508792,-13.78779884,18.25819092,16.51157,9.5495495,28.470804,1,IN
1513,274.694222,-13.78712844,18.93715709,17.289346,9.5495495,29.14977,1,IN
1514,274.6659538,-13.78666875,19.78777403,18.217971,9.5495495,30.000387,1,IN
1515,274.6593115,-13.78352104,19.62685456,18.015092,9.5495495,29.839467,1,IN
1516,274.66805,-13.78294421,14.38723139,13.423123,9.5495495,24.599844,1,IN
1517,274.6567866,-13.78062654,17.95755384,16.170505,9.6696697,28.27347,1,IN
1518,274.6879317,-13.77965004,18.03985379,16.254591,9.6696697,28.35577,1,IN
1519,274.6557056,-13.77774612,19.31213077,17.685391,9.6696697,29.628047,1,IN
1520,274.6880792,-13.77672901,18.6214177,16.914993,9.6696697,28.937334,1,IN
1503,274.6774592,-13.76890176,18.77710394,17.122305,9.5495495,28.989717,1,IN
1481,274.6798762,-13.75252635,19.69973105,18.12666,9.4294294,29.80904,1,IN
1502,274.6600856,-13.77023758,19.44576702,17.854302,9.5495495,29.65838,1,IN
1500,274.6536268,-13.77286071,18.90716811,17.216462,9.5495495,29.119781,1,IN
1483,274.6685103,-13.792386,18.43508244,16.722605,9.4294294,28.544392,1,IN
1484,274.6686188,-13.79079167,19.32802556,17.711249,9.4294294,29.437335,1,IN
1485,274.6988924,-13.79030685,18.35917403,16.642211,9.4294294,28.468483,1,IN
1486,274.6628944,-13.79009754,18.90071186,17.269085,9.4294294,29.010021,1,IN
1487,274.6657092,-13.78808578,19.1262866,17.502225,9.4294294,29.235596,1,IN
1488,274.6918659,-13.78596811,19.84502561,18.26397,9.4294294,29.954335,1,IN
1489,274.6642909,-13.78560363,14.10959296,13.126737,9.4294294,24.218902,1,IN
1490,274.6762536,-13.78529633,18.03283746,16.280262,9.4294294,28.142147,1,IN
1491,274.6544552,-13.78449838,19.51798598,17.908893,9.4294294,29.627295,1,IN
1492,274.6727062,-13.7839549,16.80272888,15.239058,9.4294294,26.912038,1,IN
1493,274.656652,-13.78365767,18.99318322,17.349986,9.4294294,29.102493,1,IN
1494,274.6509865,-13.78279682,18.86574034,17.201236,9.4294294,28.97505,1,IN
1495,274.6528385,-13.78130655,18.19351774,16.422253,9.5495495,28.40613,1,IN
1496,274.6512169,-13.77962931,18.9274183,17.286684,9.5495495,29.140031,1,IN
1497,274.6827348,-13.7780367,16.55683898,15.030988,9.5495495,26.769452,1,IN
1498,274.6532412,-13.77406811,19.3741776,17.744374,9.5495495,29.58679,1,IN
1499,274.6967921,-13.77325884,18.4589332,16.734121,9.5495495,28.671546,1,IN
1501,274.6862063,-13.77057035,14.278204,13.351998,9.5495495,24.490817,1,IN
1439,274.6561881,-13.79747363,18.93971694,17.322794,9.1891892,28.84242,1,IN
1438,274.657903,-13.79861824,19.26378139,17.700084,9.1891892,29.166484,1,IN
1437,274.6728884,-13.7628687,18.80175071,17.179538,9.1891892,28.704454,1,IN
1377,274.6654652,-13.78641102,18.15974203,16.519182,8.7087087,27.649232,1,IN
1378,274.6747969,-13.78513322,14.05054454,13.167334,8.7087087,23.540034,1,IN
1379,274.6715432,-13.78286274,17.81746486,16.134235,8.7087087,27.306954,1,IN
1380,274.6750134,-13.78120301,13.86940724,13.009992,8.8288288,23.4622,1,IN
1381,274.6677942,-13.7756885,18.52147493,16.900398,8.8288288,28.114268,1,IN
1382,274.6579983,-13.77258663,18.58642538,16.987897,8.8288288,28.179218,1,IN
1383,274.6677891,-13.76434655,17.46895797,15.822013,8.8288288,27.061751,1,IN
1384,274.6739369,-13.7584776,18.97175146,17.428241,8.8288288,28.564544,1,IN
1385,274.6794421,-13.75594512,16.06190012,14.650287,8.8288288,25.654693,1,IN
1386,274.6865728,-13.75494979,16.5052258,15.016576,8.8288288,26.098019,1,IN
1387,274.6595053,-13.75376324,20.30570545,19.326207,8.8288288,29.898498,1,IN
1388,274.6595668,-13.79761899,13.97597018,13.062774,8.8288288,23.568763,1,IN
1389,274.6775768,-13.78744658,17.93814624,16.244124,8.8288288,27.530939,1,IN
1390,274.6505433,-13.78657289,18.39950359,16.786437,8.8288288,27.992297,1,IN
1391,274.6499403,-13.77564214,18.53299054,16.908085,8.9489489,28.229087,1,IN
1392,274.6499924,-13.77548354,18.89934753,17.327612,8.9489489,28.595444,1,IN
1393,274.6848197,-13.77467749,13.87794493,12.899904,8.9489489,23.574041,1,IN
1376,274.664809,-13.79080035,18.3214263,16.683727,8.7087087,27.810916,1,IN
1394,274.653435,-13.7730908,19.09986824,17.545513,8.9489489,28.795964,1,IN
1375,274.6601268,-13.79894258,18.93739828,17.391866,8.7087087,28.426888,1,IN
1373,274.6936749,-13.75342207,16.29508332,14.864615,8.7087087,25.784573,1,IN
1356,274.6752425,-13.76753466,17.11621444,15.532121,8.5885886,26.502401,1,IN
1357,274.6547306,-13.76740607,16.93925881,15.385668,8.5885886,26.325445,1,IN
1358,274.6832991,-13.7614496,17.81104027,16.138445,8.5885886,27.197227,1,IN
1359,274.6956908,-13.76131967,18.16166276,16.545204,8.5885886,27.547849,1,IN
1360,274.6693901,-13.76097269,19.6055733,18.124155,8.5885886,28.99176,1,IN
1361,274.7000412,-13.7596766,18.99747598,17.497931,8.5885886,28.383662,1,IN
1362,274.6542807,-13.7551587,20.25258777,19.301408,8.5885886,29.638774,1,IN
1363,274.6875931,-13.752177,18.28637342,16.660118,8.5885886,27.67256,1,IN
1364,274.668632,-13.78840423,13.9078513,13.029463,8.5885886,23.294038,1,IN
1365,274.6498575,-13.78223328,17.32555176,15.696587,8.7087087,26.815041,1,IN
1366,274.6649919,-13.77669364,19.65050641,18.147624,8.7087087,29.139996,1,IN
1367,274.6703219,-13.77664083,13.82705267,12.77189,8.7087087,23.316542,1,IN
1368,274.6655937,-13.77264509,19.02316455,17.482147,8.7087087,28.512654,1,IN
1369,274.6761319,-13.76849871,17.89817096,16.205115,8.7087087,27.387661,1,IN
1370,274.6532064,-13.76689514,18.31915999,16.694323,8.7087087,27.80865,1,IN
1371,274.6559943,-13.76621294,18.49119444,16.871074,8.7087087,27.980684,1,IN
1372,274.6713736,-13.75561527,18.54902548,16.946342,8.7087087,28.038515,1,IN
1374,274.6680318,-13.79894367,18.01556999,16.361041,8.7087087,27.50506,1,IN
1395,274.6920897,-13.77095339,19.1087364,17.568846,8.9489489,28.804833,1,IN
1396,274.6948314,-13.76954372,18.01534709,16.300121,8.9489489,27.711443,1,IN
1397,274.6577773,-13.76764055,18.73352125,17.110124,8.9489489,28.429617,1,IN
1420,274.6836097,-13.75643616,18.58194319,16.931306,9.0690691,28.381343,1,IN
1421,274.6956855,-13.75156095,17.50984479,15.84329,9.0690691,27.309244,1,IN
1422,274.6770902,-13.79539324,19.31285407,17.778048,9.0690691,29.112254,1,IN
1423,274.6689341,-13.79473097,14.52077691,13.595203,9.0690691,24.320176,1,IN
1424,274.6700033,-13.79405105,18.25896478,16.577113,9.0690691,28.058364,1,IN
1425,274.6691235,-13.78850547,16.47617949,14.983471,9.0690691,26.275579,1,IN
1426,274.6928373,-13.78797706,18.90316035,17.320904,9.0690691,28.70256,1,IN
1427,274.6718873,-13.78642824,18.66915224,17.053496,9.0690691,28.468552,1,IN
1428,274.6771948,-13.78442127,19.40979871,17.851465,9.0690691,29.209198,1,IN
1429,274.6565137,-13.78143118,18.4827591,16.829567,9.1891892,28.385462,1,IN
1430,274.6897699,-13.78085354,18.9528216,17.340009,9.1891892,28.855524,1,IN
1431,274.6518078,-13.77996838,18.95255582,17.316522,9.1891892,28.855259,1,IN
1432,274.65558,-13.77596802,13.95655343,12.971552,9.1891892,23.859256,1,IN
1433,274.666782,-13.77366525,19.78928101,18.238344,9.1891892,29.691984,1,IN
1434,274.6937592,-13.77287505,19.43225219,17.8652,9.1891892,29.334955,1,IN
1435,274.6581117,-13.77271719,19.61161031,18.073076,9.1891892,29.514313,1,IN
1436,274.6574253,-13.771245,18.82635356,17.221515,9.1891892,28.729056,1,IN
1419,274.6895784,-13.75771828,18.11075599,16.395108,9.0690691,27.910156,1,IN
1418,274.666121,-13.75976709,18.78862509,17.200352,9.0690691,28.588025,1,IN
1417,274.6948371,-13.7604429,19.30187471,17.744387,9.0690691,29.101274,1,IN
1416,274.6942211,-13.77769351,18.7540161,17.130933,9.0690691,28.553416,1,IN
1398,274.6951485,-13.76715057,17.04297263,15.461786,8.9489489,26.739069,1,IN
1399,274.6992364,-13.76633437,16.35920202,14.905018,8.9489489,26.055298,1,IN
1400,274.6874786,-13.76476124,19.44779656,17.900576,8.9489489,29.143893,1,IN
1401,274.6752476,-13.75879926,18.61488641,16.976091,8.9489489,28.310983,1,IN
1402,274.6811861,-13.75393813,18.3742321,16.705644,8.9489489,28.070328,1,IN
1403,274.6597102,-13.75271257,20.20009581,18.758019,8.9489489,29.896192,1,IN
1404,274.6908568,-13.79936685,16.01687981,14.618472,8.9489489,25.712976,1,IN
1405,274.6611151,-13.79868069,18.87049511,17.293814,8.9489489,28.566591,1,IN
1521,274.6831607,-13.77515132,19.07372546,17.382517,9.6696697,29.389642,1,IN
1406,274.6662369,-13.79100356,18.54964861,16.901503,8.9489489,28.245745,1,IN
1408,274.6725283,-13.79011688,18.21870114,16.539997,8.9489489,27.914797,1,IN
1409,274.6768279,-13.78865865,18.28536882,16.624532,8.9489489,27.981465,1,IN
1410,274.6822041,-13.78732004,19.72640043,18.211956,8.9489489,29.422497,1,IN
1411,274.6505745,-13.78616396,19.76344859,18.244593,8.9489489,29.459545,1,IN
1412,274.6695334,-13.78569466,19.26868691,17.723103,8.9489489,28.964783,1,IN
1413,274.6940648,-13.78558628,18.38240114,16.709887,8.9489489,28.078497,1,IN
1414,274.6742864,-13.78387586,18.75825514,17.177021,8.9489489,28.454351,1,IN
1415,274.6612918,-13.78237699,18.43236936,16.757329,9.0690691,28.231769,1,IN
1407,274.6643524,-13.79049297,17.03700468,15.449976,8.9489489,26.733101,1,IN
1522,274.6514006,-13.77486747,18.94044934,17.279728,9.6696697,29.256365,1,IN
1523,274.6795965,-13.77453104,14.13703834,13.126523,9.6696697,24.452954,1,IN
1524,274.6656952,-13.77428239,19.19855701,17.542231,9.6696697,29.514473,1,IN
1631,274.6875968,-13.78441065,18.72863738,16.962461,10.03003,29.354463,1,IN
1632,274.6497213,-13.78334102,14.30819427,13.335889,10.03003,24.93402,1,IN
1633,274.6813391,-13.77904734,14.24306719,13.174416,10.15015,24.972196,1,IN
1634,274.6520395,-13.77858643,20.11386939,18.472951,10.15015,30.842999,1,IN
1635,274.6911155,-13.77399905,13.81723761,12.822788,10.15015,24.546367,1,IN
1636,274.6549939,-13.77355849,19.05588975,17.318291,10.15015,29.785019,1,IN
1637,274.6581335,-13.77079732,19.20986671,17.475261,10.15015,29.938996,1,IN
1638,274.6639184,-13.77049114,14.21719357,13.100037,10.15015,24.946323,1,IN
1639,274.6902248,-13.77018311,19.2151053,17.532316,10.15015,29.944235,1,IN
1640,274.6748348,-13.76987674,16.42685382,14.885654,10.15015,27.155983,1,IN
1641,274.6766235,-13.76716862,14.20473228,13.042758,10.15015,24.933862,1,IN
1642,274.682874,-13.76567967,18.93657481,17.185097,10.15015,29.665704,1,IN
1643,274.6654332,-13.76533835,19.90492731,18.256899,10.15015,30.634057,1,IN
1644,274.6542795,-13.76442761,19.35723269,17.660414,10.15015,30.086362,1,IN
1645,274.6760049,-13.76337672,19.45796638,17.754172,10.15015,30.187096,1,IN
1646,274.6755312,-13.76337775,19.70553974,18.031345,10.15015,30.434669,1,IN
1647,274.6841436,-13.75959027,18.9543973,17.219641,10.15015,29.683527,1,IN
1630,274.6773666,-13.78555733,19.53634249,17.873807,10.03003,30.162168,1,IN
1648,274.6855209,-13.75928613,18.56890042,16.762805,10.15015,29.29803,1,IN
1629,274.6542555,-13.78644868,17.66961139,15.897656,10.03003,28.295437,1,IN
1627,274.6909848,-13.79281956,15.11368505,13.742432,10.03003,25.739511,1,IN
1610,274.6516184,-13.77455061,19.41835199,17.733046,10.03003,30.044178,1,IN
1611,274.6968009,-13.7730827,18.84039387,17.096042,10.03003,29.46622,1,IN
1612,274.6585014,-13.77034916,19.67526079,18.018869,10.03003,30.301087,1,IN
1613,274.6503193,-13.76697794,19.05906786,17.346494,10.03003,29.684894,1,IN
1614,274.6716824,-13.76633216,19.06050812,17.354471,10.03003,29.686334,1,IN
1615,274.6800735,-13.76497026,19.17291648,17.460711,10.03003,29.798742,1,IN
1616,274.6710007,-13.76151989,18.00377728,16.178304,10.03003,28.629603,1,IN
1617,274.6828624,-13.761004,18.52646326,16.734385,10.03003,29.152289,1,IN
1618,274.6784979,-13.75961005,19.31684263,17.601055,10.03003,29.942669,1,IN
1619,274.6751404,-13.7593542,19.19058578,17.48043,10.03003,29.816412,1,IN
1620,274.6821423,-13.75816638,18.91978573,17.189061,10.03003,29.545612,1,IN
1621,274.683097,-13.75815548,19.05992385,17.339629,10.03003,29.68575,1,IN
1622,274.672799,-13.75704716,19.02175903,17.283727,10.03003,29.647585,2,IN
1623,274.6986641,-13.75668269,18.92451196,17.176149,10.03003,29.550338,2,IN
1624,274.6905445,-13.75586679,19.75565934,18.11084,10.03003,30.381485,2,IN
1625,274.6989038,-13.75578049,18.37148626,16.561804,10.03003,28.997312,2,IN
1626,274.6609258,-13.79881873,18.90683682,17.188293,10.03003,29.532663,2,IN
1628,274.6806215,-13.7894248,16.59162933,15.017666,10.03003,27.217455,2,IN
1649,274.6812603,-13.75923813,19.22337667,17.48932,10.15015,29.952506,2,IN
1650,274.6870394,-13.75887501,17.21249737,15.531862,10.15015,27.941627,2,IN
1651,274.6849704,-13.75258675,19.53528362,17.868954,10.15015,30.264413,2,IN
1674,274.6805457,-13.7586223,19.99204295,18.343007,10.27027,30.824476,2,IN
1675,274.6737619,-13.75806281,19.24189712,17.511573,10.27027,30.07433,2,IN
1676,274.6945048,-13.75686287,19.49631368,17.816256,10.27027,30.328746,2,IN
1677,274.7001805,-13.75594225,19.14422387,17.422148,10.27027,29.976656,2,IN
1678,274.6798744,-13.75564121,19.48355239,17.780037,10.27027,30.315985,2,IN
1679,274.6754893,-13.75540917,19.48175266,17.806026,10.27027,30.314185,2,IN
1680,274.6547683,-13.7516083,14.30365123,13.227313,10.27027,25.136084,2,IN
1681,274.6539544,-13.79619168,18.67243013,16.867291,10.27027,29.504863,2,IN
1682,274.6917678,-13.78970284,18.61132556,16.806328,10.27027,29.443758,2,IN
1683,274.6738411,-13.78934955,14.59874441,13.549908,10.27027,25.431177,2,IN
1684,274.6988845,-13.78904515,18.93884011,17.168946,10.27027,29.771273,2,IN
1685,274.6934578,-13.78897072,19.10779629,17.362738,10.27027,29.940229,2,IN
1686,274.6907515,-13.7881277,19.37725199,17.663832,10.27027,30.209685,2,IN
1687,274.6712035,-13.78482361,14.57676976,13.552796,10.27027,25.409202,2,IN
1688,274.658322,-13.78442451,18.81538693,17.046524,10.27027,29.64782,2,IN
1689,274.6739839,-13.78323022,18.9389041,17.180467,10.27027,29.771337,2,IN
1690,274.6750981,-13.78303084,18.09440131,16.246158,10.27027,28.926834,2,IN
1673,274.6962603,-13.75864347,19.23239924,17.489142,10.27027,30.064832,2,IN
1672,274.6809149,-13.7587877,19.3840883,17.663522,10.27027,30.216521,2,IN
1671,274.6977106,-13.75899882,19.65425147,17.989901,10.27027,30.486684,2,IN
1670,274.6856958,-13.75932276,19.84819832,18.186613,10.27027,30.680631,2,IN
1652,274.6588,-13.79797488,14.87394222,13.829282,10.15015,25.603071,2,IN
1653,274.6649098,-13.79770744,19.20825264,17.476288,10.15015,29.937382,2,IN
1654,274.6563549,-13.79747477,18.606737,16.817332,10.15015,29.335866,2,IN
1655,274.6675093,-13.78985948,19.0867061,17.370739,10.15015,29.815835,2,IN
1656,274.6954326,-13.7887053,19.20406358,17.499219,10.15015,29.933193,2,IN
1657,274.6675871,-13.78762902,18.90250561,17.160397,10.15015,29.631635,2,IN
1658,274.6761668,-13.78615706,19.06814687,17.312371,10.15015,29.797276,2,IN
1659,274.6747135,-13.78282855,18.12028978,16.276136,10.15015,28.849419,2,IN
1609,274.6698721,-13.77523183,19.76874428,18.107902,10.03003,30.39457,2,IN
1660,274.6587918,-13.7819001,20.14183616,18.482593,10.27027,30.974269,2,IN
1662,274.6495069,-13.78047778,18.78584089,16.991638,10.27027,29.618273,2,IN
1663,274.6893974,-13.77953462,18.13700917,16.280466,10.27027,28.969442,2,IN
1664,274.6605424,-13.77551351,19.24931388,17.514711,10.27027,30.081746,2,IN
1665,274.6974531,-13.76812703,19.2584996,17.531479,10.27027,30.090932,2,IN
1666,274.6762471,-13.76755623,18.93090442,17.168569,10.27027,29.763337,2,IN
1667,274.6921946,-13.76749455,18.3512623,16.497679,10.27027,29.183695,2,IN
1668,274.6761549,-13.76175247,19.10881476,17.366434,10.27027,29.941247,2,IN
1669,274.6746203,-13.76084985,16.96157395,15.328029,10.27027,27.794007,2,IN
1661,274.658271,-13.78158189,16.61150625,15.024294,10.27027,27.443939,2,IN
2029,274.6637644,-13.77603592,15.02370801,13.834276,11.831832,27.199084,2,IN
1608,274.6657022,-13.7757477,19.02828541,17.309124,10.03003,29.654111,2,IN
1606,274.6551207,-13.7779022,19.16749494,17.458197,10.03003,29.793321,2,IN
1546,274.6614581,-13.77212201,18.85085405,17.136377,9.7897898,29.270073,2,IN
1547,274.6577485,-13.77083901,18.50674033,16.750842,9.7897898,28.92596,2,IN
1548,274.6786057,-13.77074249,18.64516038,16.902166,9.7897898,29.06438,2,IN
1549,274.6840886,-13.77048924,18.9453867,17.233249,9.7897898,29.364606,2,IN
1550,274.6901452,-13.77033157,19.22707727,17.553275,9.7897898,29.646297,2,IN
1551,274.6876279,-13.76688837,18.32813961,16.530871,9.7897898,28.747359,2,IN
1552,274.6738335,-13.76487656,18.50147573,16.74292,9.7897898,28.920695,2,IN
1553,274.6800872,-13.7622571,19.12043631,17.466102,9.7897898,29.539656,2,IN
1554,274.6771814,-13.76181708,18.47448299,16.705533,9.7897898,28.893702,2,IN
1555,274.6639601,-13.75940937,18.51595428,16.758924,9.7897898,28.935174,2,IN
1556,274.6774485,-13.75664201,18.98471619,17.279688,9.7897898,29.403936,2,IN
1557,274.6983315,-13.75424741,16.55039496,15.014132,9.7897898,26.969614,2,IN
1558,274.6631663,-13.79697642,18.52163699,16.788387,9.7897898,28.940856,2,IN
1559,274.667742,-13.79665227,18.9756542,17.254066,9.7897898,29.394874,2,IN
1560,274.6586498,-13.79577177,14.25846841,13.254523,9.7897898,24.677688,2,IN
1561,274.6772241,-13.79440235,18.79071432,17.073421,9.7897898,29.209934,2,IN
1562,274.6673641,-13.79351211,18.52020686,16.756454,9.7897898,28.939426,2,IN
1545,274.6658681,-13.77326386,19.34837428,17.698857,9.7897898,29.767594,2,IN
1563,274.6976012,-13.79107571,18.9969366,17.318021,9.7897898,29.416156,2,IN
1544,274.6670088,-13.77388569,16.76951773,15.18787,9.7897898,27.188737,2,IN
1542,274.68384,-13.77685993,19.22611302,17.557317,9.7897898,29.645332,2,IN
1525,274.6543088,-13.77283215,18.93486492,17.24015,9.6696697,29.250781,2,IN
1526,274.6657683,-13.77216642,18.93869237,17.268959,9.6696697,29.254608,2,IN
1527,274.6579873,-13.76827064,18.94411936,17.256535,9.6696697,29.260035,2,IN
1528,274.6783151,-13.76812218,18.81450164,17.115876,9.6696697,29.130418,2,IN
1529,274.6828734,-13.76690607,18.47734909,16.728982,9.6696697,28.793265,2,IN
1530,274.6570991,-13.76606421,18.43197608,16.684218,9.6696697,28.747892,2,IN
1531,274.6625553,-13.76415376,18.58362463,16.843146,9.6696697,28.899541,2,IN
1532,274.6812081,-13.76233855,18.35971889,16.585655,9.6696697,28.675635,2,IN
1533,274.6620028,-13.76172473,18.9256462,17.235417,9.6696697,29.241562,2,IN
1534,274.694411,-13.76004239,19.30890541,17.658013,9.6696697,29.624821,2,IN
1535,274.6784129,-13.79109844,14.10789287,13.065608,9.6696697,24.423809,2,IN
1536,274.6947041,-13.78938301,18.77141147,17.06348,9.6696697,29.087328,2,IN
1537,274.6883889,-13.78801062,16.08033284,14.615814,9.6696697,26.396249,2,IN
1538,274.6927935,-13.78681264,19.20749061,17.55983,9.6696697,29.523407,2,IN
1539,274.6860715,-13.78168466,14.31809683,13.318141,9.7897898,24.737316,2,IN
1540,274.6886798,-13.78099344,19.2290558,17.545622,9.7897898,29.648275,2,IN
1541,274.6790781,-13.77696216,14.53556422,13.529448,9.7897898,24.954784,2,IN
1543,274.6541762,-13.77463023,19.72016706,18.105851,9.7897898,30.139386,2,IN
1564,274.6779598,-13.78908249,18.517923,16.760071,9.7897898,28.937142,2,IN
1565,274.6634887,-13.78817128,16.88574815,15.294843,9.7897898,27.304968,2,IN
1566,274.6923851,-13.78775342,18.9694704,17.251017,9.7897898,29.38869,2,IN
1589,274.6868927,-13.76486346,19.28267983,17.617845,9.9099099,29.805202,2,IN
1590,274.6737786,-13.76400954,18.90468129,17.195937,9.9099099,29.427204,2,IN
1591,274.6692434,-13.76397938,19.27695523,17.612385,9.9099099,29.799478,2,IN
1592,274.6684803,-13.76218237,19.83201374,18.211975,9.9099099,30.354536,2,IN
1593,274.668862,-13.75973209,18.67205383,16.911737,9.9099099,29.194576,2,IN
1594,274.6939264,-13.75879902,17.21468416,15.54904,9.9099099,27.737207,2,IN
1595,274.6825491,-13.75735991,18.89465499,17.162213,9.9099099,29.417178,2,IN
1596,274.6963722,-13.75157144,18.83148896,17.088374,9.9099099,29.354012,2,IN
1597,274.664119,-13.79678983,18.88179388,17.174354,9.9099099,29.404317,2,IN
1598,274.666882,-13.79606981,14.47749548,13.498924,9.9099099,25.000018,2,IN
1599,274.6848427,-13.78912955,14.15445632,13.034746,9.9099099,24.676979,2,IN
1600,274.6970613,-13.7880266,19.37036997,17.717252,9.9099099,29.892893,2,IN
1601,274.6955122,-13.78662158,18.89768758,17.196092,9.9099099,29.42021,2,IN
1602,274.6937159,-13.7862,19.03397753,17.334105,9.9099099,29.5565,2,IN
1603,274.6541049,-13.78601145,18.28510706,16.481143,9.9099099,28.80763,2,IN
1604,274.6722747,-13.78297082,17.71666887,15.966665,9.9099099,28.239192,2,IN
1605,274.6696284,-13.78285218,14.8130573,13.820834,9.9099099,25.33558,2,IN
1588,274.6747024,-13.76597489,16.42054971,14.893571,9.9099099,26.943072,2,IN
1587,274.6843504,-13.7666563,18.88234333,17.14792,9.9099099,29.404866,2,IN
1586,274.6714338,-13.76705615,18.87896565,17.147329,9.9099099,29.401488,2,IN
1585,274.6581658,-13.76793702,18.82503484,17.104949,9.9099099,29.347558,2,IN
1567,274.6674994,-13.78497591,17.71652506,15.975931,9.7897898,28.135744,2,IN
1568,274.650906,-13.7825794,19.44249085,17.794958,9.7897898,29.86171,2,IN
1569,274.6552512,-13.7822362,19.63407779,17.988489,9.9099099,30.1566,2,IN
1570,274.6525549,-13.78191002,16.576684,15.020341,9.9099099,27.099207,2,IN
1571,274.6557678,-13.78122142,19.16394658,17.48997,9.9099099,29.686469,2,IN
1572,274.6894719,-13.78100225,19.36784198,17.710747,9.9099099,29.890365,2,IN
1573,274.658695,-13.7806554,20.30233789,18.703507,9.9099099,30.824861,2,IN
1574,274.6911586,-13.77990557,18.44020528,16.651184,9.9099099,28.962728,2,IN
1607,274.6862948,-13.77688049,18.93149897,17.220327,10.03003,29.557325,2,IN
1575,274.6923092,-13.77836108,18.48214447,16.708327,9.9099099,29.004667,2,IN
1577,274.6518842,-13.77720763,19.16557994,17.48037,9.9099099,29.688103,2,IN
1578,274.6545384,-13.77552437,19.16326323,17.470411,9.9099099,29.685786,2,IN
1579,274.6696686,-13.77509698,17.76653892,16.010541,9.9099099,28.289062,2,IN
1580,274.6493223,-13.77430657,19.49380505,17.829335,9.9099099,30.016328,2,IN
1581,274.6515578,-13.77354153,19.25859573,17.585561,9.9099099,29.781118,2,IN
1582,274.6836787,-13.77231238,19.14726215,17.487938,9.9099099,29.669785,2,IN
1583,274.653253,-13.77022533,19.9865967,18.350884,9.9099099,30.509119,2,IN
1584,274.6903199,-13.76867235,18.28198826,16.488894,9.9099099,28.804511,2,IN
1576,274.6525526,-13.77792312,18.36347112,16.570145,9.9099099,28.885994,2,IN
2030,274.6616584,-13.77310583,15.05364682,13.839349,11.831832,27.229022,2,IN
2031,274.6720781,-13.77137293,17.70680931,15.853734,11.831832,29.882185,2,IN
2032,274.6557848,-13.77069633,19.36840379,17.432495,11.831832,31.543779,2,IN
2478,274.692558,-13.75614063,19.21529507,16.767484,17.957958,36.659139,2,IN
2479,274.6837057,-13.79379219,18.58334317,16.237702,17.957958,36.027187,2,IN
2480,274.673878,-13.78559058,16.43731187,14.48896,17.957958,33.881156,2,IN
2481,274.66713,-13.78445105,16.79371606,14.654698,17.957958,34.23756,2,IN
2482,274.6902422,-13.76729497,18.20868714,15.908681,18.078078,35.755835,2,IN
2483,274.6938457,-13.75502169,20.1019597,17.491805,18.078078,37.649107,2,IN
2484,274.6801396,-13.78702765,19.57335885,17.044507,18.078078,37.120506,2,IN
2485,274.6921989,-13.7619161,19.38348416,16.879647,18.198198,37.033935,2,IN
2486,274.6812433,-13.79100952,17.93549627,15.661648,18.198198,35.585947,2,IN
2487,274.6947074,-13.77802433,18.75985469,16.366185,18.318318,36.513609,2,IN
2488,274.6975733,-13.7573541,16.7347672,14.587862,18.318318,34.488521,2,IN
2489,274.6700309,-13.76480048,17.23884242,15.338696,18.438438,35.0959,2,IN
2490,274.6898322,-13.76384465,18.13103228,15.815973,18.438438,35.98809,2,IN
2491,274.6936903,-13.7557367,18.53630196,16.164773,18.558559,36.496663,2,IN
2492,274.6550528,-13.79935328,15.13970786,13.304688,18.558559,33.100068,2,IN
2493,274.6552706,-13.79002348,19.27334322,16.783862,18.558559,37.233704,2,IN
2494,274.6533005,-13.78632664,16.6180234,14.647888,18.558559,34.578384,2,IN
2477,274.6869603,-13.77124615,18.71961488,16.351905,17.957958,36.163459,2,IN
2495,274.6649114,-13.75097717,20.07823449,17.421944,18.678679,38.141898,2,IN
2476,274.6517088,-13.79287764,16.53363393,14.4425,17.837838,33.874175,2,IN
2474,274.6949968,-13.77826654,19.04959627,16.629806,17.837838,36.390137,2,IN
2457,274.6540532,-13.77070608,17.64158136,15.45745,17.357357,34.568909,2,IN
2458,274.6557248,-13.76615813,16.39392787,14.35801,17.357357,33.321255,2,IN
2459,274.6721545,-13.78554621,16.95566361,15.188909,17.357357,33.882991,2,IN
2460,274.6828052,-13.7741663,16.49229211,14.43594,17.477477,33.522923,2,IN
2461,274.6911425,-13.75355706,17.85102721,15.62593,17.477477,34.881658,2,IN
2462,274.6710975,-13.78098094,16.8326273,15.028516,17.597598,33.966561,2,IN
2463,274.6506213,-13.77811926,17.02520703,15.231729,17.597598,34.159141,2,IN
2464,274.6795186,-13.77282357,19.96243976,17.389667,17.597598,37.096374,2,IN
2465,274.6508072,-13.75832458,18.98953204,16.59765,17.597598,36.123466,2,IN
2466,274.660814,-13.79247811,19.52084586,17.031477,17.597598,36.65478,2,IN
2467,274.6999594,-13.7871422,16.33923288,14.433277,17.597598,33.473167,2,IN
2468,274.6513862,-13.77752065,17.06757105,15.264324,17.717718,34.304809,2,IN
2469,274.6953329,-13.75680354,16.3825162,14.466227,17.717718,33.619754,2,IN
2470,274.6651883,-13.79597469,16.95287064,15.14343,17.717718,34.190108,2,IN
2471,274.6976217,-13.79378442,19.16140406,16.736413,17.717718,36.398642,2,IN
2472,274.6827484,-13.7876593,19.31455119,16.855511,17.717718,36.551789,2,IN
2473,274.6978533,-13.78506678,16.72570592,14.611488,17.717718,33.962943,2,IN
2475,274.6878093,-13.77101659,15.64930019,13.854752,17.837838,32.989841,2,IN
2456,274.6766045,-13.77593852,17.66212679,15.470492,17.357357,34.589454,2,IN
2496,274.6730634,-13.78365795,15.69922962,13.840502,18.678679,33.762894,2,IN
2498,274.6572399,-13.76702571,16.69793438,14.60451,18.798799,34.864902,2,IN
2520,274.6933471,-13.77113426,16.79310227,14.712274,19.159159,35.269979,2,IN
2521,274.6611997,-13.7612352,16.78527864,14.685979,19.159159,35.262156,2,IN
2522,274.6560704,-13.75014066,18.93788879,16.466763,19.159159,37.414766,2,IN
2523,274.6617293,-13.78355253,16.03002531,14.120934,19.159159,34.506902,2,IN
2524,274.6641482,-13.78328346,17.13579164,15.150969,19.159159,35.612669,2,IN
2525,274.6521052,-13.77798523,15.89822609,13.983766,19.279279,34.478407,2,IN
2526,274.6929874,-13.75883311,18.35619526,15.949624,19.279279,36.936376,2,IN
2527,274.660226,-13.79197519,18.65830194,16.216594,19.279279,37.238482,2,IN
2528,274.6580927,-13.77923085,16.4679616,14.512459,19.399399,35.151445,2,IN
2529,274.6620579,-13.77345153,17.19587192,15.227723,19.399399,35.879356,2,IN
2530,274.6706306,-13.77204537,15.62551979,13.692944,19.399399,34.309004,2,IN
2531,274.6501595,-13.78001058,15.21106656,13.288375,19.51952,33.997854,2,IN
2532,274.6710121,-13.76415206,17.02397936,15.040626,19.51952,35.810766,2,IN
2533,274.651854,-13.75942324,16.98180848,14.747793,19.51952,35.768596,2,IN
2534,274.6615484,-13.79791094,16.94838969,14.898808,19.51952,35.735177,2,IN
2535,274.6668318,-13.78245724,17.61092616,15.618534,19.63964,36.501017,2,IN
2536,274.6544028,-13.77907896,15.20793991,13.241082,19.63964,34.09803,2,IN
2519,274.6772747,-13.77115793,16.79500385,14.725196,19.159159,35.271881,2,IN
2497,274.6559821,-13.76843635,16.74510549,14.602773,18.798799,34.912073,2,IN
2518,274.6501389,-13.771507,17.20960398,15.223595,19.159159,35.686481,2,IN
2516,274.6782297,-13.7531415,16.21586064,14.307616,19.039039,34.589434,2,IN
2499,274.6872704,-13.76515059,15.57590283,13.710265,18.798799,33.74287,2,IN
2500,274.6898573,-13.784556,18.95356005,16.486465,18.798799,37.120527,2,IN
2501,274.6590396,-13.7791098,17.36969301,15.446275,18.918919,35.639964,2,IN
2502,274.691972,-13.77743962,15.50576238,13.630195,18.918919,33.776033,2,IN
2503,274.68086,-13.77389275,18.10651242,15.751393,18.918919,36.376783,2,IN
2504,274.6576858,-13.77224538,15.97415466,14.065946,18.918919,34.244425,2,IN
2505,274.6720856,-13.77197198,17.33667851,15.379135,18.918919,35.606949,2,IN
2506,274.677803,-13.76086677,15.03821883,13.179559,18.918919,33.308489,2,IN
2507,274.6914388,-13.75760809,18.9869601,16.513315,18.918919,37.257231,2,IN
2508,274.6778401,-13.75744881,17.37449853,15.420616,18.918919,35.644769,2,IN
2509,274.675818,-13.75578298,16.74908,14.738789,18.918919,35.019351,2,IN
2510,274.6787507,-13.79649149,19.0776557,16.599031,18.918919,37.347926,2,IN
2511,274.662176,-13.77165392,15.26828299,13.37093,19.039039,33.641857,2,IN
2512,274.6653106,-13.77067876,15.26685668,13.373158,19.039039,33.640431,2,IN
2513,274.6703704,-13.76336304,15.051111,13.180121,19.039039,33.424685,2,IN
2514,274.6768006,-13.75828067,15.51523067,13.625513,19.039039,33.888805,2,IN
2515,274.6747431,-13.75650857,15.81450352,13.903875,19.039039,34.188077,2,IN
2517,274.6697108,-13.77753599,17.11448514,14.859497,19.159159,35.591362,2,IN
2455,274.6713299,-13.77723149,16.71928846,14.958289,17.357357,33.646616,2,IN
2454,274.6704142,-13.79986855,18.900867,16.543097,17.237237,35.724891,2,IN
2453,274.6922979,-13.76439676,18.80497647,16.466684,17.237237,35.629001,2,IN
2393,274.6809565,-13.77353417,17.79775302,15.730695,15.435435,33.072228,2,IN
2394,274.6899317,-13.76795484,19.29814045,16.958832,15.435435,34.572615,2,IN
2395,274.6739101,-13.76293653,17.73332731,15.670185,15.435435,33.007802,2,IN
2396,274.6525018,-13.76239505,19.95351119,17.59644,15.435435,35.227986,2,IN
2397,274.6721099,-13.75348093,19.04566746,16.7496,15.435435,34.320142,2,IN
2398,274.6870903,-13.79233934,19.6357372,17.243675,15.435435,34.910212,2,IN
2399,274.6670476,-13.78748768,16.49409052,14.560067,15.435435,31.768565,2,IN
2400,274.6936751,-13.76333282,17.90822737,15.815466,15.555556,33.286005,2,IN
2401,274.7004535,-13.75097767,20.04630104,17.671974,15.555556,35.424079,2,IN
2402,274.6598207,-13.79657493,17.48979823,15.451466,15.555556,32.867576,2,IN
2403,274.664302,-13.78063372,17.32906263,15.296497,15.675676,32.810144,2,IN
2404,274.6513403,-13.76132867,19.13436426,16.814839,15.675676,34.615446,2,IN
2405,274.6886199,-13.75314838,18.06284195,15.936471,15.675676,33.543923,2,IN
2406,274.7000771,-13.78978336,17.93289825,15.827617,15.675676,33.41398,2,IN
2407,274.6666954,-13.77732557,18.53404954,16.323985,15.795796,34.118434,2,IN
2408,274.6689266,-13.77391154,18.67942801,16.435322,15.795796,34.263813,2,IN
2409,274.686708,-13.75016184,18.89594563,16.610176,15.795796,34.48033,2,IN
2392,274.6770139,-13.78284973,17.68664314,15.631792,15.315315,32.857815,2,IN
2410,274.6919863,-13.78969402,17.46877852,15.41897,15.795796,33.053163,2,IN
2391,274.6991832,-13.78098517,17.06625773,15.102814,15.315315,32.237429,2,IN
2389,274.6732035,-13.79808844,18.91374258,16.646267,15.195195,33.981611,2,IN
2372,274.6941576,-13.75766448,18.76226486,16.549259,14.954955,33.623526,2,IN
2373,274.672258,-13.79122838,17.2305446,15.269909,14.954955,32.091806,2,IN
2374,274.6700919,-13.79117017,15.59233704,14.00436,14.954955,30.453599,2,IN
2375,274.6817274,-13.78858106,19.47889048,17.139956,14.954955,34.340152,2,IN
2376,274.6995885,-13.78307006,18.85335802,16.605839,14.954955,33.714619,2,IN
2377,274.6816346,-13.76475028,17.53597531,15.527999,15.075075,32.50054,2,IN
2378,274.6976672,-13.76439367,17.16998771,15.194582,15.075075,32.134552,2,IN
2379,274.6904954,-13.7534085,20.04016555,17.718039,15.075075,35.00473,2,IN
2380,274.6740899,-13.75045264,19.75097608,17.408385,15.075075,34.715541,2,IN
2381,274.697072,-13.79978303,19.18666307,16.888895,15.075075,34.151228,2,IN
2382,274.6577212,-13.7936487,19.02954658,16.758428,15.075075,33.994111,2,IN
2383,274.6525426,-13.79029711,18.38569564,16.234556,15.075075,33.35026,2,IN
2384,274.6872347,-13.78508288,18.2881238,16.156671,15.075075,33.252689,2,IN
2385,274.67544,-13.78497909,17.85321332,15.801966,15.075075,32.817778,2,IN
2386,274.6929938,-13.7806308,17.03337821,15.071871,15.195195,32.101246,2,IN
2387,274.6702042,-13.77553693,19.54311639,17.172531,15.195195,34.610984,2,IN
2388,274.6982858,-13.79889238,19.48515517,17.103647,15.195195,34.553023,2,IN
2390,274.6977849,-13.78185,17.95812807,15.868914,15.315315,33.129299,2,IN
2411,274.7001358,-13.78691226,17.80701696,15.708993,15.795796,33.391402,2,IN
2412,274.6922948,-13.77231179,19.1129772,16.773909,15.915916,34.800665,2,IN
2413,274.6690863,-13.77026955,19.88764622,17.453367,15.915916,35.575334,2,IN
2436,274.6754938,-13.76639352,15.05718438,13.4589,16.396396,31.158086,2,IN
2437,274.6666642,-13.76453543,16.32293291,14.345719,16.396396,32.423834,2,IN
2438,274.6990783,-13.75865468,17.36960961,15.281202,16.396396,33.470511,2,IN
2439,274.6548063,-13.7764885,16.96964106,14.912614,16.516517,33.173846,2,IN
2440,274.6610348,-13.77278363,18.3939586,16.16745,16.516517,34.598163,2,IN
2441,274.6877527,-13.76635762,18.02874297,15.857134,16.516517,34.232947,2,IN
2442,274.67518,-13.76620098,16.76762639,14.72576,16.516517,32.971831,2,IN
2443,274.6515205,-13.76345608,18.81939274,16.514703,16.516517,35.023597,2,IN
2444,274.7000185,-13.76607729,18.34052712,16.115094,16.636637,34.648035,2,IN
2445,274.6690994,-13.77863433,17.47822333,15.348509,16.756757,33.889034,2,IN
2446,274.6986159,-13.77855503,20.37318232,17.858914,16.756757,36.783993,2,IN
2447,274.6700624,-13.76309525,16.64340162,14.921933,16.756757,33.054213,2,IN
2448,274.6976234,-13.79877874,18.42292589,16.165806,16.876877,34.93704,2,IN
2449,274.6584834,-13.78193216,16.97919613,14.865747,17.117117,33.699917,2,IN
2450,274.6780507,-13.7759839,18.92662609,16.571346,17.117117,35.647347,2,IN
2451,274.6646364,-13.7655686,19.45268938,16.993364,17.117117,36.17341,2,IN
2452,274.6694574,-13.77622438,18.37507158,16.098002,17.237237,35.199096,2,IN
2435,274.6838067,-13.76722534,20.201588,17.71893,16.396396,36.302489,2,IN
2434,274.6821408,-13.77535999,18.23102903,16.040395,16.396396,34.33193,2,IN
2433,274.6602575,-13.77680101,16.24628099,14.287039,16.396396,32.347182,2,IN
2432,274.6733748,-13.79285353,18.17923786,15.994788,16.276276,34.176836,2,IN
2414,274.7002457,-13.76032146,18.87284832,16.58141,15.915916,34.560536,2,IN
2415,274.6828729,-13.7977046,20.19262828,17.786268,15.915916,35.880316,2,IN
2416,274.6803455,-13.79736011,19.27873511,16.912577,15.915916,34.966423,2,IN
2417,274.6992113,-13.77760458,19.16184288,16.807109,16.036036,34.952834,2,IN
2418,274.6972894,-13.76195244,18.89791157,16.598386,16.036036,34.688903,2,IN
2419,274.6906269,-13.76151263,18.56076208,16.336318,16.036036,34.351753,2,IN
2420,274.6708483,-13.79896056,19.15832678,16.804671,16.036036,34.949318,2,IN
2421,274.6841326,-13.79295606,19.295389,16.921212,16.036036,35.08638,2,IN
2537,274.6787798,-13.76537275,16.95310111,14.894034,19.63964,35.843191,2,IN
2422,274.6895786,-13.79210176,19.46021925,17.056551,16.036036,35.25121,2,IN
2424,274.6621979,-13.7809662,17.34506695,15.280899,16.156156,33.239361,2,IN
2425,274.6886419,-13.77839543,15.99660869,14.12549,16.156156,31.890903,2,IN
2426,274.6604266,-13.77107056,17.85373881,15.730475,16.156156,33.748033,2,IN
2427,274.686249,-13.7657158,18.14018356,15.975722,16.156156,34.034478,2,IN
2428,274.6948207,-13.76524601,18.34078199,16.138073,16.156156,34.235077,2,IN
2429,274.6850799,-13.76308948,14.44675892,12.880783,16.156156,30.341053,2,IN
2430,274.6965957,-13.76178179,17.9136097,15.776796,16.156156,33.807904,2,IN
2431,274.668584,-13.76530435,16.86013586,14.827609,16.276276,32.857734,2,IN
2423,274.6544409,-13.78246855,17.57521475,15.477871,16.156156,33.469509,2,IN
2538,274.6732358,-13.76354255,17.05567661,15.071226,19.63964,35.945767,2,IN
2539,274.68558,-13.75791976,16.18192735,14.216565,19.63964,35.072018,2,IN
2540,274.6834934,-13.75487384,16.30908364,14.332351,19.63964,35.199174,2,IN
2647,274.6802238,-13.77754212,15.59426567,13.31965,22.522523,36.963635,2,IN
2648,274.656969,-13.77304931,15.25835524,12.970224,22.522523,36.627725,2,IN
2649,274.6525467,-13.76056745,18.08593818,15.79319,22.522523,39.455308,2,IN
2650,274.6522278,-13.7823095,16.45636563,14.187551,22.642643,37.929039,2,IN
2651,274.6999632,-13.78112975,17.88973913,15.530937,22.642643,39.362412,2,IN
2652,274.6954761,-13.77536806,17.02394251,14.737888,22.642643,38.496616,2,IN
2653,274.6647329,-13.7613213,18.32202236,15.975371,22.642643,39.794695,2,IN
2654,274.6997133,-13.75934612,17.55095309,15.249922,22.642643,39.023626,2,IN
2655,274.6732231,-13.75320696,16.84990777,14.563821,22.642643,38.322581,2,IN
2656,274.6744103,-13.78718002,15.90444858,13.615192,22.762763,37.480425,2,IN
2657,274.6977879,-13.7975826,18.54316729,16.205695,22.882883,40.222447,2,IN
2658,274.7005048,-13.77724053,18.46525248,16.083843,23.003003,40.247835,2,IN
2659,274.6698557,-13.76962627,15.50639139,13.242952,23.003003,37.288974,2,IN
2660,274.6850609,-13.79256018,15.11146249,12.802307,23.003003,36.894045,2,IN
2661,274.6983781,-13.78659218,15.13486282,12.829393,23.123123,37.020749,2,IN
2662,274.6802867,-13.77559681,15.80035534,13.463816,23.243243,37.789545,2,IN
2663,274.6718949,-13.79514912,16.7336784,14.410513,23.243243,38.722868,2,IN
2646,274.6932487,-13.77835951,16.62482107,14.382776,22.522523,37.994191,2,IN
2664,274.6912252,-13.78296025,17.98096416,15.522958,23.243243,39.970154,2,IN
2645,274.6927347,-13.7563366,19.14273713,16.430001,22.402402,40.408804,2,IN
2643,274.6590715,-13.76290595,18.31728784,16.00225,22.402402,39.583354,2,IN
2626,274.6961294,-13.76413327,16.652818,14.447741,21.921922,37.505671,2,IN
2627,274.6579861,-13.78370872,15.86915377,13.70081,21.921922,36.722007,2,IN
2628,274.692263,-13.78042207,14.84699207,12.665607,22.042042,35.803149,2,IN
2629,274.6696136,-13.77622427,18.23588013,15.961854,22.042042,39.192037,2,IN
2630,274.6525655,-13.76843234,16.25726952,14.063563,22.042042,37.213426,2,IN
2631,274.6965543,-13.76722131,15.70004208,13.445697,22.042042,36.656199,2,IN
2632,274.6744719,-13.76419639,15.70479184,13.480691,22.042042,36.660948,2,IN
2633,274.6764867,-13.75370571,16.84018257,14.605609,22.042042,37.796339,2,IN
2634,274.6584166,-13.79496966,16.13422958,13.948111,22.042042,37.090386,2,IN
2635,274.6691864,-13.75830573,16.2972608,14.076216,22.162162,37.356721,2,IN
2636,274.6843918,-13.7517627,15.18471182,12.965742,22.162162,36.244172,2,IN
2637,274.6880836,-13.78157538,15.83895774,13.592388,22.282282,37.001721,2,IN
2638,274.658193,-13.76111783,16.44626676,14.20536,22.282282,37.60903,2,IN
2639,274.660103,-13.79407563,16.73641068,14.505005,22.282282,37.899174,2,IN
2640,274.6963464,-13.79197361,15.99118868,13.73831,22.282282,37.153952,2,IN
2641,274.6648219,-13.78003764,15.59120062,13.368017,22.402402,36.857267,2,IN
2642,274.697244,-13.77360974,16.20580179,13.947847,22.402402,37.471868,2,IN
2644,274.6787882,-13.76184209,15.87040536,13.637977,22.402402,37.136472,2,IN
2665,274.6982277,-13.75295032,17.05582086,14.701212,23.363363,39.148314,2,IN
2666,274.656637,-13.79003795,16.29338406,13.967747,23.363363,38.385877,2,IN
2667,274.6931547,-13.78218141,18.15660472,15.76042,23.483483,40.352401,2,IN
2690,274.686021,-13.7834781,18.14461867,15.547697,25.525526,42.096571,2,IN
2691,274.6827075,-13.79185114,18.88094784,16.254164,25.645646,42.936203,2,IN
2692,274.6698794,-13.76810928,18.90024832,16.258154,25.765766,43.058807,2,IN
2693,274.6828627,-13.79951094,17.73966405,15.125612,25.765766,41.898223,2,IN
2694,274.6921149,-13.79539516,16.56930888,13.928484,25.885886,40.831171,2,IN
2695,274.6991792,-13.79828143,17.25324756,14.637709,26.006006,41.618413,2,IN
2696,274.6837547,-13.79532627,16.03585153,13.376197,26.246246,40.607624,2,IN
2697,274.678293,-13.79528775,16.71529074,14.012559,26.486486,41.493669,2,IN
2698,274.6987348,-13.75086664,17.78759809,15.0484,27.327327,43.2891,2,IN
2699,274.6927477,-13.75836231,17.93849546,15.158687,27.447447,43.543301,2,IN
2700,274.6850424,-13.79531728,18.28422978,15.462926,27.687688,44.095642,2,IN
2701,274.6800503,-13.78903056,17.80237069,14.927219,28.648649,44.440209,2,IN
2702,274.6901534,-13.75265224,17.8328323,14.934181,28.768769,44.573974,2,IN
2703,274.6988029,-13.77603342,16.18861842,13.269235,29.249249,43.342973,2,IN
2704,274.6872376,-13.78401427,18.53792323,15.49376,29.96997,46.312098,2,IN
2705,274.6721606,-13.77470937,17.53856849,14.528456,30.09009,45.416046,2,IN
2706,274.6956908,-13.79384204,19.19809652,16.050364,30.930931,47.798698,2,IN
2689,274.6840518,-13.7959355,18.75984713,16.117006,25.405405,42.608496,2,IN
2688,274.7002175,-13.79901029,17.76143301,15.210101,25.165165,41.403475,2,IN
2687,274.6580506,-13.76329986,19.07852534,16.473103,25.165165,42.720568,2,IN
2686,274.695216,-13.76779348,19.15470948,16.583768,25.045045,42.693449,2,IN
2668,274.6815837,-13.77625127,17.09580144,14.74106,23.483483,39.291598,2,IN
2669,274.6912219,-13.76107162,15.87622869,13.517065,23.483483,38.072025,2,IN
2670,274.6983943,-13.79770832,18.23084331,15.795659,23.483483,40.426639,2,IN
2671,274.7002191,-13.77252669,16.69918254,14.334022,23.603604,38.998282,2,IN
2672,274.6697046,-13.75225213,16.56234068,14.189934,23.603604,38.86144,2,IN
2673,274.7006059,-13.7854512,16.70511873,14.345093,23.603604,39.004218,2,IN
2674,274.6978836,-13.76775233,16.85463315,14.472307,23.723724,39.257036,2,IN
2675,274.7003067,-13.78405968,16.42250056,14.042374,23.843844,38.928207,2,IN
2625,274.698074,-13.76529905,17.82140234,15.551525,21.921922,38.674256,2,IN
2676,274.672288,-13.75240595,15.26082068,12.873337,23.963964,37.86983,2,IN
2678,274.693105,-13.76612911,17.76221896,15.307351,24.204204,40.577835,2,IN
2679,274.6894078,-13.79063288,17.28001306,14.866403,24.204204,40.095629,2,IN
2680,274.6715332,-13.76902699,17.51035639,15.04692,24.324324,40.429276,2,IN
2681,274.6577102,-13.76044471,17.49898184,15.020077,24.324324,40.417901,2,IN
2682,274.6635612,-13.76449617,17.75483629,15.284759,24.444444,40.777059,2,IN
2683,274.649857,-13.75863937,17.57287383,15.09324,24.564565,40.6984,2,IN
2684,274.6866141,-13.79182852,18.77580077,16.255771,24.564565,41.901327,2,IN
2685,274.6936932,-13.76264166,17.59248528,15.080311,24.684685,40.821314,2,IN
2677,274.6978147,-13.79100174,16.95032694,14.519725,24.084084,39.66264,2,IN
2371,274.6878952,-13.77153594,18.59018142,16.401838,14.954955,33.451443,2,IN
2624,274.6626166,-13.76850522,16.47459008,14.300271,21.921922,37.327443,2,IN
2622,274.6570809,-13.79315546,16.61026325,14.437284,21.801802,37.359813,2,IN
2562,274.6539391,-13.78660644,15.2927522,13.242006,20.36036,34.802662,2,IN
2563,274.6531492,-13.78361032,16.37879841,14.344593,20.36036,35.888709,2,IN
2564,274.6855084,-13.78021707,15.82960038,13.764656,20.48048,35.442814,2,IN
2565,274.6821802,-13.77716122,15.68326582,13.63633,20.48048,35.296479,2,IN
2566,274.6896952,-13.77110094,17.26042926,15.126558,20.48048,36.873643,2,IN
2567,274.6498133,-13.76601471,17.41683764,15.29701,20.48048,37.030051,2,IN
2568,274.6560624,-13.78894915,16.06774743,14.027393,20.48048,35.680961,2,IN
2569,274.6535008,-13.78299048,17.17900714,14.924697,20.48048,36.792221,2,IN
2570,274.6868387,-13.76916553,16.24788799,14.201421,20.600601,35.964405,2,IN
2571,274.6643852,-13.76495317,16.23963008,14.170978,20.600601,35.956147,2,IN
2572,274.6944523,-13.77155288,17.82167064,15.677648,20.720721,37.641491,2,IN
2573,274.6910715,-13.7650279,16.49629884,14.420167,20.720721,36.316119,2,IN
2574,274.6966758,-13.7590181,16.13416784,14.048327,20.720721,35.953988,2,IN
2575,274.6756644,-13.75838982,14.73854597,12.629968,20.720721,34.558366,2,IN
2576,274.6807717,-13.75541602,17.36494492,15.261981,20.720721,37.184765,2,IN
2577,274.6709729,-13.75354091,17.72243742,15.591787,20.720721,37.542258,2,IN
2578,274.6731141,-13.79530187,15.73063033,13.642896,20.720721,35.55045,2,IN
2561,274.6858362,-13.75357713,14.74680486,12.731421,20.36036,34.256715,2,IN
2579,274.6682734,-13.78535324,16.84958236,14.762114,20.720721,36.669402,2,IN
2560,274.6842943,-13.78434546,18.73787867,16.221358,20.24024,38.144486,2,IN
2558,274.6856935,-13.7511333,17.12593168,14.989396,20.24024,36.532539,2,IN
2541,274.675393,-13.76083364,16.28104932,14.301596,19.75976,35.274443,2,IN
2542,274.6586362,-13.79946113,15.26688786,13.289118,19.75976,34.260282,2,IN
2543,274.6632909,-13.79201813,15.62224499,13.649124,19.75976,34.615639,2,IN
2544,274.6824758,-13.77322252,17.08576096,15.015523,19.87988,36.182458,2,IN
2545,274.6876782,-13.75094172,17.67737558,15.651859,19.87988,36.774073,2,IN
2546,274.6539145,-13.78142219,16.09216303,14.06558,20.0,35.292163,2,IN
2547,274.6792791,-13.76887465,15.3316621,13.371566,20.0,34.531662,2,IN
2548,274.6795536,-13.79827457,17.60631571,15.546922,20.0,36.806316,2,IN
2549,274.7000505,-13.78870717,15.91734662,13.917397,20.0,35.117347,2,IN
2550,274.6728513,-13.78461396,16.08691797,14.062153,20.0,35.286918,2,IN
2551,274.6732665,-13.78391331,15.52330263,13.501915,20.0,34.723303,2,IN
2552,274.6780094,-13.76953461,16.11225479,14.076514,20.12012,35.415558,2,IN
2553,274.6908826,-13.75160818,17.0610437,14.910904,20.12012,36.364347,2,IN
2554,274.6521868,-13.78967767,17.06438477,14.850084,20.12012,36.367688,2,IN
2555,274.6647572,-13.77130263,14.9598244,12.936669,20.24024,34.366431,2,IN
2556,274.6840022,-13.76999256,17.34414264,15.254136,20.24024,36.75075,2,IN
2557,274.6736926,-13.76188175,15.76788352,13.763254,20.24024,35.17449,2,IN
2559,274.6959722,-13.79769382,17.45983777,15.367004,20.24024,36.866445,2,IN
2580,274.6856216,-13.77565877,15.79227851,13.735586,20.840841,35.715402,2,IN
2581,274.6959094,-13.76814634,17.9320155,15.45036,20.840841,37.855139,2,IN
2582,274.6857065,-13.7652771,16.31888474,14.204263,20.840841,36.242008,2,IN
2605,274.6678172,-13.78983139,16.45415849,14.302843,21.321321,36.790495,2,IN
2606,274.6936367,-13.76878922,18.02012805,15.806744,21.441441,38.459768,2,IN
2607,274.6853756,-13.76420977,15.5472204,13.368379,21.441441,35.98686,2,IN
2608,274.6504844,-13.75990273,17.44407952,15.113257,21.441441,37.883719,2,IN
2609,274.6848456,-13.75765079,16.20046082,14.07115,21.441441,36.640101,2,IN
2610,274.6994932,-13.79570119,19.92737817,17.168267,21.441441,40.367018,2,IN
2611,274.6877306,-13.77465255,16.36819801,14.199654,21.561562,36.911141,2,IN
2612,274.6909681,-13.76038291,18.70431882,16.086254,21.561562,39.247262,2,IN
2613,274.6779312,-13.78795125,15.7809751,13.616237,21.561562,36.323918,2,IN
2614,274.6652957,-13.76914182,17.68910158,15.444506,21.681682,38.335348,2,IN
2615,274.6672993,-13.76397282,15.03690088,12.84147,21.681682,35.683147,2,IN
2616,274.6662777,-13.76172827,17.4992486,15.160925,21.681682,38.145495,2,IN
2617,274.6737463,-13.75527332,15.13104154,12.980539,21.681682,35.777288,2,IN
2618,274.683721,-13.79323423,17.94018588,15.705573,21.681682,38.586432,2,IN
2619,274.6992221,-13.77680713,17.72701901,15.208407,21.801802,38.476569,2,IN
2620,274.6637888,-13.75786439,18.03488205,15.781212,21.801802,38.784432,2,IN
2621,274.6851725,-13.75465975,16.42207652,14.222074,21.801802,37.171626,2,IN
2604,274.6633007,-13.79887653,16.0540041,13.940539,21.321321,36.390341,2,IN
2603,274.6872555,-13.75048327,15.70643152,13.594706,21.321321,36.042768,2,IN
2602,274.6896981,-13.75230465,18.34119348,15.789598,21.321321,38.67753,2,IN
2601,274.6911267,-13.76703005,16.86993739,14.721313,21.321321,37.206274,2,IN
2583,274.6727718,-13.75152981,17.69765198,15.543296,20.840841,37.620775,2,IN
2584,274.6557759,-13.78612241,17.61694906,15.459512,20.840841,37.540072,2,IN
2585,274.6807447,-13.7708493,17.87194893,15.735877,20.960961,37.898376,2,IN
2586,274.6811041,-13.76820338,16.35337283,14.247617,20.960961,36.3798,2,IN
2587,274.6747189,-13.75298195,15.9549514,13.859177,20.960961,35.981378,2,IN
2588,274.6807126,-13.75147234,17.86310849,15.720647,20.960961,37.889535,2,IN
2589,274.6501875,-13.79676132,16.35294283,14.248165,20.960961,36.37937,2,IN
2590,274.6685524,-13.77520028,17.54570519,15.368184,21.081081,37.675435,2,IN
2623,274.6970329,-13.78669716,15.14050471,12.982258,21.801802,35.890055,2,IN
2591,274.6602826,-13.77336296,16.39314517,14.286408,21.081081,36.522875,2,IN
2593,274.6776846,-13.79026771,17.95288974,15.773722,21.081081,38.08262,2,IN
2594,274.6995098,-13.76334658,16.44370129,14.304291,21.201201,36.676735,2,IN
2595,274.6925515,-13.75162698,15.86515043,13.723654,21.201201,36.098184,2,IN
2596,274.6806958,-13.79054714,16.63441652,14.491352,21.201201,36.86745,2,IN
2597,274.6915117,-13.78886661,16.62826114,14.492443,21.201201,36.861294,2,IN
2598,274.7000245,-13.78532956,14.58995632,12.518269,21.201201,34.82299,2,IN
2599,274.676774,-13.7831267,15.47661778,13.328801,21.201201,35.709651,2,IN
2600,274.6730712,-13.76756257,16.16890723,14.036628,21.321321,36.505244,2,IN
2592,274.6972257,-13.77327577,17.36266889,15.22431,21.081081,37.492399,2,IN
1355,274.6523899,-13.77131261,15.31029788,14.025087,8.5885886,24.696484,2,IN
2370,274.684126,-13.79205601,20.07147685,17.80871,14.834835,34.829435,2,IN
2368,274.6938041,-13.76165439,15.54437618,13.912732,14.834835,30.302334,2,IN
2139,274.6975507,-13.78821162,18.23464855,16.244429,12.312312,30.823237,2,IN
2140,274.6860995,-13.77729425,19.87394707,17.932501,12.432432,32.565839,2,IN
2141,274.6967432,-13.77341952,18.76750261,16.679962,12.432432,31.459395,2,IN
2142,274.6722433,-13.77034889,19.40824417,17.416322,12.432432,32.100136,2,IN
2143,274.699669,-13.76894446,19.4225421,17.405514,12.432432,32.114434,2,IN
2144,274.6576701,-13.76749618,18.04525504,16.086936,12.432432,30.737147,2,IN
2145,274.6778577,-13.7666589,19.06793788,17.021141,12.432432,31.75983,2,IN
2146,274.6594673,-13.76266037,19.5361972,17.553469,12.432432,32.228089,2,IN
2147,274.6508113,-13.76187768,19.74648893,17.794315,12.432432,32.438381,2,IN
2148,274.7002249,-13.76132182,19.41170216,17.421581,12.432432,32.103594,2,IN
2149,274.6929359,-13.75960881,19.85444359,17.896592,12.432432,32.546336,2,IN
2150,274.6686821,-13.75627041,15.54556447,14.290803,12.432432,28.237457,2,IN
2151,274.6590971,-13.78791462,19.88669532,17.957991,12.432432,32.578587,2,IN
2152,274.6755459,-13.77890978,18.9894175,16.90598,12.552553,31.784613,2,IN
2153,274.6818606,-13.77863451,18.30295305,16.294865,12.552553,31.098148,2,IN
2154,274.6719949,-13.77585644,17.84458352,15.916505,12.552553,30.639779,2,IN
2155,274.6758738,-13.77345009,15.11173245,13.815615,12.552553,27.906928,2,IN
2138,274.6755292,-13.79487746,20.07749957,18.170539,12.312312,32.666088,2,IN
2156,274.6781044,-13.77013063,18.31933961,16.306089,12.552553,31.114535,2,IN
2137,274.6737165,-13.79811998,19.19902511,17.174753,12.312312,31.787614,2,IN
2135,274.6654949,-13.75593731,14.83449875,13.515453,12.312312,27.423088,2,IN
2118,274.6867905,-13.77826509,19.83843666,17.873461,12.312312,32.427025,2,IN
2119,274.6719426,-13.77727854,14.43860352,13.229011,12.312312,27.027192,2,IN
2120,274.6526866,-13.777199,18.08825712,16.120551,12.312312,30.676846,2,IN
2121,274.6748314,-13.77330328,19.69991475,17.713091,12.312312,32.288504,2,IN
2122,274.6985288,-13.77322659,19.7086211,17.749449,12.312312,32.29721,2,IN
2123,274.6796128,-13.77207808,19.9725054,18.052854,12.312312,32.561094,2,IN
2124,274.6982777,-13.7718815,19.49499891,17.498899,12.312312,32.083588,2,IN
2125,274.6633796,-13.77179889,18.7998803,16.724652,12.312312,31.388469,2,IN
2126,274.6801468,-13.77075649,15.51134373,14.273912,12.312312,28.099932,2,IN
2127,274.670435,-13.76673945,20.17803518,18.265803,12.312312,32.766624,2,IN
2128,274.6625638,-13.76649644,20.08033375,18.168728,12.312312,32.668923,2,IN
2129,274.6962328,-13.76581674,15.26140839,13.992999,12.312312,27.849997,2,IN
2130,274.6920326,-13.76546151,18.66870447,16.59514,12.312312,31.257293,2,IN
2131,274.6556666,-13.76411112,19.5047916,17.52763,12.312312,32.09338,2,IN
2132,274.6987444,-13.76406141,19.70885961,17.779632,12.312312,32.297448,2,IN
2133,274.6971057,-13.75770646,19.34210265,17.327008,12.312312,31.930691,2,IN
2134,274.6959564,-13.75744411,18.67079751,16.593134,12.312312,31.259386,2,IN
2136,274.6656637,-13.79924839,19.83590253,17.917624,12.312312,32.424491,2,IN
2117,274.6833866,-13.77923827,19.84312557,17.898128,12.312312,32.431714,2,IN
2157,274.6996001,-13.76989861,19.59155091,17.577107,12.552553,32.386746,2,IN
2159,274.6836672,-13.76648059,19.65302981,17.646206,12.552553,32.448225,2,IN
2181,274.6657596,-13.7791956,17.3316731,15.495448,12.792793,30.333475,2,IN
2182,274.6977373,-13.77551393,19.52610632,17.499218,12.792793,32.527908,2,IN
2183,274.6959131,-13.77121323,20.08335168,18.099932,12.792793,33.085154,2,IN
2184,274.6994498,-13.76915417,19.46260539,17.400546,12.792793,32.464407,2,IN
2185,274.6597392,-13.76834557,18.79445522,16.681096,12.792793,31.796257,2,IN
2186,274.6944726,-13.76614039,19.47876216,17.399951,12.792793,32.480564,2,IN
2187,274.6582116,-13.76360067,20.07793733,18.089339,12.792793,33.079739,2,IN
2188,274.6656665,-13.76247295,20.09300252,18.098702,12.792793,33.094805,2,IN
2189,274.6651544,-13.76125372,19.47277463,17.417102,12.792793,32.474577,2,IN
2190,274.6916265,-13.75843177,19.98030485,17.968375,12.792793,32.982107,2,IN
2191,274.6998008,-13.75550253,14.01306277,12.747738,12.792793,27.014865,2,IN
2192,274.6962296,-13.75513688,19.30115748,17.214359,12.792793,32.302959,2,IN
2193,274.6665097,-13.75088122,19.63829616,17.613104,12.792793,32.640098,2,IN
2194,274.6750458,-13.7979785,19.98482964,17.991831,12.792793,32.986632,2,IN
2195,274.6918378,-13.79170579,14.04701745,12.821837,12.792793,27.048819,2,IN
2196,274.6648831,-13.78830295,17.89932082,15.947967,12.792793,30.901123,2,IN
2197,274.6948724,-13.77980436,20.00990056,18.036081,12.912913,33.115006,2,IN
2180,274.6743299,-13.78576626,18.10712265,16.126844,12.672673,31.005621,2,IN
2158,274.6495183,-13.7698391,19.30117441,17.274567,12.552553,32.09637,2,IN
2179,274.6966659,-13.78815526,18.46503608,16.423508,12.672673,31.363535,2,IN
2177,274.6718841,-13.75343306,18.82988313,16.717867,12.672673,31.728382,2,IN
2160,274.6622458,-13.76263304,19.46509244,17.448789,12.552553,32.260288,2,IN
2161,274.6812709,-13.75267763,19.91841645,17.93816,12.552553,32.713612,2,IN
2162,274.6563585,-13.79320959,19.564502,17.572397,12.552553,32.359697,3,IN
2163,274.6564479,-13.7861891,19.25338506,17.191884,12.552553,32.04858,3,IN
2164,274.6901219,-13.78055415,17.58700812,15.715725,12.672673,30.485507,3,IN
2165,274.659498,-13.7776579,18.51586601,16.464631,12.672673,31.414365,3,IN
2166,274.698791,-13.77455516,19.21668004,17.137103,12.672673,32.115179,3,IN
2167,274.698644,-13.77430338,19.45414489,17.410203,12.672673,32.352644,3,IN
2168,274.6952598,-13.77406177,16.36052636,14.663175,12.672673,29.259025,3,IN
2169,274.6847516,-13.77341436,19.81890279,17.830517,12.672673,32.717401,3,IN
2170,274.6812727,-13.7711638,19.5957668,17.57334,12.672673,32.494265,3,IN
2171,274.6503675,-13.77044592,19.95195713,17.99151,12.672673,32.850456,3,IN
2172,274.6897394,-13.76497083,14.19343077,12.961738,12.672673,27.091929,3,IN
2173,274.65839,-13.76341179,19.45941013,17.412292,12.672673,32.357909,3,IN
2174,274.6573044,-13.76310816,19.80433504,17.798715,12.672673,32.702834,3,IN
2175,274.6773591,-13.75816267,15.2769935,14.008306,12.672673,28.175492,3,IN
2176,274.6907695,-13.75475788,19.59267512,17.55936,12.672673,32.491174,3,IN
2178,274.6975106,-13.78964598,19.69360354,17.689031,12.672673,32.592102,3,IN
2116,274.6936724,-13.77982152,20.3338821,18.432228,12.312312,32.922471,3,IN
2115,274.6952138,-13.78767473,18.4082261,16.409625,12.192192,30.893512,3,IN
2114,274.6971899,-13.78819106,19.79329787,17.891162,12.192192,32.278583,3,IN
2054,274.655304,-13.78081165,19.61593305,17.717694,11.951952,31.894612,3,IN
2055,274.683242,-13.78052201,19.4115363,17.46617,11.951952,31.690215,3,IN
2056,274.6790304,-13.76348737,14.75467754,13.568504,11.951952,27.033356,3,IN
2057,274.6498512,-13.76328702,20.30761485,18.45708,11.951952,32.586294,3,IN
2058,274.6701486,-13.76174581,18.6933899,16.677514,11.951952,30.972069,3,IN
2059,274.6861805,-13.7612609,18.76730133,16.733391,11.951952,31.04598,3,IN
2060,274.6641519,-13.76114425,19.74323388,17.826429,11.951952,32.021913,3,IN
2061,274.6902474,-13.76035852,19.41166278,17.434975,11.951952,31.690342,3,IN
2062,274.6648181,-13.76010766,19.47650872,17.566478,11.951952,31.755188,3,IN
2063,274.6760919,-13.75698244,19.98166328,18.121348,11.951952,32.260342,3,IN
2064,274.6846438,-13.75570695,20.05564563,18.192023,11.951952,32.334324,3,IN
2065,274.6689532,-13.79332532,19.00248949,17.006904,11.951952,31.281168,3,IN
2066,274.6782672,-13.78901561,19.60100555,17.716262,11.951952,31.879684,3,IN
2067,274.654352,-13.78848928,18.29626873,16.328349,11.951952,30.574948,3,IN
2068,274.6902667,-13.78773279,19.2943996,17.343586,11.951952,31.573078,3,IN
2069,274.6919556,-13.78572552,19.41134922,17.464503,11.951952,31.690028,3,IN
2070,274.6692686,-13.7856551,20.05081418,18.17493,11.951952,32.329493,3,IN
2053,274.6582849,-13.78572383,15.19297593,13.978238,11.831832,27.368351,3,IN
2071,274.6928037,-13.78535674,19.74504939,17.852782,11.951952,32.023728,3,IN
2052,274.6763283,-13.7880248,20.36041464,18.522271,11.831832,32.53579,3,IN
2050,274.6694695,-13.78972213,20.10281511,18.277967,11.831832,32.278191,3,IN
2033,274.677894,-13.76772331,14.75056197,13.503619,11.831832,26.925938,3,IN
2034,274.6766288,-13.76552844,19.9463994,18.099079,11.831832,32.121775,3,IN
2035,274.6633699,-13.76538182,19.92969392,18.083887,11.831832,32.105069,3,IN
2036,274.6503072,-13.76479404,20.26667652,18.424758,11.831832,32.442052,3,IN
2037,274.6978922,-13.76451171,15.35976789,14.168811,11.831832,27.535143,3,IN
2038,274.6821624,-13.76446234,20.02582115,18.169472,11.831832,32.201197,3,IN
2039,274.676019,-13.76360764,20.18609339,18.343084,11.831832,32.361469,3,IN
2040,274.6516099,-13.76331346,20.02375649,18.152158,11.831832,32.199132,3,IN
2041,274.6685876,-13.7558506,15.27207244,14.069375,11.831832,27.447448,3,IN
2042,274.6723161,-13.75491047,19.9425264,18.084701,11.831832,32.117902,3,IN
2043,274.6933881,-13.75446869,19.69183432,17.779666,11.831832,31.86721,3,IN
2044,274.700465,-13.75380663,16.07704253,14.460998,11.831832,28.252418,3,IN
2045,274.6701949,-13.7535894,16.0791764,14.470063,11.831832,28.254552,3,IN
2046,274.6801187,-13.75070042,19.21099577,17.238743,11.831832,31.386371,3,IN
2047,274.6513769,-13.79776651,15.34664489,14.149832,11.831832,27.52202,3,IN
2048,274.6572784,-13.79153149,19.36411358,17.424924,11.831832,31.539489,3,IN
2049,274.6591922,-13.78979895,19.6951621,17.833006,11.831832,31.870538,3,IN
2051,274.6592277,-13.78813239,19.94736349,18.0999,11.831832,32.122739,3,IN
2072,274.700231,-13.77653066,15.41608258,14.202513,12.072072,27.798065,3,IN
2073,274.6563357,-13.77071091,20.16613996,18.308169,12.072072,32.548122,3,IN
2074,274.6590838,-13.76753244,19.89884183,18.003373,12.072072,32.280824,3,IN
2097,274.6536161,-13.77202519,16.63129599,14.932879,12.192192,29.116581,3,IN
2098,274.6963402,-13.76982092,19.31969051,17.333638,12.192192,31.804976,3,IN
2099,274.6646526,-13.76921011,19.68283493,17.737438,12.192192,32.16812,3,IN
2100,274.6659743,-13.76593718,18.36222214,16.36363,12.192192,30.847508,3,IN
2101,274.6535893,-13.76229061,19.4921949,17.522282,12.192192,31.97748,3,IN
2102,274.6635389,-13.76176051,19.47504116,17.470126,12.192192,31.960327,3,IN
2103,274.6637638,-13.76141835,19.7902331,17.866899,12.192192,32.275519,3,IN
2104,274.6955448,-13.75751644,18.70740903,16.656705,12.192192,31.192694,3,IN
2105,274.6949043,-13.7574746,19.14092833,17.113067,12.192192,31.626214,3,IN
2106,274.6816338,-13.75680136,19.00841224,16.9841,12.192192,31.493698,3,IN
2107,274.678054,-13.75544959,19.93526374,18.024697,12.192192,32.420549,3,IN
2108,274.6995182,-13.75207631,19.07271759,17.032235,12.192192,31.558003,3,IN
2109,274.6719502,-13.79881993,20.28470351,18.40398,12.192192,32.769989,3,IN
2110,274.6716985,-13.79792255,19.48559987,17.501879,12.192192,31.970885,3,IN
2111,274.6629572,-13.79591856,19.93114328,18.013364,12.192192,32.416429,3,IN
2112,274.6564042,-13.79382893,19.93969419,18.023387,12.192192,32.42498,3,IN
2113,274.6622495,-13.7936317,19.30794253,17.299777,12.192192,31.793228,3,IN
2096,274.6582196,-13.77418518,15.22707986,13.980178,12.192192,27.712365,3,IN
2095,274.6825919,-13.77521706,20.02134577,18.1229,12.192192,32.506631,3,IN
2094,274.6679283,-13.77771174,15.49084227,14.262028,12.192192,27.976128,3,IN
2093,274.6923628,-13.77981974,16.70923122,14.998614,12.192192,29.194517,3,IN
2075,274.6950884,-13.76674099,18.58600893,16.547486,12.072072,30.967991,3,IN
2076,274.6550412,-13.76390662,18.86179981,16.82109,12.072072,31.243782,3,IN
2077,274.6820338,-13.76369589,19.50823153,17.584169,12.072072,31.890214,3,IN
2078,274.6596329,-13.76320841,19.78319031,17.873629,12.072072,32.165172,3,IN
2079,274.6549871,-13.76234885,19.75284029,17.81631,12.072072,32.134822,3,IN
2080,274.69638,-13.76070904,19.78222246,17.855004,12.072072,32.164205,3,IN
2081,274.681267,-13.76053914,20.36855657,18.52187,12.072072,32.750539,3,IN
2082,274.6502178,-13.75674897,14.80013721,13.6088,12.072072,27.182119,3,IN
2198,274.6849211,-13.77232101,15.25892261,13.931597,12.912913,28.364028,3,IN
2083,274.6796974,-13.75247155,18.59488484,16.555661,12.072072,30.976867,3,IN
2085,274.6771299,-13.79841223,18.90516358,16.876113,12.072072,31.287146,3,IN
2086,274.6672044,-13.79774253,19.9020499,18.0023,12.072072,32.284032,3,IN
2087,274.6623888,-13.79513236,20.33457539,18.465243,12.072072,32.716558,3,IN
2088,274.6947587,-13.7885646,19.32206965,17.3501,12.072072,31.704052,3,IN
2089,274.6708986,-13.78545067,19.52554323,17.591665,12.072072,31.907525,3,IN
2090,274.6931447,-13.78542825,20.00170746,18.091552,12.072072,32.38369,3,IN
2091,274.6823139,-13.78083566,19.80237143,17.879408,12.192192,32.287657,3,IN
2092,274.6884462,-13.78075832,20.03411412,18.129058,12.192192,32.5194,3,IN
2084,274.6665432,-13.79965405,19.64462284,17.710759,12.072072,32.026605,3,IN
2199,274.6724142,-13.7722599,19.03670873,16.922724,12.912913,32.141814,3,IN
2200,274.6767022,-13.76973098,14.77597911,13.497863,12.912913,27.881084,3,IN
2201,274.6570329,-13.76908856,15.36333885,14.038249,12.912913,28.468444,3,IN
2308,274.6748702,-13.77725947,18.49240453,16.372036,13.993994,32.52724,3,IN
2309,274.6510565,-13.77680993,16.85957003,14.999682,13.993994,30.894405,3,IN
2310,274.6888957,-13.76932816,19.86089271,17.716848,13.993994,33.895728,3,IN
2311,274.6941232,-13.76622448,20.19353834,18.06894,13.993994,34.228373,3,IN
2312,274.6941961,-13.76608305,20.16234953,18.020718,13.993994,34.197185,3,IN
2313,274.6494798,-13.76401582,19.13157513,16.879882,13.993994,33.16641,3,IN
2314,274.6789464,-13.76305191,17.73478449,15.765217,13.993994,31.76962,3,IN
2315,274.6717852,-13.75118811,20.42537346,18.309381,13.993994,34.460208,3,IN
2316,274.6692687,-13.79226948,20.06078038,17.92365,13.993994,34.095615,3,IN
2317,274.6556203,-13.78715063,19.99956264,17.847283,13.993994,34.034398,3,IN
2318,274.6994417,-13.78098436,19.50009432,17.252165,14.114114,33.638233,3,IN
2319,274.6844985,-13.77507292,17.79682854,15.818578,14.114114,31.934967,3,IN
2320,274.6656954,-13.766401,15.474186,14.068517,14.114114,29.612324,3,IN
2321,274.6742955,-13.76576735,17.50132075,15.551652,14.114114,31.639459,3,IN
2322,274.6670571,-13.7518773,19.29859043,17.036594,14.114114,33.436729,3,IN
2323,274.6622422,-13.79503037,19.56038951,17.340505,14.114114,33.698528,3,IN
2324,274.6643142,-13.79269169,15.9058505,14.466626,14.114114,30.043989,3,IN
2307,274.6858703,-13.78431497,20.14302358,18.052691,13.873874,34.074555,3,IN
2325,274.6735147,-13.79072265,17.99043605,15.966,14.114114,32.128574,3,IN
2306,274.6789903,-13.79013206,16.56575903,14.74793,13.873874,30.497291,3,IN
2304,274.6681618,-13.75065905,19.11332601,16.873477,13.873874,33.044858,3,IN
2287,274.660855,-13.76617697,17.16244,15.292302,13.753754,30.990668,3,IN
2288,274.6840458,-13.76590368,19.66739334,17.516619,13.753754,33.495622,3,IN
2289,274.6517436,-13.76407957,18.56285,16.434454,13.753754,32.391078,3,IN
2290,274.6990851,-13.76248043,19.5187537,17.325804,13.753754,33.346982,3,IN
2291,274.6545085,-13.7610949,19.4460726,17.257066,13.753754,33.274301,3,IN
2292,274.6518854,-13.76085433,19.77549098,17.637494,13.753754,33.603719,3,IN
2293,274.691524,-13.76051491,19.58224478,17.405344,13.753754,33.410473,3,IN
2294,274.6668677,-13.75952303,18.33480038,16.249264,13.753754,32.163029,3,IN
2295,274.678277,-13.79955224,19.61440335,17.437894,13.753754,33.442632,3,IN
2296,274.6689966,-13.78546102,19.74879728,17.598585,13.753754,33.577026,3,IN
2297,274.7000089,-13.77949837,19.60328818,17.410736,13.873874,33.53482,3,IN
2298,274.6770311,-13.77413751,15.13136493,13.742148,13.873874,29.062897,3,IN
2299,274.6975155,-13.77110718,19.70180886,17.513468,13.873874,33.633341,3,IN
2300,274.6624282,-13.7667449,19.95065902,17.792408,13.873874,33.882191,3,IN
2301,274.6873784,-13.7663533,17.719529,15.746116,13.873874,31.651061,3,IN
2302,274.6837317,-13.76473501,18.35558296,16.269732,13.873874,32.287115,3,IN
2303,274.6784747,-13.76120073,18.22503813,16.165217,13.873874,32.15657,3,IN
2305,274.6815453,-13.79125143,20.03151715,17.904666,13.873874,33.963049,3,IN
2326,274.6929374,-13.77746254,18.56525843,16.417381,14.234234,32.8067,3,IN
2327,274.6807352,-13.77469237,18.30051434,16.203701,14.234234,32.541956,3,IN
2328,274.6627775,-13.77048408,17.35632776,15.427711,14.234234,31.597769,3,IN
2351,274.6954856,-13.77406816,17.70877002,15.698662,14.594595,32.260122,3,IN
2352,274.6851181,-13.76970424,17.85498941,15.816027,14.594595,32.406341,3,IN
2353,274.6716605,-13.7539434,18.8919338,16.664452,14.594595,33.443285,3,IN
2354,274.6791997,-13.78759003,15.51610895,13.852755,14.594595,30.067461,3,IN
2355,274.6961191,-13.78388559,18.0504752,15.983386,14.594595,32.601827,3,IN
2356,274.6998317,-13.77868195,20.53450725,18.328124,14.714715,35.189162,3,IN
2357,274.6784316,-13.77042814,17.79546277,15.764824,14.714715,32.450118,3,IN
2358,274.6576653,-13.76956652,16.74363979,14.841163,14.714715,31.398295,3,IN
2359,274.6674264,-13.76836004,20.5376602,18.348071,14.714715,35.192315,3,IN
2360,274.6968858,-13.76687145,19.54016822,17.22725,14.714715,34.194823,3,IN
2361,274.6983264,-13.76246669,18.78240123,16.571784,14.714715,33.437056,3,IN
2362,274.6995386,-13.76036762,18.77517124,16.570384,14.714715,33.429826,3,IN
2363,274.7007249,-13.7513847,19.65202137,17.351788,14.714715,34.306676,3,IN
2364,274.6595477,-13.79081841,20.18629929,17.967028,14.714715,34.840954,3,IN
2365,274.6966445,-13.78552743,19.01116822,16.753574,14.714715,33.665823,3,IN
2366,274.6650098,-13.77152124,15.31626004,13.840389,14.834835,30.074218,3,IN
2367,274.6520228,-13.76454644,18.57506178,16.396921,14.834835,33.33302,3,IN
2350,274.6595579,-13.77603422,18.07260959,15.999962,14.594595,32.623961,3,IN
2349,274.7005949,-13.79724067,20.13350608,17.907595,14.474474,34.581554,3,IN
2348,274.6800414,-13.79968012,19.86344963,17.628168,14.474474,34.311498,3,IN
2347,274.6872975,-13.75101142,18.23682459,16.139746,14.474474,32.684873,3,IN
2329,274.677557,-13.77043577,17.81494271,15.815894,14.234234,32.056384,3,IN
2330,274.6713951,-13.76855,19.39815426,17.133789,14.234234,33.639596,3,IN
2331,274.6792533,-13.76726356,17.96275538,15.936712,14.234234,32.204197,3,IN
2332,274.6825527,-13.75690305,15.82282148,14.382805,14.234234,30.064263,3,IN
2333,274.6710998,-13.79939472,19.53134488,17.274739,14.234234,33.772787,3,IN
2334,274.6817902,-13.7937186,15.94789022,14.4861,14.234234,30.189332,3,IN
2335,274.6583278,-13.78984254,18.44956224,16.322167,14.234234,32.691004,3,IN
2336,274.6791449,-13.78653434,18.38605234,16.279936,14.234234,32.627494,3,IN
2286,274.6528497,-13.76636202,18.01962433,16.017443,13.753754,31.847853,3,IN
2337,274.6966629,-13.78483719,19.77839135,17.557254,14.234234,34.019833,3,IN
2339,274.6852128,-13.75992557,18.0669248,16.00376,14.354354,32.41167,3,IN
2340,274.6862687,-13.75450336,18.48945817,16.349494,14.354354,32.834203,3,IN
2341,274.7002476,-13.79584288,19.91217574,17.677144,14.354354,34.256921,3,IN
2342,274.6957233,-13.77736493,19.41417826,17.125277,14.474474,33.862227,3,IN
2343,274.6821067,-13.76898139,14.3494974,12.937266,14.474474,28.797546,3,IN
2344,274.6648109,-13.76897238,19.74594767,17.472439,14.474474,34.193996,3,IN
2345,274.6864531,-13.76656028,17.89271018,15.863615,14.474474,32.340758,3,IN
2346,274.6762396,-13.75253077,18.3750905,16.260889,14.474474,32.823139,3,IN
2338,274.6715023,-13.7673984,18.59280215,16.430917,14.354354,32.937547,3,IN
2369,274.6808648,-13.75299939,18.81597779,16.579147,14.834835,33.573936,3,IN
2285,274.6825112,-13.76932507,14.2884595,12.938615,13.753754,28.116688,3,IN
2283,274.6762199,-13.77693626,20.13099105,18.050342,13.753754,33.959219,3,IN
2223,274.6627692,-13.76028919,18.61906549,16.526306,13.033033,31.827474,3,IN
2224,274.695213,-13.75927709,19.05669414,16.925784,13.033033,32.265103,3,IN
2225,274.7000217,-13.75215728,17.23732827,15.396511,13.033033,30.445737,3,IN
2226,274.6951953,-13.79976501,19.77050132,17.752888,13.033033,32.97891,3,IN
2227,274.6899315,-13.79148951,17.97660475,15.998074,13.033033,31.185013,3,IN
2228,274.69689,-13.790161,19.30205981,17.193664,13.033033,32.510468,3,IN
2229,274.6879687,-13.78738026,15.3903842,14.055077,13.033033,28.598793,3,IN
2230,274.6664539,-13.78700587,19.33266532,17.216846,13.033033,32.541074,3,IN
2231,274.6979432,-13.76956495,19.82429618,17.757846,13.153153,33.136008,3,IN
2232,274.6553869,-13.76278541,19.95587785,17.907481,13.153153,33.26759,3,IN
2233,274.6974213,-13.76239999,19.94585951,17.892691,13.153153,33.257571,3,IN
2234,274.6533058,-13.76229967,20.21377739,18.223583,13.153153,33.525489,3,IN
2235,274.6610014,-13.76009811,19.08868951,16.94483,13.153153,32.400401,3,IN
2236,274.6795306,-13.79747913,20.06911198,18.036027,13.153153,33.380824,3,IN
2237,274.6745926,-13.79359854,20.30959378,18.322553,13.153153,33.621306,3,IN
2238,274.6796161,-13.79340003,19.92324188,17.856284,13.153153,33.234954,3,IN
2239,274.6898306,-13.78738632,19.82586736,17.781267,13.153153,33.137579,3,IN
2222,274.6988429,-13.76038232,19.43607948,17.347313,13.033033,32.644488,3,IN
2240,274.6820441,-13.77562376,18.72694598,16.596448,13.273273,32.141961,3,IN
2221,274.6573568,-13.76130837,19.45122479,17.367921,13.033033,32.659633,3,IN
2219,274.6909227,-13.76576466,19.39564085,17.289414,13.033033,32.604049,3,IN
2202,274.6532965,-13.76868618,20.12529946,18.123273,12.912913,33.230405,3,IN
2203,274.6918753,-13.76471238,19.36132681,17.268324,12.912913,32.466432,3,IN
2204,274.6994751,-13.76148721,19.6800122,17.632347,12.912913,32.785117,3,IN
2205,274.6710726,-13.76072851,18.09730384,16.106445,12.912913,31.202409,3,IN
2206,274.6972936,-13.75984878,20.22815131,18.250114,12.912913,33.333257,3,IN
2207,274.6892474,-13.75853645,15.69196528,14.401615,12.912913,28.797071,3,IN
2208,274.6898666,-13.7551579,19.85207117,17.827494,12.912913,32.957176,3,IN
2209,274.6804413,-13.75464514,18.8346919,16.699262,12.912913,31.939797,3,IN
2210,274.6762009,-13.75011762,20.41847856,18.479926,12.912913,33.523584,3,IN
2211,274.6829331,-13.79618351,18.82710034,16.700706,12.912913,31.932206,3,IN
2212,274.6593502,-13.79185672,19.40249151,17.314432,12.912913,32.507597,3,IN
2213,274.6638949,-13.79053997,19.68235427,17.640918,12.912913,32.78746,3,IN
2214,274.6938636,-13.79000399,18.63104595,16.555337,12.912913,31.736151,3,IN
2215,274.6621755,-13.78215245,15.58060215,14.237186,13.033033,28.789011,3,IN
2216,274.6622487,-13.78138882,15.11372615,13.751015,13.033033,28.322135,3,IN
2217,274.6886584,-13.77104418,15.27245444,13.966598,13.033033,28.480863,3,IN
2218,274.6730527,-13.76657082,17.90241573,15.947072,13.033033,31.110824,3,IN
2220,274.6646552,-13.76424624,18.87820098,16.747587,13.033033,32.08661,3,IN
2241,274.6574327,-13.77157314,17.52186725,15.620464,13.273273,30.936882,3,IN
2242,274.6710659,-13.77027295,19.76878712,17.674206,13.273273,33.183802,3,IN
2243,274.6738702,-13.76528782,18.61815178,16.518069,13.273273,32.033167,3,IN
2266,274.6610703,-13.76394154,19.31417528,17.14756,13.513514,32.935797,3,IN
2267,274.6642269,-13.76093659,19.73678736,17.621636,13.513514,33.358409,3,IN
2268,274.6725642,-13.75937912,15.31864004,13.921987,13.513514,28.940262,3,IN
2269,274.7001061,-13.7530229,19.52367844,17.358581,13.513514,33.1453,3,IN
2270,274.6746598,-13.75205508,20.03537149,17.970279,13.513514,33.656993,3,IN
2271,274.6572102,-13.79031547,20.1658864,18.081478,13.513514,33.787508,3,IN
2272,274.6878295,-13.78695289,19.85274422,17.754518,13.513514,33.474366,3,IN
2273,274.6571927,-13.78567497,19.86088528,17.738369,13.513514,33.482507,3,IN
2274,274.6681037,-13.77721317,17.79325686,15.82024,13.633634,31.518182,3,IN
2275,274.6819639,-13.77356451,19.11618979,16.919701,13.633634,32.841115,3,IN
2276,274.6995959,-13.76739964,20.19262773,18.107522,13.633634,33.917553,3,IN
2277,274.6629416,-13.75609363,18.47079076,16.373749,13.633634,32.195716,3,IN
2278,274.6963241,-13.75605096,18.60768155,16.482523,13.633634,32.332607,3,IN
2279,274.6946633,-13.75437147,18.53158745,16.416118,13.633634,32.256513,3,IN
2280,274.6742298,-13.79795424,19.60236307,17.455496,13.633634,33.327288,3,IN
2281,274.6835261,-13.79412916,20.21197182,18.144416,13.633634,33.936897,3,IN
2282,274.7003975,-13.77812128,19.74415087,17.593064,13.753754,33.572379,3,IN
2265,274.6641307,-13.76687544,19.46947514,17.310214,13.513514,33.091097,3,IN
2264,274.6907641,-13.77129368,18.4338877,16.348736,13.513514,32.05551,3,IN
2263,274.6979449,-13.79681035,19.65600612,17.51431,13.393393,33.174325,3,IN
2262,274.6598799,-13.79843969,18.22718656,16.194048,13.393393,31.745505,3,IN
2244,274.6560685,-13.76133085,18.59331235,16.493093,13.273273,32.008328,3,IN
2245,274.6500323,-13.75920135,19.97959609,17.949879,13.273273,33.394611,3,IN
2246,274.6902683,-13.7568195,19.2017089,17.030686,13.273273,32.616724,3,IN
2247,274.6712678,-13.75100786,19.8488856,17.768991,13.273273,33.263901,3,IN
2248,274.6997556,-13.79941689,19.47794717,17.346749,13.273273,32.892962,3,IN
2249,274.6702607,-13.79673391,18.54321594,16.459254,13.273273,31.958231,3,IN
2250,274.6999267,-13.79482777,19.59851036,17.486253,13.273273,33.013526,3,IN
2251,274.6966817,-13.78917401,19.0605299,16.88981,13.273273,32.475545,3,IN
2284,274.6816499,-13.77117145,20.24571734,18.167174,13.753754,34.073946,3,IN
2252,274.6668349,-13.78623255,20.23423049,18.234392,13.273273,33.649246,3,IN
2254,274.6873791,-13.77704676,18.46420684,16.381195,13.393393,31.982525,3,IN
2255,274.6836996,-13.76604846,19.68750853,17.575707,13.393393,33.205827,3,IN
2256,274.6991312,-13.76448515,19.43001433,17.280273,13.393393,32.948333,3,IN
2257,274.6621364,-13.76429562,18.45904857,16.370906,13.393393,31.977367,3,IN
2258,274.6910836,-13.76330983,19.99051257,17.921715,13.393393,33.508831,3,IN
2259,274.653871,-13.76088741,19.68384431,17.569525,13.393393,33.202163,3,IN
2260,274.6564607,-13.75818763,19.99891598,17.939691,13.393393,33.517234,3,IN
2261,274.6818885,-13.75201107,17.22035905,15.368275,13.393393,30.738678,3,IN
2253,274.6888066,-13.7802624,20.27437984,18.222661,13.393393,33.792698,3,IN
2707,274.6498142,-13.75729269,19.95311134,16.52687,33.573574,50.826385,3,IN
1354,274.670767,-13.7744729,20.17284482,18.963442,8.5885886,29.559031,3,IN
1352,274.6945125,-13.78109597,14.00477557,13.175532,8.5885886,23.390962,3,IN
446,274.6631961,-13.78493425,17.03056634,16.181199,2.1021021,20.838374,3,IN
447,274.6994883,-13.78471619,17.91044106,17.113993,2.1021021,21.718249,3,IN
448,274.6717946,-13.78342109,17.57921698,16.777852,2.1021021,21.387025,3,IN
449,274.6653708,-13.78328473,16.47099134,15.535958,2.1021021,20.278799,3,IN
450,274.6726831,-13.78264803,16.45913429,15.524347,2.1021021,20.266942,3,IN
451,274.6802447,-13.78052961,16.97286314,16.106361,2.2222222,20.883974,3,IN
452,274.6613434,-13.77679179,17.45712743,16.624904,2.2222222,21.368239,3,IN
453,274.6625051,-13.77377746,17.99977819,17.197115,2.2222222,21.910889,3,IN
454,274.6507406,-13.77322536,18.10776338,17.299386,2.2222222,22.018875,3,IN
455,274.6672039,-13.76637924,16.03273502,15.019313,2.2222222,19.943846,3,IN
456,274.6500952,-13.76362014,16.96132346,16.062832,2.2222222,20.872435,3,IN
457,274.695757,-13.75025847,18.22566776,17.425546,2.2222222,22.136779,3,IN
458,274.6518752,-13.79963387,14.31545024,13.573506,2.2222222,18.226561,3,IN
459,274.6539784,-13.79530712,16.82995217,15.938095,2.2222222,20.741063,3,IN
460,274.6675955,-13.79476544,15.77822881,14.77284,2.2222222,19.68934,3,IN
461,274.6685095,-13.79442537,17.18138552,16.332925,2.2222222,21.092497,3,IN
462,274.6543144,-13.7919149,16.6134019,15.664903,2.2222222,20.524513,3,IN
445,274.6615758,-13.78567042,15.99202958,14.988856,2.1021021,19.799837,3,IN
463,274.6854441,-13.7890433,16.96804379,16.07598,2.2222222,20.879155,3,IN
444,274.6789542,-13.78823809,16.1255647,15.148592,2.1021021,19.933373,3,IN
442,274.6947094,-13.79918557,16.56828696,15.636211,2.1021021,20.376095,3,IN
425,274.6743821,-13.78314179,16.84005798,15.994471,1.8618619,20.441259,3,IN
426,274.6771618,-13.78013785,16.24781403,15.294131,1.981982,19.952319,3,IN
427,274.6954127,-13.77971624,17.00372158,16.135862,1.981982,20.708226,3,IN
428,274.6692931,-13.77876689,16.00876379,15.026526,1.981982,19.713268,3,IN
429,274.6676972,-13.77851013,17.01676072,16.178725,1.981982,20.721265,3,IN
430,274.6656943,-13.77051831,18.16887823,17.374143,1.981982,21.873383,3,IN
431,274.6888686,-13.76854582,16.2365868,15.290535,1.981982,19.941091,3,IN
432,274.6609834,-13.76488364,17.37815774,16.578592,1.981982,21.082662,3,IN
433,274.6810872,-13.79846274,16.25248132,15.308828,1.981982,19.956986,3,IN
434,274.6817436,-13.79807441,15.77422337,14.777195,1.981982,19.478728,3,IN
435,274.6662738,-13.78770916,17.28625685,16.460133,1.981982,20.990761,3,IN
436,274.6730027,-13.78292921,17.01685061,16.145942,1.981982,20.721355,3,IN
437,274.672397,-13.77724136,16.12340176,15.129992,2.1021021,19.93121,3,IN
438,274.6944457,-13.77704676,16.26727948,15.314553,2.1021021,20.075087,3,IN
439,274.6789307,-13.77424292,18.21017447,17.409171,2.1021021,22.017982,3,IN
440,274.6776913,-13.76738995,16.19043451,15.22687,2.1021021,19.998242,3,IN
441,274.6838668,-13.75617763,16.33160212,15.389205,2.1021021,20.13941,3,IN
443,274.6993115,-13.79307407,16.61131455,15.694448,2.1021021,20.419122,3,IN
424,274.6650818,-13.78466631,17.19498658,16.389185,1.8618619,20.796188,3,IN
464,274.6628971,-13.78804904,16.61836342,15.666114,2.2222222,20.529475,3,IN
466,274.6740674,-13.78704723,16.78972344,15.870342,2.2222222,20.700835,3,IN
488,274.6766161,-13.777118,16.9003263,15.972108,2.4624625,21.018044,3,IN
489,274.6561308,-13.77579971,16.77754842,15.844933,2.4624625,20.895266,3,IN
490,274.6843584,-13.77573149,16.87061975,15.926746,2.4624625,20.988338,3,IN
491,274.6593514,-13.77263353,16.75775071,15.830842,2.4624625,20.875468,3,IN
492,274.6917435,-13.7712857,16.44503799,15.45927,2.4624625,20.562756,3,IN
493,274.6720255,-13.76282976,16.24985942,15.237959,2.4624625,20.367577,3,IN
494,274.6788013,-13.76067381,16.38152962,15.382841,2.4624625,20.499247,3,IN
495,274.6715441,-13.75881792,16.74646263,15.809345,2.4624625,20.86418,3,IN
496,274.6949309,-13.79935382,17.25419815,16.376825,2.4624625,21.371916,3,IN
497,274.6923451,-13.79875907,16.52408205,15.540251,2.4624625,20.6418,3,IN
498,274.6652933,-13.79742255,17.58705788,16.718977,2.4624625,21.704776,3,IN
499,274.6894986,-13.79689801,17.51249872,16.642759,2.4624625,21.630216,3,IN
500,274.6744279,-13.79687967,15.35783974,14.415693,2.4624625,19.475557,3,IN
501,274.6723216,-13.78891471,17.35907663,16.468792,2.4624625,21.476794,3,IN
502,274.6647673,-13.78684142,16.11991615,15.081769,2.4624625,20.237634,3,IN
503,274.6788062,-13.78616713,16.57206751,15.628922,2.4624625,20.689785,3,IN
504,274.6812667,-13.7820058,16.72040843,15.768939,2.5825826,20.941429,3,IN
487,274.6753569,-13.7802866,15.92746466,14.891561,2.4624625,20.045182,3,IN
465,274.6797186,-13.78784708,17.53115232,16.703287,2.2222222,21.442263,3,IN
486,274.678014,-13.78363447,16.00768051,14.985909,2.3423423,20.022095,3,IN
484,274.6789037,-13.78464623,16.66389543,15.699394,2.3423423,20.67831,3,IN
467,274.6680471,-13.78627401,16.9586517,16.090947,2.2222222,20.869763,3,IN
468,274.6723838,-13.78275576,17.79528187,16.98255,2.2222222,21.706393,3,IN
469,274.6567043,-13.7804275,16.72960203,15.780735,2.3423423,20.744016,3,IN
470,274.6678988,-13.78024736,16.52957531,15.594074,2.3423423,20.54399,3,IN
471,274.6876105,-13.77255411,16.85288772,15.967319,2.3423423,20.867302,3,IN
472,274.6897687,-13.77000633,16.08337996,15.058192,2.3423423,20.097794,3,IN
473,274.6874622,-13.76514057,16.85346558,15.944206,2.3423423,20.86788,3,IN
474,274.6983865,-13.76470237,17.81591874,16.977682,2.3423423,21.830333,3,IN
475,274.6967364,-13.79949554,16.02077475,14.989995,2.3423423,20.035189,3,IN
476,274.6711535,-13.79803113,16.47850375,15.510474,2.3423423,20.492918,3,IN
477,274.6937526,-13.79622283,18.33346806,17.678547,2.3423423,22.347883,3,IN
478,274.6593762,-13.79456165,15.80791107,14.785629,2.3423423,19.822326,3,IN
479,274.6802906,-13.79453093,17.20394997,16.316192,2.3423423,21.218364,3,IN
480,274.6824776,-13.79423217,17.98140454,17.162747,2.3423423,21.995819,3,IN
481,274.6809587,-13.7897759,16.11550731,15.095003,2.3423423,20.129922,3,IN
482,274.673471,-13.78867925,16.64542907,15.70451,2.3423423,20.659844,3,IN
483,274.6941946,-13.78803906,17.98616243,17.15371,2.3423423,22.000577,3,IN
485,274.6561776,-13.78378288,16.48221179,15.521849,2.3423423,20.496626,3,IN
423,274.6605141,-13.79048134,15.92644355,14.965635,1.8618619,19.527645,3,IN
422,274.6897355,-13.79511828,16.52540302,15.615982,1.8618619,20.126604,3,IN
421,274.6778566,-13.79812379,16.7220058,15.866255,1.8618619,20.323207,3,IN
361,274.6872297,-13.78479307,16.0255623,15.273193,0.54054054,18.490427,3,IN
362,274.6966125,-13.79883492,16.05155005,15.291066,0.66066066,18.619718,3,IN
363,274.6587267,-13.77617227,16.55298101,15.792744,0.78078078,19.224452,3,IN
364,274.650079,-13.76886556,15.7277326,14.876166,0.78078078,18.399204,3,IN
365,274.6583207,-13.76003253,13.67541535,13.130164,0.78078078,16.346887,3,IN
366,274.667367,-13.76654082,16.43689177,15.687243,0.9009009,19.211667,3,IN
367,274.6890186,-13.76367085,14.89354795,14.115784,0.9009009,17.668323,3,IN
368,274.6713822,-13.75795206,15.66420919,14.805152,0.9009009,18.438984,3,IN
369,274.6879424,-13.78886683,16.07399298,15.246487,0.9009009,18.848768,3,IN
370,274.6608983,-13.77495132,14.6104998,13.882073,1.021021,17.488578,3,IN
371,274.6867599,-13.79879519,16.12624328,15.2734,1.021021,19.004321,3,IN
372,274.6966974,-13.79870584,16.15516331,15.327831,1.021021,19.033241,3,IN
373,274.6891988,-13.79774557,16.4681236,15.694941,1.021021,19.346202,3,IN
374,274.6943523,-13.79587941,15.57776327,14.682059,1.021021,18.455841,3,IN
375,274.6672712,-13.78400242,15.88718617,15.015253,1.021021,18.765264,3,IN
376,274.682624,-13.78331512,14.03853285,13.416187,1.021021,16.916611,3,IN
377,274.6775477,-13.7672852,16.19170994,15.38822,1.1411411,19.173091,3,IN
360,274.6771119,-13.78498183,14.47620985,13.795619,0.54054054,16.941075,3,IN
378,274.681788,-13.78087548,15.71182405,14.791686,1.2612613,18.796509,3,IN
359,274.65492,-13.79754725,17.62208028,16.996711,0.54054054,20.086945,3,IN
357,274.6937841,-13.79986706,16.17476322,15.461108,0.42042042,18.536325,3,IN
340,274.6979592,-13.78243443,14.67350658,14.004962,-0.54054054,16.208642,3,IN
341,274.6578899,-13.75692264,15.05615552,14.330429,-0.54054054,16.591291,3,IN
342,274.6659601,-13.79560953,12.93108108,12.556648,-0.42042042,14.56952,3,IN
343,274.6758717,-13.79371422,14.82232383,14.136712,-0.42042042,16.460762,3,IN
344,274.6495764,-13.76030207,15.37669305,14.641607,-0.3003003,17.118435,3,IN
345,274.6703569,-13.76490843,14.75917769,14.056703,-0.18018018,16.604223,3,IN
346,274.6931534,-13.76330399,13.72131496,13.218446,-0.06006006,15.669663,3,IN
347,274.6980922,-13.75627827,15.5306617,14.772795,-0.06006006,17.47901,3,IN
348,274.6952153,-13.79722244,17.62829032,17.207389,-0.06006006,19.576639,3,IN
349,274.6522849,-13.78298963,15.31177829,14.539599,-0.06006006,17.260127,3,IN
350,274.6856721,-13.79931611,15.24509642,14.444984,0.06006006,17.296748,3,IN
351,274.6882441,-13.77761042,17.48347397,16.878219,0.18018018,19.638429,3,IN
352,274.687747,-13.76797573,14.67875949,13.9721,0.18018018,16.833714,3,IN
353,274.666207,-13.79297363,15.87656382,15.136094,0.18018018,18.031519,3,IN
354,274.6602647,-13.78216927,13.84280364,13.290674,0.3003003,16.101062,3,IN
355,274.6612177,-13.76988034,17.44656766,16.840612,0.3003003,19.704826,3,IN
356,274.6597448,-13.78732589,15.60592352,14.822386,0.3003003,17.864182,3,IN
358,274.6645535,-13.78449892,13.92792265,13.362982,0.42042042,16.289484,3,IN
379,274.6622192,-13.77065873,16.3694086,15.537746,1.2612613,19.454093,3,IN
380,274.6563988,-13.76543672,16.02105157,15.153206,1.2612613,19.105736,3,IN
381,274.6789646,-13.78838861,16.40150611,15.57559,1.2612613,19.486191,3,IN
404,274.6534931,-13.793169,16.65510827,15.814124,1.6216216,20.049703,3,IN
405,274.6722385,-13.79085904,18.11109869,17.480522,1.6216216,21.505693,3,IN
406,274.6556041,-13.78281918,14.18655533,13.504547,1.6216216,17.58115,3,IN
407,274.6731377,-13.78103904,18.0985409,17.351498,1.7417417,21.596439,3,IN
408,274.6969639,-13.7801719,16.82259227,15.996363,1.7417417,20.32049,3,IN
409,274.6865775,-13.77597078,16.01711282,15.057919,1.7417417,19.515011,3,IN
410,274.692228,-13.77448442,15.70946221,14.753357,1.7417417,19.20736,3,IN
411,274.6858294,-13.77350113,17.39690539,16.610777,1.7417417,20.894803,3,IN
412,274.6882389,-13.76313237,14.03448123,13.360506,1.7417417,17.532379,3,IN
413,274.6940559,-13.79042481,17.88002153,17.128036,1.7417417,21.377919,3,IN
414,274.663186,-13.78955101,15.90382067,14.95734,1.7417417,19.401719,3,IN
415,274.6721359,-13.78612011,15.76976798,14.810679,1.7417417,19.267666,3,IN
416,274.6566449,-13.78547982,16.47657785,15.571807,1.7417417,19.974476,3,IN
417,274.6648157,-13.78097547,16.51517549,15.639602,1.8618619,20.116377,3,IN
418,274.6948058,-13.78077766,16.8482705,15.979875,1.8618619,20.449472,3,IN
419,274.672783,-13.77729186,17.73114043,16.957646,1.8618619,21.332342,3,IN
420,274.6599042,-13.79921312,16.17362443,15.232176,1.8618619,19.774826,3,IN
403,274.6537432,-13.79687776,17.79145082,17.041071,1.6216216,21.186045,3,IN
402,274.6689692,-13.78402924,18.03773433,17.301493,1.5015015,21.329026,3,IN
401,274.6786913,-13.7900001,17.36205783,16.620599,1.5015015,20.653349,3,IN
400,274.6929796,-13.7904355,16.28486503,15.411003,1.5015015,19.576156,3,IN
382,274.6720001,-13.78296304,16.01086519,15.134528,1.2612613,19.09555,3,IN
383,274.6797237,-13.78162827,17.54849458,16.831197,1.3813814,20.736483,3,IN
384,274.6863343,-13.78151097,17.0280573,16.268088,1.3813814,20.216045,3,IN
385,274.6746722,-13.7754032,14.77779035,14.001557,1.3813814,17.965778,3,IN
386,274.6775827,-13.75103642,15.03318569,14.200149,1.3813814,18.221174,3,IN
387,274.6773581,-13.79822135,17.99191297,17.263307,1.3813814,21.179901,3,IN
388,274.6731924,-13.79204881,16.00368828,15.114137,1.3813814,19.191676,3,IN
389,274.6649725,-13.78901889,15.99456979,15.106858,1.3813814,19.182558,3,IN
505,274.6819671,-13.77765367,17.07413071,16.144224,2.5825826,21.295152,3,IN
390,274.6640552,-13.78879128,17.39235482,16.666035,1.3813814,20.580343,3,IN
392,274.6993956,-13.78752954,16.21214271,15.34547,1.3813814,19.400131,3,IN
393,274.6638457,-13.78144547,15.64149434,14.692358,1.5015015,18.932786,3,IN
394,274.6649742,-13.78088484,18.09889477,17.531127,1.5015015,21.390186,3,IN
395,274.6546371,-13.76966851,16.02527868,15.11673,1.5015015,19.31657,3,IN
396,274.6790298,-13.76483262,16.2993339,15.426328,1.5015015,19.590625,3,IN
397,274.6666976,-13.7957087,16.75708875,15.947598,1.5015015,20.04838,3,IN
398,274.6734645,-13.79337967,15.88034058,14.944727,1.5015015,19.171632,3,IN
399,274.655734,-13.79252075,16.48288809,15.63222,1.5015015,19.774179,3,IN
391,274.698236,-13.78868218,15.65772885,14.736444,1.3813814,18.845717,3,IN
339,274.6617072,-13.79091228,14.74344141,14.076293,-0.66066066,16.175273,3,IN
506,274.6713705,-13.77679848,16.13525012,15.085009,2.5825826,20.356271,3,IN
508,274.6923283,-13.77520241,15.48655295,14.512901,2.5825826,19.707574,3,IN
615,274.6639481,-13.7748036,17.40602987,16.444279,3.0630631,22.040264,3,IN
616,274.6816964,-13.77390481,16.84803709,15.807344,3.0630631,21.482271,3,IN
617,274.6747981,-13.77173219,17.05996804,16.05794,3.0630631,21.694202,3,IN
618,274.6596599,-13.77023354,17.33879633,16.398066,3.0630631,21.973031,3,IN
619,274.6534007,-13.76976996,16.09777418,14.995909,3.0630631,20.732008,3,IN
620,274.6561633,-13.7679847,16.55862541,15.506792,3.0630631,21.19286,3,IN
621,274.6507941,-13.76712119,16.60753726,15.551647,3.0630631,21.241772,3,IN
622,274.6613811,-13.76706887,17.0638085,16.090978,3.0630631,21.698043,3,IN
623,274.6742373,-13.76555929,16.86263864,15.845353,3.0630631,21.496873,3,IN
624,274.6749355,-13.75984466,17.95440199,17.035696,3.0630631,22.588636,3,IN
625,274.6585178,-13.75505992,16.61882521,15.572765,3.0630631,21.253059,3,IN
626,274.6532085,-13.79533605,18.48858458,17.617577,3.0630631,23.122819,3,IN
627,274.672716,-13.7912635,16.69291123,15.656421,3.0630631,21.327146,3,IN
628,274.6609689,-13.7912784,16.54473258,15.468599,3.0630631,21.178967,3,IN
629,274.6676128,-13.79115625,16.07360537,14.960217,3.0630631,20.70784,3,IN
630,274.6685052,-13.78993592,17.6166047,16.679738,3.0630631,22.250839,3,IN
631,274.6874837,-13.7897952,16.46215273,15.381944,3.0630631,21.096387,3,IN
614,274.6721276,-13.77871418,17.05082932,16.079273,3.0630631,21.685064,3,IN
632,274.6954575,-13.78922704,15.6819858,14.650531,3.0630631,20.31622,3,IN
613,274.6872644,-13.78060844,18.36724282,17.461053,3.0630631,23.001477,3,IN
611,274.6542803,-13.78188701,18.34255813,17.45082,3.0630631,22.976792,3,IN
594,274.6538925,-13.7743267,17.39117992,16.463379,2.9429429,21.922111,3,IN
595,274.6935412,-13.77421994,17.0443724,16.07176,2.9429429,21.575303,3,IN
596,274.6907681,-13.77211962,16.8451458,15.826085,2.9429429,21.376077,3,IN
597,274.666839,-13.77085137,16.64615334,15.610031,2.9429429,21.177084,3,IN
598,274.6567337,-13.76751379,16.27797444,15.204,2.9429429,20.808905,3,IN
599,274.692615,-13.76686032,16.6598632,15.618258,2.9429429,21.190794,3,IN
600,274.6873669,-13.76574849,17.50384285,16.582891,2.9429429,22.034774,3,IN
601,274.6650936,-13.75880869,16.8903967,15.906358,2.9429429,21.421328,3,IN
602,274.6751656,-13.79588871,15.72194418,14.699258,2.9429429,20.252875,3,IN
603,274.6723763,-13.79520436,16.48716483,15.428191,2.9429429,21.018096,3,IN
604,274.6989713,-13.79442286,16.37358309,15.317489,2.9429429,20.904514,3,IN
605,274.6775168,-13.79436089,17.48430739,16.539696,2.9429429,22.015238,3,IN
606,274.6599491,-13.792344,17.56302943,16.646717,2.9429429,22.09396,3,IN
607,274.6654034,-13.79191445,18.05835163,17.156939,2.9429429,22.589283,3,IN
608,274.6942396,-13.79079256,15.59637925,14.588729,2.9429429,20.12731,3,IN
609,274.6594975,-13.78755552,16.36699852,15.304062,2.9429429,20.897929,3,IN
610,274.6697596,-13.7859569,16.18720246,15.109072,2.9429429,20.718133,3,IN
612,274.6547534,-13.7809961,16.86057287,15.828979,3.0630631,21.494807,3,IN
593,274.6871538,-13.77525578,15.59790296,14.584772,2.9429429,20.128834,3,IN
633,274.66054,-13.78864116,16.21543025,15.115709,3.0630631,20.849665,3,IN
635,274.668176,-13.78608802,18.55351754,17.87797,3.0630631,23.187752,3,IN
657,274.677393,-13.75579285,17.35436587,16.361366,3.1831832,22.091903,3,IN
658,274.6953053,-13.75453365,18.57135893,17.832054,3.1831832,23.308897,3,IN
659,274.6767893,-13.7506754,17.36822265,16.386495,3.1831832,22.10576,3,IN
660,274.6700393,-13.79935253,16.1977302,15.081959,3.1831832,20.935268,3,IN
661,274.6978092,-13.79903002,17.36790675,16.401976,3.1831832,22.105444,3,IN
662,274.6555052,-13.7988733,16.8899454,15.861023,3.1831832,21.627483,3,IN
663,274.6593992,-13.79811295,15.70438013,14.657378,3.1831832,20.441918,3,IN
664,274.6502663,-13.79726677,15.84078139,14.776827,3.1831832,20.578319,3,IN
665,274.6642279,-13.79505546,17.23757759,16.241879,3.1831832,21.975115,3,IN
666,274.6695026,-13.79348891,16.55893467,15.477903,3.1831832,21.296472,3,IN
667,274.6667877,-13.79227293,16.91095911,15.875051,3.1831832,21.648497,3,IN
668,274.6521816,-13.7920587,16.35908895,15.251287,3.1831832,21.096627,3,IN
669,274.6922356,-13.79141721,17.34759178,16.378324,3.1831832,22.085129,3,IN
670,274.682083,-13.78865336,16.30259047,15.208342,3.1831832,21.040128,3,IN
671,274.674898,-13.78773037,17.07908239,16.075094,3.1831832,21.81662,3,IN
672,274.6975599,-13.78190692,16.21059468,15.079133,3.3033033,21.051436,3,IN
673,274.6932747,-13.77991067,18.57409031,17.741075,3.3033033,23.414931,3,IN
656,274.6639628,-13.76247417,17.08806784,16.088386,3.1831832,21.825605,3,IN
634,274.6743911,-13.78836484,16.41157217,15.323834,3.0630631,21.045806,3,IN
655,274.6801767,-13.76620691,16.95740671,15.94466,3.1831832,21.694944,3,IN
653,274.6883442,-13.76900323,18.22856758,17.321736,3.1831832,22.966105,3,IN
636,274.6622891,-13.78387342,16.56585901,15.502885,3.0630631,21.200093,3,IN
637,274.6822098,-13.78268374,16.56786988,15.506058,3.0630631,21.202104,3,IN
638,274.6776249,-13.78257427,18.14610263,17.242968,3.0630631,22.780337,3,IN
639,274.6985662,-13.78214459,17.11238532,16.133343,3.1831832,21.849923,3,IN
640,274.6507187,-13.78004104,17.0888512,16.063619,3.1831832,21.826389,3,IN
641,274.6553846,-13.77968458,16.44942222,15.363955,3.1831832,21.18696,3,IN
642,274.6545928,-13.77862293,17.73840662,16.813605,3.1831832,22.475944,3,IN
643,274.6729822,-13.77710899,18.56132485,17.798126,3.1831832,23.298862,3,IN
644,274.671464,-13.77607227,17.235369,16.252903,3.1831832,21.972907,3,IN
645,274.6950858,-13.77592485,16.90503724,15.877989,3.1831832,21.642575,3,IN
646,274.6672505,-13.77477296,16.98720971,15.977685,3.1831832,21.724747,3,IN
647,274.6883749,-13.77424056,16.96523892,15.962962,3.1831832,21.702777,3,IN
648,274.6832574,-13.77417747,18.53182086,17.680975,3.1831832,23.269358,3,IN
649,274.6678654,-13.77301188,16.74627217,15.672809,3.1831832,21.48381,3,IN
650,274.6763117,-13.77285815,16.05966289,14.94379,3.1831832,20.7972,3,IN
651,274.6913836,-13.77130444,17.71486715,16.765102,3.1831832,22.452405,3,IN
652,274.6765256,-13.77089333,17.72083683,16.803002,3.1831832,22.458374,3,IN
654,274.6789794,-13.7678065,18.07117296,17.138752,3.1831832,22.808711,3,IN
592,274.6660572,-13.77685677,16.19984682,15.114589,2.9429429,20.730778,3,IN
591,274.6677418,-13.77800742,16.43022987,15.378746,2.9429429,20.961161,3,IN
590,274.6818434,-13.77838605,16.8323915,15.827564,2.9429429,21.363322,3,IN
530,274.6576795,-13.76479125,18.40195971,17.622209,2.7027027,22.726284,3,IN
531,274.6884182,-13.76099645,16.62822859,15.625591,2.7027027,20.952553,3,IN
532,274.6938489,-13.75686551,18.39550902,17.563127,2.7027027,22.719833,3,IN
533,274.6831771,-13.79914828,16.64237374,15.638019,2.7027027,20.966698,3,IN
534,274.6765718,-13.7985045,17.42565741,16.535947,2.7027027,21.749982,3,IN
535,274.6823608,-13.79700953,17.59031813,16.718285,2.7027027,21.914642,3,IN
536,274.6521855,-13.79607865,17.98260934,17.122423,2.7027027,22.306934,3,IN
537,274.6737305,-13.79479337,16.94111198,15.966905,2.7027027,21.265436,3,IN
538,274.693108,-13.79459106,17.85253162,16.969098,2.7027027,22.176856,3,IN
539,274.673941,-13.79431001,16.48839693,15.463118,2.7027027,20.812721,3,IN
540,274.6775196,-13.79297608,16.6396504,15.659782,2.7027027,20.963975,3,IN
541,274.6616844,-13.79284188,16.38105905,15.339859,2.7027027,20.705383,3,IN
542,274.6616193,-13.78948135,17.76912027,16.897835,2.7027027,22.093445,3,IN
543,274.6520986,-13.78631649,16.82757533,15.845169,2.7027027,21.1519,3,IN
544,274.6717095,-13.78365636,16.51179883,15.49046,2.7027027,20.836123,4,IN
545,274.653813,-13.78284592,17.70762268,16.827037,2.7027027,22.031947,4,IN
546,274.688028,-13.78255671,16.95315799,15.971484,2.7027027,21.277482,4,IN
529,274.6574234,-13.76978871,17.30880234,16.413841,2.7027027,21.633127,4,IN
547,274.662259,-13.78241177,16.21164167,15.149682,2.8228228,20.639269,4,IN
528,274.6863211,-13.77215391,17.21634424,16.271523,2.7027027,21.540669,4,IN
526,274.6931997,-13.77364512,17.93700857,17.072127,2.7027027,22.261333,4,IN
509,274.6688702,-13.76925079,16.00231443,14.957472,2.5825826,20.223335,4,IN
510,274.6791923,-13.76659031,17.06164522,16.121009,2.5825826,21.282666,4,IN
511,274.6713779,-13.76115549,17.05378938,16.123144,2.5825826,21.27481,4,IN
512,274.6808689,-13.79970054,16.39505483,15.375725,2.5825826,20.616076,4,IN
513,274.6619112,-13.79748525,15.57400616,14.587937,2.5825826,19.795027,4,IN
514,274.7006606,-13.79413045,16.18570616,15.141142,2.5825826,20.406727,4,IN
515,274.6585784,-13.79121887,16.18001254,15.148378,2.5825826,20.401034,4,IN
516,274.6723287,-13.7910153,16.93785687,16.003396,2.5825826,21.158878,4,IN
517,274.6785056,-13.78777674,16.24547722,15.204509,2.5825826,20.466498,4,IN
518,274.6798137,-13.7874961,16.34078419,15.325671,2.5825826,20.561805,4,IN
519,274.6931079,-13.78630532,16.94419873,16.012361,2.5825826,21.16522,4,IN
520,274.6811166,-13.78342921,16.27174713,15.237195,2.5825826,20.492768,4,IN
521,274.6709285,-13.7833972,17.06011322,16.14952,2.5825826,21.281134,4,IN
522,274.690266,-13.78103116,16.4342574,15.391674,2.7027027,20.758582,4,IN
523,274.6766063,-13.78086872,16.37571018,15.32673,2.7027027,20.700035,4,IN
524,274.6713828,-13.77901858,16.59036254,15.565421,2.7027027,20.914687,4,IN
525,274.6945499,-13.77887335,17.57729762,16.687669,2.7027027,21.901622,4,IN
527,274.6937383,-13.7733552,15.99631253,14.931771,2.7027027,20.320637,4,IN
548,274.6612782,-13.78210194,16.64191159,15.617478,2.8228228,21.069539,4,IN
549,274.6675168,-13.78199661,17.34970223,16.418309,2.8228228,21.77733,4,IN
550,274.6720466,-13.77971587,16.5212754,15.49697,2.8228228,20.948903,4,IN
573,274.6582342,-13.79857022,16.21234789,15.153643,2.8228228,20.639976,4,IN
574,274.6839338,-13.79849271,15.94729387,14.87583,2.8228228,20.374922,4,IN
575,274.6990276,-13.79767803,17.53303543,16.63479,2.8228228,21.960663,4,IN
576,274.6852372,-13.79741462,16.99132726,16.055752,2.8228228,21.418955,4,IN
577,274.6703012,-13.79736725,16.85976826,15.890517,2.8228228,21.287396,4,IN
578,274.6842202,-13.79713488,15.74355317,14.708099,2.8228228,20.171181,4,IN
579,274.6751396,-13.79526177,16.33023735,15.258586,2.8228228,20.757865,4,IN
580,274.6537424,-13.79420803,16.6328098,15.61876,2.8228228,21.060437,4,IN
581,274.6801997,-13.79339222,15.46555239,14.477703,2.8228228,19.89318,4,IN
582,274.6714307,-13.79300047,16.41822976,15.361043,2.8228228,20.845857,4,IN
583,274.6871492,-13.79284442,16.97047139,16.000557,2.8228228,21.398099,4,IN
584,274.6719831,-13.79194241,17.78252222,16.895684,2.8228228,22.21015,4,IN
585,274.6689998,-13.79071131,16.0835792,15.013894,2.8228228,20.511207,4,IN
586,274.6722868,-13.78810266,16.02819083,14.960189,2.8228228,20.455818,4,IN
587,274.6625972,-13.78464823,18.12833408,17.246892,2.8228228,22.555962,4,IN
588,274.6633822,-13.78121418,16.66778365,15.648044,2.9429429,21.198715,4,IN
589,274.6915071,-13.78065959,16.43194644,15.382512,2.9429429,20.962877,4,IN
572,274.6994665,-13.79864717,17.51448689,16.608003,2.8228228,21.942115,4,IN
571,274.6701529,-13.75371423,16.84750723,15.862722,2.8228228,21.275135,4,IN
570,274.6703381,-13.75622408,16.15949339,15.077211,2.8228228,20.587121,4,IN
569,274.6774053,-13.75724205,16.46402421,15.416786,2.8228228,20.891652,4,IN
551,274.6843204,-13.77958925,18.38827711,17.510394,2.8228228,22.815905,4,IN
552,274.6723361,-13.77944981,17.63527082,16.735507,2.8228228,22.062898,4,IN
553,274.6770739,-13.77781735,18.17025565,17.292277,2.8228228,22.597883,4,IN
554,274.6943831,-13.77746747,18.08426026,17.206055,2.8228228,22.511888,4,IN
555,274.6777381,-13.77723326,16.68131657,15.677989,2.8228228,21.108944,4,IN
556,274.6498746,-13.7748154,15.12531023,14.210038,2.8228228,19.552938,4,IN
557,274.6914213,-13.77349223,16.99815444,16.035704,2.8228228,21.425782,4,IN
558,274.6694926,-13.77246884,18.23553469,17.346286,2.8228228,22.663162,4,IN
507,274.6745143,-13.77643743,16.7881019,15.844748,2.5825826,21.009123,4,IN
559,274.6769583,-13.77140723,16.2640295,15.19746,2.8228228,20.691657,4,IN
561,274.6846204,-13.76798072,16.00618643,14.932831,2.8228228,20.433814,4,IN
562,274.6829606,-13.76765467,17.25485665,16.324563,2.8228228,21.682484,4,IN
563,274.6812173,-13.76583298,16.15705384,15.098543,2.8228228,20.584682,4,IN
564,274.6682001,-13.7635998,16.14593401,15.063393,2.8228228,20.573562,4,IN
565,274.6866558,-13.76101324,16.80220603,15.809095,2.8228228,21.229834,4,IN
566,274.6663468,-13.76064665,18.30786676,17.439197,2.8228228,22.735494,4,IN
567,274.6682135,-13.75922826,15.95303172,14.873488,2.8228228,20.380659,4,IN
568,274.6644485,-13.75880903,15.96147547,14.881069,2.8228228,20.389103,4,IN
560,274.676429,-13.76922433,17.23873165,16.289998,2.8228228,21.666359,4,IN
338,274.6939053,-13.77628695,12.8569789,12.513052,-0.66066066,14.288811,4,IN
337,274.6529928,-13.76536805,15.18781624,14.500315,-0.78078078,16.516345,4,IN
336,274.6892026,-13.78258101,15.07493644,14.413708,-1.1411411,16.093555,4,IN
107,274.6684204,-13.7530069,16.35821694,15.15032,4.024024,21.818878,4,IN
108,274.6686903,-13.7682518,15.72209186,14.623456,4.024024,21.182753,4,IN
109,274.68543,-13.77434828,15.94877141,14.800473,4.024024,21.409432,4,IN
110,274.6920491,-13.77692683,15.40791186,14.378029,4.024024,20.868573,4,IN
111,274.6995161,-13.7932363,15.34400293,14.322688,4.024024,20.804664,4,IN
112,274.6571007,-13.78037465,16.31280437,15.091174,4.1441441,21.876768,4,IN
113,274.6510119,-13.75068421,16.72908557,15.50827,4.2642643,22.396353,4,IN
114,274.6680028,-13.79859229,15.30112416,14.278904,4.2642643,20.968391,4,IN
115,274.6692628,-13.76613366,16.15200114,14.972353,4.2642643,21.819268,4,IN
116,274.6755414,-13.77500043,15.61149247,14.527037,4.2642643,21.27876,4,IN
117,274.6755414,-13.77500043,15.61149247,14.527037,4.2642643,21.27876,4,IN
118,274.6891125,-13.79520843,15.18878604,14.184049,4.2642643,20.856053,4,IN
119,274.6634388,-13.79964849,15.3552114,14.311707,4.3843844,21.125782,4,IN
120,274.6689276,-13.76547735,16.83361229,15.634722,4.3843844,22.604183,4,IN
121,274.6861352,-13.78084165,13.9346988,13.103993,4.3843844,19.705269,4,IN
122,274.6925243,-13.77970383,15.23694616,14.212357,4.3843844,21.007517,4,IN
123,274.6642253,-13.77148776,15.47094398,14.39717,4.5045045,21.344818,4,IN
106,274.6652086,-13.78447184,15.72692772,14.625413,4.024024,21.187588,4,IN
124,274.6687085,-13.79622722,14.8803193,13.910848,4.5045045,20.754193,4,IN
105,274.658078,-13.75633683,16.30061727,15.106579,4.024024,21.761278,4,IN
103,274.6715926,-13.79333542,15.74900451,14.652987,3.9039039,21.106362,4,IN
86,274.6625663,-13.7860345,15.82070339,14.759806,3.3033033,20.661544,4,IN
87,274.6898176,-13.77297911,16.1407726,15.007688,3.3033033,20.981613,4,IN
88,274.6602297,-13.75785553,16.32397609,15.173854,3.4234234,21.26812,4,IN
89,274.6781804,-13.77736809,15.87445557,14.7848,3.4234234,20.8186,4,IN
90,274.6520403,-13.75690669,17.46980574,16.453589,3.5435435,22.517253,4,IN
91,274.6563635,-13.76753785,16.16912873,15.016608,3.5435435,21.216576,4,IN
92,274.6846989,-13.77804721,15.89889062,14.801699,3.5435435,20.946338,4,IN
93,274.6511589,-13.78633359,16.17516836,15.007026,3.6636637,21.325919,4,IN
94,274.6519337,-13.78567784,16.49609725,15.34038,3.6636637,21.646848,4,IN
95,274.6575411,-13.76454987,16.57266329,15.426893,3.6636637,21.723414,4,IN
96,274.6585126,-13.78098743,16.62826737,15.489299,3.6636637,21.779018,4,IN
97,274.6820076,-13.78586307,15.14918217,14.183472,3.6636637,20.299933,4,IN
98,274.6635576,-13.75539965,16.94350222,15.833134,3.7837838,22.197556,4,IN
99,274.6725969,-13.78563328,13.61845417,12.856433,3.7837838,18.872508,4,IN
100,274.6803773,-13.78019045,15.65602268,14.584455,3.7837838,20.910077,4,IN
101,274.685147,-13.77724728,15.65536788,14.584667,3.7837838,20.909422,4,IN
102,274.6639802,-13.75671053,16.00134256,14.861502,3.9039039,21.3587,4,IN
104,274.6930303,-13.78978036,15.68788047,14.610103,3.9039039,21.045238,4,IN
85,274.6573433,-13.75523537,16.15208023,15.012823,3.3033033,20.992921,4,IN
125,274.6743931,-13.78972993,13.83299888,12.998674,4.5045045,19.706873,4,IN
127,274.6903107,-13.7620897,16.57671502,15.339051,4.5045045,22.450589,4,IN
149,274.6523492,-13.75725411,15.83434063,14.648534,5.5855856,22.637944,4,IN
150,274.6539354,-13.77962717,16.88136235,15.522097,5.5855856,23.684966,4,IN
151,274.6588698,-13.77173439,15.46508853,14.341253,5.5855856,22.268692,4,IN
152,274.6617677,-13.75092357,17.18951081,15.856638,5.5855856,23.993114,4,IN
153,274.6673978,-13.78889552,15.18140776,14.109057,5.5855856,21.985011,4,IN
154,274.6726691,-13.77576098,15.47855508,14.357725,5.5855856,22.282159,4,IN
155,274.6759415,-13.77061,15.19299274,14.116239,5.5855856,21.996596,4,IN
156,274.6663391,-13.79749326,15.3629952,14.260866,5.7057057,22.269902,4,IN
157,274.6735631,-13.78685598,15.08153423,14.012677,5.7057057,21.988441,4,IN
158,274.6717966,-13.79656923,14.39952664,13.410042,5.8258258,21.409737,4,IN
159,274.6766414,-13.79308868,15.25423103,14.156938,5.8258258,22.264441,4,IN
160,274.6941609,-13.79600636,14.26724619,13.284129,5.8258258,21.277456,4,IN
161,274.6557012,-13.75314311,16.01960691,14.76847,5.9459459,23.133121,4,IN
162,274.6709309,-13.79182267,15.59855875,14.436237,5.9459459,22.712072,4,IN
163,274.6965909,-13.77632626,15.87517056,14.654306,5.9459459,22.988684,4,IN
164,274.6551488,-13.79081031,13.8310308,12.882668,6.0660661,21.047848,4,IN
165,274.6584865,-13.7740193,15.32183586,14.200685,6.0660661,22.538653,4,IN
148,274.6674005,-13.79902314,15.2847477,14.186903,5.4654655,21.985048,4,IN
126,274.6866198,-13.77402567,14.60533313,13.681637,4.5045045,20.479207,4,IN
147,274.662368,-13.78711309,15.37507724,14.277843,5.4654655,22.075378,4,IN
145,274.6860313,-13.7664367,15.6207202,14.484964,5.3453453,22.217717,4,IN
128,274.6906592,-13.76705034,15.86378147,14.720989,4.5045045,21.737655,4,IN
129,274.6929908,-13.79929097,15.77719155,14.655349,4.5045045,21.651065,4,IN
130,274.654686,-13.78067699,16.05897667,14.868195,4.6246246,22.036154,4,IN
131,274.6854496,-13.78973983,15.57880526,14.487747,4.6246246,21.555983,4,IN
132,274.7005171,-13.7705415,16.45241786,15.18257,4.6246246,22.429595,4,IN
133,274.6537033,-13.78791948,14.97224106,13.977582,4.8648649,21.156025,4,IN
134,274.6548869,-13.76961403,15.71369827,14.582731,4.8648649,21.897482,4,IN
135,274.6738085,-13.75214462,14.92525042,13.933257,4.8648649,21.109034,4,IN
136,274.6974481,-13.78436129,15.42199342,14.347843,4.8648649,21.605777,4,IN
137,274.6691752,-13.78751455,14.9626886,13.960937,4.984985,21.249776,4,IN
138,274.6516247,-13.76746521,15.87002413,14.694504,5.1051051,22.260415,4,IN
139,274.6777672,-13.77860834,15.07175413,14.041442,5.1051051,21.462145,4,IN
140,274.6877058,-13.78885901,16.09034456,14.873235,5.1051051,22.480735,4,IN
141,274.6524531,-13.75899229,13.30128655,12.779971,5.2252252,19.79498,4,IN
142,274.6700393,-13.75035069,15.89852063,14.721512,5.2252252,22.392214,4,IN
143,274.677084,-13.78828267,14.1965125,13.269428,5.2252252,20.690206,4,IN
144,274.667651,-13.75670472,15.48660479,14.369713,5.3453453,22.083602,4,IN
146,274.6507548,-13.76832597,15.79626463,14.620244,5.4654655,22.496565,4,IN
84,274.6950858,-13.77592485,16.90503827,15.87799,3.1831832,21.642576,4,IN
83,274.682083,-13.78865336,16.3025915,15.208343,3.1831832,21.040129,4,IN
82,274.677393,-13.75579285,17.35436688,16.361367,3.1831832,22.091904,4,IN
22,274.6771508,-13.79313136,15.02568432,13.792208,8.4684685,24.308567,4,IN
23,274.668632,-13.78840423,13.90785236,13.029464,8.5885886,23.294039,4,IN
24,274.6703219,-13.77664083,13.82705369,12.771891,8.7087087,23.316543,4,IN
25,274.6662369,-13.79100356,18.54964965,16.901504,8.9489489,28.245746,4,IN
26,274.6908568,-13.79936685,16.01688094,14.618473,8.9489489,25.712977,4,IN
27,274.6799465,-13.77759253,14.18811974,13.218517,9.4294294,24.297429,4,IN
28,274.6909848,-13.79281956,15.11368614,13.742433,10.03003,25.739512,4,IN
29,274.6655536,-13.7643539,13.67357863,12.62863,10.870871,25.022528,4,IN
30,274.667721,-13.76556987,14.60695163,13.433395,11.231231,26.265811,4,IN
31,274.6689294,-13.77204579,15.71697491,14.177899,11.471471,27.582441,4,IN
32,274.6945299,-13.78252068,16.27848489,14.665379,11.591592,28.247254,4,IN
33,274.6550898,-13.78907158,14.66181009,13.361851,11.711712,26.733882,4,IN
34,274.6952598,-13.77406177,16.36052751,14.663176,12.672673,29.259026,4,IN
35,274.6570329,-13.76908856,15.36334001,14.03825,12.912913,28.468445,4,IN
36,274.6767022,-13.76973098,14.77598014,13.497864,12.912913,27.881085,4,IN
37,274.6849211,-13.77232101,15.25892365,13.931598,12.912913,28.364029,4,IN
38,274.6825527,-13.75690305,15.82282256,14.382806,14.234234,30.064264,4,IN
21,274.660621,-13.76136054,15.35695201,14.07413,8.3483483,24.536532,4,IN
39,274.6821067,-13.76898139,14.34949842,12.937267,14.474474,28.797547,4,IN
20,274.6554292,-13.76583966,14.35959101,13.192504,8.1081081,23.332564,4,IN
18,274.6597528,-13.79266683,14.91687864,13.724213,7.7477477,23.579942,4,IN
1,274.6713822,-13.75795206,15.66421037,14.805153,0.9009009,18.438985,4,IN
2,274.6672712,-13.78400242,15.88718743,15.015254,1.021021,18.765266,4,IN
3,274.655734,-13.79252075,16.48288913,15.63222,1.5015015,19.77418,4,IN
4,274.6865775,-13.77597078,16.01711403,15.05792,1.7417417,19.515012,4,IN
5,274.6778566,-13.79812379,16.7220068,15.866256,1.8618619,20.323208,4,IN
6,274.6723216,-13.78891471,17.35907787,16.468793,2.4624625,21.476796,4,IN
7,274.6883749,-13.77424056,16.96524009,15.962963,3.1831832,21.702778,4,IN
8,274.6652617,-13.78969385,16.67845566,15.600342,3.3033033,21.519297,4,IN
9,274.6525694,-13.75182735,16.62974969,15.452383,3.9039039,21.987107,4,IN
10,274.6894845,-13.79924595,16.71157947,15.520852,4.1441441,22.275543,4,IN
11,274.6609504,-13.77941893,13.67912298,12.827741,4.984985,19.96621,4,IN
12,274.6892076,-13.79623434,15.63169781,14.493314,5.3453453,22.228695,4,IN
13,274.6712559,-13.79701704,16.30115591,15.022602,5.4654655,23.001456,4,IN
14,274.6779088,-13.79171413,13.88316239,12.908815,6.3063063,21.306586,4,IN
15,274.6672263,-13.77858008,14.19052126,13.13337,6.9069069,22.130461,4,IN
16,274.6952217,-13.75574034,16.54577839,15.155676,6.9069069,24.485718,4,IN
17,274.6938628,-13.75295135,13.46529344,12.579437,7.5075075,21.92175,4,IN
19,274.6615081,-13.79489763,18.38743501,16.898207,7.7477477,27.050498,4,IN
40,274.6791997,-13.78759003,15.51611001,13.852756,14.594595,30.067462,4,IN
41,274.6911425,-13.75355706,17.85102832,15.625931,17.477477,34.881659,4,IN
42,274.6880482,-13.78990904,12.60130742,12.606854,-6.0660661,9.3844905,4,IN
65,274.6812173,-13.76583298,16.15705494,15.098544,2.8228228,20.584683,4,IN
66,274.6842202,-13.79713488,15.74355419,14.7081,2.8228228,20.171182,4,IN
67,274.6567337,-13.76751379,16.27797552,15.204001,2.9429429,20.808906,4,IN
68,274.6871538,-13.77525578,15.59790403,14.584773,2.9429429,20.128835,4,IN
69,274.6942396,-13.79079256,15.59638033,14.58873,2.9429429,20.127311,4,IN
70,274.6585178,-13.75505992,16.61882628,15.572766,3.0630631,21.253061,4,IN
71,274.6596599,-13.77023354,17.33879736,16.398067,3.0630631,21.973032,4,IN
72,274.66054,-13.78864116,16.21543126,15.11571,3.0630631,20.849666,4,IN
73,274.6609689,-13.7912784,16.54473361,15.4686,3.0630631,21.178968,4,IN
74,274.6622891,-13.78387342,16.56586002,15.502886,3.0630631,21.200094,4,IN
75,274.6676128,-13.79115625,16.0736064,14.960218,3.0630631,20.707841,4,IN
76,274.6743911,-13.78836484,16.41157322,15.323835,3.0630631,21.045807,4,IN
77,274.6816964,-13.77390481,16.84803811,15.807345,3.0630631,21.482272,4,IN
78,274.6954575,-13.78922704,15.68198679,14.650532,3.0630631,20.316221,4,IN
79,274.6502663,-13.79726677,15.84078239,14.776828,3.1831832,20.57832,4,IN
80,274.6642279,-13.79505546,17.23757859,16.24188,3.1831832,21.975116,4,IN
81,274.6763117,-13.77285815,16.05966403,14.943791,3.1831832,20.797202,4,IN
64,274.6801997,-13.79339222,15.46555341,14.477704,2.8228228,19.893181,4,IN
63,274.6722868,-13.78810266,16.02819186,14.96019,2.8228228,20.45582,4,IN
62,274.6703381,-13.75622408,16.15949445,15.077212,2.8228228,20.587122,4,IN
61,274.6682001,-13.7635998,16.14593503,15.063394,2.8228228,20.573563,4,IN
43,274.6856721,-13.79931611,15.24509759,14.444985,0.06006006,17.296749,4,IN
44,274.6746722,-13.7754032,14.77779141,14.001558,1.3813814,17.965779,4,IN
45,274.6863343,-13.78151097,17.02805859,16.268089,1.3813814,20.216047,4,IN
46,274.6566449,-13.78547982,16.47657893,15.571808,1.7417417,19.974477,4,IN
47,274.6743821,-13.78314179,16.84005902,15.994472,1.8618619,20.44126,4,IN
48,274.6817436,-13.79807441,15.77422437,14.777196,1.981982,19.478729,4,IN
49,274.6789542,-13.78823809,16.12556583,15.148592,2.1021021,19.933374,4,IN
50,274.6543144,-13.7919149,16.61340298,15.664904,2.2222222,20.524514,4,IN
166,274.6795635,-13.76832749,15.13578236,14.044976,6.0660661,22.352599,4,IN
51,274.6518752,-13.79963387,14.31545144,13.573506,2.2222222,18.226563,4,IN
53,274.6744279,-13.79687967,15.35784075,14.415694,2.4624625,19.475558,4,IN
54,274.6753569,-13.7802866,15.92746569,14.891562,2.4624625,20.045183,4,IN
55,274.6788013,-13.76067381,16.38153065,15.382842,2.4624625,20.499248,4,IN
56,274.6585784,-13.79121887,16.18001363,15.148379,2.5825826,20.401035,4,IN
57,274.6619112,-13.79748525,15.57400714,14.587937,2.5825826,19.795028,4,IN
58,274.6923283,-13.77520241,15.48655402,14.512902,2.5825826,19.707575,4,IN
59,274.6644485,-13.75880903,15.96147655,14.88107,2.8228228,20.389104,4,IN
60,274.6682135,-13.75922826,15.95303277,14.873489,2.8228228,20.38066,4,IN
52,274.6675955,-13.79476544,15.7782299,14.772841,2.2222222,19.689341,4,IN
167,274.6717166,-13.76996656,15.73849167,14.534083,6.1861862,23.058612,4,IN
168,274.6820327,-13.79970091,14.62660335,13.584971,6.1861862,21.946724,4,IN
169,274.6930921,-13.79256717,15.43675591,14.291035,6.1861862,22.756876,4,IN
276,274.6795977,-13.7659566,15.16552821,14.052117,11.111111,26.721084,4,IN
277,274.6742057,-13.75376208,15.07778553,13.929358,11.231231,26.736645,4,IN
278,274.6794242,-13.76018616,15.07771262,13.943654,11.231231,26.736572,4,IN
279,274.6947773,-13.77685606,14.66433739,13.50809,11.231231,26.323196,4,IN
280,274.6711743,-13.77339501,15.03923983,13.900291,11.471471,26.904705,4,IN
281,274.6728561,-13.76491737,14.13060318,13.018782,11.471471,25.996069,4,IN
282,274.6632722,-13.77304994,15.18177765,14.012645,11.591592,27.150547,4,IN
283,274.6744082,-13.75452821,15.27897575,14.109305,11.591592,27.247745,4,IN
284,274.6789247,-13.7689786,14.98410354,13.801594,11.591592,26.952872,4,IN
285,274.6910324,-13.79616975,14.39524043,13.255323,11.591592,26.364009,4,IN
286,274.657584,-13.7659508,15.26659461,14.071756,11.711712,27.338667,4,IN
287,274.6592621,-13.75431178,15.34425505,14.169946,11.711712,27.416327,4,IN
288,274.6656789,-13.75563353,15.00393409,13.841044,11.711712,27.076006,4,IN
289,274.6513769,-13.79776651,15.34664587,14.149833,11.831832,27.522021,4,IN
290,274.6616584,-13.77310583,15.05364791,13.83935,11.831832,27.229023,4,IN
291,274.6637644,-13.77603592,15.02370906,13.834277,11.831832,27.199085,4,IN
292,274.6685876,-13.7558506,15.27207347,14.069376,11.831832,27.447449,4,IN
275,274.6749371,-13.76710966,14.43668068,13.339309,11.111111,25.992236,4,IN
293,274.677894,-13.76772331,14.75056304,13.50362,11.831832,26.925939,4,IN
274,274.667444,-13.76582004,14.58158727,13.426175,11.111111,26.137143,4,IN
272,274.6845674,-13.78232856,15.03570983,13.919038,10.870871,26.384659,4,IN
255,274.6648106,-13.77451571,14.81316541,13.738484,10.510511,25.852205,4,IN
256,274.6762074,-13.770963,14.54988326,13.504098,10.510511,25.588922,4,IN
257,274.6792039,-13.75771511,13.99781286,12.96713,10.510511,25.036852,4,IN
258,274.6630716,-13.77403851,17.14334654,15.448026,10.630631,28.285689,4,IN
259,274.6706722,-13.78715956,14.92518389,13.851746,10.630631,26.067526,4,IN
260,274.6741903,-13.79143009,14.5413508,13.436515,10.630631,25.683693,4,IN
261,274.6912118,-13.77305048,14.84736098,13.765635,10.630631,25.989703,4,IN
262,274.6554173,-13.77659799,14.81338002,13.718365,10.750751,26.059026,4,IN
263,274.6561741,-13.79880888,14.52247718,13.466221,10.750751,25.768123,4,IN
264,274.6638089,-13.78904077,14.83603025,13.759027,10.750751,26.081676,4,IN
265,274.6667055,-13.75378725,14.92817595,13.821759,10.750751,26.173822,4,IN
266,274.6730248,-13.76874021,14.73788893,13.650138,10.750751,25.983535,4,IN
267,274.6855575,-13.7783766,15.00757158,13.906696,10.750751,26.253217,4,IN
268,274.6972839,-13.77473854,16.51932698,14.929708,10.750751,27.764973,4,IN
269,274.6638832,-13.78728829,14.65648489,13.573148,10.870871,26.005434,4,IN
270,274.6655513,-13.79669454,14.98041679,13.8865,10.870871,26.329366,4,IN
271,274.672234,-13.76245682,13.73382123,12.677601,10.870871,25.08277,4,IN
273,274.6588478,-13.77600918,15.02308681,13.896038,10.990991,26.475339,4,IN
294,274.6978922,-13.76451171,15.35976892,14.168812,11.831832,27.535144,4,IN
295,274.6790304,-13.76348737,14.75467858,13.568505,11.951952,27.033357,4,IN
296,274.6502178,-13.75674897,14.80013829,13.608801,12.072072,27.18212,4,IN
319,274.686249,-13.7657158,18.14018462,15.975723,16.156156,34.034479,4,IN
320,274.6690994,-13.77863433,17.47822449,15.34851,16.756757,33.889036,4,IN
321,274.6999594,-13.7871422,16.33923393,14.433278,17.597598,33.473168,4,IN
322,274.6878093,-13.77101659,15.64930146,13.854753,17.837838,32.989842,4,IN
323,274.6880482,-13.78990904,12.60130623,12.606852,-6.0660661,9.3844893,4,IN
324,274.6678159,-13.75494397,14.13414752,13.828565,-4.5045045,12.260274,4,IN
325,274.6789098,-13.78097527,15.77120681,15.484737,-3.0630631,15.136973,4,IN
326,274.6527176,-13.79219884,15.76882114,15.409824,-2.7027027,15.444497,4,IN
327,274.6920879,-13.79800845,15.79359059,15.353618,-1.8618619,16.192389,4,IN
328,274.665121,-13.77811862,14.68582736,14.078379,-1.6216216,15.291233,4,IN
329,274.6529044,-13.79290563,15.20021177,14.636396,-1.6216216,15.805617,4,IN
330,274.6751264,-13.78719133,13.27080681,12.926044,-1.6216216,13.876212,4,IN
331,274.6779874,-13.78187032,17.01620423,16.554797,-1.2612613,17.93152,4,IN
332,274.6849631,-13.77673588,15.09632256,14.445588,-1.2612613,16.011638,4,IN
333,274.6973349,-13.76861011,15.30426758,14.683188,-1.2612613,16.219583,4,IN
334,274.6755083,-13.78051826,16.97300825,16.516736,-1.1411411,17.991627,4,IN
335,274.6673503,-13.77828056,15.11135807,14.473346,-1.1411411,16.129977,4,IN
318,274.6936751,-13.76333282,17.90822849,15.815467,15.555556,33.286006,4,IN
317,274.6700919,-13.79117017,15.59233809,14.004361,14.954955,30.4536,4,IN
316,274.6938041,-13.76165439,15.54437724,13.912733,14.834835,30.302335,4,IN
315,274.6650098,-13.77152124,15.31626116,13.84039,14.834835,30.074219,4,IN
297,274.700231,-13.77653066,15.41608361,14.202514,12.072072,27.798066,4,IN
298,274.6582196,-13.77418518,15.22708093,13.980178,12.192192,27.712366,4,IN
299,274.6654949,-13.75593731,14.8344998,13.515454,12.312312,27.423089,4,IN
300,274.6719426,-13.77727854,14.43860451,13.229012,12.312312,27.027193,4,IN
301,274.6801468,-13.77075649,15.51134478,14.273913,12.312312,28.099934,4,IN
302,274.6686821,-13.75627041,15.54556553,14.290804,12.432432,28.237458,4,IN
303,274.6758738,-13.77345009,15.11173346,13.815616,12.552553,27.906929,4,IN
304,274.6773591,-13.75816267,15.27699457,14.008307,12.672673,28.175493,4,IN
254,274.6902233,-13.78248271,14.33897687,13.248079,10.39039,25.274713,4,IN
305,274.6897394,-13.76497083,14.19343184,12.961739,12.672673,27.091931,4,IN
307,274.6998008,-13.75550253,14.01306389,12.74774,12.792793,27.014866,4,IN
308,274.6892474,-13.75853645,15.69196634,14.401616,12.912913,28.797072,4,IN
309,274.6621755,-13.78215245,15.58060322,14.237187,13.033033,28.789012,4,IN
310,274.6622487,-13.78138882,15.11372715,13.751016,13.033033,28.322136,4,IN
311,274.6879687,-13.78738026,15.39038527,14.055078,13.033033,28.598794,4,IN
312,274.6886584,-13.77104418,15.27245564,13.966599,13.033033,28.480864,4,IN
313,274.6770311,-13.77413751,15.13136594,13.742149,13.873874,29.062898,4,IN
314,274.6656954,-13.766401,15.47418703,14.068517,14.114114,29.612325,4,IN
306,274.6918378,-13.79170579,14.04701864,12.821838,12.792793,27.048821,4,IN
674,274.661791,-13.77748702,16.20917738,15.085386,3.3033033,21.050018,4,IN
253,274.6894051,-13.78616501,14.41464778,13.402048,10.39039,25.350384,4,IN
251,274.6823319,-13.79464998,14.53378708,13.464439,10.39039,25.469523,4,IN
191,274.6524015,-13.79156319,14.15868902,13.114595,6.7867868,21.995326,4,IN
192,274.6514784,-13.77019858,14.70969267,13.61323,6.9069069,22.649633,4,IN
193,274.6690809,-13.7823909,16.04493891,14.74366,6.9069069,23.984879,4,IN
194,274.6710978,-13.75654193,15.43070697,14.231671,6.9069069,23.370647,4,IN
195,274.6734561,-13.76930039,15.27395411,14.099927,6.9069069,23.213894,4,IN
196,274.6734974,-13.79211522,14.71658857,13.626545,6.9069069,22.656529,4,IN
197,274.6772383,-13.78764475,15.11937297,13.971735,6.9069069,23.059313,4,IN
198,274.6823309,-13.79895475,15.15447029,13.988536,7.1471471,23.301017,4,IN
199,274.6751773,-13.76444842,15.65932604,14.397273,7.2672673,23.909176,4,IN
200,274.6763878,-13.7911301,15.60190249,14.355765,7.2672673,23.851752,4,IN
201,274.6533268,-13.78931368,14.80016382,13.661836,7.3873874,23.153317,4,IN
202,274.6707082,-13.77253148,14.22587594,13.116966,7.6276276,22.785636,4,IN
203,274.6746851,-13.76198195,14.86575421,13.702635,7.6276276,23.425514,4,IN
204,274.6771547,-13.75054081,14.78437755,13.638919,7.6276276,23.344137,4,IN
205,274.6865086,-13.79465734,15.14764252,13.945698,7.6276276,23.707402,4,IN
206,274.6684431,-13.75151478,14.81950148,13.638628,7.7477477,23.482565,4,IN
207,274.674687,-13.775166,14.76196443,13.588663,7.7477477,23.425028,4,IN
190,274.6999798,-13.76778471,15.77742863,14.538109,6.6666667,23.510762,4,IN
208,274.6785205,-13.75000237,15.73327355,14.44435,7.7477477,24.396337,4,IN
189,274.6886413,-13.76124773,15.13691281,14.002217,6.6666667,22.870246,4,IN
187,274.6524508,-13.79789847,14.94893496,13.835991,6.6666667,22.682268,4,IN
170,274.6952855,-13.76988128,16.65316517,15.288997,6.1861862,23.973285,4,IN
171,274.6976229,-13.76475458,15.73704966,14.530031,6.1861862,23.05717,4,IN
172,274.6605213,-13.78631139,15.34168906,14.195245,6.3063063,22.765113,4,IN
173,274.6638725,-13.78178413,14.23378262,13.229193,6.3063063,21.657206,4,IN
174,274.6745022,-13.77776474,15.825196,14.599695,6.3063063,23.24862,4,IN
175,274.6804185,-13.79638376,14.40053719,13.3778,6.3063063,21.823961,4,IN
176,274.6805069,-13.78438332,14.6634423,13.601583,6.3063063,22.086866,4,IN
177,274.6949204,-13.7745679,15.69330172,14.484901,6.3063063,23.116725,4,IN
178,274.6514383,-13.76861576,15.43126452,14.263667,6.4264264,22.957991,4,IN
179,274.6608815,-13.75110322,14.79469721,13.712047,6.4264264,22.321424,4,IN
180,274.6608815,-13.75110322,14.79469721,13.712047,6.4264264,22.321424,4,IN
181,274.6795964,-13.75357492,15.56271326,14.377788,6.4264264,23.08944,4,IN
182,274.6572309,-13.75925623,15.46285818,14.286563,6.5465465,23.092888,4,IN
183,274.6616759,-13.76206847,15.09549021,13.976076,6.5465465,22.72552,4,IN
184,274.6677352,-13.79193414,14.11697432,13.099775,6.5465465,21.747004,4,IN
185,274.6770162,-13.77536029,14.61422317,13.556613,6.5465465,22.244253,4,IN
186,274.6509741,-13.76015262,15.35806227,14.197294,6.6666667,23.091396,4,IN
188,274.674086,-13.79211852,15.05462975,13.926355,6.6666667,22.787963,4,IN
209,274.6681806,-13.7534641,16.63117829,15.174672,7.8678679,25.397545,4,IN
210,274.6897081,-13.76646558,15.63640777,14.356127,7.8678679,24.402774,4,IN
211,274.6932615,-13.75179603,15.89572448,14.564537,7.987988,24.765394,4,IN
234,274.6586498,-13.79577177,14.25846941,13.254524,9.7897898,24.677689,4,IN
235,274.6790781,-13.77696216,14.53556532,13.529449,9.7897898,24.954785,4,IN
236,274.6860715,-13.78168466,14.31809785,13.318142,9.7897898,24.737317,4,IN
237,274.6983315,-13.75424741,16.550396,15.014133,9.7897898,26.969615,4,IN
238,274.6525549,-13.78191002,16.57668502,15.020342,9.9099099,27.099208,4,IN
239,274.666882,-13.79606981,14.47749647,13.498925,9.9099099,25.000019,4,IN
240,274.6696284,-13.78285218,14.81305833,13.820835,9.9099099,25.335581,4,IN
241,274.6848427,-13.78912955,14.15445739,13.034747,9.9099099,24.67698,4,IN
242,274.6497213,-13.78334102,14.3081953,13.33589,10.03003,24.934021,4,IN
243,274.6588,-13.79797488,14.87394321,13.829282,10.15015,25.603072,4,IN
244,274.6639184,-13.77049114,14.21719465,13.100038,10.15015,24.946324,4,IN
245,274.6766235,-13.76716862,14.20473337,13.042759,10.15015,24.933863,4,IN
246,274.6911155,-13.77399905,13.81723871,12.822789,10.15015,24.546368,4,IN
247,274.6547683,-13.7516083,14.30365228,13.227314,10.27027,25.136085,4,IN
248,274.6712035,-13.78482361,14.57677077,13.552797,10.27027,25.409203,4,IN
249,274.6738411,-13.78934955,14.59874547,13.549909,10.27027,25.431178,4,IN
250,274.6613195,-13.78394046,14.46833019,13.409259,10.39039,25.404066,4,IN
233,274.6795965,-13.77453104,14.13703938,13.126524,9.6696697,24.452955,4,IN
232,274.6784129,-13.79109844,14.10789398,13.065609,9.6696697,24.42381,4,IN
231,274.6862063,-13.77057035,14.27820518,13.351999,9.5495495,24.490818,4,IN
230,274.66805,-13.78294421,14.38723242,13.423124,9.5495495,24.599845,4,IN
212,274.6968517,-13.77037142,16.52681054,15.086227,7.987988,25.39648,4,IN
213,274.6685224,-13.76271115,15.37229255,14.113851,8.1081081,24.345266,4,IN
214,274.6727787,-13.78066299,13.73104651,12.891513,8.1081081,22.70402,4,IN
215,274.6876546,-13.79778891,14.74666242,13.553153,8.1081081,23.719636,4,IN
216,274.6774863,-13.79552253,15.20268268,13.945088,8.2282282,24.278959,4,IN
217,274.6806868,-13.75597302,14.95443815,13.728054,8.2282282,24.030715,4,IN
218,274.6693126,-13.76145954,15.10732679,13.842002,8.4684685,24.39021,4,IN
219,274.6711588,-13.79542886,13.98160316,12.850822,8.4684685,23.264486,4,IN
252,274.6857611,-13.78016164,14.14229946,13.12003,10.39039,25.078035,4,IN
220,274.6945125,-13.78109597,14.00477656,13.175533,8.5885886,23.390963,4,IN
222,274.6595668,-13.79761899,13.97597117,13.062774,8.8288288,23.568764,4,IN
223,274.6750134,-13.78120301,13.86940825,13.009993,8.8288288,23.462201,4,IN
224,274.6794421,-13.75594512,16.06190117,14.650288,8.8288288,25.654694,4,IN
225,274.6848197,-13.77467749,13.87794596,12.899905,8.9489489,23.574042,4,IN
226,274.6689341,-13.79473097,14.52077794,13.595203,9.0690691,24.320177,4,IN
227,274.65558,-13.77596802,13.95655445,12.971553,9.1891892,23.859257,4,IN
228,274.674238,-13.78455154,14.40395841,13.448696,9.3093093,24.409965,4,IN
229,274.6642909,-13.78560363,14.10959401,13.126738,9.4294294,24.218903,4,IN
221,274.6747969,-13.78513322,14.05054556,13.167335,8.7087087,23.540035,4,IN
675,274.6728892,-13.77638168,17.67491741,16.724109,3.3033033,22.515758,4,IN
676,274.6775625,-13.7745149,16.45009278,15.335936,3.3033033,21.290934,4,IN
677,274.6898176,-13.77297911,16.14077156,15.007687,3.3033033,20.981612,4,IN
1123,274.6872933,-13.75019011,17.36220858,16.011714,5.9459459,24.475722,4,IN
1124,274.6956218,-13.79578528,17.74911573,16.460153,5.9459459,24.862629,4,IN
1125,274.6986083,-13.79261105,15.4435257,14.306353,5.9459459,22.557039,4,IN
1126,274.6709309,-13.79182267,15.59855773,14.436236,5.9459459,22.712071,4,IN
1127,274.6730745,-13.78687152,15.15238243,14.064346,5.9459459,22.265896,4,IN
1128,274.6802231,-13.77878711,15.02495564,13.951844,6.0660661,22.241773,4,IN
1129,274.6584865,-13.7740193,15.3218348,14.200684,6.0660661,22.538652,4,IN
1130,274.6974649,-13.77339261,16.36050728,15.032395,6.0660661,23.577324,4,IN
1131,274.6795635,-13.76832749,15.13578131,14.044975,6.0660661,22.352598,4,IN
1132,274.6568985,-13.76679325,17.41683244,16.038732,6.0660661,24.633649,4,IN
1133,274.6569268,-13.75607338,16.0558392,14.802579,6.0660661,23.272656,4,IN
1134,274.6705062,-13.79082586,15.27722549,14.163161,6.0660661,22.494042,4,IN
1135,274.6551488,-13.79081031,13.83102978,12.882667,6.0660661,21.047847,4,IN
1136,274.6600331,-13.79031203,16.06824624,14.810436,6.0660661,23.285063,4,IN
1137,274.6789521,-13.77997893,16.48147931,15.12902,6.1861862,23.8016,4,IN
1138,274.6717166,-13.76996656,15.73849064,14.534083,6.1861862,23.058611,4,IN
1139,274.6952855,-13.76988128,16.65316416,15.288996,6.1861862,23.973284,4,IN
1122,274.6796586,-13.75153039,19.35865723,18.303687,5.9459459,26.472171,4,IN
1140,274.6976229,-13.76475458,15.73704863,14.53003,6.1861862,23.057169,4,IN
1121,274.6557012,-13.75314311,16.01960582,14.768469,5.9459459,23.133119,4,IN
1119,274.6965163,-13.75462971,17.3409503,15.976304,5.9459459,24.454464,4,IN
1102,274.6630401,-13.78155504,15.65195419,14.486517,5.8258258,22.662164,4,IN
1103,274.6740436,-13.77967717,18.21965367,16.982213,5.8258258,25.229864,4,IN
1104,274.6897379,-13.77700609,15.70141594,14.526732,5.8258258,22.711626,4,IN
1105,274.6614433,-13.77630379,16.15467701,14.881936,5.8258258,23.164887,4,IN
1106,274.7005875,-13.775908,18.30585423,17.096105,5.8258258,25.316065,4,IN
1107,274.6654804,-13.77164441,15.41382089,14.287011,5.8258258,22.424031,4,IN
1108,274.7005824,-13.76496908,17.51509326,16.202899,5.8258258,24.525304,4,IN
1109,274.6902678,-13.7632746,18.1228317,16.871943,5.8258258,25.133042,4,IN
1110,274.6717966,-13.79656923,14.39952561,13.410041,5.8258258,21.409736,4,IN
1111,274.6941609,-13.79600636,14.26724512,13.284128,5.8258258,21.277455,4,IN
1112,274.6766414,-13.79308868,15.25422996,14.156937,5.8258258,22.26444,4,IN
1113,274.6551537,-13.79236075,19.30527573,18.184334,5.8258258,26.315486,4,IN
1114,274.6762719,-13.79002126,15.39510565,14.282362,5.8258258,22.405316,4,IN
1115,274.6643471,-13.78907405,15.25674411,14.153312,5.8258258,22.266954,4,IN
1116,274.6504875,-13.78076422,15.67923135,14.505297,5.9459459,22.792745,4,IN
1117,274.6965909,-13.77632626,15.87516957,14.654305,5.9459459,22.988683,4,IN
1118,274.6496814,-13.77092896,15.78397359,14.594446,5.9459459,22.897487,4,IN
1120,274.6938948,-13.75366271,16.63118684,15.268017,5.9459459,23.7447,4,IN
1101,274.688164,-13.7836293,16.34522212,15.039841,5.7057057,23.252129,4,IN
1141,274.6722139,-13.76193779,18.83069671,17.585504,6.1861862,26.150817,4,IN
1143,274.6930921,-13.79256717,15.4367548,14.291034,6.1861862,22.756875,4,IN
1165,274.6795964,-13.75357492,15.5627122,14.377787,6.4264264,23.089439,4,IN
1166,274.6608815,-13.75110322,14.79469614,13.712046,6.4264264,22.321423,4,IN
1167,274.6653256,-13.78478925,18.72933214,17.45944,6.4264264,26.256059,4,IN
1168,274.6822979,-13.7835619,18.64648842,17.374164,6.4264264,26.173215,4,IN
1169,274.6770162,-13.77536029,14.61422207,13.556612,6.5465465,22.244252,4,IN
1170,274.6616759,-13.76206847,15.09548919,13.976075,6.5465465,22.725519,4,IN
1171,274.6572309,-13.75925623,15.46285715,14.286562,6.5465465,23.092887,4,IN
1172,274.6994577,-13.75177102,17.75014734,16.375159,6.5465465,25.380177,4,IN
1173,274.695875,-13.75175691,17.32810303,15.873407,6.5465465,24.958133,4,IN
1174,274.6734258,-13.75068804,18.77026744,17.479086,6.5465465,26.400298,4,IN
1175,274.6677352,-13.79193414,14.11697328,13.099774,6.5465465,21.747003,4,IN
1176,274.6777391,-13.78257652,18.42908596,17.108086,6.5465465,26.059116,4,IN
1177,274.6733551,-13.78097,19.18482626,17.897155,6.6666667,26.91816,4,IN
1178,274.6873583,-13.76806469,18.3629762,17.021771,6.6666667,26.09631,4,IN
1179,274.6999798,-13.76778471,15.77742754,14.538108,6.6666667,23.510761,4,IN
1180,274.6886413,-13.76124773,15.13691171,14.002216,6.6666667,22.870245,4,IN
1181,274.6509741,-13.76015262,15.35806116,14.197293,6.6666667,23.091395,4,IN
1164,274.6514383,-13.76861576,15.43126345,14.263667,6.4264264,22.95799,4,IN
1142,274.6820327,-13.79970091,14.62660235,13.58497,6.1861862,21.946723,4,IN
1163,274.6533066,-13.77964917,15.94488025,14.693598,6.4264264,23.471607,4,IN
1161,274.6808171,-13.78509368,17.77987631,16.430875,6.3063063,25.2033,4,IN
1144,274.6707176,-13.79236871,15.51919995,14.357398,6.1861862,22.83932,4,IN
1145,274.6836423,-13.78568478,18.40472557,17.133373,6.1861862,25.724846,4,IN
1146,274.6794109,-13.78511648,18.31682216,17.021959,6.1861862,25.636942,4,IN
1147,274.6638725,-13.78178413,14.23378155,13.229192,6.3063063,21.657205,4,IN
1148,274.6745022,-13.77776474,15.82519498,14.599695,6.3063063,23.248618,4,IN
1149,274.6949204,-13.7745679,15.69330067,14.484901,6.3063063,23.116724,4,IN
1150,274.6981693,-13.77419982,15.47476748,14.319078,6.3063063,22.898191,4,IN
1151,274.677323,-13.77080066,17.08325444,15.630331,6.3063063,24.506678,4,IN
1152,274.699606,-13.76057802,19.40097174,18.177489,6.3063063,26.824395,4,IN
1153,274.6736525,-13.75265646,18.72477343,17.470253,6.3063063,26.148197,4,IN
1154,274.6779085,-13.75005273,17.7781094,16.396818,6.3063063,25.201533,4,IN
1155,274.6621283,-13.797251,19.25823883,18.022781,6.3063063,26.681662,4,IN
1156,274.6804185,-13.79638376,14.40053618,13.3778,6.3063063,21.82396,4,IN
1157,274.6967587,-13.79343133,17.40212322,15.997269,6.3063063,24.825547,4,IN
1158,274.6779088,-13.79171413,13.88316137,12.908814,6.3063063,21.306585,4,IN
1159,274.6614777,-13.78876215,16.74582401,15.345157,6.3063063,24.169248,4,IN
1160,274.6605213,-13.78631139,15.34168799,14.195244,6.3063063,22.765112,4,IN
1162,274.6805069,-13.78438332,14.66344126,13.601582,6.3063063,22.086865,4,IN
1100,274.6735631,-13.78685598,15.08153321,14.012676,5.7057057,21.98844,4,IN
1099,274.6991328,-13.78756726,15.08488131,14.013616,5.7057057,21.991788,4,IN
1098,274.6620187,-13.79195483,15.59836411,14.451185,5.7057057,22.505271,4,IN
1038,274.6917996,-13.76303607,17.79744222,16.608487,5.2252252,24.291136,4,IN
1039,274.6524531,-13.75899229,13.30128552,12.77997,5.2252252,19.794979,4,IN
1040,274.6503915,-13.75831036,16.69879008,15.376958,5.2252252,23.192484,4,IN
1041,274.6706017,-13.75151223,18.2099796,17.043691,5.2252252,24.703673,4,IN
1042,274.6883443,-13.75133242,19.19397069,18.287614,5.2252252,25.687664,4,IN
1043,274.6700393,-13.75035069,15.89851952,14.721511,5.2252252,22.392213,4,IN
1044,274.7004022,-13.79542064,19.1864361,18.278689,5.2252252,25.68013,4,IN
1045,274.6815122,-13.79398818,19.17695832,18.271564,5.2252252,25.670652,4,IN
1046,274.677084,-13.78828267,14.1965115,13.269427,5.2252252,20.690205,4,IN
1047,274.6644372,-13.78575555,14.72809596,13.744731,5.2252252,21.22179,4,IN
1048,274.6783668,-13.77545279,15.70671449,14.557302,5.3453453,22.303712,4,IN
1049,274.68106,-13.76768854,15.28255528,14.21008,5.3453453,21.879552,4,IN
1050,274.6860313,-13.7664367,15.62071913,14.484963,5.3453453,22.217716,4,IN
1051,274.6628427,-13.76049329,17.59504305,16.352033,5.3453453,24.19204,4,IN
1052,274.6786026,-13.76024824,15.63872697,14.500328,5.3453453,22.235724,4,IN
1053,274.7003491,-13.75984842,17.25346086,15.97416,5.3453453,23.850458,4,IN
1054,274.667651,-13.75670472,15.48660372,14.369712,5.3453453,22.083601,4,IN
1037,274.6682727,-13.76519851,15.80745762,14.641544,5.2252252,22.301151,4,IN
1055,274.6700877,-13.75564069,15.77476003,14.602703,5.3453453,22.371757,4,IN
1036,274.6680891,-13.76693193,18.30706259,17.166085,5.2252252,24.800756,4,IN
1034,274.6593512,-13.75287298,19.10370136,18.140194,5.1051051,25.494092,4,IN
1017,274.6609504,-13.77941893,13.67912188,12.82774,4.984985,19.966209,4,IN
1018,274.6823093,-13.77659956,15.50571499,14.401724,4.984985,21.792802,4,IN
1019,274.6606674,-13.77451764,16.07822376,14.862283,4.984985,22.365311,4,IN
1020,274.6772882,-13.7715633,18.90520386,17.812634,4.984985,25.192291,4,IN
1021,274.6862788,-13.77070307,14.38443038,13.459602,4.984985,20.671518,4,IN
1022,274.6915046,-13.76715671,16.24143084,15.00383,4.984985,22.528518,4,IN
1023,274.6757809,-13.79738267,19.11083015,18.200967,4.984985,25.397917,4,IN
1024,274.6503939,-13.79087073,16.14633307,14.921677,4.984985,22.43342,4,IN
1025,274.6691752,-13.78751455,14.96268752,13.960936,4.984985,21.249775,4,IN
1026,274.6777672,-13.77860834,15.07175311,14.041441,5.1051051,21.462144,4,IN
1027,274.6742309,-13.77735836,18.63368835,17.508585,5.1051051,25.024079,4,IN
1028,274.6640393,-13.77564035,15.95109668,14.75388,5.1051051,22.341487,4,IN
1029,274.6952376,-13.77076745,17.12029818,15.837713,5.1051051,23.510689,4,IN
1030,274.6516247,-13.76746521,15.87002309,14.694503,5.1051051,22.260414,4,IN
1031,274.6970474,-13.76579767,17.63866508,16.461506,5.1051051,24.029056,4,IN
1032,274.6863593,-13.76035146,17.12705064,15.859667,5.1051051,23.517441,4,IN
1033,274.6786246,-13.7594262,19.09091724,18.001625,5.1051051,25.481308,4,IN
1035,274.6877058,-13.78885901,16.0903434,14.873234,5.1051051,22.480734,4,IN
1056,274.6798395,-13.75510065,18.72961962,17.591039,5.3453453,25.326617,4,IN
1057,274.6514554,-13.75370144,17.9748949,16.774083,5.3453453,24.571892,4,IN
1058,274.6892076,-13.79623434,15.63169668,14.493313,5.3453453,22.228694,4,IN
1081,274.6982847,-13.79083399,19.28433452,18.368451,5.5855856,26.087938,4,IN
1082,274.6673978,-13.78889552,15.18140674,14.109056,5.5855856,21.98501,4,IN
1083,274.6783384,-13.7861813,18.81361843,17.650078,5.5855856,25.617222,4,IN
1084,274.6970747,-13.78328087,19.3140208,18.48868,5.5855856,26.117624,4,IN
1085,274.6625988,-13.77558883,17.33696669,16.002106,5.7057057,24.243874,4,IN
1086,274.6936674,-13.7750931,16.01234516,14.779172,5.7057057,22.919252,5,IN
1087,274.6641187,-13.77421327,15.53184797,14.387976,5.7057057,22.438755,5,IN
1088,274.6582262,-13.76881328,17.32009934,15.987954,5.7057057,24.227006,5,IN
1089,274.6507493,-13.76749405,16.1076956,14.859183,5.7057057,23.014603,5,IN
1090,274.6781112,-13.76745942,18.29091045,17.079802,5.7057057,25.197817,5,IN
1091,274.6623406,-13.75867139,15.59191114,14.439431,5.7057057,22.498818,5,IN
1092,274.681471,-13.75753152,15.81323298,14.624422,5.7057057,22.72014,5,IN
1093,274.6751448,-13.75467641,19.33466528,18.395492,5.7057057,26.241572,5,IN
1094,274.6550414,-13.75089316,19.3867395,18.575389,5.7057057,26.293646,5,IN
1095,274.6663391,-13.79749326,15.36299408,14.260865,5.7057057,22.269901,5,IN
1096,274.6580817,-13.79566081,16.52317956,15.188413,5.7057057,23.430087,5,IN
1097,274.6588108,-13.79481809,15.44224139,14.325126,5.7057057,22.349148,5,IN
1080,274.6570882,-13.79273788,15.63240025,14.482372,5.5855856,22.436004,5,IN
1079,274.6617677,-13.75092357,17.18950971,15.856637,5.5855856,23.993113,5,IN
1078,274.6523492,-13.75725411,15.83433953,14.648534,5.5855856,22.637943,5,IN
1077,274.683185,-13.77032463,16.2288287,14.964196,5.5855856,23.032432,5,IN
1059,274.6961053,-13.78890274,16.91947181,15.599882,5.3453453,23.516469,5,IN
1060,274.6515855,-13.78444871,17.86168165,16.672467,5.3453453,24.458679,5,IN
1061,274.6508908,-13.78380919,17.70859147,16.462597,5.3453453,24.305589,5,IN
1062,274.6782019,-13.7765995,15.64718575,14.51027,5.4654655,22.347486,5,IN
1063,274.6863437,-13.77582833,15.24479136,14.168028,5.4654655,21.945092,5,IN
1064,274.6766186,-13.76935468,18.86199275,17.703364,5.4654655,25.562293,5,IN
1065,274.6507548,-13.76832597,15.79626355,14.620243,5.4654655,22.496564,5,IN
1066,274.6536965,-13.75596562,16.04914478,14.831547,5.4654655,22.749445,5,IN
1182,274.6520132,-13.75595984,19.53294754,18.341229,6.6666667,27.266281,5,IN
1067,274.6674005,-13.79902314,15.28474671,14.186902,5.4654655,21.985047,5,IN
1069,274.6869652,-13.78821329,17.74160672,16.502659,5.4654655,24.441907,5,IN
1070,274.662368,-13.78711309,15.37507622,14.277842,5.4654655,22.075377,5,IN
1071,274.6669205,-13.77998315,18.47287232,17.295269,5.5855856,25.276476,5,IN
1072,274.6539354,-13.77962717,16.88136133,15.522096,5.5855856,23.684965,5,IN
1073,274.6726691,-13.77576098,15.47855405,14.357725,5.5855856,22.282158,5,IN
1074,274.6665015,-13.77544009,17.2835287,15.960621,5.5855856,24.087132,5,IN
1075,274.6588698,-13.77173439,15.46508752,14.341252,5.5855856,22.268691,5,IN
1076,274.6759415,-13.77061,15.19299165,14.116238,5.5855856,21.996595,5,IN
1068,274.6712559,-13.79701704,16.30115488,15.022601,5.4654655,23.001455,5,IN
1183,274.6524508,-13.79789847,14.94893395,13.83599,6.6666667,22.682267,5,IN
1184,274.674086,-13.79211852,15.05462868,13.926354,6.6666667,22.787962,5,IN
1185,274.6664233,-13.77729917,19.52561082,18.227028,6.7867868,27.362248,5,IN
1292,274.6681806,-13.7534641,16.63117719,15.174671,7.8678679,25.397544,5,IN
1293,274.6846302,-13.75329704,19.14068643,17.725892,7.8678679,27.907053,5,IN
1294,274.6661951,-13.78921574,17.96687214,16.431751,7.8678679,26.733239,5,IN
1295,274.6684328,-13.78789895,17.96039319,16.417669,7.8678679,26.72676,5,IN
1296,274.6624057,-13.78776075,17.6601721,16.058359,7.8678679,26.426539,5,IN
1297,274.6614908,-13.78758544,15.30298059,14.067082,7.8678679,24.069347,5,IN
1298,274.6722891,-13.78692898,17.79383894,16.221672,7.8678679,26.560205,5,IN
1299,274.6642782,-13.78525418,15.35344991,14.10758,7.8678679,24.119816,5,IN
1300,274.6828757,-13.77794034,17.88580793,16.29665,7.987988,26.755478,5,IN
1301,274.6640372,-13.77382513,18.43755484,16.909389,7.987988,27.307225,5,IN
1302,274.6968517,-13.77037142,16.52680953,15.086227,7.987988,25.396479,5,IN
1303,274.6636836,-13.76588913,18.82584903,17.363299,7.987988,27.695519,5,IN
1304,274.6901012,-13.76108153,15.87756713,14.547256,7.987988,24.747237,5,IN
1305,274.670381,-13.75535054,17.57443264,15.966011,7.987988,26.444102,5,IN
1306,274.6932615,-13.75179603,15.89572348,14.564536,7.987988,24.765393,5,IN
1307,274.6621069,-13.79608946,18.121611,16.55902,7.987988,26.991281,5,IN
1308,274.6957464,-13.79251131,17.81441988,16.216032,7.987988,26.68409,5,IN
1291,274.6859551,-13.75644893,16.63179711,15.172108,7.8678679,25.398164,5,IN
1309,274.6708973,-13.78843618,14.26292443,13.450404,7.987988,23.132594,5,IN
1290,274.6799329,-13.7576446,17.79223752,16.215331,7.8678679,26.558604,5,IN
1288,274.6897081,-13.76646558,15.63640668,14.356127,7.8678679,24.402773,5,IN
1271,274.6801512,-13.75361102,17.85976695,16.304854,7.7477477,26.52283,5,IN
1272,274.6684431,-13.75151478,14.81950039,13.638627,7.7477477,23.482564,5,IN
1273,274.6785205,-13.75000237,15.73327251,14.444349,7.7477477,24.396336,5,IN
1274,274.6615081,-13.79489763,18.38743398,16.898206,7.7477477,27.050497,5,IN
1275,274.6597528,-13.79266683,14.91687761,13.724212,7.7477477,23.579941,5,IN
1276,274.6843649,-13.78935362,18.65772096,17.200332,7.7477477,27.320784,5,IN
1277,274.6502794,-13.77967756,18.30133761,16.814983,7.8678679,27.067704,5,IN
1278,274.6585148,-13.77825725,17.65390882,16.064068,7.8678679,26.420275,5,IN
1279,274.6646668,-13.77816475,19.72662549,18.328447,7.8678679,28.492992,5,IN
1280,274.666167,-13.77643975,16.98042056,15.454113,7.8678679,25.746787,5,IN
1281,274.6968516,-13.77601586,18.5690518,17.090253,7.8678679,27.335418,5,IN
1282,274.6784549,-13.77427828,18.42657059,16.958189,7.8678679,27.192937,5,IN
1283,274.6614771,-13.77342259,18.24218523,16.701234,7.8678679,27.008552,5,IN
1284,274.6987852,-13.77163627,18.1089589,16.603008,7.8678679,26.875325,5,IN
1285,274.6985069,-13.77112155,18.58702146,17.11779,7.8678679,27.353388,5,IN
1286,274.6582785,-13.76913863,17.91023942,16.343806,7.8678679,26.676606,5,IN
1287,274.6882656,-13.76689666,18.42569906,16.954816,7.8678679,27.192066,5,IN
1289,274.6731037,-13.76049454,17.79884033,16.222112,7.8678679,26.565207,5,IN
1310,274.6596501,-13.78452764,18.15396887,16.620776,7.987988,27.023639,5,IN
1311,274.6609378,-13.78445126,17.74194768,16.148512,7.987988,26.611617,5,IN
1312,274.6699773,-13.78414853,17.47612685,15.863271,7.987988,26.345797,5,IN
1335,274.6984828,-13.77600497,18.83198276,17.339615,8.3483483,28.011562,5,IN
1336,274.660621,-13.76136054,15.35695097,14.074129,8.3483483,24.536531,5,IN
1337,274.6733752,-13.76069872,17.04071436,15.4851,8.3483483,26.220294,5,IN
1338,274.6542374,-13.78467598,16.64281601,15.151585,8.3483483,25.822396,5,IN
1339,274.6567073,-13.7781877,17.94887616,16.304027,8.4684685,27.231759,5,IN
1340,274.6897714,-13.77334839,18.15769813,16.5513,8.4684685,27.440581,5,IN
1341,274.6592304,-13.7713301,18.58640511,17.02939,8.4684685,27.869288,5,IN
1342,274.6878437,-13.76887898,15.95923463,14.594597,8.4684685,25.242118,5,IN
1343,274.6842649,-13.76777696,19.30976942,17.833443,8.4684685,28.592652,5,IN
1344,274.6546477,-13.76711053,17.86264648,16.219996,8.4684685,27.145529,5,IN
1345,274.6809,-13.7656182,18.95758683,17.450472,8.4684685,28.24047,5,IN
1346,274.6693126,-13.76145954,15.10732572,13.842001,8.4684685,24.390209,5,IN
1347,274.6771489,-13.75387034,19.87937726,18.413449,8.4684685,29.16226,5,IN
1348,274.6568579,-13.79909502,17.57643918,15.911941,8.4684685,26.859322,5,IN
1349,274.6711588,-13.79542886,13.98160209,12.850821,8.4684685,23.264485,5,IN
1350,274.6771508,-13.79313136,15.02568331,13.792207,8.4684685,24.308566,5,IN
1351,274.6641158,-13.78841182,17.93955774,16.292243,8.4684685,27.222441,5,IN
1334,274.688793,-13.77914511,18.2199114,16.631486,8.3483483,27.399491,5,IN
1333,274.6543176,-13.78024637,17.97712294,16.356489,8.3483483,27.156703,5,IN
1332,274.6513253,-13.78502678,17.55064078,15.905828,8.2282282,26.626917,5,IN
1331,274.6774863,-13.79552253,15.20268167,13.945087,8.2282282,24.278958,5,IN
1313,274.6727787,-13.78066299,13.73104542,12.891512,8.1081081,22.704019,5,IN
1314,274.6997875,-13.7770962,17.92232991,16.315461,8.1081081,26.895303,5,IN
1315,274.6648579,-13.77532609,16.19453264,14.808484,8.1081081,25.167506,5,IN
1316,274.6554292,-13.76583966,14.35958998,13.192503,8.1081081,23.332563,5,IN
1317,274.6685224,-13.76271115,15.37229153,14.11385,8.1081081,24.345265,5,IN
1318,274.6602777,-13.79912254,18.2926583,16.758067,8.1081081,27.265631,5,IN
1319,274.6876546,-13.79778891,14.74666131,13.553152,8.1081081,23.719634,5,IN
1320,274.6858806,-13.78198814,17.62468113,15.971552,8.2282282,26.700958,5,IN
1270,274.6496301,-13.75475077,19.85507614,18.536822,7.7477477,28.518139,5,IN
1321,274.6715562,-13.78196369,18.15660885,16.570058,8.2282282,27.232885,5,IN
1323,274.6633309,-13.77791054,17.63578083,15.982292,8.2282282,26.712057,5,IN
1324,274.680717,-13.76614615,15.88623962,14.535489,8.2282282,24.962516,5,IN
1325,274.6892559,-13.76460411,17.79480052,16.179985,8.2282282,26.871077,5,IN
1326,274.6774629,-13.76111894,19.51139794,18.053866,8.2282282,28.587674,5,IN
1327,274.6891618,-13.75827232,18.17156037,16.59793,8.2282282,27.247837,5,IN
1328,274.6806868,-13.75597302,14.95443709,13.728053,8.2282282,24.030713,5,IN
1329,274.6803864,-13.75096191,17.88261455,16.278616,8.2282282,26.958891,5,IN
1330,274.688244,-13.75028225,18.01744634,16.418653,8.2282282,27.093723,5,IN
1322,274.6569988,-13.77869708,17.63662045,16.005486,8.2282282,26.712897,5,IN
1016,274.6886307,-13.78414785,17.36274669,16.150721,4.8648649,23.546531,5,IN
1269,274.6788733,-13.77250014,19.96192878,18.947957,7.7477477,28.624992,5,IN
1267,274.674687,-13.775166,14.76196336,13.588662,7.7477477,23.425027,5,IN
1207,274.6927263,-13.79434427,18.02211946,16.604742,6.9069069,25.962059,5,IN
1208,274.6734974,-13.79211522,14.71658753,13.626544,6.9069069,22.656528,5,IN
1209,274.6984193,-13.78821298,16.54423897,15.150924,6.9069069,24.484179,5,IN
1210,274.6772383,-13.78764475,15.11937189,13.971734,6.9069069,23.059312,5,IN
1211,274.682841,-13.78495187,13.63358026,12.943831,6.9069069,21.57352,5,IN
1212,274.6641077,-13.78434625,18.30074231,16.896711,6.9069069,26.240682,5,IN
1213,274.6685848,-13.77735936,15.06306919,13.920618,7.027027,23.106313,5,IN
1214,274.6779842,-13.77271182,19.62809456,18.362608,7.027027,27.671338,5,IN
1215,274.6812056,-13.77215398,19.72787329,18.756054,7.027027,27.771117,5,IN
1216,274.6891494,-13.77023923,18.33288978,16.923395,7.027027,26.376133,5,IN
1217,274.6680154,-13.78663535,15.11946149,13.963732,7.027027,23.162705,5,IN
1218,274.6923455,-13.78574801,19.71572503,18.723171,7.027027,27.758968,5,IN
1219,274.662587,-13.78329659,17.5365449,16.039997,7.027027,25.579788,5,IN
1220,274.6613162,-13.77525635,17.48784048,15.964992,7.1471471,25.634387,5,IN
1221,274.6568947,-13.76845968,15.01073855,13.850812,7.1471471,23.157285,5,IN
1222,274.6803621,-13.7600059,16.85516439,15.394965,7.1471471,25.001711,5,IN
1223,274.6816098,-13.75458061,17.64996356,16.16167,7.1471471,25.79651,5,IN
1206,274.6671336,-13.79477324,17.36274518,15.871173,6.9069069,25.302685,5,IN
1224,274.6954571,-13.75109271,19.51685047,18.202123,7.1471471,27.663397,5,IN
1205,274.6692567,-13.79803178,16.55057484,15.151941,6.9069069,24.490515,5,IN
1203,274.6710978,-13.75654193,15.4307059,14.23167,6.9069069,23.370646,5,IN
1186,274.6882244,-13.7622005,16.26462358,14.93702,6.7867868,24.10126,5,IN
1187,274.6534013,-13.75831379,14.54645254,13.47112,6.7867868,22.383089,5,IN
1188,274.6893396,-13.75329221,17.44704576,15.975781,6.7867868,25.283682,5,IN
1189,274.6745766,-13.79334975,19.36872092,18.084638,6.7867868,27.205358,5,IN
1190,274.6810317,-13.7928535,19.65322251,18.644109,6.7867868,27.489859,5,IN
1191,274.6524015,-13.79156319,14.15868801,13.114594,6.7867868,21.995325,5,IN
1192,274.6724566,-13.78898151,17.52138562,16.069329,6.7867868,25.358022,5,IN
1193,274.6710266,-13.78436569,17.39160319,15.901318,6.7867868,25.22824,5,IN
1194,274.6690809,-13.7823909,16.04493792,14.743659,6.9069069,23.984878,5,IN
1195,274.6675752,-13.78231162,16.37839953,15.023613,6.9069069,24.31834,5,IN
1196,274.6845395,-13.78160458,15.49977041,14.300521,6.9069069,23.43971,5,IN
1197,274.6573188,-13.77955883,16.79697403,15.352866,6.9069069,24.736914,5,IN
1198,274.6672263,-13.77858008,14.1905202,13.133369,6.9069069,22.13046,5,IN
1199,274.665506,-13.77521842,17.41935777,15.925384,6.9069069,25.359298,5,IN
1200,274.6514784,-13.77019858,14.7096916,13.613229,6.9069069,22.649632,5,IN
1201,274.6734561,-13.76930039,15.27395305,14.099926,6.9069069,23.213893,5,IN
1202,274.6742414,-13.76127314,16.91593662,15.464268,6.9069069,24.855877,5,IN
1204,274.6952217,-13.75574034,16.54577735,15.155675,6.9069069,24.485717,5,IN
1225,274.6823309,-13.79895475,15.1544693,13.988535,7.1471471,23.301016,5,IN
1226,274.6694648,-13.78846107,18.04217969,16.58799,7.1471471,26.188726,5,IN
1227,274.687396,-13.78555913,17.25583071,15.725662,7.1471471,25.402377,5,IN
1250,274.680676,-13.75822155,17.49582595,15.933049,7.5075075,25.952283,5,IN
1251,274.6938628,-13.75295135,13.46529241,12.579435,7.5075075,21.921749,5,IN
1252,274.6971134,-13.78306058,19.76791736,18.496264,7.5075075,28.224374,5,IN
1253,274.6745972,-13.7830524,18.19561721,16.752484,7.5075075,26.652074,5,IN
1254,274.6577029,-13.77378126,18.35880945,16.921933,7.6276276,26.918569,5,IN
1255,274.6707082,-13.77253148,14.22587488,13.116965,7.6276276,22.785635,5,IN
1256,274.6746851,-13.76198195,14.86575318,13.702634,7.6276276,23.425513,5,IN
1257,274.6744719,-13.75827612,19.25342937,17.849678,7.6276276,27.813189,5,IN
1258,274.6949742,-13.75347875,13.10989917,12.382268,7.6276276,21.669659,5,IN
1259,274.6771547,-13.75054081,14.78437647,13.638918,7.6276276,23.344136,5,IN
1260,274.6604762,-13.79773717,17.52938964,15.960643,7.6276276,26.08915,5,IN
1261,274.6865086,-13.79465734,15.14764138,13.945697,7.6276276,23.707401,5,IN
1262,274.6948306,-13.78680976,19.95665659,19.042653,7.6276276,28.516416,5,IN
1263,274.6536787,-13.78427099,19.34302358,17.940924,7.6276276,27.902783,5,IN
1264,274.6516357,-13.78210774,17.56365787,15.968333,7.7477477,26.226721,5,IN
1265,274.6854035,-13.77546564,15.17510792,13.969059,7.7477477,23.838171,5,IN
1266,274.6864462,-13.77522304,18.06200463,16.531288,7.7477477,26.725068,5,IN
1249,274.6752258,-13.75985286,16.40017552,15.007379,7.5075075,24.856632,5,IN
1248,274.6956368,-13.76165575,17.27678141,15.708168,7.5075075,25.733238,5,IN
1247,274.6714977,-13.76673115,18.19902083,16.718683,7.5075075,26.655477,5,IN
1246,274.6584618,-13.76904749,17.81145312,16.290778,7.5075075,26.26791,5,IN
1228,274.6519723,-13.77131319,17.91268174,16.415488,7.2672673,26.162532,5,IN
1229,274.6925984,-13.76860679,19.4391789,18.11011,7.2672673,27.689029,5,IN
1230,274.6751773,-13.76444842,15.65932498,14.397272,7.2672673,23.909175,5,IN
1231,274.6825235,-13.75913644,15.54782909,14.316123,7.2672673,23.797679,5,IN
1232,274.6772046,-13.75856005,17.811143,16.304479,7.2672673,26.060993,5,IN
1233,274.6971988,-13.75536686,17.41570682,15.880745,7.2672673,25.665557,5,IN
1234,274.6763245,-13.75465563,16.46067795,15.059683,7.2672673,24.710528,5,IN
1235,274.6763878,-13.7911301,15.60190142,14.355765,7.2672673,23.851751,5,IN
1268,274.6522416,-13.77326511,19.89808799,18.742571,7.7477477,28.561151,5,IN
1236,274.662035,-13.79071456,18.15206308,16.712812,7.2672673,26.401913,5,IN
1238,274.6644477,-13.77729005,19.83707389,18.80333,7.3873874,28.190227,5,IN
1239,274.6536033,-13.77562453,17.65459525,16.126416,7.3873874,26.007749,5,IN
1240,274.6753694,-13.76422114,18.44241109,17.032443,7.3873874,26.795564,5,IN
1241,274.6855075,-13.75517223,19.7686335,18.53274,7.3873874,28.121787,5,IN
1242,274.6667519,-13.78989305,16.74495704,15.287914,7.3873874,25.09811,5,IN
1243,274.6533268,-13.78931368,14.8001628,13.661835,7.3873874,23.153316,5,IN
1244,274.6923496,-13.78171473,16.01828914,14.693325,7.5075075,24.474746,5,IN
1245,274.6851455,-13.7712944,15.25704479,14.052731,7.5075075,23.713501,5,IN
1237,274.6540837,-13.77836595,18.75931205,17.348386,7.3873874,27.112465,5,IN
1353,274.6637667,-13.77540163,18.5052715,16.906474,8.5885886,27.891458,5,IN
1015,274.6974481,-13.78436129,15.42199236,14.347842,4.8648649,21.605776,5,IN
1013,274.6557259,-13.79681631,19.13502107,18.408993,4.8648649,25.318805,5,IN
784,274.6617658,-13.76568425,17.69039964,16.690493,3.6636637,22.84115,5,IN
785,274.6658714,-13.76498709,16.71320501,15.574417,3.6636637,21.863956,5,IN
786,274.6575411,-13.76454987,16.57266225,15.426892,3.6636637,21.723413,5,IN
787,274.6697189,-13.76328838,17.49555069,16.488078,3.6636637,22.646301,5,IN
788,274.7004527,-13.76219319,17.0199148,15.929798,3.6636637,22.170666,5,IN
789,274.6564366,-13.76085218,16.39659686,15.240412,3.6636637,21.547348,5,IN
790,274.6580813,-13.76072072,17.92336609,16.939814,3.6636637,23.074117,5,IN
791,274.6960655,-13.76013162,16.71771721,15.590237,3.6636637,21.868468,5,IN
792,274.6871978,-13.75988453,18.25507415,17.281608,3.6636637,23.405825,5,IN
793,274.6799249,-13.75964672,17.23654393,16.181774,3.6636637,22.387295,5,IN
794,274.6563013,-13.75957165,17.028533,15.927023,3.6636637,22.179284,5,IN
795,274.6795878,-13.75938297,16.7188974,15.598708,3.6636637,21.869648,5,IN
796,274.695697,-13.75818182,17.4939283,16.442963,3.6636637,22.644679,5,IN
797,274.67344,-13.75808385,17.36204572,16.326564,3.6636637,22.512797,5,IN
798,274.6871051,-13.75788355,16.39289193,15.229571,3.6636637,21.543643,5,IN
799,274.6549781,-13.7571268,17.87529933,16.900688,3.6636637,23.02605,5,IN
800,274.6830213,-13.75564223,17.23166595,16.19533,3.6636637,22.382417,5,IN
783,274.6609968,-13.7679288,16.63340568,15.502758,3.6636637,21.784156,5,IN
801,274.6778607,-13.75277135,16.65468999,15.512906,3.6636637,21.805441,5,IN
782,274.6880166,-13.76811584,16.8631403,15.748711,3.6636637,22.013891,5,IN
780,274.6670066,-13.76940402,16.91262031,15.815483,3.6636637,22.063371,5,IN
763,274.6748349,-13.75335443,17.65116598,16.646154,3.5435435,22.698613,5,IN
764,274.6649503,-13.75233925,16.86405471,15.77601,3.5435435,21.911502,5,IN
765,274.6602701,-13.75170637,18.68520711,17.922813,3.5435435,23.732655,5,IN
766,274.6680754,-13.75144666,16.87419159,15.814781,3.5435435,21.921639,5,IN
767,274.6703421,-13.79434684,17.01209333,15.958098,3.5435435,22.059541,5,IN
768,274.666295,-13.79124271,18.3827762,17.419436,3.5435435,23.430224,5,IN
769,274.6796137,-13.7872804,16.55861725,15.44115,3.5435435,21.606065,5,IN
770,274.6633247,-13.78545245,16.35314762,15.206132,3.5435435,21.400595,5,IN
771,274.6585126,-13.78098743,16.62825529,15.489298,3.6636637,21.779006,5,IN
772,274.6771975,-13.77921537,15.887991,14.794025,3.6636637,21.038742,5,IN
773,274.6957394,-13.775605,17.04606864,15.96156,3.6636637,22.196819,5,IN
774,274.6597176,-13.77507134,16.2602266,15.090196,3.6636637,21.410977,5,IN
775,274.6744248,-13.77326899,16.17644662,15.007293,3.6636637,21.327197,5,IN
776,274.6728947,-13.77260608,18.21854257,17.253102,3.6636637,23.369293,5,IN
777,274.6824745,-13.77198035,17.87995655,16.887928,3.6636637,23.030707,5,IN
778,274.672235,-13.77148323,16.62801302,15.503122,3.6636637,21.778764,5,IN
779,274.6704602,-13.76955706,17.0502428,15.976584,3.6636637,22.200994,5,IN
781,274.6578402,-13.76878302,16.90322104,15.805888,3.6636637,22.053972,5,IN
762,274.6773285,-13.75426787,17.31736483,16.284152,3.5435435,22.364812,5,IN
802,274.6705436,-13.79514352,17.86524129,16.894573,3.6636637,23.015992,5,IN
804,274.650933,-13.79132016,16.31283478,15.147567,3.6636637,21.463586,5,IN
826,274.6492753,-13.76189004,16.67282731,15.531344,3.7837838,21.926881,5,IN
827,274.6740364,-13.76150223,17.54166515,16.509487,3.7837838,22.795719,5,IN
828,274.6561939,-13.75845879,17.04878903,15.933648,3.7837838,22.302843,5,IN
829,274.6817212,-13.75803533,17.24957183,16.184502,3.7837838,22.503626,5,IN
830,274.6643255,-13.75668579,18.08327181,17.10634,3.7837838,23.337326,5,IN
831,274.6539702,-13.75564065,16.93666618,15.841884,3.7837838,22.19072,5,IN
832,274.662789,-13.7555763,16.91808061,15.80799,3.7837838,22.172135,5,IN
833,274.6635576,-13.75539965,16.94350118,15.833133,3.7837838,22.197555,5,IN
834,274.6755286,-13.754628,16.75454922,15.617588,3.7837838,22.008603,5,IN
835,274.6972262,-13.75390424,12.75342359,12.089523,3.7837838,18.007478,5,IN
836,274.680696,-13.7536413,18.36546381,17.38931,3.7837838,23.619518,5,IN
837,274.6578163,-13.75081983,17.62443181,16.612274,3.7837838,22.878486,5,IN
838,274.6965622,-13.79659808,16.52251513,15.361286,3.7837838,21.776569,5,IN
839,274.6702241,-13.78712762,15.70796619,14.624995,3.7837838,20.96202,5,IN
840,274.6725969,-13.78563328,13.6184531,12.856432,3.7837838,18.872507,5,IN
841,274.6999943,-13.78144716,18.28751517,17.276862,3.9039039,23.644873,5,IN
842,274.6853121,-13.77955511,17.42668102,16.351541,3.9039039,22.784038,5,IN
825,274.657429,-13.7648383,16.91535377,15.803845,3.7837838,22.169408,5,IN
803,274.6922371,-13.79431826,17.58218179,16.579346,3.6636637,22.732933,5,IN
824,274.6695906,-13.76560027,17.12829801,16.02924,3.7837838,22.382352,5,IN
822,274.6936446,-13.7667793,17.2734655,16.240002,3.7837838,22.52752,5,IN
805,274.6972355,-13.78973488,18.32114054,17.362239,3.6636637,23.471891,5,IN
806,274.6511589,-13.78633359,16.17516729,15.007025,3.6636637,21.325918,5,IN
807,274.6820076,-13.78586307,15.14918105,14.183471,3.6636637,20.299932,5,IN
808,274.6519337,-13.78567784,16.49609623,15.340379,3.6636637,21.646847,5,IN
809,274.6656898,-13.78372715,17.0954504,16.027931,3.6636637,22.246201,5,IN
810,274.6569332,-13.78210568,16.61595155,15.467638,3.7837838,21.870006,5,IN
811,274.6993595,-13.78185721,16.23329877,15.067561,3.7837838,21.487353,5,IN
812,274.6803773,-13.78019045,15.65602156,14.584454,3.7837838,20.910076,5,IN
813,274.6701187,-13.77908961,18.66481896,17.697773,3.7837838,23.918873,5,IN
814,274.685147,-13.77724728,15.65536679,14.584666,3.7837838,20.909421,5,IN
815,274.6614968,-13.77685367,16.79593907,15.686464,3.7837838,22.049993,5,IN
816,274.662523,-13.77295341,16.40938854,15.246159,3.7837838,21.663443,5,IN
817,274.6537887,-13.77015436,17.13153472,16.063281,3.7837838,22.385589,5,IN
818,274.6654522,-13.76870046,18.23684469,17.266976,3.7837838,23.490899,5,IN
819,274.6641289,-13.76846231,18.73030162,17.822897,3.7837838,23.984356,5,IN
820,274.6786293,-13.7683006,17.61753591,16.603009,3.7837838,22.87159,5,IN
821,274.6605321,-13.76719385,17.39582388,16.375368,3.7837838,22.649878,5,IN
823,274.6750826,-13.76585777,17.72579276,16.703221,3.7837838,22.979847,5,IN
761,274.6520403,-13.75690669,17.46980467,16.453588,3.5435435,22.517252,5,IN
760,274.6800734,-13.76023324,17.01109501,15.928044,3.5435435,22.058543,5,IN
759,274.6623572,-13.76034846,17.45649758,16.424875,3.5435435,22.503945,5,IN
699,274.6919533,-13.78633323,16.26869215,15.146976,3.3033033,21.109533,5,IN
700,274.6625663,-13.7860345,15.82070236,14.759805,3.3033033,20.661543,5,IN
701,274.6632852,-13.7859975,16.76631719,15.694252,3.3033033,21.607158,5,IN
702,274.6801172,-13.78364227,17.13037018,16.135626,3.3033033,21.971211,5,IN
703,274.6891406,-13.78348917,16.21213184,15.095383,3.3033033,21.052973,5,IN
704,274.6905547,-13.78304649,16.35300115,15.240219,3.3033033,21.193842,5,IN
705,274.6669537,-13.77925917,16.41956385,15.303287,3.4234234,21.363708,5,IN
706,274.6781804,-13.77736809,15.87445457,14.784799,3.4234234,20.818599,5,IN
707,274.6890841,-13.77712595,16.82827734,15.765278,3.4234234,21.772422,5,IN
708,274.6499656,-13.77712386,17.29380314,16.307288,3.4234234,22.237947,5,IN
709,274.7001855,-13.77680086,17.0404713,16.019009,3.4234234,21.984615,5,IN
710,274.6973618,-13.77595519,17.04596899,15.994691,3.4234234,21.990113,5,IN
711,274.6972171,-13.77432365,17.01319852,15.96569,3.4234234,21.957343,5,IN
712,274.669387,-13.77429315,17.41647301,16.405892,3.4234234,22.360617,5,IN
713,274.6884706,-13.77254344,17.52253841,16.522357,3.4234234,22.466683,5,IN
714,274.6803235,-13.77122776,17.52812367,16.555246,3.4234234,22.472268,5,IN
715,274.6619633,-13.76905222,17.0356872,16.001342,3.4234234,21.979831,5,IN
698,274.6509836,-13.78653129,15.74709326,14.689216,3.3033033,20.587934,5,IN
716,274.6548092,-13.76859382,17.28450742,16.266725,3.4234234,22.228652,5,IN
697,274.6911122,-13.78794074,16.34371275,15.221682,3.3033033,21.184554,5,IN
695,274.688144,-13.79125831,16.27597297,15.165785,3.3033033,21.116814,5,IN
678,274.6652983,-13.77271456,16.79679044,15.751726,3.3033033,21.637631,5,IN
679,274.6807463,-13.77243192,16.9228455,15.862047,3.3033033,21.763686,5,IN
680,274.6667492,-13.77156921,17.58876942,16.62722,3.3033033,22.42961,5,IN
681,274.6580194,-13.7712149,16.61334079,15.539337,3.3033033,21.454182,5,IN
682,274.6697986,-13.77049566,17.49442465,16.519284,3.3033033,22.335266,5,IN
683,274.6803823,-13.77038136,16.93602528,15.881456,3.3033033,21.776866,5,IN
684,274.6717083,-13.76671782,16.67068985,15.601567,3.3033033,21.511531,5,IN
685,274.6844914,-13.76623244,17.38232364,16.38739,3.3033033,22.223165,5,IN
686,274.6660005,-13.76440718,16.66946246,15.605203,3.3033033,21.510303,5,IN
687,274.6892453,-13.76221251,16.66872786,15.597228,3.3033033,21.509569,5,IN
688,274.6672999,-13.76147775,16.75414345,15.680757,3.3033033,21.594984,5,IN
689,274.6573433,-13.75523537,16.15207917,15.012822,3.3033033,20.99292,5,IN
690,274.6683751,-13.75203869,16.22236051,15.095304,3.3033033,21.063201,5,IN
691,274.6622153,-13.79925766,18.57308535,17.675793,3.3033033,23.413926,5,IN
692,274.651922,-13.79583882,17.82847444,16.875176,3.3033033,22.669315,5,IN
693,274.6532922,-13.79387887,16.65389369,15.573794,3.3033033,21.494735,5,IN
694,274.6872516,-13.79194496,17.75640674,16.822685,3.3033033,22.597248,5,IN
696,274.6652617,-13.78969385,16.67845466,15.600341,3.3033033,21.519296,5,IN
717,274.6815941,-13.76855427,16.69553818,15.625811,3.4234234,21.639682,5,IN
718,274.6799239,-13.76851394,16.4306945,15.300049,3.4234234,21.374839,5,IN
719,274.6856787,-13.76604739,16.33821247,15.196237,3.4234234,21.282357,5,IN
742,274.6615452,-13.7818097,17.46900969,16.48502,3.5435435,22.516457,5,IN
743,274.6698735,-13.77941774,18.28354486,17.329448,3.5435435,23.330992,5,IN
744,274.6538438,-13.77934429,18.32412533,17.385602,3.5435435,23.371573,5,IN
745,274.6530211,-13.77905818,17.00850596,15.924957,3.5435435,22.055953,5,IN
746,274.6847478,-13.77882322,17.17450113,16.112555,3.5435435,22.221949,5,IN
747,274.6846989,-13.77804721,15.8988896,14.801698,3.5435435,20.946337,5,IN
748,274.6706662,-13.77338435,16.87411579,15.792742,3.5435435,21.921563,5,IN
749,274.6805149,-13.77313508,16.66536716,15.53893,3.5435435,21.712815,5,IN
750,274.6884192,-13.77292293,16.47018354,15.343135,3.5435435,21.517631,5,IN
751,274.6799005,-13.77187093,16.6556953,15.532804,3.5435435,21.703143,5,IN
752,274.6542532,-13.77166092,17.0114645,15.918605,3.5435435,22.058912,5,IN
753,274.6592756,-13.77104072,16.89778757,15.825505,3.5435435,21.945235,5,IN
754,274.697217,-13.76827033,17.34224009,16.315078,3.5435435,22.389688,5,IN
755,274.6563635,-13.76753785,16.16912765,15.016607,3.5435435,21.216575,5,IN
756,274.6724182,-13.76716738,17.19806961,16.132037,3.5435435,22.245517,5,IN
757,274.6688086,-13.7612708,18.18569857,17.223524,3.5435435,23.233146,5,IN
758,274.6665751,-13.76082808,16.61015637,15.478132,3.5435435,21.657604,5,IN
741,274.6954981,-13.78200633,17.2141562,16.201298,3.5435435,22.261604,5,IN
740,274.6899782,-13.78372994,18.19009162,17.262427,3.4234234,23.134236,5,IN
739,274.6812559,-13.78676763,16.25978132,15.108063,3.4234234,21.203926,5,IN
738,274.6705301,-13.78890175,18.60779145,17.721653,3.4234234,23.551936,5,IN
720,274.6634852,-13.76579072,16.98197805,15.922424,3.4234234,21.926122,5,IN
721,274.6724386,-13.76551013,16.12404827,14.978747,3.4234234,21.068192,5,IN
722,274.6651793,-13.76419395,16.18600436,15.043032,3.4234234,21.130149,5,IN
723,274.6817229,-13.76286397,16.49017206,15.37273,3.4234234,21.434316,5,IN
724,274.6715646,-13.7626342,15.90937783,14.827417,3.4234234,20.853522,5,IN
725,274.6654033,-13.76202708,16.63418228,15.528597,3.4234234,21.578326,5,IN
726,274.6684817,-13.76082048,17.62014023,16.642481,3.4234234,22.564284,5,IN
727,274.6602297,-13.75785553,16.32397501,15.173853,3.4234234,21.268119,5,IN
843,274.6911946,-13.77708447,16.71739342,15.563427,3.9039039,22.074751,5,IN
728,274.6576031,-13.75442254,16.65544184,15.554803,3.4234234,21.599586,5,IN
730,274.6769053,-13.75273423,16.51217063,15.387105,3.4234234,21.456315,5,IN
731,274.6974549,-13.798526,17.69134801,16.710255,3.4234234,22.635492,5,IN
732,274.687451,-13.79824089,17.68637518,16.707627,3.4234234,22.630519,5,IN
733,274.6944949,-13.79502002,16.8580334,15.798631,3.4234234,21.802178,5,IN
734,274.6778892,-13.79366048,18.14738085,17.210581,3.4234234,23.091525,5,IN
735,274.654537,-13.79328148,18.066775,17.115915,3.4234234,23.010919,5,IN
736,274.6904884,-13.79323996,16.19828596,15.050238,3.4234234,21.14243,5,IN
737,274.6631036,-13.79084403,17.17049255,16.127078,3.4234234,22.114637,5,IN
729,274.6812196,-13.75415502,17.81013631,16.853388,3.4234234,22.754281,5,IN
844,274.6629192,-13.77516787,18.77933377,17.956855,3.9039039,24.136691,5,IN
845,274.6716908,-13.77499968,17.43885666,16.348268,3.9039039,22.796214,5,IN
846,274.659163,-13.77439299,16.52763432,15.33404,3.9039039,21.884992,5,IN
953,274.6642253,-13.77148776,15.47094291,14.397169,4.5045045,21.344817,5,IN
954,274.6890115,-13.76742913,17.93806606,16.830891,4.5045045,23.81194,5,IN
955,274.6906592,-13.76705034,15.86378032,14.720988,4.5045045,21.737654,5,IN
956,274.6506118,-13.76611409,16.67668131,15.424366,4.5045045,22.550555,5,IN
957,274.6972822,-13.76449626,16.00562371,14.830668,4.5045045,21.879498,5,IN
958,274.6642076,-13.76337361,18.56144206,17.511638,4.5045045,24.435316,5,IN
959,274.6903107,-13.7620897,16.57671399,15.33905,4.5045045,22.450588,5,IN
960,274.6803153,-13.7620692,16.80948776,15.590525,4.5045045,22.683362,5,IN
961,274.6813351,-13.76191722,17.14828543,15.973919,4.5045045,23.022159,5,IN
962,274.6841578,-13.75701679,18.35967962,17.299537,4.5045045,24.233554,5,IN
963,274.6514757,-13.75448588,17.73388093,16.607571,4.5045045,23.607755,5,IN
964,274.6929908,-13.79929097,15.77719056,14.655348,4.5045045,21.651064,5,IN
965,274.6687085,-13.79622722,14.88031829,13.910847,4.5045045,20.754192,5,IN
966,274.6743931,-13.78972993,13.83299785,12.998673,4.5045045,19.706872,5,IN
967,274.6864856,-13.78333766,15.66925784,14.555126,4.5045045,21.543132,5,IN
968,274.6850988,-13.78313431,16.96392894,15.760276,4.5045045,22.837803,5,IN
969,274.6708664,-13.78272693,15.85823815,14.706259,4.5045045,21.732112,5,IN
952,274.6496852,-13.7738414,17.1120769,15.905283,4.5045045,22.985951,5,IN
970,274.6714521,-13.78234399,17.97659474,16.862608,4.6246246,23.953772,5,IN
951,274.6866198,-13.77402567,14.60533205,13.681636,4.5045045,20.479206,5,IN
949,274.6550983,-13.79519156,16.85013519,15.656416,4.3843844,22.620706,5,IN
932,274.6607976,-13.75026427,17.27071667,16.133484,4.2642643,22.937984,5,IN
933,274.6680028,-13.79859229,15.30112315,14.278903,4.2642643,20.96839,5,IN
934,274.650338,-13.79631822,18.88378216,18.030835,4.2642643,24.551049,5,IN
935,274.6891125,-13.79520843,15.18878496,14.184047,4.2642643,20.856052,5,IN
936,274.6815488,-13.79190917,17.21122601,16.086255,4.2642643,22.878493,5,IN
937,274.6852198,-13.78858651,16.6650807,15.454976,4.2642643,22.332348,5,IN
938,274.6731389,-13.78201322,15.82834741,14.702484,4.3843844,21.598918,5,IN
939,274.6861352,-13.78084165,13.93469775,13.103992,4.3843844,19.705268,5,IN
940,274.6925243,-13.77970383,15.23694515,14.212356,4.3843844,21.007516,5,IN
941,274.700518,-13.77329919,17.91330967,16.829827,4.3843844,23.68388,5,IN
942,274.6689276,-13.76547735,16.83361126,15.634721,4.3843844,22.604182,5,IN
943,274.6891428,-13.76535501,17.08965178,15.896968,4.3843844,22.860222,5,IN
944,274.6978838,-13.76122861,17.43679379,16.28935,4.3843844,23.207364,5,IN
945,274.6718676,-13.75285493,18.48619993,17.447642,4.3843844,24.256771,5,IN
946,274.6634388,-13.79964849,15.35521032,14.311706,4.3843844,21.125781,5,IN
947,274.694412,-13.79798938,16.57899461,15.342667,4.3843844,22.349565,5,IN
948,274.6615688,-13.79613031,16.59629059,15.370709,4.3843844,22.366861,5,IN
950,274.6861752,-13.78285009,16.58176883,15.355671,4.3843844,22.352339,5,IN
971,274.654686,-13.78067699,16.05897563,14.868194,4.6246246,22.036153,5,IN
972,274.6644239,-13.77622833,16.72964171,15.462606,4.6246246,22.706819,5,IN
973,274.6977639,-13.77280985,16.77681356,15.509238,4.6246246,22.753991,5,IN
996,274.6627448,-13.76437274,17.66867016,16.521724,4.7447447,23.749151,5,IN
997,274.6632184,-13.76373384,15.92281121,14.755052,4.7447447,22.003292,5,IN
998,274.6893531,-13.76371484,17.03503788,15.803353,4.7447447,23.115518,5,IN
999,274.6719817,-13.75462499,16.86653871,15.613095,4.7447447,22.947019,5,IN
1000,274.6750474,-13.79604039,17.56452217,16.416512,4.7447447,23.645003,5,IN
1001,274.6675815,-13.79604495,18.01541629,16.900101,4.7447447,24.095897,5,IN
1002,274.664622,-13.78059872,17.09871593,15.851198,4.8648649,23.2825,5,IN
1003,274.6562462,-13.77791541,17.38675098,16.173323,4.8648649,23.570535,5,IN
1004,274.6987127,-13.7728183,16.79994316,15.516759,4.8648649,22.983727,5,IN
1005,274.6548869,-13.76961403,15.71369719,14.58273,4.8648649,21.897481,5,IN
1006,274.6774347,-13.76535588,15.97196276,14.780258,4.8648649,22.155747,5,IN
1007,274.6630323,-13.76509275,18.36388271,17.278078,4.8648649,24.547667,5,IN
1008,274.6753771,-13.76365439,18.56807855,17.472507,4.8648649,24.751862,5,IN
1009,274.6942125,-13.76159136,19.04231873,18.122262,4.8648649,25.226103,5,IN
1010,274.6890827,-13.76048195,17.8458212,16.711983,4.8648649,24.029605,5,IN
1011,274.6983722,-13.75697676,17.13343945,15.897225,4.8648649,23.317223,5,IN
1012,274.6738085,-13.75214462,14.92524937,13.933256,4.8648649,21.109033,5,IN
995,274.6814728,-13.76475452,18.17640092,17.056686,4.7447447,24.256881,5,IN
994,274.6943483,-13.7650943,18.16198905,17.082404,4.7447447,24.24247,5,IN
993,274.6498643,-13.76815602,17.22566055,16.026461,4.7447447,23.306141,5,IN
992,274.6708429,-13.77145658,17.41398314,16.233556,4.7447447,23.494464,5,IN
974,274.7005171,-13.7705415,16.45241679,15.182569,4.6246246,22.429594,5,IN
975,274.6587905,-13.77018582,18.03034287,16.940091,4.6246246,24.00752,5,IN
976,274.6698462,-13.76575473,16.45774456,15.187764,4.6246246,22.434922,5,IN
977,274.6548743,-13.76554604,17.4832367,16.313029,4.6246246,23.460414,5,IN
978,274.6640698,-13.76422184,17.15499236,15.940815,4.6246246,23.13217,5,IN
979,274.6652546,-13.75981956,16.77787728,15.538138,4.6246246,22.755055,5,IN
980,274.6951987,-13.75195069,19.02331042,18.189798,4.6246246,25.000488,5,IN
981,274.6839126,-13.7509051,16.97722883,15.736755,4.6246246,22.954406,5,IN
931,274.6510119,-13.75068421,16.72908448,15.508269,4.2642643,22.396352,5,IN
982,274.6729334,-13.75061324,18.94855532,17.926521,4.6246246,24.925733,5,IN
984,274.6776718,-13.79663512,17.75786179,16.659834,4.6246246,23.735039,5,IN
985,274.6843097,-13.79559815,16.04303892,14.859032,4.6246246,22.020216,5,IN
986,274.6920636,-13.79310367,15.70202737,14.582712,4.6246246,21.679205,5,IN
987,274.6801105,-13.78998439,15.41109323,14.353064,4.6246246,21.38827,5,IN
988,274.6854496,-13.78973983,15.57880414,14.487746,4.6246246,21.555981,5,IN
989,274.6728284,-13.78366406,16.58966939,15.319852,4.6246246,22.566847,5,IN
990,274.6604856,-13.77717414,16.16343744,14.947337,4.7447447,22.243918,5,IN
991,274.6554972,-13.77414761,16.09463621,14.890389,4.7447447,22.175117,5,IN
983,274.6775261,-13.79727852,15.35393639,14.297925,4.6246246,21.331114,5,IN
1014,274.6537033,-13.78791948,14.97224002,13.977581,4.8648649,21.156024,5,IN
930,274.6753059,-13.75158967,17.53125342,16.442026,4.2642643,23.198521,5,IN
928,274.6754513,-13.75332321,18.53477855,17.502655,4.2642643,24.202046,5,IN
868,274.6618109,-13.78568071,15.8660608,14.759832,3.9039039,21.223418,5,IN
869,274.663403,-13.78510546,15.99461219,14.872111,3.9039039,21.35197,5,IN
870,274.6721453,-13.77809683,17.87839939,16.862623,4.024024,23.33906,5,IN
871,274.6920491,-13.77692683,15.40791083,14.378028,4.024024,20.868572,5,IN
872,274.6658107,-13.77449726,18.77065116,17.853047,4.024024,24.231312,5,IN
873,274.68543,-13.77434828,15.94877039,14.800472,4.024024,21.409431,5,IN
874,274.6769138,-13.77226611,18.31833882,17.293034,4.024024,23.779,5,IN
875,274.6841535,-13.77221638,15.65477541,14.567759,4.024024,21.115436,5,IN
876,274.6686903,-13.7682518,15.72209083,14.623455,4.024024,21.182752,5,IN
877,274.6885687,-13.76693077,15.89315312,14.771766,4.024024,21.353814,5,IN
878,274.6954323,-13.76561344,16.8797192,15.716268,4.024024,22.34038,5,IN
879,274.6622292,-13.76503852,16.74147393,15.575299,4.024024,22.202135,5,IN
880,274.6747233,-13.76494289,16.88503107,15.7521,4.024024,22.345692,5,IN
881,274.6617048,-13.76406035,16.87116493,15.710528,4.024024,22.331826,5,IN
882,274.6670855,-13.76215763,16.68326208,15.520001,4.024024,22.143923,5,IN
883,274.6550842,-13.76064217,17.483525,16.412707,4.024024,22.944186,5,IN
884,274.6845753,-13.75747485,16.87436266,15.744004,4.024024,22.335023,5,IN
867,274.6540914,-13.78704364,16.63285873,15.451646,3.9039039,21.990216,5,IN
885,274.6800061,-13.75716339,17.6928128,16.66671,4.024024,23.153474,5,IN
866,274.6899681,-13.78709722,18.59534664,17.622626,3.9039039,23.952704,5,IN
864,274.6730198,-13.79109465,16.75796934,15.599313,3.9039039,22.115327,5,IN
847,274.6848937,-13.77402192,15.76781736,14.66342,3.9039039,21.125175,5,IN
848,274.6963349,-13.77225327,16.56016539,15.375752,3.9039039,21.917523,5,IN
849,274.6821301,-13.77226328,18.55734813,17.575812,3.9039039,23.914706,5,IN
850,274.6831691,-13.76897168,18.33152166,17.345519,3.9039039,23.688879,5,IN
851,274.6853637,-13.76886661,16.85613467,15.732529,3.9039039,22.213492,5,IN
852,274.6658126,-13.76830801,16.64572052,15.487982,3.9039039,22.003078,5,IN
853,274.6741199,-13.76444625,17.11691587,16.028343,3.9039039,22.474273,5,IN
854,274.6562626,-13.76310028,16.92552662,15.787001,3.9039039,22.282884,5,IN
855,274.6636901,-13.76279934,18.41746713,17.41583,3.9039039,23.774825,5,IN
856,274.6743516,-13.75929634,16.98221873,15.889647,3.9039039,22.339576,5,IN
857,274.6843747,-13.7580936,17.55254756,16.51021,3.9039039,22.909905,5,IN
858,274.656084,-13.75707834,18.19638457,17.193814,3.9039039,23.553742,5,IN
859,274.6639802,-13.75671053,16.00134151,14.861501,3.9039039,21.358699,5,IN
860,274.6639621,-13.75596144,16.78407522,15.636275,3.9039039,22.141433,5,IN
861,274.6748453,-13.75376147,17.31648651,16.248453,3.9039039,22.673844,5,IN
862,274.6525694,-13.75182735,16.62974865,15.452382,3.9039039,21.987106,5,IN
863,274.6715926,-13.79333542,15.74900348,14.652986,3.9039039,21.106361,5,IN
865,274.6930303,-13.78978036,15.68787946,14.610102,3.9039039,21.045237,5,IN
886,274.6800334,-13.75697882,18.23747158,17.235708,4.024024,23.698132,5,IN
887,274.658078,-13.75633683,16.30061618,15.106578,4.024024,21.761277,5,IN
888,274.6740742,-13.75605109,17.2151309,16.127853,4.024024,22.675792,5,IN
911,274.6909191,-13.78270163,17.17666417,16.059899,4.1441441,22.740628,5,IN
912,274.6861309,-13.78040525,15.3217643,14.293252,4.2642643,20.989032,5,IN
913,274.6627751,-13.78019831,16.54774354,15.331791,4.2642643,22.215011,5,IN
914,274.6982077,-13.77780024,16.72894821,15.523836,4.2642643,22.396216,5,IN
915,274.6773704,-13.77696875,18.89012146,18.025891,4.2642643,24.557389,5,IN
916,274.6755414,-13.77500043,15.61149145,14.527036,4.2642643,21.278759,5,IN
917,274.6544655,-13.77441638,18.42846364,17.397971,4.2642643,24.095731,5,IN
918,274.6864057,-13.76991285,18.85030537,17.909074,4.2642643,24.517573,5,IN
919,274.684768,-13.76979701,15.9280843,14.778046,4.2642643,21.595352,5,IN
920,274.6692628,-13.76613366,16.15200009,14.972352,4.2642643,21.819267,5,IN
921,274.6649005,-13.76336907,17.07572692,15.933048,4.2642643,22.742994,5,IN
922,274.6610544,-13.76033922,17.26794061,16.151678,4.2642643,22.935208,5,IN
923,274.6604394,-13.75848014,17.40933334,16.312458,4.2642643,23.076601,5,IN
924,274.6673391,-13.75832145,17.03413406,15.857941,4.2642643,22.701401,5,IN
925,274.6553459,-13.75700642,18.05150483,17.014912,4.2642643,23.718772,5,IN
926,274.6804788,-13.75691194,17.08428853,15.954085,4.2642643,22.751556,5,IN
927,274.6758816,-13.75405631,16.54928416,15.325368,4.2642643,22.216551,5,IN
910,274.699387,-13.79149902,15.82391216,14.702727,4.1441441,21.387876,5,IN
909,274.65125,-13.79200624,16.02240367,14.882339,4.1441441,21.586368,5,IN
908,274.6894845,-13.79924595,16.71157825,15.520851,4.1441441,22.275542,5,IN
907,274.6596171,-13.75019337,18.82681138,17.955261,4.1441441,24.390775,5,IN
889,274.6550685,-13.75421362,18.03080318,17.004162,4.024024,23.491464,5,IN
890,274.6727575,-13.75351528,18.75460127,17.749934,4.024024,24.215262,5,IN
891,274.6684204,-13.7530069,16.35821588,15.150319,4.024024,21.818877,5,IN
892,274.6827211,-13.79884101,16.88228296,15.712883,4.024024,22.342944,5,IN
893,274.6737304,-13.79725039,16.36898846,15.160263,4.024024,21.829649,5,IN
894,274.6995161,-13.7932363,15.34400182,14.322687,4.024024,20.804663,5,IN
895,274.673268,-13.79180926,15.73258686,14.631779,4.024024,21.193248,5,IN
896,274.6652086,-13.78447184,15.72692669,14.625412,4.024024,21.187587,5,IN
929,274.6587802,-13.75227829,17.07303318,15.905839,4.2642643,22.740301,5,IN
897,274.665621,-13.78334801,16.02828289,14.891203,4.024024,21.488944,5,IN
899,274.6571007,-13.78037465,16.31280336,15.091173,4.1441441,21.876767,5,IN
900,274.6883551,-13.76711593,17.98643311,16.959357,4.1441441,23.550397,5,IN
901,274.6750275,-13.76470632,17.3788767,16.266719,4.1441441,22.942841,5,IN
902,274.6777945,-13.76389847,18.17957844,17.166289,4.1441441,23.743542,5,IN
903,274.6982827,-13.76277547,17.52349133,16.460798,4.1441441,23.087455,5,IN
904,274.6594863,-13.76156443,18.76174068,17.737065,4.1441441,24.325705,5,IN
905,274.66341,-13.75951219,17.90875899,16.876257,4.1441441,23.472723,5,IN
906,274.6674656,-13.75753493,16.73015489,15.545068,4.1441441,22.294119,5,IN
898,274.688859,-13.78278457,16.30941347,15.112067,4.024024,21.770074,5,IN
2708,274.662224,-13.75378981,18.54648249,15.04017,35.015015,50.659396,5,IN
