source_id,ra_Gaia,dec_Gaia,g,bp_rp,phot_variable_flag,Star_Id,RA_HST,Dec_HST,RA_toGaia,Dec_toGaia,F125W,eF125W,F139M,eF139M,F160W,eF160W,J,eJ,H,eH,Ks,eKs,inMUSE,membership,Weight
5.94E+18,251.7653398,-45.84544276,11.084389,5.5835056,NOT_AVAILABLE,22,251.765404,-45.845417,251.7653859,-45.8454192,99.9999,9.9999,99.9999,9.9999,99.9999,9.9999,5.7140002,0.007,1.866,9.996,6.0229997,,1,1,1
5.94E+18,251.7725203,-45.84352211,11.310527,6.8679686,VARIABLE,54,251.772512,-45.843544,251.7724975,-45.8435444,99.9999,9.9999,99.9999,9.9999,99.9999,9.9999,4.309,0.519999,1.3509999,1.322,6.21,,1,1,1
5.94E+18,251.7699681,-45.84029843,11.770791,5.250722,NOT_AVAILABLE,68,251.770032,-45.840321,251.7700194,-45.8403211,99.9999,9.9999,99.9999,9.9999,99.9999,9.9999,6.513,0.008999,14.001,,6.0879998,,1,1,1
5.94E+18,251.7775525,-45.84506858,11.784122,5.5522127,VARIABLE,70,251.777583,-45.845074,251.7775686,-45.8450738,99.9999,9.9999,99.9999,9.9999,99.9999,9.9999,6.6030001,0.004999,7.0440001,,6.171,,1,1,1
5.94E+18,251.767177,-45.84681885,11.98181,5.1797705,VARIABLE,20,251.767229,-45.846809,251.7672103,-45.8468112,99.9999,9.9999,99.9999,9.9999,99.9999,9.9999,6.8829998,0.010999,7.0279998,,6.2069997,,1,1,1
5.94E+18,251.7592401,-45.84973519,12.348214,5.9858303,VARIABLE,3,251.759273,-45.849747,251.7592496,-45.8497515,99.9999,9.9999,99.9999,9.9999,99.9999,9.9999,6.716,0.007,5.4899997,0.014999,4.795,0.010999,1,1,1
5.94E+18,251.7635382,-45.84784751,12.780431,5.974348,VARIABLE,7,251.763543,-45.847847,251.7635224,-45.8478502,99.9999,9.9999,99.9999,9.9999,99.9999,9.9999,7.1350002,0.010999,7.0489997,,6.2839999,,1,1,1
5.94E+18,251.7556523,-45.86273866,13.027338,4.865925,VARIABLE,46,251.755678,-45.862686,251.7556429,-45.8626944,99.9999,9.9999,99.9999,9.9999,99.9999,9.9999,8.1330003,0.010999,7.6859998,,6.9299998,,1,1,1
5.94E+18,251.7695539,-45.85667177,13.639342,8.474987,VARIABLE,25,251.769539,-45.856632,251.7695128,-45.8566363,99.9999,9.9999,99.9999,9.9999,99.9999,9.9999,6.3779997,0.008999,4.381,0.075,2.6099998,0.407999,1,1,1
5.94E+18,251.7488104,-45.84756822,13.681605,4.471731,NOT_AVAILABLE,6122,251.7488466,-45.8475749,251.7488221,-45.8475808,99.9999,9.9999,99.9999,9.9999,99.9999,9.9999,9.2600002,0.024,8.1680002,0.041,7.2709999,0.054,1,1,1
5.94E+18,251.759571,-45.86161928,13.951048,4.7610254,NOT_AVAILABLE,6197,251.7596066,-45.8616193,251.7595735,-45.8616267,99.9999,9.9999,99.9999,9.9999,99.9999,9.9999,9.4499998,0.012,8.2519998,0.025,7.5900001,0.032,1,1,1
5.94E+18,251.7576736,-45.85819343,13.963886,5.0657415,NOT_AVAILABLE,6131,251.7577064,-45.8582027,251.7576756,-45.8582096,99.9999,9.9999,99.9999,9.9999,99.9999,9.9999,9.2740001,0.014,7.9720001,0.029999,7.229,0.046,1,1,1
5.94E+18,251.7607254,-45.85248752,14.023279,5.2839613,NOT_AVAILABLE,6196,251.7607654,-45.8524937,251.7607402,-45.8524986,99.9999,9.9999,99.9999,9.9999,99.9999,9.9999,9.1350002,0.016,7.8070001,0.026,7.012,0.075,1,1,1
5.94E+18,251.7768761,-45.84059399,14.026128,4.738014,VARIABLE,5813,251.7768926,-45.8406013,251.7768817,-45.8406001,99.9999,9.9999,99.9999,9.9999,99.9999,9.9999,9.3009996,0.029999,8.3719997,0.057999,7.1430001,0.065999,1,1,1
5.94E+18,251.7737694,-45.84737338,14.276636,4.627447,NOT_AVAILABLE,6016,251.7737814,-45.8473815,251.7737641,-45.8473826,99.9999,9.9999,99.9999,9.9999,99.9999,9.9999,9.8439998,0.026,8.8999996,0.039,7.8930001,0.043,1,1,1
5.94E+18,251.7702642,-45.84982174,14.378337,5.374069,VARIABLE,21,251.770248,-45.849823,251.7702276,-45.8498254,99.9999,9.9999,99.9999,9.9999,99.9999,9.9999,8.993,0.018999,7.9559998,0.017,7.5370001,,1,1,1
5.94E+18,251.7639063,-45.84296057,14.386993,5.2436657,NOT_AVAILABLE,34,251.763924,-45.842968,251.7639075,-45.8429699,99.9999,9.9999,99.9999,9.9999,99.9999,9.9999,9.3780002,0.025,8.1669998,,7.394,,1,1,1
5.94E+18,251.7623895,-45.83882478,14.470599,4.6475544,VARIABLE,61,251.762426,-45.838875,251.7624125,-45.8388761,99.9999,9.9999,99.9999,9.9999,99.9999,9.9999,9.4820003,0.027,8.4449996,0.010999,7.8639998,,1,1,1
5.94E+18,251.7741043,-45.84261806,14.609783,4.8138294,NOT_AVAILABLE,5950,251.774107,-45.8426337,251.7740937,-45.8426336,99.9999,9.9999,99.9999,9.9999,99.9999,9.9999,10.057999,0.014999,9.078,0.059999,8.0819997,0.037,1,1,1
5.94E+18,251.7611331,-45.84737395,14.676561,4.878337,VARIABLE,5931,251.7611563,-45.8473844,251.7611354,-45.8473879,99.9999,9.9999,99.9999,9.9999,99.9999,9.9999,10.072999,0.013,8.9849996,0.013,8.4219999,0.018999,1,1,1
5.94E+18,251.7526097,-45.84826426,14.691893,3.3075352,NOT_AVAILABLE,1418,251.7526372,-45.8482743,251.7526132,-45.8482797,99.9999,9.9999,99.9999,9.9999,99.9999,9.9999,11.288999,0.009999,10.512,0.007,10.175999,0.012,1,1,1
5.94E+18,251.7682907,-45.84646773,14.732966,5.0345144,NOT_AVAILABLE,5102,251.7683073,-45.8464807,251.7682892,-45.8464826,99.9999,9.9999,99.9999,9.9999,99.9999,9.9999,9.9879999,0.014999,8.8579998,0.041999,8.0209999,0.034,1,1,1
5.94E+18,251.7714665,-45.84485396,14.760118,4.775282,NOT_AVAILABLE,5658,251.7714857,-45.8448616,251.7714698,-45.8448625,99.9999,9.9999,99.9999,9.9999,99.9999,9.9999,10.258999,0.012,9.203,0.037999,8.5220003,0.035999,1,1,1
5.94E+18,251.7657608,-45.84456495,14.768445,4.912506,NOT_AVAILABLE,6101,251.7657737,-45.8445765,251.7657564,-45.8445784,99.9999,9.9999,99.9999,9.9999,99.9999,9.9999,10.097999,0.017999,8.9029998,0.025,8.342,0.029999,1,1,1
5.94E+18,251.7546192,-45.8537891,14.797423,5.026558,VARIABLE,5905,251.7546512,-45.8537921,251.7546232,-45.8537985,99.9999,9.9999,99.9999,9.9999,99.9999,9.9999,10.057,0.014,8.861,0.013,8.21,0.021999,1,1,1
5.94E+18,251.7711637,-45.84867071,15.149864,4.957369,NOT_AVAILABLE,3446,251.7711765,-45.8486788,251.7711574,-45.8486807,99.9999,9.9999,99.9999,9.9999,99.9999,9.9999,10.593,0.012,9.5530004,0.024,8.9180002,0.016,1,1,1
5.94E+18,251.7671212,-45.84422926,15.153915,4.88445,NOT_AVAILABLE,5132,251.7671342,-45.844237,251.7671176,-45.8442386,99.9999,9.9999,99.9999,9.9999,99.9999,9.9999,10.546999,0.010999,9.5080003,0.016,8.9130001,0.024,1,1,1
5.94E+18,251.7515969,-45.85886374,15.163219,5.0131016,NOT_AVAILABLE,5587,251.751634,-45.8588615,251.7516009,-45.8588697,99.9999,9.9999,99.9999,9.9999,99.9999,9.9999,10.465,0.009999,9.3769998,0.008999,8.8310003,0.013,1,1,1
5.94E+18,251.7794772,-45.83698668,15.180423,4.7087526,NOT_AVAILABLE,3748,251.7794824,-45.836996,251.7794753,-45.8369934,99.9999,9.9999,99.9999,9.9999,99.9999,9.9999,10.670999,0.013,9.6140003,0.009999,9.0550003,0.021999,1,1,1
5.94E+18,251.7626849,-45.83994694,15.18224,4.829303,NOT_AVAILABLE,5960,251.7626932,-45.8399581,251.7626789,-45.8399595,99.9999,9.9999,99.9999,9.9999,99.9999,9.9999,10.619,0.012,9.5139999,0.009999,9.0249996,0.014,1,1,1
5.94E+18,251.7589687,-45.85351111,15.2415085,5.047781,NOT_AVAILABLE,5609,251.7589941,-45.8535152,251.7589675,-45.8535207,99.9999,9.9999,99.9999,9.9999,99.9999,9.9999,10.543999,0.008999,9.4280004,0.008,8.9049997,0.013,1,1,1
5.94E+18,251.7460215,-45.84120898,15.271654,4.167898,NOT_AVAILABLE,1655,251.746042,-45.8412145,251.746022,-45.8412193,99.9999,9.9999,99.9999,9.9999,99.9999,9.9999,11.142999,0.009999,10.217,0.004,9.7740001,0.008999,1,1,1
5.94E+18,251.7672095,-45.86453279,15.281551,4.8799276,NOT_AVAILABLE,3024,251.7672365,-45.8645311,251.7672031,-45.8645378,99.9999,9.9999,99.9999,9.9999,99.9999,9.9999,10.715999,0.008999,9.6639995,0.012,9.1099996,0.013,1,1,1
5.94E+18,251.7598335,-45.84929176,15.282057,5.140811,NOT_AVAILABLE,6133,251.7598426,-45.849274,251.7598198,-45.8492782,99.9999,9.9999,99.9999,9.9999,99.9999,9.9999,10.303,0.043999,8.96,0.052,8.5109996,0.101999,1,1,1
5.94E+18,251.7674963,-45.8482748,15.297314,5.0867443,NOT_AVAILABLE,3459,251.7675105,-45.8482794,251.7674907,-45.8482819,99.9999,9.9999,99.9999,9.9999,99.9999,9.9999,10.581,0.009999,9.5380001,0.018999,8.9189996,0.009999,1,1,1
5.94E+18,251.760679,-45.86164486,15.322501,4.984647,NOT_AVAILABLE,5879,251.7607088,-45.8616435,251.760676,-45.8616507,99.9999,9.9999,99.9999,9.9999,99.9999,9.9999,10.694,0.008999,9.5830001,0.008,9.0600004,0.010999,1,1,1
5.94E+18,251.768371,-45.84444242,15.409983,4.892823,NOT_AVAILABLE,5659,251.7683757,-45.8444517,251.7683593,-45.8444531,99.9999,9.9999,99.9999,9.9999,99.9999,9.9999,10.748999,0.018999,9.7060003,0.014999,9.151,0.032,1,1,1
5.94E+18,251.7680828,-45.85285012,15.513021,6.2611446,NOT_AVAILABLE,6009,251.7681177,-45.8528497,251.7680942,-45.8528533,99.9999,9.9999,99.9999,9.9999,99.9999,9.9999,10.083999,0.012,9.0579996,0.130999,7.6719999,0.041,1,1,1
5.94E+18,251.7575968,-45.8619653,15.551808,5.006811,NOT_AVAILABLE,3082,251.7576311,-45.8619624,251.7575972,-45.8619703,99.9999,9.9999,99.9999,9.9999,99.9999,9.9999,10.956999,0.009999,9.8629999,0.008,9.3549995,0.013,1,1,1
5.94E+18,251.7760249,-45.84704235,15.566784,4.927703,NOT_AVAILABLE,3492,251.776033,-45.8470512,251.7760166,-45.8470518,99.9999,9.9999,99.9999,9.9999,99.9999,9.9999,10.984999,0.013,9.8979997,0.004999,9.3649997,0.014,1,1,1
5.94E+18,251.7474882,-45.84632815,15.5722275,4.390855,NOT_AVAILABLE,1484,251.7475143,-45.8463322,251.7474904,-45.846338,99.9999,9.9999,99.9999,9.9999,99.9999,9.9999,11.326999,0.013,10.338,0.006,9.8760004,0.010999,1,1,1
5.94E+18,251.7558274,-45.86410415,15.609009,4.844208,VARIABLE,5780,251.7558647,-45.8640983,251.7558285,-45.864107,99.9999,9.9999,99.9999,9.9999,99.9999,9.9999,11.064,0.009999,9.9980001,0.009999,9.493,0.012,1,1,1
5.94E+18,251.7656498,-45.84958122,15.625835,4.432521,NOT_AVAILABLE,3424,251.7656657,-45.8495901,251.7656443,-45.8495933,99.9999,9.9999,99.9999,9.9999,99.9999,9.9999,10.918,0.008999,9.7969999,0.006,9.25,0.013,1,1,1
5.94E+18,251.7662232,-45.86293206,15.675524,4.738517,NOT_AVAILABLE,903,251.7662525,-45.8629287,251.7662202,-45.8629352,99.9999,9.9999,99.9999,9.9999,99.9999,9.9999,11.192999,0.014,10.131999,0.007,9.6459999,0.012,1,1,1
5.94E+18,251.7608121,-45.85497509,15.685612,4.849348,NOT_AVAILABLE,1167,251.7608409,-45.8549774,251.7608136,-45.8549829,99.9999,9.9999,99.9999,9.9999,99.9999,9.9999,11.06,0.012,9.9689998,0.008,9.4680004,0.014,1,1,1
5.94E+18,251.7559858,-45.8389861,15.694382,4.51655,NOT_AVAILABLE,4370,251.7559969,-45.8389942,251.7559815,-45.8389966,99.9999,9.9999,99.9999,9.9999,99.9999,9.9999,11.364999,0.012,10.34,0.008,9.8830003,0.012,1,1,1
5.94E+18,251.7553346,-45.84043503,15.7051735,4.796052,VARIABLE,1684,251.7553494,-45.8404444,251.7553326,-45.8404473,99.9999,9.9999,99.9999,9.9999,99.9999,9.9999,11.097,0.012,10.003,0.007,9.4960002,0.010999,1,1,1
5.94E+18,251.7619146,-45.84616786,15.712761,4.937068,NOT_AVAILABLE,5109,251.7619322,-45.8461761,251.7619125,-45.8461792,99.9999,9.9999,99.9999,9.9999,99.9999,9.9999,11.031999,0.012,9.9069995,0.008,9.3839998,0.012,1,1,1
5.94E+18,251.7776124,-45.84160742,15.756383,4.6702404,NOT_AVAILABLE,1628,251.7776155,-45.8416177,251.777604,-45.8416166,99.9999,9.9999,99.9999,9.9999,99.9999,9.9999,11.223999,0.014,10.152,0.008,9.644,0.013,1,1,1
5.94E+18,251.7605251,-45.86346619,15.795116,4.544902,NOT_AVAILABLE,884,251.760559,-45.8634617,251.7605246,-45.8634694,99.9999,9.9999,99.9999,9.9999,99.9999,9.9999,11.493,0.008999,10.465999,0.008999,10.001999,0.012,1,1,1
5.94E+18,251.7579142,-45.84214292,15.797556,4.6191854,NOT_AVAILABLE,1629,251.7579307,-45.8421528,251.7579132,-45.8421556,99.9999,9.9999,99.9999,9.9999,99.9999,9.9999,11.375,0.014,10.317999,0.007,9.8529996,0.014999,1,1,1
5.94E+18,251.7491387,-45.83960973,15.848607,4.3539143,NOT_AVAILABLE,1710,251.7491544,-45.8396186,251.7491366,-45.8396224,99.9999,9.9999,99.9999,9.9999,99.9999,9.9999,11.67,0.014999,10.694999,0.004999,10.262,0.009999,1,1,1
5.94E+18,251.7591434,-45.86099985,15.885628,4.923789,NOT_AVAILABLE,4307,251.7591765,-45.8610023,251.7591438,-45.8610096,99.9999,9.9999,99.9999,9.9999,99.9999,9.9999,11.303999,0.009999,10.178,0.014,9.6730003,0.017999,1,1,1
5.94E+18,251.7733391,-45.84806122,15.913909,4.7799063,NOT_AVAILABLE,5927,251.7733516,-45.8480705,251.7733336,-45.8480719,99.9999,9.9999,99.9999,9.9999,99.9999,9.9999,11.401,0.014,10.335,0.007,9.8500003,0.017999,1,1,1
5.94E+18,251.7655555,-45.85352425,15.935652,5.8520403,NOT_AVAILABLE,5608,251.7655767,-45.8535376,251.765552,-45.8535418,99.9999,9.9999,99.9999,9.9999,99.9999,9.9999,10.602999,0.014999,9.3030004,0.019999,8.6049995,0.027,1,1,1
5.94E+18,251.7628227,-45.8453261,15.96059,4.9780636,VARIABLE,3533,251.7628408,-45.845335,251.7628221,-45.8453377,99.9999,9.9999,99.9999,9.9999,99.9999,9.9999,11.215,0.012,10.076999,0.008999,9.571,0.017,1,1,1
5.94E+18,251.7652724,-45.85575237,15.961437,4.065284,VARIABLE,4920,251.7652956,-45.8557525,251.765269,-45.8557573,99.9999,9.9999,99.9999,9.9999,99.9999,9.9999,11.189,0.014999,10.015999,0.010999,9.4989995,0.016,1,1,1
5.94E+18,251.7646207,-45.84419302,15.963594,5.209673,NOT_AVAILABLE,5944,251.764642,-45.844203,251.7646247,-45.8442051,99.9999,9.9999,99.9999,9.9999,99.9999,9.9999,11.144,0.012,9.9540004,0.009999,9.4149999,0.030999,1,1,1
5.94E+18,251.7602313,-45.85694801,15.97933,5.2325926,NOT_AVAILABLE,1085,251.7602593,-45.8569496,251.7602302,-45.8569557,99.9999,9.9999,99.9999,9.9999,99.9999,9.9999,11.102999,0.010999,9.9259996,0.008,9.3889999,0.010999,1,1,1
5.94E+18,251.7664954,-45.86047896,15.982361,5.512189,VARIABLE,36,251.766501,-45.860477,251.7664708,-45.8604828,99.9999,9.9999,99.9999,9.9999,99.9999,9.9999,10.130999,0.045,7.9650001,,6.7389998,,1,1,1
5.94E+18,251.7760686,-45.8511154,15.986829,5.509817,VARIABLE,4336,251.7760863,-45.8511241,251.7760665,-45.8511257,99.9999,9.9999,99.9999,9.9999,99.9999,9.9999,10.711,0.013,9.4300003,0.018999,8.5810003,0.039999,1,1,1
5.94E+18,251.753274,-45.85057228,16.063848,4.9784184,NOT_AVAILABLE,1346,251.7533023,-45.8505757,251.7532766,-45.8505815,99.9999,9.9999,99.9999,9.9999,99.9999,9.9999,11.467,0.012,10.364,0.008999,9.8620004,0.014,1,1,1
5.94E+18,251.7587916,-45.85697962,16.090353,5.2548637,NOT_AVAILABLE,3235,251.7588213,-45.8569819,251.7587918,-45.8569883,99.9999,9.9999,99.9999,9.9999,99.9999,9.9999,11.328,0.009999,10.164999,0.007,9.6160001,0.010999,1,1,1
5.94E+18,251.7505964,-45.85291989,16.154102,5.0205736,NOT_AVAILABLE,1251,251.7506263,-45.8529212,251.7505979,-45.8529281,99.9999,9.9999,99.9999,9.9999,99.9999,9.9999,11.496999,0.012,10.371999,0.008,9.8509998,0.012,1,1,1
5.94E+18,251.7646452,-45.84734252,16.15776,5.267824,VARIABLE,5933,251.7646596,-45.8473523,251.7646397,-45.8473551,99.9999,9.9999,99.9999,9.9999,99.9999,9.9999,11.357999,0.017,10.189999,0.009999,9.6560001,0.016,1,1,1
5.94E+18,251.7780739,-45.84938688,16.163143,5.756089,NOT_AVAILABLE,4338,251.7780844,-45.8493946,251.7780666,-45.8493954,99.9999,9.9999,99.9999,9.9999,99.9999,9.9999,11.022,0.013,9.776,0.008,9.1420001,0.019999,1,1,1
5.94E+18,251.7640387,-45.8509511,16.16946,5.7610054,NOT_AVAILABLE,5627,251.764056,-45.8509569,251.764033,-45.8509608,99.9999,9.9999,99.9999,9.9999,99.9999,9.9999,10.956,0.013,9.6649999,0.006,9.071,0.010999,1,1,1
5.94E+18,251.7727484,-45.84591488,16.186594,4.751396,VARIABLE,5113,251.7727627,-45.8459217,251.7727463,-45.8459226,99.9999,9.9999,99.9999,9.9999,99.9999,9.9999,11.586,0.014,10.423999,0.017999,9.9910001,0.032,1,1,1
5.94E+18,251.7566438,-45.86258371,16.236626,5.0215607,NOT_AVAILABLE,5878,251.7566751,-45.8625806,251.7566404,-45.8625888,99.9999,9.9999,99.9999,9.9999,99.9999,9.9999,11.428999,0.027,10.043,0.014,9.3179998,0.012,1,1,1
5.94E+18,251.7652207,-45.84763,16.256138,5.689945,NOT_AVAILABLE,5095,251.7652291,-45.8476389,251.7652091,-45.8476417,99.9999,9.9999,99.9999,9.9999,99.9999,9.9999,11.454,0.014999,10.246999,0.009999,9.6709995,0.017999,1,1,1
5.94E+18,251.7749519,-45.83996271,16.270184,5.08323,VARIABLE,5961,251.7749423,-45.8399475,251.7749314,-45.8399465,99.9999,9.9999,99.9999,9.9999,99.9999,9.9999,11.034999,0.09,10.005,0.072999,9.4499998,0.127,1,1,1
5.94E+18,251.7625413,-45.847541,16.291561,5.6016254,NOT_AVAILABLE,6018,251.7625808,-45.8475579,251.7625602,-45.8475612,99.9999,9.9999,99.9999,9.9999,99.9999,9.9999,11.326999,0.041999,10.185,0.014,9.5139999,0.116999,1,1,1
5.94E+18,251.7804359,-45.84006283,16.31101,4.297879,NOT_AVAILABLE,1696,251.780437,-45.8400722,251.7804276,-45.8400702,99.9999,9.9999,99.9999,9.9999,99.9999,9.9999,12.09,0.014,11.086999,0.008999,10.645999,0.014,1,1,1
5.94E+18,251.7536626,-45.85571579,16.311314,5.6144238,NOT_AVAILABLE,5599,251.7536946,-45.8557174,251.7536647,-45.8557244,99.9999,9.9999,99.9999,9.9999,99.9999,9.9999,10.984999,0.012,9.6070003,0.007,8.7659997,0.014999,1,1,1
5.94E+18,251.7624221,-45.85716406,16.332308,5.4625053,NOT_AVAILABLE,1069,251.7624509,-45.8571665,251.7624223,-45.8571722,99.9999,9.9999,99.9999,9.9999,99.9999,9.9999,11.369,0.009999,10.159,0.008,9.6210002,0.010999,1,1,1
5.94E+18,251.77725,-45.84420178,16.343323,5.095273,NOT_AVAILABLE,5131,251.7772631,-45.8442191,251.7772494,-45.8442188,99.9999,9.9999,99.9999,9.9999,99.9999,9.9999,11.286,0.023,10.031999,0.023,9.243,0.046,1,1,1
5.94E+18,251.7712638,-45.85285509,16.351313,6.399494,NOT_AVAILABLE,3344,251.771285,-45.852858,251.7712624,-45.852861,99.9999,9.9999,99.9999,9.9999,99.9999,9.9999,10.888999,0.012,9.5640001,0.020999,8.7530002,0.023,1,1,1
5.94E+18,251.7720721,-45.85983771,16.368557,5.3386173,NOT_AVAILABLE,3152,251.7720995,-45.8598386,251.7720714,-45.8598432,99.9999,9.9999,99.9999,9.9999,99.9999,9.9999,10.873999,0.012,9.5509996,0.019999,8.7700004,0.026,1,1,1
5.94E+18,251.7680936,-45.8604256,16.389093,4.154705,NOT_AVAILABLE,5581,251.7681202,-45.8604173,251.7680905,-45.8604228,99.9999,9.9999,99.9999,9.9999,99.9999,9.9999,11.954999,0.009999,10.508,0.006,9.9160003,0.017,1,1,1
5.94E+18,251.7563424,-45.84884271,16.470919,5.092305,NOT_AVAILABLE,1397,251.7563655,-45.8488493,251.7563421,-45.8488541,99.9999,9.9999,99.9999,9.9999,99.9999,9.9999,11.751999,0.012,10.597,0.009999,10.06,0.010999,1,1,1
5.94E+18,251.7576003,-45.84898825,16.477827,4.801379,NOT_AVAILABLE,5070,251.7576239,-45.8489968,251.7576007,-45.8490014,99.9999,9.9999,99.9999,9.9999,99.9999,9.9999,11.97,0.012,10.899,0.008999,10.409,0.013,1,1,1
5.94E+18,251.7602242,-45.85813532,16.49902,5.2902994,NOT_AVAILABLE,1051,251.7602525,-45.8581342,251.7602225,-45.8581406,99.9999,9.9999,99.9999,9.9999,99.9999,9.9999,11.623999,0.008999,10.444999,0.008,9.9110002,0.012,1,1,1
5.94E+18,251.7735269,-45.85148352,16.500938,5.997015,VARIABLE,5624,251.7735498,-45.8514907,251.773529,-45.8514929,99.9999,9.9999,99.9999,9.9999,99.9999,9.9999,10.899,0.012,9.5480003,0.021999,8.7150001,0.034,1,1,1
5.94E+18,251.7548679,-45.84079612,16.510962,6.3280373,NOT_AVAILABLE,4363,251.75489,-45.8408052,251.7548728,-45.8408083,99.9999,9.9999,99.9999,9.9999,99.9999,9.9999,12.213999,0.014,11.168999,0.008999,10.673,0.016,1,1,1
5.94E+18,251.77237,-45.85135319,16.519518,6.134616,VARIABLE,3385,251.7723874,-45.8513602,251.7723664,-45.8513626,99.9999,9.9999,99.9999,9.9999,99.9999,9.9999,11.170999,0.014,9.8380002,0.008,9.0270004,0.027,1,1,1
5.94E+18,251.7581302,-45.83939309,16.549555,4.731515,NOT_AVAILABLE,1718,251.7581428,-45.8394029,251.7581277,-45.839405,99.9999,9.9999,99.9999,9.9999,99.9999,9.9999,12.038999,0.012,10.963999,0.008,10.496,0.012,1,1,1
5.94E+18,251.7658289,-45.8517301,16.566833,5.120927,VARIABLE,5613,251.7658505,-45.8517354,251.7658273,-45.8517391,99.9999,9.9999,99.9999,9.9999,99.9999,9.9999,11.677,0.008,10.501,0.007,9.9409999,0.012,1,1,1
5.94E+18,251.7615361,-45.85127116,16.57099,5.4561033,NOT_AVAILABLE,1318,251.7615573,-45.8512783,251.7615333,-45.8512827,99.9999,9.9999,99.9999,9.9999,99.9999,9.9999,11.574999,0.012,10.348999,0.009999,9.7969999,0.014,1,1,1
5.94E+18,251.7610045,-45.8642248,16.578358,4.6743803,NOT_AVAILABLE,858,251.7610394,-45.8642193,251.7610045,-45.8642271,99.9999,9.9999,99.9999,9.9999,99.9999,9.9999,12.196999,0.008,11.142999,0.008999,10.661,0.014999,1,1,1
5.94E+18,251.7690019,-45.84986745,16.598217,5.309016,NOT_AVAILABLE,1374,251.7690185,-45.8498743,251.7689978,-45.849877,99.9999,9.9999,99.9999,9.9999,99.9999,9.9999,11.782999,0.013,10.623999,0.008999,10.092,0.012,1,1,1
5.94E+18,251.7497257,-45.84044335,16.619467,4.470212,NOT_AVAILABLE,1683,251.749743,-45.8404503,251.7497246,-45.8404542,99.9999,9.9999,99.9999,9.9999,99.9999,9.9999,12.295999,0.012,11.282999,0.006,10.822999,0.013,1,1,1
5.94E+18,251.7744121,-45.8507781,16.692219,5.6678696,NOT_AVAILABLE,5918,251.7744256,-45.8507862,251.7744056,-45.8507881,99.9999,9.9999,99.9999,9.9999,99.9999,9.9999,11.579,0.014999,10.302,0.014999,9.7220001,0.014,1,1,1
5.94E+18,251.7558807,-45.85967459,16.705158,3.8402596,NOT_AVAILABLE,3157,251.7559188,-45.859674,251.7558863,-45.8596816,99.9999,9.9999,99.9999,9.9999,99.9999,9.9999,11.842,0.013,10.670999,0.007,10.128,0.009999,1,1,1
5.94E+18,251.7680462,-45.84345118,16.712032,4.377614,NOT_AVAILABLE,5947,251.7680469,-45.8434551,251.7680312,-45.8434563,99.9999,9.9999,99.9999,9.9999,99.9999,9.9999,12.064999,0.014,11.097,0.032,10.501999,0.043,1,1,1
5.94E+18,251.766716,-45.85696649,16.741451,5.047077,VARIABLE,4894,251.7667399,-45.85697,251.7667126,-45.8569749,99.9999,9.9999,99.9999,9.9999,99.9999,9.9999,11.418999,0.013,10.012,0.007,9.25,0.013,1,1,1
5.94E+18,251.7699151,-45.84136156,16.816177,4.4624786,NOT_AVAILABLE,6143,251.7699353,-45.8413593,251.7699219,-45.8413596,99.9999,9.9999,99.9999,9.9999,99.9999,9.9999,12.423,0.020999,11.368,0.043,11.081,0.052999,1,1,1
5.94E+18,251.7683726,-45.85101971,16.819027,5.3403654,NOT_AVAILABLE,6060,251.7683945,-45.8510264,251.7683726,-45.8510295,99.9999,9.9999,99.9999,9.9999,99.9999,9.9999,11.35,0.016,9.519,0.024,7.6329998,0.030999,1,1,1
5.94E+18,251.7650979,-45.85199129,16.822826,5.6454782,NOT_AVAILABLE,3361,251.7651149,-45.851995,251.7650913,-45.8519989,99.9999,9.9999,99.9999,9.9999,99.9999,9.9999,11.694,0.010999,10.444999,0.006,9.8629999,0.010999,1,1,1
5.94E+18,251.7816622,-45.853324,16.831776,5.244792,NOT_AVAILABLE,6008,251.7816748,-45.8533319,251.7816548,-45.853333,99.9999,9.9999,99.9999,9.9999,99.9999,9.9999,11.586,0.013,10.258,0.008999,9.6630001,0.012,1,1,1
5.94E+18,251.7685934,-45.85261928,16.897655,6.1917276,NOT_AVAILABLE,6119,251.7686173,-45.8526194,251.7685942,-45.8526228,99.9999,9.9999,99.9999,9.9999,99.9999,9.9999,11.473999,0.016,10.203,0.014999,9.6619997,0.035,1,1,1
5.94E+18,251.7825437,-45.84342931,16.902033,5.2016993,NOT_AVAILABLE,1583,251.7825452,-45.8434395,251.7825336,-45.843438,99.9999,9.9999,99.9999,9.9999,99.9999,9.9999,12.104999,0.016,10.932,0.012,10.409999,0.014999,1,1,1
5.94E+18,251.7677479,-45.83842601,16.90697,4.9455576,NOT_AVAILABLE,1762,251.7677529,-45.8384358,251.7677413,-45.8384358,99.9999,9.9999,99.9999,9.9999,99.9999,9.9999,12.163,0.013,11.031,0.009999,10.526,0.014,1,1,1
5.94E+18,251.7599964,-45.85044149,16.913315,5.336364,NOT_AVAILABLE,6097,251.7600127,-45.8504434,251.759989,-45.8504479,99.9999,9.9999,99.9999,9.9999,99.9999,9.9999,11.951,0.014999,10.715999,0.019999,10.194999,0.025,1,1,1
5.94E+18,251.7707492,-45.83707902,16.913752,4.566023,NOT_AVAILABLE,3745,251.7707538,-45.8370869,251.7707441,-45.837086,99.9999,9.9999,99.9999,9.9999,99.9999,9.9999,12.434,0.014,11.376999,0.008,10.850999,0.014,1,1,1
5.94E+18,251.7631134,-45.85968316,16.968779,4.9960203,NOT_AVAILABLE,997,251.7631395,-45.8596827,251.763109,-45.8596889,99.9999,9.9999,99.9999,9.9999,99.9999,9.9999,12.293999,0.008999,11.168,0.008,10.678,0.013,1,1,1
5.94E+18,251.7516877,-45.85620515,16.97243,5.1407175,NOT_AVAILABLE,3255,251.7517213,-45.8562051,251.7516905,-45.8562126,99.9999,9.9999,99.9999,9.9999,99.9999,9.9999,12.223999,0.010999,11.088999,0.008999,10.567999,0.014999,1,1,1
5.94E+18,251.7806907,-45.85198793,16.992167,5.4996758,NOT_AVAILABLE,1293,251.7806993,-45.8519935,251.7806801,-45.8519945,99.9999,9.9999,99.9999,9.9999,99.9999,9.9999,11.958,0.013,10.680999,0.008999,10.053999,0.014999,1,1,1
5.94E+18,251.7654299,-45.84067819,17.002327,4.9594307,VARIABLE,5197,251.7654138,-45.8406936,251.7653996,-45.8406946,99.9999,9.9999,99.9999,9.9999,99.9999,9.9999,11.923999,0.109999,11.017999,0.035,10.456,0.089,1,1,1
5.94E+18,251.7595513,-45.85419183,17.06574,4.600217,NOT_AVAILABLE,5607,251.7595784,-45.8541954,251.7595514,-45.8542009,99.9999,9.9999,99.9999,9.9999,99.9999,9.9999,12.552,0.008999,11.472,0.008,11.012,0.014999,1,1,1
5.94E+18,251.7783938,-45.84359523,17.08081,4.778161,NOT_AVAILABLE,5946,251.7784031,-45.8436248,251.7783902,-45.8436241,99.9999,9.9999,99.9999,9.9999,99.9999,9.9999,12.173,0.037,11.024,0.028,10.600999,0.050999,1,1,1
5.94E+18,251.7519546,-45.85241594,17.082918,4.9016933,NOT_AVAILABLE,3355,251.7519835,-45.8524181,251.7519559,-45.8524246,99.9999,9.9999,99.9999,9.9999,99.9999,9.9999,12.411999,0.012,11.293999,0.008,10.777999,0.009999,1,1,1
5.94E+18,251.7524717,-45.85378974,17.136803,4.3060246,NOT_AVAILABLE,1219,251.752497,-45.853792,251.7524684,-45.8537988,99.9999,9.9999,99.9999,9.9999,99.9999,9.9999,12.411999,0.014999,11.277,0.008,10.748999,0.012,1,1,1
5.94E+18,251.753177,-45.85696438,17.145964,5.145056,NOT_AVAILABLE,1099,251.7532107,-45.8569617,251.7531796,-45.8569691,99.9999,9.9999,99.9999,9.9999,99.9999,9.9999,12.338,0.010999,11.194999,0.008999,10.678,0.016,1,1,1
5.94E+18,251.7661701,-45.85870772,17.158815,5.965618,NOT_AVAILABLE,1028,251.766193,-45.8587083,251.7661642,-45.8587137,99.9999,9.9999,99.9999,9.9999,99.9999,9.9999,11.854999,0.010999,10.543999,0.008,9.9309997,0.009999,1,1,1
5.94E+18,251.7620773,-45.8540341,17.254343,4.697938,NOT_AVAILABLE,4329,251.7621033,-45.8540366,251.7620772,-45.8540416,99.9999,9.9999,99.9999,9.9999,99.9999,9.9999,12.664999,0.014999,11.579999,0.008,11.114999,0.019999,1,1,1
5.94E+18,251.7648911,-45.86280728,17.27792,4.949295,NOT_AVAILABLE,3064,251.7649182,-45.8628024,251.7648856,-45.8628091,99.9999,9.9999,99.9999,9.9999,99.9999,9.9999,12.626,0.012,11.494999,0.009999,10.989,0.014,1,1,1
5.94E+18,251.7555048,-45.86062196,17.324518,4.5366116,NOT_AVAILABLE,3119,251.7555395,-45.860623,251.7555061,-45.8606309,99.9999,9.9999,99.9999,9.9999,99.9999,9.9999,12.753,0.012,11.666999,0.008,11.175999,0.016,1,1,1
5.94E+18,251.765793,-45.84670509,17.350912,5.074109,NOT_AVAILABLE,6162,251.7657775,-45.8467088,251.7657585,-45.8467113,99.9999,9.9999,99.9999,9.9999,99.9999,9.9999,13.064,0.046,11.819999,0.029999,10.947999,0.059999,1,1,1
5.94E+18,251.7559241,-45.84666695,17.376497,4.8616133,NOT_AVAILABLE,3503,251.7559466,-45.8466732,251.7559248,-45.8466775,99.9999,9.9999,99.9999,9.9999,99.9999,9.9999,12.796999,0.014,11.708,0.008,11.21,0.014,1,1,1
5.94E+18,251.7580623,-45.85109286,17.398506,5.463917,NOT_AVAILABLE,1328,251.7580897,-45.8510956,251.7580649,-45.8511006,99.9999,9.9999,99.9999,9.9999,99.9999,9.9999,12.461,0.012,11.274999,0.009999,10.734,0.013,1,1,1
5.94E+18,251.7513288,-45.84797186,17.41518,4.52719,NOT_AVAILABLE,3463,251.7513505,-45.8479763,251.7513264,-45.8479818,99.9999,9.9999,99.9999,9.9999,99.9999,9.9999,13.041,0.013,12.006999,0.010999,11.546999,0.018999,1,1,1
5.94E+18,251.7561182,-45.85444715,17.447855,4.838851,NOT_AVAILABLE,3298,251.7561485,-45.8544494,251.7561204,-45.8544556,99.9999,9.9999,99.9999,9.9999,99.9999,9.9999,12.737,0.012,11.593,0.009999,11.085,0.014,1,1,1
5.94E+18,251.7579831,-45.86116601,17.459076,4.598979,NOT_AVAILABLE,3099,251.7580167,-45.8611629,251.7579835,-45.8611705,99.9999,9.9999,99.9999,9.9999,99.9999,9.9999,12.942999,0.009999,11.857999,0.009999,11.331999,0.014,1,1,1
5.94E+18,251.759463,-45.83828671,17.461937,4.9808846,NOT_AVAILABLE,3709,251.759474,-45.8382954,251.7594602,-45.838297,99.9999,9.9999,99.9999,9.9999,99.9999,9.9999,12.871,0.012,11.774999,0.008,11.282999,0.013,1,1,1
5.94E+18,251.7474195,-45.84386292,17.478333,4.385338,NOT_AVAILABLE,839,251.7474905,-45.84385112,251.7474686,-45.8438563,13.3533,0.056,12.6286,0.049,12.7837,0.118,13.092,0.016,12.123,0.010999,11.638999,0.019999,1,1,1
5.94E+18,251.7538951,-45.84497679,17.510218,4.665182,VARIABLE,3553,251.7539224,-45.8449834,251.7539015,-45.8449877,99.9999,9.9999,99.9999,9.9999,99.9999,9.9999,13.114,0.014,12.098999,0.008999,11.631999,0.014999,1,1,1
5.94E+18,251.7760523,-45.85734923,17.514687,4.4087715,VARIABLE,3227,251.7760714,-45.8573514,251.7760465,-45.8573546,99.9999,9.9999,99.9999,9.9999,99.9999,9.9999,11.734999,0.012,10.220999,0.006,9.354,0.014999,1,1,1
5.94E+18,251.7691268,-45.84830959,17.539665,5.056224,NOT_AVAILABLE,5072,251.7691367,-45.8483101,251.7691173,-45.8483123,99.9999,9.9999,99.9999,9.9999,99.9999,9.9999,12.687999,0.010999,11.571999,0.009999,11.039999,0.017,1,1,1
5.94E+18,251.7671739,-45.86204901,17.630316,4.758135,NOT_AVAILABLE,4786,251.7671951,-45.8620434,251.7671638,-45.8620495,99.9999,9.9999,99.9999,9.9999,99.9999,9.9999,13.024999,0.012,11.968,0.008999,11.432999,0.020999,1,1,1
5.94E+18,251.7627548,-45.85037342,17.647964,5.14845,NOT_AVAILABLE,1354,251.7627708,-45.8503827,251.7627479,-45.8503867,99.9999,9.9999,99.9999,9.9999,99.9999,9.9999,12.623999,0.013,11.359999,0.009999,10.819,0.017999,1,1,1
5.94E+18,251.7698575,-45.85173833,17.659096,6.0566015,NOT_AVAILABLE,5012,251.7698729,-45.8517399,251.7698509,-45.8517429,99.9999,9.9999,99.9999,9.9999,99.9999,9.9999,12.199,0.018999,10.901,0.013,10.300999,0.024,1,1,1
5.94E+18,251.7474452,-45.85199099,17.679665,5.0793056,NOT_AVAILABLE,1294,251.7474784,-45.8519933,251.7474498,-45.8520006,99.9999,9.9999,99.9999,9.9999,99.9999,9.9999,12.932,0.012,11.795,0.008,11.260999,0.013,1,1,1
5.94E+18,251.7551884,-45.83781003,17.680878,4.4113483,NOT_AVAILABLE,44384,251.7551475,-45.83781016,251.7551328,-45.8378124,13.6033,0.062,12.8356,0.044,12.6417,0.041,13.333,0.010999,12.324,0.007,11.866,0.013,1,1,1
5.94E+18,251.7805082,-45.84625919,17.689894,5.664752,NOT_AVAILABLE,1490,251.780515,-45.8462633,251.7805005,-45.8462629,99.9999,9.9999,99.9999,9.9999,99.9999,9.9999,12.621999,0.012,11.420999,0.008999,10.873999,0.016,1,1,1
5.94E+18,251.7531291,-45.84724253,17.733225,4.5398407,NOT_AVAILABLE,3485,251.7531504,-45.8472499,251.7531274,-45.8472549,99.9999,9.9999,99.9999,9.9999,99.9999,9.9999,13.227,0.013,12.159999,0.008999,11.649999,0.012,1,1,1
5.94E+18,251.7540799,-45.84350695,17.815054,4.69952,NOT_AVAILABLE,5810,251.7541158,-45.8435265,251.7540961,-45.8435304,99.9999,9.9999,99.9999,9.9999,99.9999,9.9999,13.498999,0.024,12.480999,0.028,12.074999,0.065999,1,1,1
5.94E+18,251.7530239,-45.85831849,17.824568,5.3843765,VARIABLE,1045,251.7530561,-45.8583171,251.7530239,-45.8583249,99.9999,9.9999,99.9999,9.9999,99.9999,9.9999,12.93,0.012,11.755999,0.009999,11.21,0.014999,1,1,1
5.94E+18,251.780933,-45.85004492,17.888573,5.1816216,NOT_AVAILABLE,1371,251.7809428,-45.8500537,251.7809253,-45.8500541,99.9999,9.9999,99.9999,9.9999,99.9999,9.9999,12.744999,0.014,11.449,0.010999,10.864999,0.016,1,1,1
5.94E+18,251.760409,-45.84781163,17.934143,4.8840866,NOT_AVAILABLE,5804,251.760481,-45.8477675,251.7604596,-45.8477712,99.9999,9.9999,99.9999,9.9999,99.9999,9.9999,12.503999,0.059,11.409999,0.046,10.895,0.082999,1,1,1
5.94E+18,251.7638393,-45.85710611,18.03465,4.822693,NOT_AVAILABLE,3232,251.7638619,-45.857107,251.7638337,-45.8571125,99.9999,9.9999,99.9999,9.9999,99.9999,9.9999,13.09,0.010999,11.826999,0.012,11.345,0.014,1,1,1
5.94E+18,251.7648824,-45.85881038,18.047216,4.883827,NOT_AVAILABLE,4868,251.7649091,-45.8588088,251.7648798,-45.8588145,99.9999,9.9999,99.9999,9.9999,99.9999,9.9999,13.088,0.014999,11.901,0.009999,11.355999,0.017,1,1,1
5.94E+18,251.7717413,-45.85357207,18.068977,5.4754715,NOT_AVAILABLE,1227,251.7717583,-45.8535744,251.7717353,-45.8535775,99.9999,9.9999,99.9999,9.9999,99.9999,9.9999,12.43,0.010999,11.008,0.008,10.340999,0.014,1,1,1
5.94E+18,251.7555723,-45.8530132,18.091433,4.766838,NOT_AVAILABLE,5610,251.7556029,-45.8530183,251.7555758,-45.8530243,99.9999,9.9999,99.9999,9.9999,99.9999,9.9999,13.223999,0.013,12.036,0.008999,11.491,0.020999,1,1,1
5.94E+18,251.7525645,-45.84321507,18.151003,4.371557,NOT_AVAILABLE,5948,251.7526521,-45.8432025,251.7526323,-45.8432066,99.9999,9.9999,99.9999,9.9999,99.9999,9.9999,13.387,0.079999,12.449,0.056,11.911,0.105999,1,1,1
5.94E+18,251.77965,-45.84376466,18.184856,4.6897926,NOT_AVAILABLE,3573,251.7796525,-45.8437773,251.7796398,-45.8437764,99.9999,9.9999,99.9999,9.9999,99.9999,9.9999,13.321999,0.014,12.154999,0.010999,11.560999,0.019999,1,1,1
5.94E+18,251.7740284,-45.85931493,18.202002,4.6921024,VARIABLE,1012,251.7740508,-45.8593168,251.7740237,-45.8593209,99.9999,9.9999,99.9999,9.9999,99.9999,9.9999,12.038999,0.012,10.432999,0.006,9.6630001,0.014,1,1,1
5.94E+18,251.7642725,-45.83988358,18.23111,4.2332706,NOT_AVAILABLE,5211,251.7642712,-45.8398935,251.7642574,-45.8398945,99.9999,9.9999,99.9999,9.9999,99.9999,9.9999,13.598999,0.029999,12.425,0.019999,12.02,0.035,1,1,1
5.94E+18,251.7733924,-45.83802715,18.236374,4.761801,NOT_AVAILABLE,3717,251.7733947,-45.8380383,251.773385,-45.8380371,99.9999,9.9999,99.9999,9.9999,99.9999,9.9999,13.576,0.014,12.463,0.007,11.953,0.014,1,1,1
5.94E+18,251.7800655,-45.85570964,18.239925,5.247719,NOT_AVAILABLE,1142,251.7800799,-45.8557145,251.7800574,-45.8557165,99.9999,9.9999,99.9999,9.9999,99.9999,9.9999,12.326999,0.014,10.772,0.009999,10.05,0.013,1,1,1
5.94E+18,251.7703985,-45.8541545,18.258547,4.870693,NOT_AVAILABLE,1190,251.7704142,-45.8541578,251.7703903,-45.8541613,99.9999,9.9999,99.9999,9.9999,99.9999,9.9999,12.777999,0.013,11.427,0.010999,10.781999,0.012,1,1,1
5.94E+18,251.760121,-45.85545473,18.277308,5.0478535,NOT_AVAILABLE,4917,251.7601507,-45.8554588,251.7601228,-45.8554645,99.9999,9.9999,99.9999,9.9999,99.9999,9.9999,13.621,0.023,12.515999,0.017999,12.032999,0.023,1,1,1
5.94E+18,251.7608974,-45.84439396,18.28488,4.2319508,NOT_AVAILABLE,5129,251.76092,-45.844395,251.7609015,-45.8443978,99.9999,9.9999,99.9999,9.9999,99.9999,9.9999,13.677,0.017,12.541999,0.018999,12.145,0.024,1,1,1
5.94E+18,251.7713599,-45.85190591,18.314524,4.9589176,NOT_AVAILABLE,5007,251.7713803,-45.8519022,251.7713585,-45.8519049,99.9999,9.9999,99.9999,9.9999,99.9999,9.9999,13.008,0.014999,11.515,0.008,10.633,0.018999,1,1,1
5.94E+18,251.7584246,-45.85299094,18.356144,4.812174,NOT_AVAILABLE,5910,251.7584531,-45.8529937,251.7584268,-45.8529991,99.9999,9.9999,99.9999,9.9999,99.9999,9.9999,13.633999,0.014999,12.532999,0.016,12.005999,0.018999,1,1,1
5.94E+18,251.7572015,-45.84985377,18.39526,4.976204,NOT_AVAILABLE,5798,251.7572424,-45.8498766,251.7572183,-45.8498815,99.9999,9.9999,99.9999,9.9999,99.9999,9.9999,13.487999,0.025,12.402,0.018999,11.692,0.081,1,1,1
5.94E+18,251.7633385,-45.86176802,18.395742,4.3999805,NOT_AVAILABLE,4800,251.7633652,-45.8617667,251.763333,-45.8617734,99.9999,9.9999,99.9999,9.9999,99.9999,9.9999,13.897,0.010999,12.814999,0.010999,12.319,0.016,1,1,1
5.94E+18,251.7617253,-45.86294773,18.40009,4.366106,VARIABLE,3062,251.7617522,-45.8629447,251.7617186,-45.862952,99.9999,9.9999,99.9999,9.9999,99.9999,9.9999,13.866999,0.008999,12.779,0.008,12.303999,0.013,1,1,1
5.94E+18,251.7569553,-45.8600517,18.424734,5.449938,NOT_AVAILABLE,4845,251.7569996,-45.8600485,251.7569671,-45.860056,99.9999,9.9999,99.9999,9.9999,99.9999,9.9999,13.557,0.017,12.375,0.010999,11.802,0.019999,1,1,1
5.94E+18,251.7756796,-45.84595309,18.460354,5.108078,NOT_AVAILABLE,5651,251.7756891,-45.8459613,251.7756735,-45.8459617,99.9999,9.9999,99.9999,9.9999,99.9999,9.9999,13.762999,0.037999,12.64,0.028999,12.121,0.023,1,1,1
5.94E+18,251.7561754,-45.84782033,18.482485,4.7851887,NOT_AVAILABLE,5089,251.7562007,-45.8478255,251.7561781,-45.8478301,99.9999,9.9999,99.9999,9.9999,99.9999,9.9999,13.593,0.017,12.449,0.008999,11.888999,0.017,1,1,1
5.94E+18,251.7659504,-45.84833606,18.540272,5.176424,NOT_AVAILABLE,4342,251.7659885,-45.848341,251.7659682,-45.8483438,99.9999,9.9999,99.9999,9.9999,99.9999,9.9999,13.565999,0.017999,12.38,0.024,11.647999,0.029999,1,1,1
5.94E+18,251.7534314,-45.86281734,18.582758,4.002268,VARIABLE,3058,251.7534722,-45.8628153,251.7534364,-45.8628242,99.9999,9.9999,99.9999,9.9999,99.9999,9.9999,13.829,0.014999,12.770999,0.008,12.243,0.020999,1,1,1
5.94E+18,251.7749909,-45.84870155,18.617214,4.356432,VARIABLE,26829,251.7750031,-45.8487013,251.7749851,-45.8487025,13.8553,0.041,13.3156,0.055,12.9857,0.05,13.765999,0.017999,12.619999,0.014999,12.109999,0.021999,1,1,1
5.94E+18,251.7779322,-45.84220133,18.642384,4.2158165,NOT_AVAILABLE,26836,251.7779488,-45.84220011,251.7779369,-45.8421991,14.0643,0.04,13.4856,0.051,13.1637,0.049,14.088,0.017,13.149999,0.037,12.598999,0.039,1,1,1
5.94E+18,251.7732079,-45.8538335,18.65569,4.605713,VARIABLE,5795,251.7732289,-45.8538372,251.7732061,-45.8538401,99.9999,9.9999,99.9999,9.9999,99.9999,9.9999,13.317999,0.017,11.984999,0.014,11.357,0.023,1,1,1
5.94E+18,251.7752565,-45.8412968,18.702042,4.3576584,NOT_AVAILABLE,43303,251.775271,-45.84129683,251.7752591,-45.8412961,13.8193,0.045,13.2906,0.054,13.0547,0.054,13.824999,0.018999,12.694999,0.016,12.199999,0.021999,1,1,1
5.94E+18,251.7636027,-45.83692637,18.706945,4.5476093,NOT_AVAILABLE,44395,251.7635629,-45.83693246,251.7635514,-45.8369329,14.1563,0.038,13.8796,0.085,13.5637,0.074,14.121999,0.043,13.015999,0.028,12.529,0.035,1,1,1
5.94E+18,251.7528226,-45.84453091,18.763947,4.5990677,NOT_AVAILABLE,10800,251.7528934,-45.84452746,251.7528725,-45.8445318,14.0153,0.04,13.5616,0.058,13.2407,0.038,14.178,0.018999,13.204999,0.014,12.670999,0.021999,1,1,1
5.94E+18,251.7622994,-45.84232997,18.79357,4.5041122,NOT_AVAILABLE,44390,251.7622586,-45.84233512,251.7622422,-45.8423372,14.0443,0.025,13.4956,0.036,13.2217,0.048,13.831,0.046,12.739999,0.035,12.305999,0.061999,1,1,1
5.94E+18,251.7822424,-45.85020908,18.837805,4.6563244,NOT_AVAILABLE,5043,251.7822542,-45.8502112,251.7822369,-45.8502114,99.9999,9.9999,99.9999,9.9999,99.9999,9.9999,13.817,0.014999,12.534999,0.016,11.944999,0.039999,1,1,1
5.94E+18,251.7726865,-45.8485708,18.866102,5.3562183,NOT_AVAILABLE,26837,251.772702,-45.84857243,251.7726834,-45.8485741,14.0683,0.043,13.6436,0.054,13.2227,0.054,14.138999,0.030999,13.057999,0.020999,12.501999,0.016,1,1,1
5.94E+18,251.7792299,-45.85071309,18.904055,4.6504536,NOT_AVAILABLE,3399,251.7792429,-45.8507178,251.7792243,-45.8507187,99.9999,9.9999,99.9999,9.9999,99.9999,9.9999,13.545,0.016,12.17,0.008999,11.522,0.019999,1,1,1
5.94E+18,251.7783625,-45.83984841,19.065676,4.688633,NOT_AVAILABLE,26852,251.7783814,-45.83984868,251.7783716,-45.839847,14.2913,0.032,13.8266,0.058,13.4857,0.056,14.310999,0.014,13.184,0.009999,12.68,0.017,1,1,1
5.94E+18,251.7681936,-45.85379202,19.101679,4.3701477,NOT_AVAILABLE,5904,251.7682144,-45.8537994,251.7681902,-45.8538032,99.9999,9.9999,99.9999,9.9999,99.9999,9.9999,13.51,0.014999,12.109999,0.016,11.447999,0.032,1,1,1
5.94E+18,251.7738023,-45.83852729,19.106928,5.25305,NOT_AVAILABLE,1754,251.7738086,-45.8385359,251.7737986,-45.8385348,99.9999,9.9999,99.9999,9.9999,99.9999,9.9999,13.491,0.014,11.772999,0.008999,11.079,0.014999,1,1,1
5.94E+18,251.7665946,-45.85630222,19.19134,5.701969,NOT_AVAILABLE,6092,251.7666097,-45.8563045,251.766583,-45.8563092,99.9999,9.9999,99.9999,9.9999,99.9999,9.9999,13.795,0.017999,12.477999,0.021999,11.803999,0.035,1,1,1
5.94E+18,251.7702775,-45.84247465,20.185143,4.8865547,NOT_AVAILABLE,43389,251.7702923,-45.8424708,251.7702781,-45.8424713,16.1553,0.089,15.3366,0.079,15.4077,0.108,99.9999,9.9999,99.9999,9.9999,99.9999,9.9999,1,1,1
5.94E+18,251.7524115,-45.85541521,20.488997,4.844652,NOT_AVAILABLE,22391,251.7524463,-45.85540009,251.7524164,-45.8554073,16.3703,0.052,15.8386,0.053,15.5297,0.058,16.326999,0.035,15.276,0.052,14.85,0.166999,1,1,1
5.94E+18,251.7812569,-45.87477446,11.504495,5.3101797,VARIABLE,222,251.78124,-45.874744,251.7812021,-45.8747506,99.9999,9.9999,99.9999,9.9999,99.9999,9.9999,6.407,0.013,5.2709999,0.032999,4.6319999,0.008999,0,1,2
5.94E+18,251.7200201,-45.85893083,12.378329,2.48065,NOT_AVAILABLE,254,251.720002,-45.85891,251.71996,-45.8589242,99.9999,9.9999,99.9999,9.9999,99.9999,9.9999,9.302,0.019999,8.2889995,0.025,7.9349999,0.017,0,1,2
5.94E+18,251.7761451,-45.82328614,12.429418,6.132352,VARIABLE,295,251.776161,-45.823303,251.7761642,-45.8232976,99.9999,9.9999,99.9999,9.9999,99.9999,9.9999,6.8340001,0.004999,5.4840002,0.027,4.7519998,0.008999,0,1,2
5.94E+18,251.8174,-45.8547532,13.108025,2.3470535,NOT_AVAILABLE,5604,251.8174214,-45.8547605,251.8174102,-45.8547552,99.9999,9.9999,99.9999,9.9999,99.9999,9.9999,10.378,0.009999,9.3660001,0.008,9.0369997,0.009999,0,1,2
5.94E+18,251.7852284,-45.8470564,13.233335,5.3708887,NOT_AVAILABLE,108,251.785261,-45.847034,251.7852472,-45.8470329,99.9999,9.9999,99.9999,9.9999,99.9999,9.9999,8.0240001,0.013,6.9239997,0.020999,6.3299999,0.013,0,1,2
5.94E+18,251.7890843,-45.84714684,13.337629,5.1825094,NOT_AVAILABLE,139,251.789101,-45.847126,251.7890882,-45.8471242,99.9999,9.9999,99.9999,9.9999,99.9999,9.9999,8.2869997,0.014999,7.25,0.027,6.703,0.023,0,1,2
5.94E+18,251.7564457,-45.83277182,13.942816,4.704732,NOT_AVAILABLE,6188,251.7564639,-45.8327795,251.7564538,-45.8327802,99.9999,9.9999,99.9999,9.9999,99.9999,9.9999,9.46,0.009999,8.2679996,0.027,7.558,0.037999,0,1,2
5.94E+18,251.7456055,-45.86360099,14.07758,4.841465,NOT_AVAILABLE,6051,251.7456529,-45.8635952,251.7456142,-45.8636057,99.9999,9.9999,99.9999,9.9999,99.9999,9.9999,9.4750003,0.014,9.0620002,0.07,7.5009999,0.039,0,1,2
5.94E+18,251.740507,-45.88891556,14.198702,4.4091053,NOT_AVAILABLE,502,251.740555,-45.888893,251.7404939,-45.8889109,99.9999,9.9999,99.9999,9.9999,99.9999,9.9999,9.8100004,,8.9169998,0.032,8.4169998,0.023,0,1,2
5.94E+18,251.741227,-45.87182368,14.276823,5.251753,NOT_AVAILABLE,175,251.741218,-45.871811,251.7411713,-45.8718244,99.9999,9.9999,99.9999,9.9999,99.9999,9.9999,9.2370004,0.017999,7.8189997,0.018999,7.2210001,0.023,0,1,2
5.94E+18,251.7684224,-45.87440741,14.45342,4.6203585,NOT_AVAILABLE,5859,251.7684632,-45.8743925,251.768422,-45.8744014,99.9999,9.9999,99.9999,9.9999,99.9999,9.9999,9.9560003,0.014999,8.8319997,0.030999,8.1199998,0.037,0,1,2
5.94E+18,251.7434039,-45.85870993,14.64251,4.6280403,NOT_AVAILABLE,5589,251.743449,-45.858706,251.7434138,-45.8587157,99.9999,9.9999,99.9999,9.9999,99.9999,9.9999,10.189,0.008999,9.1660003,0.014999,8.6260004,0.018999,0,1,2
5.94E+18,251.787153,-45.83292231,14.688482,8.178188,VARIABLE,217,251.787191,-45.832939,251.7871894,-45.8329339,99.9999,9.9999,99.9999,9.9999,99.9999,9.9999,6.933,0.008999,4.6729998,0.013,3.2780001,0.27,0,1,2
5.94E+18,251.7559765,-45.87643217,14.807497,4.2858925,NOT_AVAILABLE,4580,251.7560247,-45.8764182,251.7559783,-45.87643,99.9999,9.9999,99.9999,9.9999,99.9999,9.9999,10.654,0.004999,9.6929998,0.007,9.2510004,0.017,0,1,2
5.94E+18,251.7569905,-45.8828131,14.832556,4.439727,NOT_AVAILABLE,5764,251.7570422,-45.8827952,251.7569908,-45.8828084,99.9999,9.9999,99.9999,9.9999,99.9999,9.9999,10.592,0.008999,9.6129999,0.008,9.1459999,0.018999,0,1,2
5.94E+18,251.8057509,-45.81963733,14.968913,5.509408,NOT_AVAILABLE,6194,251.8057546,-45.8196154,251.8057692,-45.8196034,99.9999,9.9999,99.9999,9.9999,99.9999,9.9999,10.008999,0.018999,8.6929998,0.030999,7.7880001,0.050999,0,1,2
5.94E+18,251.8192746,-45.84869787,15.166128,3.1071653,NOT_AVAILABLE,1400,251.8192937,-45.8486982,251.8192881,-45.848691,99.9999,9.9999,99.9999,9.9999,99.9999,9.9999,11.689999,0.009999,10.454,0.006,10.043999,0.009999,0,1,2
5.94E+18,251.7983498,-45.82292895,15.273031,5.3566437,NOT_AVAILABLE,508,251.798372,-45.822971,251.7983818,-45.8229613,99.9999,9.9999,99.9999,9.9999,99.9999,9.9999,10.057999,0.017,8.8979997,0.018999,8.2469997,0.025,0,1,2
5.94E+18,251.7262017,-45.86519384,15.305002,5.2044096,NOT_AVAILABLE,5560,251.726256,-45.8651762,251.7262106,-45.8651908,99.9999,9.9999,99.9999,9.9999,99.9999,9.9999,10.529,0.008,9.4770002,0.024,8.8310003,0.018999,0,1,2
5.94E+18,251.7641578,-45.86608527,15.65206,4.3656445,NOT_AVAILABLE,774,251.764188,-45.8660798,251.7641525,-45.8660875,99.9999,9.9999,99.9999,9.9999,99.9999,9.9999,11.413999,0.009999,10.402999,0.007,9.9569997,0.010999,0,1,2
5.94E+18,251.7445492,-45.8540978,15.657798,4.562808,NOT_AVAILABLE,1201,251.7445849,-45.854096,251.7445538,-45.8541044,99.9999,9.9999,99.9999,9.9999,99.9999,9.9999,11.326,0.012,10.324,0.006,9.8479995,0.012,0,1,2
5.94E+18,251.7645677,-45.82271945,15.740302,5.975483,VARIABLE,6198,251.7645586,-45.8227152,251.7645591,-45.8227119,99.9999,9.9999,99.9999,9.9999,99.9999,9.9999,10.397999,0.007,8.9700002,0.019999,8.2410001,0.020999,0,1,2
5.94E+18,251.7688468,-45.83583308,15.747763,4.5144186,VARIABLE,5691,251.7688574,-45.8358397,251.7688482,-45.8358389,99.9999,9.9999,99.9999,9.9999,99.9999,9.9999,11.093,0.016,9.9890003,0.012,9.4549999,0.034,0,1,2
5.94E+18,251.7452646,-45.86277872,15.7542925,4.7846937,NOT_AVAILABLE,5877,251.7453124,-45.8627692,251.7452743,-45.8627796,99.9999,9.9999,99.9999,9.9999,99.9999,9.9999,11.26,0.010999,10.208,0.006,9.7519998,0.016,0,1,2
5.94E+18,251.7847951,-45.84596551,15.813225,5.5645504,VARIABLE,5806,251.7848029,-45.8459784,251.7847898,-45.8459771,99.9999,9.9999,99.9999,9.9999,99.9999,9.9999,10.621,0.010999,9.2670001,0.020999,8.104,0.039,0,1,2
5.94E+18,251.7842593,-45.84904758,15.839692,6.595731,VARIABLE,5069,251.7842653,-45.8490599,251.7842495,-45.8490595,99.9999,9.9999,99.9999,9.9999,99.9999,9.9999,10.229,0.010999,10.506999,0.404,7.6649999,0.043,0,1,2
5.94E+18,251.7598531,-45.87622364,15.847589,4.7450056,NOT_AVAILABLE,426,251.7599007,-45.876211,251.7598556,-45.876222,99.9999,9.9999,99.9999,9.9999,99.9999,9.9999,11.39,0.008999,10.326,0.004999,9.8290004,0.014999,0,1,2
5.94E+18,251.724913,-45.88511398,15.858306,3.0708628,NOT_AVAILABLE,2501,251.7249854,-45.8850719,251.7249231,-45.8850918,99.9999,9.9999,99.9999,9.9999,99.9999,9.9999,12.609999,0.014,11.901,0.004999,11.522999,0.018999,0,1,2
5.94E+18,251.7791568,-45.82783423,15.867704,5.0524454,NOT_AVAILABLE,2139,251.779153,-45.8278355,251.7791533,-45.8278307,99.9999,9.9999,99.9999,9.9999,99.9999,9.9999,11.177,0.013,10.038,0.006,9.5089998,0.013,0,1,2
5.94E+18,251.7862065,-45.84643804,15.871966,5.138444,NOT_AVAILABLE,3506,251.7862049,-45.8464531,251.7861918,-45.8464516,99.9999,9.9999,99.9999,9.9999,99.9999,9.9999,11.057,0.010999,9.887,0.008,9.3310003,0.016,0,1,2
5.94E+18,251.738147,-45.8361103,15.8957815,4.46951,NOT_AVAILABLE,1841,251.7381622,-45.8361104,251.7381442,-45.8361154,99.9999,9.9999,99.9999,9.9999,99.9999,9.9999,11.574999,0.012,10.595,0.008,10.098999,0.008999,0,1,2
5.94E+18,251.780716,-45.81393448,15.9259815,6.207714,VARIABLE,542,251.780722,-45.813934,251.7807343,-45.8139254,99.9999,9.9999,99.9999,9.9999,99.9999,9.9999,10.199,0.017,8.9580001,0.025,8.2930002,0.014999,0,1,2
5.94E+18,251.7825709,-45.86332508,15.945946,5.479101,NOT_AVAILABLE,3054,251.7825917,-45.8633261,251.7825636,-45.8633296,99.9999,9.9999,99.9999,9.9999,99.9999,9.9999,10.833,0.008,9.5970001,0.010999,8.9449996,0.016,0,1,2
5.94E+18,251.7754737,-45.87564029,16.026514,4.413656,NOT_AVAILABLE,440,251.7755101,-45.8756312,251.7754699,-45.8756391,99.9999,9.9999,99.9999,9.9999,99.9999,9.9999,11.534999,0.012,10.484999,0.007,9.9779996,0.017,0,1,2
5.94E+18,251.7615814,-45.87018302,16.035759,4.8408384,NOT_AVAILABLE,2851,251.7616221,-45.870176,251.7615825,-45.8701852,99.9999,9.9999,99.9999,9.9999,99.9999,9.9999,11.531999,0.007,10.461,0.009999,9.9499998,0.016,0,1,2
5.94E+18,251.7819158,-45.87667296,16.068209,5.184309,NOT_AVAILABLE,2701,251.7819495,-45.8766647,251.7819102,-45.8766717,99.9999,9.9999,99.9999,9.9999,99.9999,9.9999,11.237,0.013,10.026,0.009999,9.3179998,0.019999,0,1,2
5.94E+18,251.741878,-45.88360853,16.081972,3.8069773,NOT_AVAILABLE,2536,251.7419373,-45.8835844,251.741881,-45.8836007,99.9999,9.9999,99.9999,9.9999,99.9999,9.9999,11.876,0.012,10.944999,0.006,10.494,0.017999,0,1,2
5.94E+18,251.7437684,-45.87425228,16.083725,3.9464178,NOT_AVAILABLE,2766,251.7438218,-45.8742383,251.7437738,-45.8742519,99.9999,9.9999,99.9999,9.9999,99.9999,9.9999,12.166999,0.008999,11.279,0.007,10.876999,0.017,0,1,2
5.94E+18,251.728923,-45.83499442,16.118586,5.157832,NOT_AVAILABLE,1888,251.7289344,-45.834987,251.7289147,-45.8349935,99.9999,9.9999,99.9999,9.9999,99.9999,9.9999,11.447999,0.018999,10.42,0.017,9.8249998,0.023,0,1,2
5.94E+18,251.7749986,-45.83249944,16.12148,4.378233,NOT_AVAILABLE,1983,251.774997,-45.8325074,251.7749923,-45.8325045,99.9999,9.9999,99.9999,9.9999,99.9999,9.9999,11.793999,0.014,10.763999,0.007,10.3,0.013,0,1,2
5.94E+18,251.7575833,-45.83519751,16.122383,4.4030848,NOT_AVAILABLE,1880,251.7575913,-45.835207,251.7575795,-45.8352081,99.9999,9.9999,99.9999,9.9999,99.9999,9.9999,11.866999,0.010999,10.871999,0.006,10.432999,0.012,0,1,2
5.94E+18,251.7329613,-45.86151589,16.151295,4.594393,NOT_AVAILABLE,944,251.7330081,-45.861505,251.7329676,-45.8615174,99.9999,9.9999,99.9999,9.9999,99.9999,9.9999,11.656,0.008999,10.635,0.004999,10.147,0.008999,0,1,2
5.94E+18,251.7415509,-45.86135658,16.199684,4.778697,NOT_AVAILABLE,4306,251.7415945,-45.8613499,251.7415565,-45.8613606,99.9999,9.9999,99.9999,9.9999,99.9999,9.9999,11.72,0.010999,10.68,0.007,10.211,0.014,0,1,2
5.94E+18,251.769517,-45.86855657,16.267393,4.2691126,VARIABLE,696,251.7695469,-45.8685458,251.7695109,-45.8685531,99.9999,9.9999,99.9999,9.9999,99.9999,9.9999,11.869,0.009999,10.840999,0.006,10.347,0.010999,0,1,2
5.94E+18,251.7285478,-45.86934144,16.293781,5.391094,NOT_AVAILABLE,4275,251.7285966,-45.8693254,251.7285484,-45.8693406,99.9999,9.9999,99.9999,9.9999,99.9999,9.9999,11.072999,0.008,9.5880002,0.017,8.8669996,0.025,0,1,2
5.94E+18,251.8025689,-45.84879504,16.340925,5.191861,NOT_AVAILABLE,1398,251.8025755,-45.8488051,251.8025651,-45.8488011,99.9999,9.9999,99.9999,9.9999,99.9999,9.9999,11.590999,0.010999,10.413999,0.008999,9.9040002,0.012,0,1,2
5.94E+18,251.7621895,-45.86927658,16.370138,5.002125,NOT_AVAILABLE,2872,251.7622305,-45.8692669,251.7621918,-45.8692757,99.9999,9.9999,99.9999,9.9999,99.9999,9.9999,11.786,0.008,10.635,0.013,10.02,0.029999,0,1,2
5.94E+18,251.761852,-45.83514168,16.418102,4.8460293,NOT_AVAILABLE,1882,251.7618576,-45.8351521,251.761847,-45.8351524,99.9999,9.9999,99.9999,9.9999,99.9999,9.9999,11.803999,0.010999,10.684,0.008,10.190999,0.010999,0,1,2
5.94E+18,251.7883193,-45.84679028,16.42242,5.247267,NOT_AVAILABLE,6068,251.7883267,-45.8468066,251.7883139,-45.8468048,99.9999,9.9999,99.9999,9.9999,99.9999,9.9999,11.576,0.032,10.434,0.019999,9.934,0.021999,0,1,2
5.94E+18,251.7947728,-45.8299857,16.434149,4.8669395,NOT_AVAILABLE,5347,251.7947682,-45.8299914,251.7947711,-45.8299842,99.9999,9.9999,99.9999,9.9999,99.9999,9.9999,11.843,0.018999,10.729,0.012,10.246999,0.025,0,1,2
5.94E+18,251.7782071,-45.83204205,16.441807,4.661211,NOT_AVAILABLE,1996,251.7782054,-45.8320478,251.778202,-45.8320442,99.9999,9.9999,99.9999,9.9999,99.9999,9.9999,11.994999,0.014999,10.928999,0.008999,10.461,0.014,0,1,2
5.94E+18,251.7936266,-45.83517329,16.44771,5.4975796,NOT_AVAILABLE,1879,251.7936254,-45.8351807,251.7936237,-45.835175,99.9999,9.9999,99.9999,9.9999,99.9999,9.9999,11.420999,0.014,10.14,0.008999,9.5719995,0.017,0,1,2
5.94E+18,251.7308399,-45.86509061,16.459496,4.849004,NOT_AVAILABLE,827,251.7308902,-45.8650758,251.7308461,-45.8650895,99.9999,9.9999,99.9999,9.9999,99.9999,9.9999,11.928,0.008999,10.904,0.004,10.406999,0.014,0,1,2
5.94E+18,251.780186,-45.87389971,16.460295,5.158455,NOT_AVAILABLE,5994,251.7802224,-45.8738964,251.7801849,-45.873903,99.9999,9.9999,99.9999,9.9999,99.9999,9.9999,11.656,0.018999,10.526,0.014,9.9890003,0.021999,0,1,2
5.94E+18,251.7742614,-45.86529993,16.525822,4.8835297,NOT_AVAILABLE,4732,251.7742865,-45.865296,251.7742545,-45.8653015,99.9999,9.9999,99.9999,9.9999,99.9999,9.9999,11.954,0.014,10.875,0.008999,10.394,0.014999,0,1,2
5.94E+18,251.7426175,-45.84916267,16.571804,5.000103,NOT_AVAILABLE,3434,251.7426469,-45.8491635,251.7426193,-45.849171,99.9999,9.9999,99.9999,9.9999,99.9999,9.9999,11.913,0.010999,10.829999,0.007,10.317,0.010999,0,1,2
5.94E+18,251.7646355,-45.86655083,16.649446,4.2786264,NOT_AVAILABLE,765,251.7646659,-45.8665442,251.7646301,-45.8665519,99.9999,9.9999,99.9999,9.9999,99.9999,9.9999,12.329,0.010999,11.274999,0.007,10.824999,0.012,0,1,2
5.94E+18,251.7497648,-45.85726231,16.662855,5.0184927,NOT_AVAILABLE,1090,251.7498,-45.8572619,251.7497677,-45.8572701,99.9999,9.9999,99.9999,9.9999,99.9999,9.9999,12.022,0.013,10.909,0.008,10.404,0.014999,0,1,2
5.94E+18,251.7665489,-45.86993501,16.67345,4.5056257,VARIABLE,639,251.7665821,-45.8699277,251.7665441,-45.8699359,99.9999,9.9999,99.9999,9.9999,99.9999,9.9999,12.331999,0.008999,11.321,0.007,10.850999,0.010999,0,1,2
5.94E+18,251.7871021,-45.85684831,16.733067,5.5673637,NOT_AVAILABLE,1103,251.7871105,-45.8568549,251.7870891,-45.8568559,99.9999,9.9999,99.9999,9.9999,99.9999,9.9999,11.675999,0.008999,10.399999,0.007,9.8140001,0.013,0,1,2
5.94E+18,251.7815872,-45.86140019,16.74731,5.645117,NOT_AVAILABLE,948,251.7816072,-45.8614024,251.7815805,-45.8614056,99.9999,9.9999,99.9999,9.9999,99.9999,9.9999,11.602,0.008999,10.369999,0.004999,9.7819995,0.013,0,1,2
5.94E+18,251.7313877,-45.85959306,16.7809,4.7834578,VARIABLE,5884,251.7314315,-45.8595829,251.7313921,-45.8595951,99.9999,9.9999,99.9999,9.9999,99.9999,9.9999,11.885,0.008999,10.656999,0.004,9.8839998,0.008999,0,1,2
5.94E+18,251.7562308,-45.83063075,16.824343,4.800742,NOT_AVAILABLE,3909,251.756234,-45.8306364,251.7562256,-45.8306366,99.9999,9.9999,99.9999,9.9999,99.9999,9.9999,12.201999,0.008999,11.114999,0.006,10.614999,0.012,0,1,2
5.94E+18,251.7542754,-45.83527088,16.886896,6.03218,NOT_AVAILABLE,1869,251.7542851,-45.8352782,251.7542723,-45.83528,99.9999,9.9999,99.9999,9.9999,99.9999,9.9999,11.482999,0.010999,10.18,0.004999,9.5690002,0.010999,0,1,2
5.94E+18,251.7899475,-45.82083709,16.910145,5.0484476,NOT_AVAILABLE,4438,251.7899414,-45.8208258,251.7899506,-45.8208172,99.9999,9.9999,99.9999,9.9999,99.9999,9.9999,12.097999,0.014,10.913999,0.009999,10.402,0.016,0,1,2
5.94E+18,251.7943285,-45.84625823,16.932882,4.6810293,NOT_AVAILABLE,1489,251.7943302,-45.8462703,251.7943196,-45.8462672,99.9999,9.9999,99.9999,9.9999,99.9999,9.9999,12.442999,0.012,11.328,0.009999,10.848999,0.016,0,1,2
5.94E+18,251.7596351,-45.86767009,16.949509,4.6430483,NOT_AVAILABLE,2918,251.7596724,-45.8676629,251.7596343,-45.8676718,99.9999,9.9999,99.9999,9.9999,99.9999,9.9999,12.618,0.007,11.595999,0.008,11.140999,0.014,0,1,2
5.94E+18,251.7373428,-45.848899,16.951258,5.339238,NOT_AVAILABLE,1392,251.737375,-45.848897,251.7373462,-45.8489054,99.9999,9.9999,99.9999,9.9999,99.9999,9.9999,12.079999,0.009999,10.942999,0.004,10.390999,0.008999,0,1,2
5.94E+18,251.7900396,-45.84281599,16.951368,5.0432014,NOT_AVAILABLE,1601,251.7900387,-45.8428276,251.7900297,-45.8428245,99.9999,9.9999,99.9999,9.9999,99.9999,9.9999,12.088,0.014,10.871999,0.010999,10.335,0.016,0,1,2
5.94E+18,251.7960425,-45.82536129,16.962702,4.7774725,NOT_AVAILABLE,4417,251.79604,-45.8253562,251.7960471,-45.8253475,99.9999,9.9999,99.9999,9.9999,99.9999,9.9999,12.241999,0.013,11.074999,0.009999,10.579999,0.017,0,1,2
5.94E+18,251.740395,-45.87525252,16.978718,3.8035336,NOT_AVAILABLE,2737,251.7404472,-45.8752351,251.7403974,-45.8752496,99.9999,9.9999,99.9999,9.9999,99.9999,9.9999,13.057999,0.009999,12.189,0.007,11.763999,0.014999,0,1,2
5.94E+18,251.7409068,-45.85551719,16.993235,4.434552,NOT_AVAILABLE,1145,251.7409471,-45.8555147,251.7409138,-45.8555241,99.9999,9.9999,99.9999,9.9999,99.9999,9.9999,12.737,0.009999,11.76,0.007,11.314999,0.010999,0,1,2
5.94E+18,251.7426766,-45.84278833,17.014055,4.2460127,VARIABLE,1603,251.7426995,-45.8427915,251.7426772,-45.8427974,99.9999,9.9999,99.9999,9.9999,99.9999,9.9999,12.407999,0.009999,11.369,0.004,10.883999,0.013,0,1,2
5.94E+18,251.7259651,-45.82852152,17.064583,4.460944,VARIABLE,6112,251.7259746,-45.8285043,251.7259594,-45.8285097,99.9999,9.9999,99.9999,9.9999,99.9999,9.9999,11.109,0.034,9.25,0.043,8.1669998,0.052999,0,1,2
5.94E+18,251.7692368,-45.88341698,17.115881,5.178279,NOT_AVAILABLE,133,251.7692834,-45.883398,251.769235,-45.8834091,99.9999,9.9999,99.9999,9.9999,99.9999,9.9999,12.380999,0.010999,11.293,0.004999,10.772999,0.016,0,1,2
5.94E+18,251.7542958,-45.83026643,17.129074,4.826702,NOT_AVAILABLE,2062,251.7542962,-45.8302716,251.7542875,-45.8302721,99.9999,9.9999,99.9999,9.9999,99.9999,9.9999,12.522,0.008,11.447999,0.007,10.954,0.010999,0,1,2
5.94E+18,251.7635455,-45.8320739,17.158289,5.2153015,NOT_AVAILABLE,1993,251.7635472,-45.8320816,251.7635396,-45.8320808,99.9999,9.9999,99.9999,9.9999,99.9999,9.9999,11.991999,0.010999,10.704,0.007,10.135,0.010999,0,1,2
5.94E+18,251.782529,-45.83522944,17.167385,5.35623,NOT_AVAILABLE,1871,251.7825275,-45.8352385,251.7825227,-45.8352349,99.9999,9.9999,99.9999,9.9999,99.9999,9.9999,12.168999,0.016,10.927,0.010999,10.378999,0.014,0,1,2
5.94E+18,251.7423847,-45.87974658,17.1788,4.1469545,NOT_AVAILABLE,293,251.7424424,-45.8797279,251.7423895,-45.8797431,99.9999,9.9999,99.9999,9.9999,99.9999,9.9999,13.043999,0.010999,12.116,0.007,11.666,0.018999,0,1,2
5.94E+18,251.7748451,-45.87009718,17.209654,5.006071,NOT_AVAILABLE,629,251.7748771,-45.8700922,251.7748413,-45.8700988,99.9999,9.9999,99.9999,9.9999,99.9999,9.9999,12.501,0.009999,11.383,0.006,10.836999,0.014999,0,1,2
5.94E+18,251.7691193,-45.8731451,17.228827,4.8828506,NOT_AVAILABLE,523,251.769156,-45.873133,251.769116,-45.8731415,99.9999,9.9999,99.9999,9.9999,99.9999,9.9999,12.675999,0.008999,11.593,0.006,11.121,0.016,0,1,2
5.94E+18,251.7731582,-45.83101537,17.232485,4.6147976,NOT_AVAILABLE,2030,251.7731592,-45.8310202,251.7731552,-45.8310173,99.9999,9.9999,99.9999,9.9999,99.9999,9.9999,12.652999,0.014,11.564999,0.008,11.069999,0.014,0,1,2
5.94E+18,251.7432315,-45.8636137,17.29973,4.590028,NOT_AVAILABLE,881,251.7432777,-45.8636063,251.7432384,-45.8636173,99.9999,9.9999,99.9999,9.9999,99.9999,9.9999,12.843,0.008999,11.814999,0.007,11.329999,0.016,0,1,2
5.94E+18,251.7633704,-45.86742434,17.346775,4.3426256,VARIABLE,4694,251.7634083,-45.8674127,251.7633715,-45.8674208,99.9999,9.9999,99.9999,9.9999,99.9999,9.9999,12.986,0.014,11.963,0.012,11.477999,0.027,0,1,2
5.94E+18,251.7406146,-45.82944758,17.432692,4.4602833,NOT_AVAILABLE,4399,251.7406195,-45.8294443,251.7406077,-45.8294472,99.9999,9.9999,99.9999,9.9999,99.9999,9.9999,13.184,0.014999,12.213,0.013,11.756999,0.016,0,1,2
5.94E+18,251.7427164,-45.8460744,17.543175,4.805649,NOT_AVAILABLE,1492,251.7427434,-45.8460763,251.7427184,-45.846083,99.9999,9.9999,99.9999,9.9999,99.9999,9.9999,12.967,0.013,11.911,0.006,11.420999,0.013,0,1,2
5.94E+18,251.7979707,-45.8333173,17.549006,5.919099,NOT_AVAILABLE,3838,251.7979734,-45.8333266,251.7979745,-45.8333196,99.9999,9.9999,99.9999,9.9999,99.9999,9.9999,12.133,0.012,10.748999,0.008,10.145999,0.014999,0,1,2
5.94E+18,251.7513067,-45.88029506,17.55617,4.3639183,NOT_AVAILABLE,2618,251.7513582,-45.8802773,251.7513073,-45.880291,99.9999,9.9999,99.9999,9.9999,99.9999,9.9999,13.185999,0.010999,12.166,0.006,11.696,0.016,0,1,2
5.94E+18,251.7626698,-45.86541944,17.59099,4.7620544,NOT_AVAILABLE,813,251.7627037,-45.8654135,251.7626683,-45.8654213,99.9999,9.9999,99.9999,9.9999,99.9999,9.9999,13.111,0.009999,12.043999,0.008999,11.557999,0.013,0,1,2
5.94E+18,251.7447205,-45.8602386,17.613619,4.9776735,NOT_AVAILABLE,3128,251.7447608,-45.8602328,251.7447247,-45.8602427,99.9999,9.9999,99.9999,9.9999,99.9999,9.9999,12.892999,0.010999,11.770999,0.008999,11.236,0.013,0,1,2
5.94E+18,251.790745,-45.86392646,17.622936,5.2344627,NOT_AVAILABLE,866,251.7907625,-45.8639303,251.7907362,-45.8639324,99.9999,9.9999,99.9999,9.9999,99.9999,9.9999,12.781,0.009999,11.579999,0.008,11.043999,0.013,0,1,2
5.94E+18,251.7478351,-45.86471207,17.68397,4.4969616,NOT_AVAILABLE,804,251.7478781,-45.8647026,251.7478391,-45.864713,99.9999,9.9999,99.9999,9.9999,99.9999,9.9999,13.319999,0.010999,12.314999,0.008999,11.854999,0.014999,0,1,2
5.94E+18,251.7947221,-45.84966118,17.698622,4.792309,VARIABLE,1381,251.7947254,-45.8496723,251.7947121,-45.84967,99.9999,9.9999,99.9999,9.9999,99.9999,9.9999,13.029999,0.013,11.906,0.010999,11.420999,0.017,0,1,2
5.94E+18,251.7262031,-45.85846904,17.708067,4.2532063,NOT_AVAILABLE,3192,251.726245,-45.858453,251.7262051,-45.8584659,99.9999,9.9999,99.9999,9.9999,99.9999,9.9999,13.565999,0.008,12.666,0.006,12.218,0.009999,0,1,2
5.94E+18,251.7791739,-45.88223719,17.709583,4.791233,NOT_AVAILABLE,4512,251.7792202,-45.8822298,251.7791755,-45.8822387,99.9999,9.9999,99.9999,9.9999,99.9999,9.9999,13.187,0.013,12.109,0.012,11.538999,0.037999,0,1,2
5.94E+18,251.8043069,-45.86530447,17.787302,5.346939,NOT_AVAILABLE,815,251.8043272,-45.86531,251.8043036,-45.8653099,99.9999,9.9999,99.9999,9.9999,99.9999,9.9999,12.354,0.008,10.934,0.007,10.3,0.010999,0,1,2
5.94E+18,251.7635492,-45.88644354,17.788277,4.769621,NOT_AVAILABLE,7,251.7636063,-45.8864237,251.7635538,-45.8864366,99.9999,9.9999,99.9999,9.9999,99.9999,9.9999,13.199999,0.027,11.946,0.007,11.449,0.023,0,1,2
5.94E+18,251.7432412,-45.85315439,17.820948,4.2736874,NOT_AVAILABLE,3333,251.7432771,-45.8531535,251.7432464,-45.8531619,99.9999,9.9999,99.9999,9.9999,99.9999,9.9999,13.600999,0.010999,12.635,0.007,12.187,0.014,0,1,2
5.94E+18,251.7873081,-45.84154709,17.87769,5.191263,NOT_AVAILABLE,5186,251.7873072,-45.841562,251.7872985,-45.8415591,99.9999,9.9999,99.9999,9.9999,99.9999,9.9999,13.027,0.016,11.854999,0.014,11.312999,0.021999,0,1,2
5.94E+18,251.7695559,-45.83329564,17.879107,4.7060738,NOT_AVAILABLE,1949,251.7695579,-45.8333032,251.769551,-45.8333016,99.9999,9.9999,99.9999,9.9999,99.9999,9.9999,13.06,0.010999,11.899999,0.008999,11.348999,0.010999,0,1,2
5.94E+18,251.7929867,-45.87659433,17.887854,5.021223,VARIABLE,413,251.7930144,-45.8765908,251.7929783,-45.8765956,99.9999,9.9999,99.9999,9.9999,99.9999,9.9999,12.647999,0.009999,11.199999,0.006,10.322999,0.016,0,1,2
5.94E+18,251.7798827,-45.83553061,17.913506,4.41403,NOT_AVAILABLE,1857,251.7798798,-45.835539,251.779874,-45.835536,99.9999,9.9999,99.9999,9.9999,99.9999,9.9999,13.371999,0.016,12.284999,0.010999,11.800999,0.014,0,1,2
5.94E+18,251.7736209,-45.83197105,17.954596,4.5441914,VARIABLE,2000,251.7736219,-45.8319765,251.7736173,-45.8319738,99.9999,9.9999,99.9999,9.9999,99.9999,9.9999,13.253999,0.014,12.137,0.008,11.626,0.014,0,1,2
5.94E+18,251.7275018,-45.85098608,17.95478,4.726717,NOT_AVAILABLE,1334,251.7275378,-45.8509767,251.7275045,-45.8509875,99.9999,9.9999,99.9999,9.9999,99.9999,9.9999,13.536,0.008999,12.550999,0.007,12.067999,0.009999,0,1,2
5.94E+18,251.7967237,-45.85021517,17.972174,4.860489,NOT_AVAILABLE,1357,251.7967225,-45.8502156,251.7967093,-45.8502131,99.9999,9.9999,99.9999,9.9999,99.9999,9.9999,13.366,0.010999,12.081,0.009999,11.449999,0.013,0,1,2
5.94E+18,251.7917353,-45.82161971,18.00881,4.818737,NOT_AVAILABLE,4119,251.7917309,-45.8216093,251.7917399,-45.8216005,99.9999,9.9999,99.9999,9.9999,99.9999,9.9999,12.998,0.012,11.743,0.009999,11.189999,0.017999,0,1,2
5.94E+18,251.801091,-45.84980167,18.017452,4.8364105,NOT_AVAILABLE,3414,251.8010962,-45.8498123,251.8010845,-45.8498089,99.9999,9.9999,99.9999,9.9999,99.9999,9.9999,13.300999,0.009999,12.123999,0.009999,11.63,0.013,0,1,2
5.94E+18,251.7138838,-45.83817141,18.032736,5.522434,VARIABLE,381,251.713894,-45.838161,251.7138674,-45.8381712,99.9999,9.9999,99.9999,9.9999,99.9999,9.9999,10.911,0.028999,8.743,0.037,7.7859997,0.020999,0,1,2
5.94E+18,251.7299185,-45.87012437,18.043762,4.3198357,NOT_AVAILABLE,618,251.7299701,-45.8701072,251.7299216,-45.8701224,99.9999,9.9999,99.9999,9.9999,99.9999,9.9999,13.953,0.008999,13.048,0.006,12.579,0.016,0,1,2
5.94E+18,251.7501386,-45.86196111,18.08619,4.473278,NOT_AVAILABLE,4796,251.7501804,-45.8619579,251.7501444,-45.8619672,99.9999,9.9999,99.9999,9.9999,99.9999,9.9999,13.312,0.023,12.17,0.012,11.649,0.028,0,1,2
5.94E+18,251.7817382,-45.82281291,18.130983,5.01787,NOT_AVAILABLE,4099,251.7817322,-45.8228067,251.7817374,-45.8228001,99.9999,9.9999,99.9999,9.9999,99.9999,9.9999,12.411,0.010999,10.833,0.007,9.9329996,0.014999,0,1,2
5.94E+18,251.7879654,-45.85287297,18.165833,4.5495167,NOT_AVAILABLE,3342,251.7879685,-45.8528826,251.7879506,-45.8528824,99.9999,9.9999,99.9999,9.9999,99.9999,9.9999,13.454999,0.008999,12.312,0.008999,11.786999,0.010999,0,1,2
5.94E+18,251.7784736,-45.82718072,18.18209,4.4183407,NOT_AVAILABLE,2125,251.7784698,-45.8271826,251.7784705,-45.8271777,99.9999,9.9999,99.9999,9.9999,99.9999,9.9999,13.581,0.012,12.489,0.008,12,0.012,0,1,2
5.94E+18,251.7328822,-45.86643402,18.185682,4.3539944,NOT_AVAILABLE,773,251.7329308,-45.8664213,251.7328862,-45.866435,99.9999,9.9999,99.9999,9.9999,99.9999,9.9999,13.734999,0.008999,12.722,0.004999,12.218999,0.013,0,1,2
5.94E+18,251.7343787,-45.87068736,18.240204,3.871275,NOT_AVAILABLE,17654,251.7344107,-45.87067593,251.734363,-45.8706904,14.3763,0.056,14.0446,0.114,13.7007,0.087,14.173,0.009999,13.265,0.007,12.805,0.014999,0,1,2
5.94E+18,251.787828,-45.81837901,18.24865,4.8323975,NOT_AVAILABLE,5474,251.7878158,-45.8183671,251.7878264,-45.8183582,99.9999,9.9999,99.9999,9.9999,99.9999,9.9999,13.26,0.016,11.982999,0.009999,11.427,0.018999,0,1,2
5.94E+18,251.8164961,-45.86257246,18.299988,4.7330627,NOT_AVAILABLE,913,251.8165203,-45.8625808,251.8165024,-45.8625776,99.9999,9.9999,99.9999,9.9999,99.9999,9.9999,12.838999,0.009999,11.359999,0.007,10.708,0.010999,0,1,2
5.94E+18,251.7883968,-45.83836806,18.316093,4.3503456,NOT_AVAILABLE,4374,251.7883926,-45.8383857,251.7883868,-45.8383818,99.9999,9.9999,99.9999,9.9999,99.9999,9.9999,13.375,0.017999,12.145999,0.016,11.585,0.032,0,1,2
5.94E+18,251.7943937,-45.84093854,18.339867,4.894203,VARIABLE,5193,251.7943957,-45.8409485,251.7943895,-45.8409441,99.9999,9.9999,99.9999,9.9999,99.9999,9.9999,13.298,0.017999,12.055999,0.012,11.510999,0.028999,0,1,2
5.94E+18,251.7492583,-45.83316327,18.363762,4.5389614,NOT_AVAILABLE,1941,251.7492659,-45.8331683,251.7492534,-45.8331705,99.9999,9.9999,99.9999,9.9999,99.9999,9.9999,13.763999,0.009999,12.703,0.006,12.192999,0.010999,0,1,2
5.94E+18,251.7892984,-45.85122156,18.367422,4.6289997,NOT_AVAILABLE,4334,251.7892977,-45.8512331,251.7892815,-45.8512323,99.9999,9.9999,99.9999,9.9999,99.9999,9.9999,13.760999,0.017,12.645999,0.013,12.151,0.023,0,1,2
5.94E+18,251.7794317,-45.87532948,18.372839,4.9691963,VARIABLE,4592,251.7794808,-45.8753005,251.779442,-45.8753076,99.9999,9.9999,99.9999,9.9999,99.9999,9.9999,13.781999,0.026,12.649999,0.025,11.998999,0.081,0,1,2
5.94E+18,251.7454797,-45.85937409,18.374176,4.795124,NOT_AVAILABLE,5787,251.7455224,-45.8593818,251.7454872,-45.8593913,99.9999,9.9999,99.9999,9.9999,99.9999,9.9999,13.562999,0.019999,12.454999,0.017999,11.913999,0.035,0,1,2
5.94E+18,251.7875868,-45.8247199,18.391207,4.072075,VARIABLE,44389,251.787555,-45.8247248,251.7875603,-45.8247176,14.0093,0.053,13.5926,0.086,13.2507,0.067,14.010999,0.010999,12.956,0.010999,12.487,0.016,0,1,2
5.94E+18,251.7490394,-45.86115478,18.4106,4.45154,VARIABLE,6054,251.7490809,-45.8611486,251.7490452,-45.8611579,99.9999,9.9999,99.9999,9.9999,99.9999,9.9999,13.539999,0.043,12.395999,0.032999,11.914999,0.016,0,1,2
5.94E+18,251.7883139,-45.86588266,18.42117,4.719486,NOT_AVAILABLE,5554,251.7883318,-45.8658821,251.7883032,-45.8658851,99.9999,9.9999,99.9999,9.9999,99.9999,9.9999,13.539999,0.010999,12.326,0.008999,11.770999,0.017999,0,1,2
5.94E+18,251.7411113,-45.85350682,18.436949,4.145998,NOT_AVAILABLE,3319,251.7411465,-45.8535057,251.7411149,-45.8535146,99.9999,9.9999,99.9999,9.9999,99.9999,9.9999,13.963,0.009999,12.942999,0.007,12.451,0.014999,0,1,2
5.94E+18,251.7863134,-45.8741091,18.448597,4.133255,NOT_AVAILABLE,2763,251.7863393,-45.8741079,251.7863034,-45.8741134,99.9999,9.9999,99.9999,9.9999,99.9999,9.9999,13.583,0.013,12.336,0.008,11.677,0.028,0,1,2
5.94E+18,251.7927063,-45.8451465,18.44864,4.8795395,VARIABLE,3541,251.7927051,-45.8451584,251.7926949,-45.8451554,99.9999,9.9999,99.9999,9.9999,99.9999,9.9999,13.673999,0.013,12.501999,0.009999,12,0.017,0,1,2
5.94E+18,251.7447786,-45.85167226,18.46314,4.1460476,NOT_AVAILABLE,5796,251.7448046,-45.8516734,251.7447756,-45.8516811,99.9999,9.9999,99.9999,9.9999,99.9999,9.9999,14,0.014,12.940999,0.012,12.435,0.023,0,1,2
5.94E+18,251.7981958,-45.84620729,18.46544,4.8116665,NOT_AVAILABLE,4348,251.7981985,-45.8462198,251.798189,-45.846216,99.9999,9.9999,99.9999,9.9999,99.9999,9.9999,13.895999,0.013,12.798999,0.009999,12.324,0.017,0,1,2
5.94E+18,251.7458791,-45.87210325,18.473461,4.0415287,NOT_AVAILABLE,20807,251.7459051,-45.87209032,251.7458595,-45.8721029,14.2303,0.039,13.8096,0.047,13.6387,0.046,14.286,0.009999,13.361,0.008999,12.866999,0.016,0,1,2
5.94E+18,251.7363447,-45.85688504,18.496763,4.2072334,NOT_AVAILABLE,9852,251.7364098,-45.85688188,251.7363741,-45.8568925,14.0753,0.039,13.6686,0.05,13.4327,0.05,14.137,0.009999,13.166,0.008,12.670999,0.017999,0,1,2
5.94E+18,251.7916343,-45.85759867,18.58364,4.2078075,NOT_AVAILABLE,1067,251.7916423,-45.8576059,251.7916215,-45.8576062,99.9999,9.9999,99.9999,9.9999,99.9999,9.9999,13.501999,0.009999,12.222,0.008999,11.652,0.014,0,1,2
5.94E+18,251.7770923,-45.83511717,18.5921,4.056534,NOT_AVAILABLE,5697,251.7770928,-45.8351268,251.7770865,-45.8351242,99.9999,9.9999,99.9999,9.9999,99.9999,9.9999,14.043999,0.014,12.951999,0.013,12.487999,0.014999,0,1,2
5.94E+18,251.7436233,-45.87652548,18.62544,4.0133324,NOT_AVAILABLE,16331,251.7436507,-45.87651047,251.7436008,-45.8765246,14.3823,0.025,13.8816,0.044,13.6367,0.043,99.9999,9.9999,99.9999,9.9999,99.9999,9.9999,0,1,2
5.94E+18,251.7609777,-45.87176536,18.628922,5.102558,NOT_AVAILABLE,20826,251.7610075,-45.87175398,251.7609664,-45.8717637,14.0673,0.038,13.6686,0.06,13.3597,0.049,99.9999,9.9999,99.9999,9.9999,99.9999,9.9999,0,1,2
5.94E+18,251.7366096,-45.83934239,18.659666,4.1676693,NOT_AVAILABLE,7226,251.7366808,-45.8393367,251.7366597,-45.8393428,14.2913,0.025,13.9226,0.067,13.5947,0.046,14.286999,0.010999,13.324,0.010999,12.840999,0.012,0,1,2
5.94E+18,251.7531395,-45.86659741,18.671013,4.9699783,NOT_AVAILABLE,18411,251.7531715,-45.86658394,251.7531324,-45.8665938,14.2043,0.042,13.7676,0.044,13.4447,0.048,14.182,0.039,13.151,0.028999,12.668999,0.048999,0,1,2
5.94E+18,251.7470483,-45.85569213,18.755861,4.7953434,NOT_AVAILABLE,26732,251.7470788,-45.85567514,251.7470471,-45.8556834,13.9793,0.049,13.4936,0.082,13.2047,0.075,14.177,0.012,13.107999,0.008999,12.600999,0.017999,0,1,2
5.94E+18,251.7844712,-45.85130934,18.83083,4.4498444,NOT_AVAILABLE,1315,251.7844794,-45.8513176,251.7844618,-45.8513177,99.9999,9.9999,99.9999,9.9999,99.9999,9.9999,13.677,0.010999,12.359999,0.008999,11.772,0.014,0,1,2
5.94E+18,251.8083567,-45.83877412,18.871191,4.435961,NOT_AVAILABLE,26838,251.8083834,-45.8387743,251.8083829,-45.8387667,14.0703,0.058,13.4886,0.058,13.1547,0.043,14.043999,0.013,12.836,0.009999,12.326,0.016,0,1,2
5.94E+18,251.8127666,-45.84566616,18.91075,4.2270546,NOT_AVAILABLE,1505,251.8127778,-45.845672,251.8127728,-45.8456653,99.9999,9.9999,99.9999,9.9999,99.9999,9.9999,13.050999,0.010999,11.496999,0.007,10.817,0.012,0,1,2
5.94E+18,251.7768436,-45.82600455,18.919102,4.515808,NOT_AVAILABLE,4021,251.7768415,-45.8260024,251.7768427,-45.8259976,99.9999,9.9999,99.9999,9.9999,99.9999,9.9999,14.029999,0.012,12.821999,0.010999,12.133,0.028,0,1,2
5.94E+18,251.7866277,-45.84120059,18.964705,4.196085,NOT_AVAILABLE,5671,251.7866295,-45.8412133,251.7866209,-45.8412104,99.9999,9.9999,99.9999,9.9999,99.9999,9.9999,14.140999,0.016,12.961,0.013,12.453,0.016,0,1,2
5.94E+18,251.7833626,-45.84435505,18.966265,4.830467,NOT_AVAILABLE,26847,251.7833799,-45.84435615,251.7833678,-45.8443547,14.1743,0.037,13.5736,0.044,13.2507,0.039,14.166999,0.014,12.949,0.009999,12.463,0.017999,0,1,2
5.94E+18,251.8092581,-45.87068979,18.979128,4.685089,NOT_AVAILABLE,4636,251.8092852,-45.8706917,251.8092585,-45.870692,99.9999,9.9999,99.9999,9.9999,99.9999,9.9999,13.786,0.014,12.121,0.013,11.468,0.021999,0,1,2
5.94E+18,251.7341358,-45.84812937,18.983734,4.6055946,NOT_AVAILABLE,5878,251.7342001,-45.84812092,251.734171,-45.8481297,14.3903,0.05,13.6916,0.032,13.4207,0.028,14.208999,0.010999,13.130999,0.007,12.583999,0.012,0,1,2
5.94E+18,251.7999253,-45.85557508,18.996847,4.795578,NOT_AVAILABLE,3273,251.7999314,-45.8555848,251.7999146,-45.855583,99.9999,9.9999,99.9999,9.9999,99.9999,9.9999,13.967,0.008999,12.687,0.008,12.128999,0.014999,0,1,2
5.94E+18,251.7630254,-45.83464718,19.101328,4.291235,NOT_AVAILABLE,44399,251.7629853,-45.83465127,251.7629755,-45.8346512,14.2563,0.023,13.7866,0.042,13.4727,0.039,14.305,0.012,13.147999,0.008,12.623999,0.014,0,1,2
5.94E+18,251.7449873,-45.85012071,19.16399,4.32843,NOT_AVAILABLE,3392,251.7450541,-45.85011668,251.7450264,-45.8501239,14.5463,0.039,14.0766,0.051,13.8337,0.047,14.56,0.010999,13.47,0.007,12.928,0.014999,0,1,2
5.94E+18,251.7839469,-45.84194993,19.246077,4.5339775,NOT_AVAILABLE,26874,251.7839655,-45.84195448,251.7839555,-45.8419523,14.5533,0.033,14.1606,0.06,13.8997,0.064,14.593999,0.014999,13.435,0.014,12.788,0.027,0,1,2
5.94E+18,251.7976571,-45.85364233,19.343674,4.680937,NOT_AVAILABLE,26894,251.7976694,-45.85364693,251.7976536,-45.8536451,14.7743,0.034,14.1526,0.043,13.8907,0.035,14.673,0.014999,13.538999,0.013,13.071,0.021999,0,1,2
5.94E+18,251.7631395,-45.87064459,19.377815,4.505232,NOT_AVAILABLE,24862,251.7631668,-45.87063307,251.7631273,-45.8706421,14.9383,0.044,14.3476,0.07,14.0687,0.092,99.9999,9.9999,99.9999,9.9999,99.9999,9.9999,0,1,2
5.94E+18,251.7802418,-45.86291082,19.785908,4.6146603,NOT_AVAILABLE,18921,251.7802787,-45.86290008,251.7802503,-45.8629039,14.6473,0.029,14.0616,0.046,13.6637,0.044,14.677,0.026,13.392999,0.020999,12.744,0.032,0,1,2
5.94E+18,251.7867914,-45.84546201,19.943785,5.165243,NOT_AVAILABLE,26939,251.7868077,-45.8454626,251.7867956,-45.8454608,15.0793,0.034,14.5646,0.042,14.3067,0.045,15.057999,0.028,13.857,0.028,13.458,0.045,0,1,2
5.94E+18,251.7559315,-45.84369541,10.937561,4.957801,NOT_AVAILABLE,,,,,,,,,,,,,,,,,,0,1,3
5.94E+18,251.7629374,-45.87195184,11.259188,7.1908064,VARIABLE,,,,,,,,,,,,,,,,,,0,1,3
5.94E+18,251.7651022,-45.83734025,11.883687,5.1799564,VARIABLE,,,,,,,,,,,,,,,,,,0,1,3
5.94E+18,251.6696483,-45.83115065,13.214236,2.0330887,NOT_AVAILABLE,,,,,,,,,,,,,,,,,,0,1,3
5.94E+18,251.7706042,-45.84077399,13.446194,4.662142,NOT_AVAILABLE,,,,,,,,,,,,,,,,,,0,1,3
5.94E+18,251.7694229,-45.84404202,13.639112,4.8230915,VARIABLE,,,,,,,,,,,,,,,,,,0,1,3
5.94E+18,251.7593134,-45.84645851,13.858897,4.8462944,NOT_AVAILABLE,,,,,,,,,,,,,,,,,,0,1,3
5.94E+18,251.7777878,-45.79403489,14.060489,5.4175997,VARIABLE,,,,,,,,,,,,,,,,,,0,1,3
5.94E+18,251.8310533,-45.81878182,14.11968,2.3958616,NOT_AVAILABLE,,,,,,,,,,,,,,,,,,0,1,3
5.94E+18,251.6905772,-45.88642752,14.240295,2.8923626,NOT_AVAILABLE,,,,,,,,,,,,,,,,,,0,1,3
5.94E+18,251.8453564,-45.82385866,14.432758,5.4542522,VARIABLE,,,,,,,,,,,,,,,,,,0,1,3
5.94E+18,251.7663033,-45.85550261,14.554403,5.649805,NOT_AVAILABLE,,,,,,,,,,,,,,,,,,0,1,3
5.94E+18,251.7648047,-45.84938526,14.562051,5.273041,VARIABLE,,,,,,,,,,,,,,,,,,0,1,3
5.94E+18,251.7675089,-45.85201365,14.782972,5.721405,VARIABLE,,,,,,,,,,,,,,,,,,0,1,3
5.94E+18,251.7716973,-45.87362398,14.809304,4.6432104,NOT_AVAILABLE,,,,,,,,,,,,,,,,,,0,1,3
5.94E+18,251.6857012,-45.83140553,15.031388,4.1908274,NOT_AVAILABLE,,,,,,,,,,,,,,,,,,0,1,3
5.94E+18,251.6706972,-45.82830755,15.06826,3.595992,NOT_AVAILABLE,,,,,,,,,,,,,,,,,,0,1,3
5.94E+18,251.7629698,-45.85867452,15.099625,5.2869205,NOT_AVAILABLE,,,,,,,,,,,,,,,,,,0,1,3
5.94E+18,251.6960811,-45.87308094,15.710119,4.299464,NOT_AVAILABLE,,,,,,,,,,,,,,,,,,0,1,3
5.94E+18,251.699388,-45.8585725,15.759134,4.345889,NOT_AVAILABLE,,,,,,,,,,,,,,,,,,0,1,3
5.94E+18,251.6909902,-45.85226012,16.192413,4.030267,VARIABLE,,,,,,,,,,,,,,,,,,0,1,3
5.94E+18,251.7666533,-45.84327058,16.21689,4.799345,VARIABLE,,,,,,,,,,,,,,,,,,0,1,3
5.94E+18,251.7068411,-45.88142054,16.276512,4.0418415,VARIABLE,,,,,,,,,,,,,,,,,,0,1,3
5.94E+18,251.7878391,-45.88907532,16.313559,5.070854,NOT_AVAILABLE,,,,,,,,,,,,,,,,,,0,1,3
5.94E+18,251.7301573,-45.90567011,16.416641,4.2157373,VARIABLE,,,,,,,,,,,,,,,,,,0,1,3
5.94E+18,251.7354596,-45.79873387,16.579397,6.0850716,NOT_AVAILABLE,,,,,,,,,,,,,,,,,,0,1,3
5.94E+18,251.7285217,-45.80412091,16.632954,3.170107,NOT_AVAILABLE,,,,,,,,,,,,,,,,,,0,1,3
5.94E+18,251.773116,-45.84299225,16.66197,5.400366,NOT_AVAILABLE,,,,,,,,,,,,,,,,,,0,1,3
5.94E+18,251.7448904,-45.90888716,16.674515,4.862108,NOT_AVAILABLE,,,,,,,,,,,,,,,,,,0,1,3
5.94E+18,251.7653848,-45.89709978,16.674927,4.0126743,NOT_AVAILABLE,,,,,,,,,,,,,,,,,,0,1,3
5.94E+18,251.7658898,-45.8952456,16.683222,5.029999,NOT_AVAILABLE,,,,,,,,,,,,,,,,,,0,1,3
5.94E+18,251.7800696,-45.82875973,16.710058,5.2288713,NOT_AVAILABLE,,,,,,,,,,,,,,,,,,0,1,3
5.94E+18,251.6881066,-45.81574347,16.717422,3.4968243,NOT_AVAILABLE,,,,,,,,,,,,,,,,,,0,1,3
5.94E+18,251.7268032,-45.89170624,16.860441,4.4877157,NOT_AVAILABLE,,,,,,,,,,,,,,,,,,0,1,3
5.94E+18,251.6814817,-45.87090081,16.977922,4.390765,NOT_AVAILABLE,,,,,,,,,,,,,,,,,,0,1,3
5.94E+18,251.7645608,-45.81592446,16.983055,5.5174294,NOT_AVAILABLE,,,,,,,,,,,,,,,,,,0,1,3
5.94E+18,251.6958756,-45.86317146,17.001703,4.2872095,NOT_AVAILABLE,,,,,,,,,,,,,,,,,,0,1,3
5.94E+18,251.7181221,-45.86763151,17.03448,4.236635,NOT_AVAILABLE,,,,,,,,,,,,,,,,,,0,1,3
5.94E+18,251.721367,-45.9083754,17.11477,4.2253675,NOT_AVAILABLE,,,,,,,,,,,,,,,,,,0,1,3
5.94E+18,251.7683321,-45.84202974,17.143408,4.76035,VARIABLE,,,,,,,,,,,,,,,,,,0,1,3
5.94E+18,251.7515283,-45.89705924,17.25082,4.086603,NOT_AVAILABLE,,,,,,,,,,,,,,,,,,0,1,3
5.94E+18,251.8427045,-45.83106873,17.286873,4.39054,NOT_AVAILABLE,,,,,,,,,,,,,,,,,,0,1,3
5.94E+18,251.7250278,-45.80560633,17.316502,4.4934597,NOT_AVAILABLE,,,,,,,,,,,,,,,,,,0,1,3
5.94E+18,251.7613077,-45.78741353,17.339922,3.9753351,NOT_AVAILABLE,,,,,,,,,,,,,,,,,,0,1,3
5.94E+18,251.7522875,-45.79654788,17.362034,4.1395807,NOT_AVAILABLE,,,,,,,,,,,,,,,,,,0,1,3
5.94E+18,251.8264711,-45.8151618,17.400274,5.5994825,NOT_AVAILABLE,,,,,,,,,,,,,,,,,,0,1,3
5.94E+18,251.8356279,-45.83160193,17.457516,4.45576,NOT_AVAILABLE,,,,,,,,,,,,,,,,,,0,1,3
5.94E+18,251.7703495,-45.8439681,17.462547,5.630042,NOT_AVAILABLE,,,,,,,,,,,,,,,,,,0,1,3
5.94E+18,251.7482621,-45.89588839,17.524862,4.3151684,NOT_AVAILABLE,,,,,,,,,,,,,,,,,,0,1,3
5.94E+18,251.7549617,-45.90543855,17.55694,4.5806713,NOT_AVAILABLE,,,,,,,,,,,,,,,,,,0,1,3
5.94E+18,251.7015126,-45.89911736,17.626888,5.0032063,NOT_AVAILABLE,,,,,,,,,,,,,,,,,,0,1,3
5.94E+18,251.7898601,-45.79668095,17.634314,5.555401,NOT_AVAILABLE,,,,,,,,,,,,,,,,,,0,1,3
5.94E+18,251.8485326,-45.85437063,17.662033,5.410577,NOT_AVAILABLE,,,,,,,,,,,,,,,,,,0,1,3
5.94E+18,251.6998701,-45.82888908,17.688847,4.3030148,NOT_AVAILABLE,,,,,,,,,,,,,,,,,,0,1,3
5.94E+18,251.7061403,-45.88550011,17.740189,4.1164665,NOT_AVAILABLE,,,,,,,,,,,,,,,,,,0,1,3
5.94E+18,251.8111473,-45.88700878,17.76016,4.9828777,NOT_AVAILABLE,,,,,,,,,,,,,,,,,,0,1,3
5.94E+18,251.7544353,-45.88896929,17.869102,5.6919594,NOT_AVAILABLE,,,,,,,,,,,,,,,,,,0,1,3
5.94E+18,251.8349942,-45.87749798,17.907345,5.298376,NOT_AVAILABLE,,,,,,,,,,,,,,,,,,0,1,3
5.94E+18,251.7033268,-45.89781343,17.957268,5.280161,NOT_AVAILABLE,,,,,,,,,,,,,,,,,,0,1,3
5.94E+18,251.7705893,-45.89244522,18.003305,4.646555,NOT_AVAILABLE,,,,,,,,,,,,,,,,,,0,1,3
5.94E+18,251.7215303,-45.87055289,18.00563,5.046919,NOT_AVAILABLE,,,,,,,,,,,,,,,,,,0,1,3
5.94E+18,251.7375149,-45.90422451,18.04221,4.6615314,NOT_AVAILABLE,,,,,,,,,,,,,,,,,,0,1,3
5.94E+18,251.699368,-45.8660531,18.044846,4.239292,NOT_AVAILABLE,,,,,,,,,,,,,,,,,,0,1,3
5.94E+18,251.8347869,-45.88520685,18.078903,4.777321,NOT_AVAILABLE,,,,,,,,,,,,,,,,,,0,1,3
5.94E+18,251.75529,-45.80290223,18.131824,4.4663525,NOT_AVAILABLE,,,,,,,,,,,,,,,,,,0,1,3
5.94E+18,251.8329122,-45.85368619,18.154016,4.6782265,NOT_AVAILABLE,,,,,,,,,,,,,,,,,,0,1,3
5.94E+18,251.8335575,-45.81285788,18.161963,5.333067,NOT_AVAILABLE,,,,,,,,,,,,,,,,,,0,1,3
5.94E+18,251.6991032,-45.86024133,18.187012,4.185375,NOT_AVAILABLE,,,,,,,,,,,,,,,,,,0,1,3
5.94E+18,251.8105092,-45.7965207,18.23995,5.2074814,NOT_AVAILABLE,,,,,,,,,,,,,,,,,,0,1,3
5.94E+18,251.7028508,-45.84065137,18.336952,4.189087,NOT_AVAILABLE,,,,,,,,,,,,,,,,,,0,1,3
5.94E+18,251.7134788,-45.80738012,18.418324,4.379936,NOT_AVAILABLE,,,,,,,,,,,,,,,,,,0,1,3
5.94E+18,251.7990447,-45.90687228,18.508162,4.5651264,NOT_AVAILABLE,,,,,,,,,,,,,,,,,,0,1,3
5.94E+18,251.7834169,-45.8900258,18.62075,4.460188,NOT_AVAILABLE,,,,,,,,,,,,,,,,,,0,1,3
5.94E+18,251.7561048,-45.8157213,18.645908,4.7863426,NOT_AVAILABLE,,,,,,,,,,,,,,,,,,0,1,3
5.94E+18,251.704202,-45.8809343,18.716803,4.448559,NOT_AVAILABLE,,,,,,,,,,,,,,,,,,0,1,3
5.94E+18,251.6667462,-45.85152701,18.723467,4.3686523,NOT_AVAILABLE,,,,,,,,,,,,,,,,,,0,1,3
5.94E+18,251.7707459,-45.80733861,18.830385,4.251379,NOT_AVAILABLE,,,,,,,,,,,,,,,,,,0,1,3
5.94E+18,251.8260085,-45.81987848,18.857914,4.8486233,NOT_AVAILABLE,,,,,,,,,,,,,,,,,,0,1,3
5.94E+18,251.7185192,-45.85311922,18.989794,4.510542,NOT_AVAILABLE,,,,,,,,,,,,,,,,,,0,1,3
5.94E+18,251.7681921,-45.85706005,19.12389,4.930689,NOT_AVAILABLE,,,,,,,,,,,,,,,,,,0,1,3
5.94E+18,251.7597883,-45.89632965,19.275267,4.3812046,NOT_AVAILABLE,,,,,,,,,,,,,,,,,,0,1,3
5.94E+18,251.7551755,-45.86328925,16.128044,,NOT_AVAILABLE,26255,251.7552121,-45.86325808,251.7551764,-45.8632667,14.2253,0.03,13.9666,0.057,13.7077,0.037,99.9999,9.9999,99.9999,9.9999,99.9999,9.9999,1,0,4
5.94E+18,251.7687966,-45.85541992,16.19354,2.0152712,NOT_AVAILABLE,26743,251.7688317,-45.85540941,251.7688064,-45.8554135,13.9793,0.035,13.7456,0.06,13.5027,0.049,99.9999,9.9999,99.9999,9.9999,99.9999,9.9999,1,0,4
5.94E+18,251.7650817,-45.86489644,16.693432,2.7321825,NOT_AVAILABLE,21806,251.7651164,-45.86488603,251.7650821,-45.8648932,14.2903,0.051,13.9196,0.06,13.7597,0.075,99.9999,9.9999,99.9999,9.9999,99.9999,9.9999,1,0,4
5.94E+18,251.7593557,-45.8402197,16.972385,2.146552,NOT_AVAILABLE,44430,251.7593173,-45.84022139,251.7593018,-45.8402235,14.6273,0.033,14.1416,0.06,13.9637,0.06,99.9999,9.9999,99.9999,9.9999,99.9999,9.9999,1,0,4
5.94E+18,251.7561467,-45.85941535,17.52889,3.2396488,NOT_AVAILABLE,19244,251.756178,-45.85939355,251.7561458,-45.859401,15.1183,0.028,14.8266,0.05,14.6517,0.047,99.9999,9.9999,99.9999,9.9999,99.9999,9.9999,1,0,4
5.94E+18,251.7654704,-45.85601036,17.546211,,NOT_AVAILABLE,22374,251.7655008,-45.85599642,251.765474,-45.8560013,15.0363,0.051,14.6236,0.05,14.4597,0.046,99.9999,9.9999,99.9999,9.9999,99.9999,9.9999,1,0,4
5.94E+18,251.7771386,-45.83868859,17.620611,2.3272762,NOT_AVAILABLE,43334,251.7771825,-45.83869817,251.7771733,-45.8386965,15.2853,0.035,14.9006,0.05,14.7017,0.049,99.9999,9.9999,99.9999,9.9999,99.9999,9.9999,1,0,4
5.94E+18,251.7612333,-45.84002996,17.680002,,NOT_AVAILABLE,44535,251.7611844,-45.84003169,251.7611696,-45.8400334,15.5863,0.033,15.1686,0.036,15.0037,0.036,99.9999,9.9999,99.9999,9.9999,99.9999,9.9999,1,0,4
5.94E+18,251.7725468,-45.86000322,17.86264,,NOT_AVAILABLE,22214,251.7725784,-45.85999535,251.7725503,-45.8599999,14.6053,0.041,14.2916,0.074,14.0607,0.068,99.9999,9.9999,99.9999,9.9999,99.9999,9.9999,1,0,4
5.94E+18,251.7532783,-45.85305675,18.073462,,NOT_AVAILABLE,19511,251.7533112,-45.85304154,251.7532834,-45.853048,15.0723,0.045,14.7396,0.05,14.5557,0.05,99.9999,9.9999,99.9999,9.9999,99.9999,9.9999,1,0,4
5.94E+18,251.7743481,-45.84468304,18.118996,5.913332,NOT_AVAILABLE,26826,251.7743608,-45.8446792,251.7743458,-45.8446795,13.4923,0.051,13.0366,0.057,12.8097,0.06,99.9999,9.9999,99.9999,9.9999,99.9999,9.9999,1,0,4
5.94E+18,251.7661161,-45.85287024,18.176249,,NOT_AVAILABLE,19515,251.7661517,-45.85285898,251.7661276,-45.8528629,15.8223,0.036,15.3676,0.034,15.1767,0.029,99.9999,9.9999,99.9999,9.9999,99.9999,9.9999,1,0,4
5.94E+18,251.7695636,-45.84178065,18.20552,,NOT_AVAILABLE,4739,251.7696436,-45.84177695,251.7696297,-45.8417774,13.7733,0.045,13.2626,0.058,13.0167,0.045,99.9999,9.9999,99.9999,9.9999,99.9999,9.9999,1,0,4
5.94E+18,251.7685344,-45.8555684,18.264767,,NOT_AVAILABLE,16112,251.7685671,-45.85554308,251.7685416,-45.8555472,16.2203,0.059,15.8366,0.081,15.9527,0.206,99.9999,9.9999,99.9999,9.9999,99.9999,9.9999,1,0,4
5.94E+18,251.7600628,-45.85328407,18.319075,2.764557,NOT_AVAILABLE,26825,251.7600975,-45.85326266,251.7600714,-45.8532679,15.6183,0.047,15.3776,0.042,15.2167,0.041,99.9999,9.9999,99.9999,9.9999,99.9999,9.9999,1,0,4
5.94E+18,251.7531543,-45.84112526,18.353893,2.3747368,NOT_AVAILABLE,44570,251.753111,-45.84112954,251.753093,-45.841133,15.7763,0.045,15.4586,0.059,15.2817,0.057,99.9999,9.9999,99.9999,9.9999,99.9999,9.9999,1,0,4
5.94E+18,251.7772208,-45.84117967,18.39042,,NOT_AVAILABLE,27046,251.7772492,-45.84117388,251.777238,-45.8411728,15.6583,0.041,15.3126,0.048,15.1557,0.057,99.9999,9.9999,99.9999,9.9999,99.9999,9.9999,1,0,4
5.94E+18,251.7493759,-45.84697841,18.394684,2.884739,NOT_AVAILABLE,6066,251.7494427,-45.84697173,251.7494188,-45.8469774,15.9293,0.032,15.4906,0.037,15.2177,0.039,99.9999,9.9999,99.9999,9.9999,99.9999,9.9999,1,0,4
5.94E+18,251.7515885,-45.845032,18.421726,2.6811237,NOT_AVAILABLE,6402,251.751661,-45.84502985,251.7516394,-45.8450346,15.6853,0.029,15.2996,0.044,15.0977,0.039,99.9999,9.9999,99.9999,9.9999,99.9999,9.9999,1,0,4
5.94E+18,251.7755884,-45.8571518,18.445612,,NOT_AVAILABLE,27117,251.7755962,-45.8571514,251.7755713,-45.8571546,15.9393,0.086,15.5096,0.063,15.2727,0.065,99.9999,9.9999,99.9999,9.9999,99.9999,9.9999,1,0,4
5.94E+18,251.7493982,-45.840063,18.45002,,NOT_AVAILABLE,11609,251.7494735,-45.84005553,251.7494554,-45.8400594,14.3733,0.075,13.7626,0.05,13.5457,0.049,99.9999,9.9999,99.9999,9.9999,99.9999,9.9999,1,0,4
5.94E+18,251.7733663,-45.84642202,18.484144,3.2163525,NOT_AVAILABLE,27215,251.7733773,-45.84642588,251.7733606,-45.8464268,16.2683,0.044,15.7516,0.072,15.7767,0.058,99.9999,9.9999,99.9999,9.9999,99.9999,9.9999,1,0,4
5.94E+18,251.7610309,-45.84884295,18.632069,,NOT_AVAILABLE,16369,251.761071,-45.84882798,251.7610489,-45.8488319,13.8943,0.045,13.5136,0.05,13.1517,0.045,99.9999,9.9999,99.9999,9.9999,99.9999,9.9999,1,0,4
5.94E+18,251.7527948,-45.84315028,18.63449,,NOT_AVAILABLE,6701,251.7528655,-45.84314296,251.7528458,-45.843147,14.3303,0.035,13.7886,0.043,13.4787,0.035,99.9999,9.9999,99.9999,9.9999,99.9999,9.9999,1,0,4
5.94E+18,251.7638039,-45.86066288,18.72811,2.897583,VARIABLE,19142,251.7638395,-45.86065126,251.7638084,-45.8606576,15.9753,0.051,15.3946,0.04,15.2617,0.033,99.9999,9.9999,99.9999,9.9999,99.9999,9.9999,1,0,4
5.94E+18,251.7489847,-45.84801423,18.737091,,NOT_AVAILABLE,5898,251.7490511,-45.84800842,251.7490263,-45.8480144,14.4753,0.049,13.9036,0.053,13.4897,0.058,99.9999,9.9999,99.9999,9.9999,99.9999,9.9999,1,0,4
5.94E+18,251.7645236,-45.83920561,18.794756,3.6492996,NOT_AVAILABLE,44707,251.7644919,-45.83921207,251.7644787,-45.8392129,16.2503,0.04,15.8956,0.05,15.7367,0.053,99.9999,9.9999,99.9999,9.9999,99.9999,9.9999,1,0,4
5.94E+18,251.7689693,-45.84785051,18.816484,,NOT_AVAILABLE,22508,251.7690092,-45.8478351,251.7689902,-45.8478372,14.1073,0.034,13.5846,0.056,13.3077,0.041,99.9999,9.9999,99.9999,9.9999,99.9999,9.9999,1,0,4
5.94E+18,251.7683982,-45.84041717,18.907438,4.6959667,NOT_AVAILABLE,43309,251.7684129,-45.84041341,251.7683998,-45.8404138,14.1233,0.072,13.6036,0.07,13.3067,0.068,99.9999,9.9999,99.9999,9.9999,99.9999,9.9999,1,0,4
5.94E+18,251.7648879,-45.85583383,18.947905,,NOT_AVAILABLE,22880,251.764923,-45.85581508,251.7648962,-45.85582,15.4413,0.063,14.9656,0.069,14.8007,0.081,99.9999,9.9999,99.9999,9.9999,99.9999,9.9999,1,0,4
5.94E+18,251.7684984,-45.85084079,18.970222,,NOT_AVAILABLE,26886,251.7685082,-45.85084883,251.7684865,-45.8508518,14.6823,0.073,14.0966,0.083,13.7867,0.093,99.9999,9.9999,99.9999,9.9999,99.9999,9.9999,1,0,4
5.94E+18,251.7697603,-45.84300996,19.041441,3.097826,NOT_AVAILABLE,43390,251.7697775,-45.84301131,251.7697627,-45.8430121,16.1593,0.075,15.8236,0.106,15.6307,0.112,99.9999,9.9999,99.9999,9.9999,99.9999,9.9999,1,0,4
5.94E+18,251.7713151,-45.84391663,19.0492,,NOT_AVAILABLE,26834,251.7713311,-45.8439175,251.7713159,-45.8439182,14.0223,0.06,13.4716,0.107,13.0667,0.119,99.9999,9.9999,99.9999,9.9999,99.9999,9.9999,1,0,4
5.94E+18,251.7584771,-45.85377479,19.076902,,NOT_AVAILABLE,19497,251.75851,-45.85375866,251.7584831,-45.8537643,14.2993,0.026,13.7336,0.04,13.4417,0.035,99.9999,9.9999,99.9999,9.9999,99.9999,9.9999,1,0,4
5.94E+18,251.764565,-45.85176356,19.081419,,NOT_AVAILABLE,15237,251.764601,-45.85174706,251.7645775,-45.851751,14.0483,0.043,13.4346,0.043,13.0977,0.048,99.9999,9.9999,99.9999,9.9999,99.9999,9.9999,1,0,4
5.94E+18,251.7723149,-45.84049144,19.135895,4.1045265,NOT_AVAILABLE,43341,251.7723326,-45.84049116,251.7723206,-45.8404908,15.5033,0.054,15.0726,0.076,14.8697,0.057,99.9999,9.9999,99.9999,9.9999,99.9999,9.9999,1,0,4
5.94E+18,251.7664876,-45.83902818,19.238964,2.8130608,NOT_AVAILABLE,44856,251.7664466,-45.83903163,251.7664341,-45.839032,16.6493,0.048,16.2386,0.051,16.0847,0.068,99.9999,9.9999,99.9999,9.9999,99.9999,9.9999,1,0,4
5.94E+18,251.7662003,-45.84628748,19.330729,,NOT_AVAILABLE,43321,251.7662053,-45.84628292,251.7661867,-45.8462852,14.8683,0.054,14.2366,0.089,13.8897,0.073,99.9999,9.9999,99.9999,9.9999,99.9999,9.9999,1,0,4
5.94E+18,251.7679101,-45.84321017,19.350315,4.370287,NOT_AVAILABLE,43418,251.7679349,-45.84321568,251.7679194,-45.8432169,16.6003,0.06,16.2066,0.087,16.4697,0.213,99.9999,9.9999,99.9999,9.9999,99.9999,9.9999,1,0,4
5.94E+18,251.7489751,-45.8512192,19.35959,4.067993,NOT_AVAILABLE,1781,251.7490412,-45.85121617,251.7490138,-45.851223,15.2533,0.031,14.7156,0.042,14.3837,0.036,99.9999,9.9999,99.9999,9.9999,99.9999,9.9999,1,0,4
5.94E+18,251.773043,-45.8415902,19.368368,,NOT_AVAILABLE,43346,251.7730606,-45.84158866,251.7730479,-45.8415885,15.5853,0.035,15.0536,0.051,14.8777,0.042,99.9999,9.9999,99.9999,9.9999,99.9999,9.9999,1,0,4
5.94E+18,251.7526831,-45.85190037,19.419777,4.865429,NOT_AVAILABLE,514,251.7527496,-45.8518979,251.7527226,-45.8519041,14.3713,0.066,14.0286,0.082,13.7307,0.096,99.9999,9.9999,99.9999,9.9999,99.9999,9.9999,1,0,4
5.94E+18,251.7577051,-45.84253129,19.431448,,NOT_AVAILABLE,44451,251.7576623,-45.8425355,251.7576445,-45.8425385,14.9393,0.04,14.4796,0.062,14.3057,0.087,99.9999,9.9999,99.9999,9.9999,99.9999,9.9999,1,0,4
5.94E+18,251.7553566,-45.8384601,19.436172,,NOT_AVAILABLE,44824,251.755316,-45.83846362,251.7553009,-45.838466,16.5663,0.031,16.1896,0.037,15.9397,0.042,99.9999,9.9999,99.9999,9.9999,99.9999,9.9999,1,0,4
5.94E+18,251.7776233,-45.85011956,19.502914,3.2642746,NOT_AVAILABLE,27274,251.7776359,-45.85012104,251.7776174,-45.8501221,16.3673,0.03,15.9186,0.039,15.6347,0.031,99.9999,9.9999,99.9999,9.9999,99.9999,9.9999,1,0,4
5.94E+18,251.7730874,-45.84924168,19.524885,,NOT_AVAILABLE,26882,251.7731,-45.84924205,251.7730809,-45.8492438,14.6133,0.043,14.1486,0.041,13.9017,0.041,99.9999,9.9999,99.9999,9.9999,99.9999,9.9999,1,0,4
5.94E+18,251.765242,-45.84798026,19.536219,,NOT_AVAILABLE,43311,251.7652578,-45.84797933,251.7652376,-45.8479822,14.4383,0.035,14.0736,0.042,13.5797,0.054,99.9999,9.9999,99.9999,9.9999,99.9999,9.9999,1,0,4
5.94E+18,251.7619294,-45.8490154,19.538805,,NOT_AVAILABLE,19570,251.761967,-45.84899799,251.761945,-45.8490018,14.7693,0.041,14.1416,0.051,13.8137,0.041,99.9999,9.9999,99.9999,9.9999,99.9999,9.9999,1,0,4
5.94E+18,251.7699484,-45.86292209,19.552876,3.4762135,NOT_AVAILABLE,18920,251.7699838,-45.86291202,251.7699526,-45.8629178,15.7563,0.049,15.3586,0.062,15.0827,0.039,99.9999,9.9999,99.9999,9.9999,99.9999,9.9999,1,0,4
5.94E+18,251.7597912,-45.84699097,19.564907,,NOT_AVAILABLE,19575,251.7598248,-45.84697315,251.7598038,-45.8469768,14.8453,0.061,14.2026,0.058,13.8697,0.055,99.9999,9.9999,99.9999,9.9999,99.9999,9.9999,1,0,4
5.94E+18,251.7600467,-45.84071196,19.64456,,NOT_AVAILABLE,44457,251.7600051,-45.84071552,251.7599894,-45.8407176,14.9853,0.042,14.5786,0.046,14.2747,0.046,99.9999,9.9999,99.9999,9.9999,99.9999,9.9999,1,0,4
5.94E+18,251.7785672,-45.86062167,19.65241,2.730589,NOT_AVAILABLE,19145,251.7786009,-45.86061462,251.7785739,-45.8606182,16.5403,0.048,16.0856,0.063,15.7987,0.068,99.9999,9.9999,99.9999,9.9999,99.9999,9.9999,1,0,4
5.94E+18,251.7634152,-45.84250265,19.673307,,NOT_AVAILABLE,44435,251.7633784,-45.84250877,251.7633622,-45.8425106,14.7163,0.034,14.2586,0.041,13.9597,0.035,99.9999,9.9999,99.9999,9.9999,99.9999,9.9999,1,0,4
5.94E+18,251.7697663,-45.83879179,19.689205,4.9249086,NOT_AVAILABLE,45043,251.7697353,-45.8388004,251.7697239,-45.8388001,17.1533,0.075,16.4416,0.103,16.2867,0.07,99.9999,9.9999,99.9999,9.9999,99.9999,9.9999,1,0,4
5.94E+18,251.7604262,-45.85632079,19.6954,,NOT_AVAILABLE,19381,251.7604525,-45.85630973,251.760424,-45.8563156,16.7253,0.042,16.2856,0.049,16.1127,0.044,99.9999,9.9999,99.9999,9.9999,99.9999,9.9999,1,0,4
5.94E+18,251.7687497,-45.83938383,19.712751,,NOT_AVAILABLE,44687,251.7687115,-45.83938816,251.7686994,-45.8393882,16.1953,0.036,15.7906,0.046,15.4467,0.034,99.9999,9.9999,99.9999,9.9999,99.9999,9.9999,1,0,4
5.94E+18,251.7696847,-45.84540815,19.717749,5.6456738,NOT_AVAILABLE,43365,251.7696929,-45.84540353,251.769676,-45.8454049,15.8273,0.049,15.0816,0.083,15.0127,0.067,99.9999,9.9999,99.9999,9.9999,99.9999,9.9999,1,0,4
5.94E+18,251.7656376,-45.85140936,19.740557,,NOT_AVAILABLE,19554,251.7656745,-45.85139603,251.7656516,-45.8513997,14.6513,0.036,14.0716,0.033,13.7167,0.032,99.9999,9.9999,99.9999,9.9999,99.9999,9.9999,1,0,4
5.94E+18,251.7812283,-45.85346296,19.806143,,NOT_AVAILABLE,26869,251.7812331,-45.85346574,251.7812128,-45.853467,14.5183,0.051,13.8246,0.046,13.3967,0.034,99.9999,9.9999,99.9999,9.9999,99.9999,9.9999,1,0,4
5.94E+18,251.7536568,-45.8446263,19.815382,,NOT_AVAILABLE,6472,251.7537254,-45.84462243,251.7537047,-45.8446267,15.2893,0.043,14.6226,0.037,14.4337,0.042,99.9999,9.9999,99.9999,9.9999,99.9999,9.9999,1,0,4
5.94E+18,251.7644545,-45.86071226,19.824247,,NOT_AVAILABLE,16009,251.764481,-45.86070318,251.76445,-45.8607094,17.0093,0.044,16.6596,0.05,16.4357,0.045,99.9999,9.9999,99.9999,9.9999,99.9999,9.9999,1,0,4
5.94E+18,251.7698633,-45.85148035,19.838264,,NOT_AVAILABLE,26876,251.7698729,-45.85148134,251.7698511,-45.8514842,14.5763,0.026,14.0296,0.051,13.6627,0.041,99.9999,9.9999,99.9999,9.9999,99.9999,9.9999,1,0,4
5.94E+18,251.7518963,-45.84669946,19.896227,3.3552437,NOT_AVAILABLE,6102,251.7519702,-45.84669387,251.7519473,-45.846699,16.7163,0.039,16.1936,0.046,15.9967,0.05,99.9999,9.9999,99.9999,9.9999,99.9999,9.9999,1,0,4
5.94E+18,251.7683088,-45.84138183,19.897139,,NOT_AVAILABLE,43332,251.768323,-45.84138288,251.7683091,-45.8413835,15.2383,0.078,14.7946,0.072,14.2637,0.053,99.9999,9.9999,99.9999,9.9999,99.9999,9.9999,1,0,4
5.94E+18,251.7519343,-45.8421104,19.91256,,NOT_AVAILABLE,12861,251.7520063,-45.84210324,251.7519872,-45.8421072,15.1623,0.037,14.5966,0.049,14.2727,0.047,99.9999,9.9999,99.9999,9.9999,99.9999,9.9999,1,0,4
5.94E+18,251.7642524,-45.83778664,19.917849,,NOT_AVAILABLE,44443,251.7642179,-45.83778927,251.7642058,-45.8377898,14.8083,0.054,14.3496,0.081,13.9757,0.054,99.9999,9.9999,99.9999,9.9999,99.9999,9.9999,1,0,4
5.94E+18,251.7597727,-45.8506731,19.921795,,NOT_AVAILABLE,19562,251.7598068,-45.85065756,251.7597828,-45.8506622,14.7923,0.047,14.1986,0.038,13.8507,0.041,99.9999,9.9999,99.9999,9.9999,99.9999,9.9999,1,0,4
5.94E+18,251.7658612,-45.8390891,19.923761,,NOT_AVAILABLE,44445,251.7658438,-45.83908559,251.7658311,-45.8390861,14.8133,0.084,14.1756,0.125,13.8777,0.118,99.9999,9.9999,99.9999,9.9999,99.9999,9.9999,1,0,4
5.94E+18,251.7645797,-45.8383421,19.931927,4.1796703,NOT_AVAILABLE,44511,251.7645477,-45.83834952,251.7645352,-45.8383501,15.4243,0.163,14.9806,0.123,14.4887,0.11,99.9999,9.9999,99.9999,9.9999,99.9999,9.9999,1,0,4
5.94E+18,251.7661714,-45.84090065,19.995817,3.4542446,NOT_AVAILABLE,44491,251.7661269,-45.84090518,251.7661128,-45.8409061,15.3073,0.049,14.7936,0.062,14.5587,0.061,99.9999,9.9999,99.9999,9.9999,99.9999,9.9999,1,0,4
5.94E+18,251.761715,-45.84967607,20.017878,,NOT_AVAILABLE,5116,251.7617821,-45.84967962,251.7617595,-45.8496836,15.7623,0.034,15.4876,0.052,14.9577,0.066,99.9999,9.9999,99.9999,9.9999,99.9999,9.9999,1,0,4
5.94E+18,251.7688926,-45.84133904,20.026875,,NOT_AVAILABLE,43351,251.7689048,-45.84133816,251.7688911,-45.8413387,15.6713,0.119,15.4356,0.189,15.6027,0.334,99.9999,9.9999,99.9999,9.9999,99.9999,9.9999,1,0,4
5.94E+18,251.7684625,-45.85151667,20.048635,,NOT_AVAILABLE,26879,251.7684718,-45.85151655,251.7684495,-45.8515197,14.5973,0.062,13.9976,0.049,13.6327,0.041,99.9999,9.9999,99.9999,9.9999,99.9999,9.9999,1,0,4
5.94E+18,251.7759248,-45.84616431,20.049524,,NOT_AVAILABLE,26973,251.7759294,-45.84616284,251.7759137,-45.8461633,15.3053,0.048,14.7656,0.064,14.4847,0.065,99.9999,9.9999,99.9999,9.9999,99.9999,9.9999,1,0,4
5.94E+18,251.7593868,-45.84844727,20.057922,,NOT_AVAILABLE,19571,251.7594218,-45.84843169,251.7593996,-45.8484358,15.1813,0.069,14.6206,0.073,14.2747,0.065,99.9999,9.9999,99.9999,9.9999,99.9999,9.9999,1,0,4
5.94E+18,251.7810433,-45.85851692,20.06188,2.3035393,NOT_AVAILABLE,27697,251.7810529,-45.85852074,251.7810284,-45.8585233,17.2503,0.032,16.7816,0.048,16.6037,0.048,99.9999,9.9999,99.9999,9.9999,99.9999,9.9999,1,0,4
5.94E+18,251.7519059,-45.84509927,20.07289,,NOT_AVAILABLE,6392,251.7519674,-45.84510222,251.7519458,-45.8451069,15.4463,0.04,15.0026,0.057,14.7287,0.047,99.9999,9.9999,99.9999,9.9999,99.9999,9.9999,1,0,4
5.94E+18,251.7671616,-45.84028125,20.086798,,NOT_AVAILABLE,44450,251.7671203,-45.84029037,251.767107,-45.840291,14.9163,0.051,14.4376,0.051,14.0387,0.063,99.9999,9.9999,99.9999,9.9999,99.9999,9.9999,1,0,4
5.94E+18,251.7659566,-45.84187322,20.096577,,NOT_AVAILABLE,43338,251.765974,-45.84187271,251.765959,-45.8418739,15.4433,0.139,14.9086,0.134,14.6627,0.132,99.9999,9.9999,99.9999,9.9999,99.9999,9.9999,1,0,4
5.94E+18,251.7556639,-45.86092584,20.118954,,NOT_AVAILABLE,19122,251.7556939,-45.86091201,251.7556603,-45.86092,15.3603,0.034,14.8336,0.041,14.5727,0.034,99.9999,9.9999,99.9999,9.9999,99.9999,9.9999,1,0,4
5.94E+18,251.7624928,-45.85407911,20.152853,,NOT_AVAILABLE,19486,251.7625288,-45.85406186,251.7625027,-45.8540668,15.3383,0.043,14.8236,0.059,14.5547,0.047,99.9999,9.9999,99.9999,9.9999,99.9999,9.9999,1,0,4
5.94E+18,251.7579932,-45.84681482,20.186949,3.7726192,NOT_AVAILABLE,6087,251.7580672,-45.84680982,251.7580459,-45.8468138,16.8883,0.03,16.3996,0.035,16.2567,0.036,99.9999,9.9999,99.9999,9.9999,99.9999,9.9999,1,0,4
5.94E+18,251.7663608,-45.8572613,20.21726,,NOT_AVAILABLE,19343,251.766395,-45.85724684,251.7663674,-45.8572518,15.0933,0.037,14.5666,0.045,14.2037,0.046,99.9999,9.9999,99.9999,9.9999,99.9999,9.9999,1,0,4
5.94E+18,251.7778713,-45.84979768,20.220165,,NOT_AVAILABLE,26924,251.7778832,-45.84979818,251.7778651,-45.8497991,14.9493,0.035,14.3316,0.044,13.9707,0.048,99.9999,9.9999,99.9999,9.9999,99.9999,9.9999,1,0,4
5.94E+18,251.7775725,-45.84632143,20.252914,,NOT_AVAILABLE,15272,251.7776244,-45.84629563,251.7776091,-45.8462958,15.1963,0.105,14.4066,0.112,14.1437,0.124,99.9999,9.9999,99.9999,9.9999,99.9999,9.9999,1,0,4
5.94E+18,251.7474618,-45.84405964,20.254696,,NOT_AVAILABLE,6556,251.7475312,-45.84405515,251.7475093,-45.8440604,15.9283,0.034,15.4016,0.047,15.1927,0.05,99.9999,9.9999,99.9999,9.9999,99.9999,9.9999,1,0,4
5.94E+18,251.7650304,-45.83865844,20.274105,,NOT_AVAILABLE,5782,251.7651107,-45.83866185,251.7650982,-45.8386624,16.0973,0.091,15.4466,0.143,15.3257,0.108,99.9999,9.9999,99.9999,9.9999,99.9999,9.9999,1,0,4
5.94E+18,251.7625146,-45.84218591,20.281301,,NOT_AVAILABLE,44510,251.762472,-45.84219174,251.7624558,-45.8421937,15.4183,0.069,15.0926,0.042,14.7407,0.039,99.9999,9.9999,99.9999,9.9999,99.9999,9.9999,1,0,4
5.94E+18,251.7777471,-45.84895569,20.311028,,NOT_AVAILABLE,26956,251.7777635,-45.84895502,251.7777459,-45.8489558,15.2083,0.027,14.5636,0.047,14.2827,0.033,99.9999,9.9999,99.9999,9.9999,99.9999,9.9999,1,0,4
5.94E+18,251.7627193,-45.84925189,20.344948,,NOT_AVAILABLE,22499,251.7627528,-45.84923069,251.7627309,-45.8492344,15.9593,0.058,15.3796,0.071,15.1127,0.089,99.9999,9.9999,99.9999,9.9999,99.9999,9.9999,1,0,4
5.94E+18,251.7790009,-45.84545773,20.34807,,NOT_AVAILABLE,26964,251.7790181,-45.8454582,251.7790039,-45.8454578,15.2383,0.044,14.6726,0.048,14.3327,0.035,99.9999,9.9999,99.9999,9.9999,99.9999,9.9999,1,0,4
5.94E+18,251.7674754,-45.84111925,20.348314,,NOT_AVAILABLE,43344,251.767484,-45.84111405,251.7674701,-45.8411148,15.5493,0.074,15.1466,0.069,14.8037,0.069,99.9999,9.9999,99.9999,9.9999,99.9999,9.9999,1,0,4
5.94E+18,251.7650087,-45.84183769,20.354612,3.9884186,NOT_AVAILABLE,44527,251.764964,-45.84184331,251.7649488,-45.8418447,15.5433,0.04,15.0666,0.038,14.7237,0.04,99.9999,9.9999,99.9999,9.9999,99.9999,9.9999,1,0,4
5.94E+18,251.7620633,-45.84865901,20.363073,,NOT_AVAILABLE,22503,251.7620983,-45.84864474,251.7620766,-45.8486484,15.5203,0.079,15.0306,0.063,14.8517,0.066,99.9999,9.9999,99.9999,9.9999,99.9999,9.9999,1,0,4
5.94E+18,251.7631721,-45.85799289,20.375381,,NOT_AVAILABLE,22311,251.7632003,-45.85798285,251.7631712,-45.8579887,16.5683,0.036,16.0286,0.046,15.7827,0.047,99.9999,9.9999,99.9999,9.9999,99.9999,9.9999,1,0,4
5.94E+18,251.7769238,-45.83976259,20.381784,3.6562233,NOT_AVAILABLE,43358,251.7769405,-45.83975967,251.7769303,-45.8397583,15.7453,0.039,15.2976,0.041,14.9757,0.031,99.9999,9.9999,99.9999,9.9999,99.9999,9.9999,1,0,4
5.94E+18,251.7638767,-45.84665202,20.391718,,NOT_AVAILABLE,43347,251.763888,-45.84665062,251.7638685,-45.8466534,15.5983,0.087,15.1876,0.103,14.9777,0.115,99.9999,9.9999,99.9999,9.9999,99.9999,9.9999,1,0,4
5.94E+18,251.7613406,-45.86171274,20.443657,,NOT_AVAILABLE,19033,251.7613719,-45.86169699,251.7613393,-45.8617041,15.4883,0.05,14.9346,0.068,14.5237,0.048,99.9999,9.9999,99.9999,9.9999,99.9999,9.9999,1,0,4
5.94E+18,251.7606685,-45.85674684,20.455116,,NOT_AVAILABLE,19365,251.7607054,-45.85673564,251.7606767,-45.8567416,15.4023,0.049,14.9096,0.081,14.6937,0.093,99.9999,9.9999,99.9999,9.9999,99.9999,9.9999,1,0,4
5.94E+18,251.7706165,-45.8473127,20.467695,,NOT_AVAILABLE,27092,251.77063,-45.84731216,251.7706118,-45.8473139,15.8543,0.034,15.3826,0.057,15.0077,0.028,99.9999,9.9999,99.9999,9.9999,99.9999,9.9999,1,0,4
5.94E+18,251.7663126,-45.84729561,20.476929,,NOT_AVAILABLE,27034,251.7663146,-45.84729435,251.7662952,-45.8472969,15.6153,0.05,14.9066,0.084,14.8147,0.049,99.9999,9.9999,99.9999,9.9999,99.9999,9.9999,1,0,4
5.94E+18,251.7639626,-45.84003396,20.47712,,NOT_AVAILABLE,44498,251.7639228,-45.8400425,251.7639088,-45.8400437,15.3513,0.087,14.7966,0.104,14.5047,0.094,99.9999,9.9999,99.9999,9.9999,99.9999,9.9999,1,0,4
5.94E+18,251.770658,-45.84479364,20.483068,,NOT_AVAILABLE,43369,251.7706733,-45.84479564,251.7706572,-45.8447967,15.8873,0.073,15.3376,0.1,15.1507,0.107,99.9999,9.9999,99.9999,9.9999,99.9999,9.9999,1,0,4
5.94E+18,251.7649591,-45.85154973,20.499165,,NOT_AVAILABLE,22471,251.764999,-45.85153588,251.7649758,-45.8515397,15.4133,0.031,14.9066,0.076,14.5387,0.07,99.9999,9.9999,99.9999,9.9999,99.9999,9.9999,1,0,4
5.94E+18,251.7675681,-45.85317993,20.514446,,NOT_AVAILABLE,19508,251.7676053,-45.85316087,251.7675814,-45.8531646,14.8203,0.049,14.2096,0.071,14.0727,0.112,99.9999,9.9999,99.9999,9.9999,99.9999,9.9999,1,0,4
5.94E+18,251.7680233,-45.84400023,20.528223,,NOT_AVAILABLE,43371,251.7680373,-45.84400032,251.7680212,-45.8440017,15.9013,0.102,15.5066,0.147,15.4687,0.244,99.9999,9.9999,99.9999,9.9999,99.9999,9.9999,1,0,4
5.94E+18,251.7622257,-45.85857676,20.5389,,NOT_AVAILABLE,16047,251.7622605,-45.85856008,251.7622306,-45.8585662,16.6633,0.045,16.0656,0.059,15.8517,0.056,99.9999,9.9999,99.9999,9.9999,99.9999,9.9999,1,0,4
5.94E+18,251.7601958,-45.8431771,20.542118,,NOT_AVAILABLE,45174,251.7601495,-45.84318167,251.7601318,-45.8431843,17.4403,0.05,17.0356,0.053,16.7927,0.056,99.9999,9.9999,99.9999,9.9999,99.9999,9.9999,1,0,4
5.94E+18,251.7632776,-45.84891063,20.570713,,NOT_AVAILABLE,15266,251.7633152,-45.84889759,251.7632937,-45.8489011,16.1143,0.069,15.6646,0.096,15.6027,0.09,99.9999,9.9999,99.9999,9.9999,99.9999,9.9999,1,0,4
5.94E+18,251.7800239,-45.84467696,20.570831,,NOT_AVAILABLE,27062,251.7800461,-45.84467641,251.7800328,-45.8446757,15.7463,0.036,15.1496,0.034,14.8297,0.037,99.9999,9.9999,99.9999,9.9999,99.9999,9.9999,1,0,4
5.94E+18,251.7590801,-45.84333439,20.574406,1.9992409,NOT_AVAILABLE,44702,251.7591339,-45.84335221,251.7591158,-45.8433551,16.2393,0.037,15.4006,0.054,14.8307,0.054,99.9999,9.9999,99.9999,9.9999,99.9999,9.9999,1,0,4
5.94E+18,251.7602032,-45.86416018,20.587172,,NOT_AVAILABLE,21890,251.760234,-45.86414657,251.760199,-45.8641545,16.6003,0.035,16.0816,0.042,15.8737,0.042,99.9999,9.9999,99.9999,9.9999,99.9999,9.9999,1,0,4
5.94E+18,251.7602779,-45.85573298,20.59546,,NOT_AVAILABLE,19413,251.7603109,-45.85571849,251.7602829,-45.8557243,15.7043,0.043,15.1936,0.073,14.8667,0.052,99.9999,9.9999,99.9999,9.9999,99.9999,9.9999,1,0,4
5.94E+18,251.7800479,-45.84875197,20.600023,,NOT_AVAILABLE,27731,251.7800694,-45.84875144,251.7800527,-45.8487517,17.3183,0.053,16.8306,0.072,16.4087,0.061,99.9999,9.9999,99.9999,9.9999,99.9999,9.9999,1,0,4
5.94E+18,251.7626617,-45.86112401,20.604786,,NOT_AVAILABLE,19091,251.7626782,-45.86112738,251.7626464,-45.8611341,16.7273,0.055,16.2556,0.072,15.8877,0.068,99.9999,9.9999,99.9999,9.9999,99.9999,9.9999,1,0,4
5.94E+18,251.7627618,-45.84864962,20.623274,,NOT_AVAILABLE,22921,251.7627984,-45.84863419,251.762777,-45.8486377,15.6853,0.033,15.0246,0.055,14.6857,0.045,99.9999,9.9999,99.9999,9.9999,99.9999,9.9999,1,0,4
5.94E+18,251.7708714,-45.84260002,20.63359,,NOT_AVAILABLE,43378,251.7708868,-45.84259846,251.7708726,-45.8425989,15.9763,0.097,15.6086,0.131,15.2497,0.103,99.9999,9.9999,99.9999,9.9999,99.9999,9.9999,1,0,4
5.94E+18,251.7704557,-45.83875649,20.637075,,NOT_AVAILABLE,43361,251.7704675,-45.83875297,251.7704563,-45.8387525,15.7973,0.064,15.1666,0.055,14.9187,0.076,99.9999,9.9999,99.9999,9.9999,99.9999,9.9999,1,0,4
5.94E+18,251.7472543,-45.84741332,20.638681,,NOT_AVAILABLE,49,251.7473275,-45.84740878,251.7473027,-45.8474149,17.4123,0.039,16.9006,0.062,16.8077,0.05,99.9999,9.9999,99.9999,9.9999,99.9999,9.9999,1,0,4
5.94E+18,251.7560819,-45.84013529,20.641275,,NOT_AVAILABLE,45016,251.7560282,-45.84013646,251.7560119,-45.8401391,17.0823,0.061,16.6826,0.047,16.1027,0.065,99.9999,9.9999,99.9999,9.9999,99.9999,9.9999,1,0,4
5.94E+18,251.7663366,-45.85019183,20.645397,,NOT_AVAILABLE,26992,251.7663451,-45.85019105,251.7663233,-45.8501943,15.4203,0.048,14.8396,0.058,14.5527,0.059,99.9999,9.9999,99.9999,9.9999,99.9999,9.9999,1,0,4
5.94E+18,251.7772139,-45.84371772,20.653502,,NOT_AVAILABLE,27108,251.7772284,-45.843723,251.7772151,-45.8437225,15.9223,0.07,15.2226,0.079,14.9217,0.062,99.9999,9.9999,99.9999,9.9999,99.9999,9.9999,1,0,4
5.94E+18,251.7458195,-45.85061235,20.673323,,NOT_AVAILABLE,2614,251.7458817,-45.85060422,251.7458538,-45.8506115,17.3513,0.041,16.8236,0.049,16.5607,0.047,99.9999,9.9999,99.9999,9.9999,99.9999,9.9999,1,0,4
5.94E+18,251.7780619,-45.84743338,20.675129,1.948494,NOT_AVAILABLE,27069,251.7780776,-45.84743191,251.7780614,-45.8474322,15.7763,0.042,15.2136,0.055,14.9657,0.052,99.9999,9.9999,99.9999,9.9999,99.9999,9.9999,1,0,4
5.94E+18,251.7729343,-45.85142686,20.681532,,NOT_AVAILABLE,22474,251.7729696,-45.85141159,251.7729487,-45.8514139,14.8743,0.064,14.2306,0.088,13.7717,0.045,99.9999,9.9999,99.9999,9.9999,99.9999,9.9999,1,0,4
5.94E+18,251.7613044,-45.85285365,20.730513,,NOT_AVAILABLE,19516,251.7613471,-45.85283752,251.7613218,-45.8528424,15.4833,0.031,14.9076,0.066,14.5277,0.046,99.9999,9.9999,99.9999,9.9999,99.9999,9.9999,1,0,4
5.94E+18,251.7581312,-45.85210284,20.735603,,NOT_AVAILABLE,19540,251.758165,-45.85208786,251.7581394,-45.8520931,15.5763,0.049,15.0786,0.046,14.7497,0.047,99.9999,9.9999,99.9999,9.9999,99.9999,9.9999,1,0,4
5.94E+18,251.7597354,-45.8479426,20.744009,,NOT_AVAILABLE,19573,251.7597697,-45.84792804,251.759748,-45.847932,16.2323,0.047,15.7826,0.071,15.3587,0.062,99.9999,9.9999,99.9999,9.9999,99.9999,9.9999,1,0,4
5.94E+18,251.7552766,-45.83990943,20.75366,,NOT_AVAILABLE,44643,251.7552394,-45.8399119,251.755223,-45.8399147,16.0543,0.04,15.4116,0.052,15.1327,0.05,99.9999,9.9999,99.9999,9.9999,99.9999,9.9999,1,0,4
5.94E+18,251.7550906,-45.84103908,20.754246,,NOT_AVAILABLE,44634,251.7550387,-45.84104398,251.7550213,-45.8410471,16.0163,0.052,15.4216,0.043,15.0897,0.035,99.9999,9.9999,99.9999,9.9999,99.9999,9.9999,1,0,4
5.94E+18,251.7532307,-45.84096199,20.881832,,NOT_AVAILABLE,44675,251.7531798,-45.84096393,251.7531619,-45.8409673,16.1723,0.058,15.7156,0.062,15.5167,0.049,99.9999,9.9999,99.9999,9.9999,99.9999,9.9999,1,0,4
5.94E+18,251.7603448,-45.85742949,20.884485,,NOT_AVAILABLE,19330,251.7603791,-45.85741581,251.7603497,-45.857422,15.8823,0.036,15.2306,0.044,15.0277,0.061,99.9999,9.9999,99.9999,9.9999,99.9999,9.9999,1,0,4
5.94E+18,251.7561617,-45.84701365,20.903751,,NOT_AVAILABLE,10287,251.7562347,-45.84700769,251.7562127,-45.8470121,15.7723,0.039,15.2046,0.045,14.8257,0.062,99.9999,9.9999,99.9999,9.9999,99.9999,9.9999,1,0,4
5.94E+18,251.7572907,-45.85596007,20.954365,,NOT_AVAILABLE,19403,251.7573231,-45.85594544,251.7572941,-45.8559518,15.5783,0.038,14.9826,0.047,14.5987,0.04,99.9999,9.9999,99.9999,9.9999,99.9999,9.9999,1,0,4
5.94E+18,251.7745769,-45.84950613,21.00302,,NOT_AVAILABLE,27148,251.7745915,-45.84950346,251.7745727,-45.849505,16.0673,0.055,15.4186,0.057,15.0777,0.059,99.9999,9.9999,99.9999,9.9999,99.9999,9.9999,1,0,4
5.94E+18,251.7796747,-45.8446777,21.013546,,NOT_AVAILABLE,27020,251.7797031,-45.84468596,251.7796896,-45.8446853,15.5363,0.093,14.9426,0.105,14.5857,0.097,99.9999,9.9999,99.9999,9.9999,99.9999,9.9999,1,0,4
,,,,,,26827,251.765494,-45.84431936,251.7654769,-45.8443213,13.6363,0.062,13.1796,0.118,12.7837,0.056,99.9999,9.9999,99.9999,9.9999,99.9999,9.9999,1,0,4
,,,,,,43306,251.766585,-45.84664331,251.7665663,-45.8466456,13.9973,0.099,13.5896,0.09,13.2997,0.084,99.9999,9.9999,99.9999,9.9999,99.9999,9.9999,1,0,4
,,,,,,26833,251.7641526,-45.84893423,251.7641313,-45.8489376,14.0053,0.04,13.2596,0.051,13.1087,0.05,99.9999,9.9999,99.9999,9.9999,99.9999,9.9999,1,0,4
5.94E+18,251.7665469,-45.84533113,,,NOT_AVAILABLE,43307,251.7665618,-45.84532927,251.7665442,-45.8453313,14.0063,0.052,13.6206,0.053,13.1877,0.055,99.9999,9.9999,99.9999,9.9999,99.9999,9.9999,1,0,4
,,,,,,16144,251.7607517,-45.85224999,251.7607267,-45.8522548,14.0123,0.14,13.5296,0.211,13.2607,0.196,99.9999,9.9999,99.9999,9.9999,99.9999,9.9999,1,0,4
,,,,,,14792,251.759893,-45.84956174,251.75987,-45.849566,14.1813,0.122,13.7756,0.236,13.1877,0.166,99.9999,9.9999,99.9999,9.9999,99.9999,9.9999,1,0,4
,,,,,,44400,251.7741963,-45.84270506,251.774183,-45.8427049,14.2573,0.249,13.6676,0.304,13.4417,0.185,99.9999,9.9999,99.9999,9.9999,99.9999,9.9999,1,0,4
,,,,,,4105,251.7636962,-45.84279706,251.7636798,-45.8427989,14.3763,0.095,13.8376,0.133,13.3237,0.151,99.9999,9.9999,99.9999,9.9999,99.9999,9.9999,1,0,4
,,,,,,16710,251.7562739,-45.86271648,251.756239,-45.8627248,14.4523,0.222,13.8996,0.169,13.6307,0.171,99.9999,9.9999,99.9999,9.9999,99.9999,9.9999,1,0,4
,,,,,,19414,251.765729,-45.85566309,251.7657025,-45.8556678,14.4773,0.051,13.9396,0.081,13.5657,0.053,99.9999,9.9999,99.9999,9.9999,99.9999,9.9999,1,0,4
,,,,,,22509,251.7674634,-45.84636843,251.7674451,-45.8463705,14.4803,0.074,13.8286,0.105,13.5197,0.08,99.9999,9.9999,99.9999,9.9999,99.9999,9.9999,1,0,4
,,,,,,16791,251.7754811,-45.84677777,251.7754648,-45.8467784,14.4973,0.123,14.0036,0.052,13.6837,0.052,99.9999,9.9999,99.9999,9.9999,99.9999,9.9999,1,0,4
,,,,,,43316,251.770989,-45.84054386,251.7709765,-45.8405438,14.5213,0.064,14.0406,0.086,13.6977,0.084,99.9999,9.9999,99.9999,9.9999,99.9999,9.9999,1,0,4
,,,,,,26870,251.7783292,-45.84458339,251.7783155,-45.8445829,14.5263,0.031,13.9756,0.047,13.7177,0.087,99.9999,9.9999,99.9999,9.9999,99.9999,9.9999,1,0,4
,,,,,,26871,251.7681814,-45.84750582,251.7681624,-45.847508,14.5413,0.04,13.7276,0.053,13.2777,0.063,99.9999,9.9999,99.9999,9.9999,99.9999,9.9999,1,0,4
,,,,,,5718,251.7488796,-45.84725543,251.7488554,-45.8472612,14.6773,0.262,14.1916,0.25,13.9567,0.164,99.9999,9.9999,99.9999,9.9999,99.9999,9.9999,1,0,4
,,,,,,26887,251.7722869,-45.84868046,251.7722681,-45.8486822,14.6843,0.038,14.1146,0.043,13.7957,0.033,99.9999,9.9999,99.9999,9.9999,99.9999,9.9999,1,0,4
,,,,,,19077,251.7590379,-45.86131897,251.7590049,-45.8613264,14.7053,0.035,14.1696,0.04,13.8307,0.044,99.9999,9.9999,99.9999,9.9999,99.9999,9.9999,1,0,4
,,,,,,9066,251.7575585,-45.85400186,251.7575311,-45.8540077,14.7313,0.111,14.2076,0.118,13.8897,0.114,99.9999,9.9999,99.9999,9.9999,99.9999,9.9999,1,0,4
,,,,,,26900,251.7687615,-45.85090519,251.7687398,-45.8509082,14.8043,0.047,14.2276,0.05,13.8647,0.051,99.9999,9.9999,99.9999,9.9999,99.9999,9.9999,1,0,4
,,,,,,26901,251.7680316,-45.84824041,251.768012,-45.8482428,14.8143,0.053,14.3076,0.086,14.0727,0.088,99.9999,9.9999,99.9999,9.9999,99.9999,9.9999,1,0,4
,,,,,,22507,251.7673041,-45.84810355,251.7672844,-45.8481061,14.8503,0.105,14.0616,0.144,13.6907,0.11,99.9999,9.9999,99.9999,9.9999,99.9999,9.9999,1,0,4
,,,,,,43322,251.7664738,-45.84643521,251.7664552,-45.8464375,14.9053,0.048,14.4146,0.074,14.0687,0.06,99.9999,9.9999,99.9999,9.9999,99.9999,9.9999,1,0,4
5.94E+18,251.7542753,-45.85599946,,,NOT_AVAILABLE,19401,251.754312,-45.85598389,251.754282,-45.8559909,14.9203,0.036,14.4016,0.05,14.0027,0.041,99.9999,9.9999,99.9999,9.9999,99.9999,9.9999,1,0,4
,,,,,,22904,251.7590302,-45.85317335,251.7590039,-45.8531787,14.9733,0.044,14.3916,0.075,14.0507,0.055,99.9999,9.9999,99.9999,9.9999,99.9999,9.9999,1,0,4
,,,,,,26928,251.7678601,-45.84751954,251.767841,-45.8475218,14.9843,0.039,14.5376,0.051,14.1847,0.054,99.9999,9.9999,99.9999,9.9999,99.9999,9.9999,1,0,4
,,,,,,26932,251.7684969,-45.84191597,251.7684826,-45.8419167,15.0083,0.097,14.4076,0.107,13.9577,0.155,99.9999,9.9999,99.9999,9.9999,99.9999,9.9999,1,0,4
,,,,,,16161,251.7607602,-45.84752647,251.7607391,-45.8475301,15.0643,0.075,14.4966,0.106,14.1727,0.07,99.9999,9.9999,99.9999,9.9999,99.9999,9.9999,1,0,4
,,,,,,44467,251.7664884,-45.84655463,251.7664697,-45.8465569,15.0873,0.059,14.5086,0.095,14.4457,0.07,99.9999,9.9999,99.9999,9.9999,99.9999,9.9999,1,0,4
,,,,,,14942,251.7647483,-45.84878523,251.7647273,-45.8487884,15.0973,0.183,14.6026,0.154,14.2467,0.135,99.9999,9.9999,99.9999,9.9999,99.9999,9.9999,1,0,4
,,,,,,22511,251.7691416,-45.84084515,251.7691284,-45.8408455,15.1443,0.094,14.8046,0.135,14.3237,0.084,99.9999,9.9999,99.9999,9.9999,99.9999,9.9999,1,0,4
5.94E+18,251.7541517,-45.8438837,,,NOT_AVAILABLE,6589,251.7542256,-45.84387967,251.7542057,-45.8438836,15.1493,0.042,14.6806,0.061,14.3527,0.043,99.9999,9.9999,99.9999,9.9999,99.9999,9.9999,1,0,4
,,,,,,5307,251.7542203,-45.84370105,251.7542005,-45.843705,15.2223,0.077,14.3886,0.108,14.2317,0.091,99.9999,9.9999,99.9999,9.9999,99.9999,9.9999,1,0,4
,,,,,,43331,251.7625155,-45.84673475,251.7624955,-45.8467379,15.2243,0.051,14.6196,0.053,14.3377,0.079,99.9999,9.9999,99.9999,9.9999,99.9999,9.9999,1,0,4
,,,,,,26968,251.765415,-45.8491282,251.7653938,-45.8491314,15.2723,0.045,14.6816,0.053,14.2877,0.052,99.9999,9.9999,99.9999,9.9999,99.9999,9.9999,1,0,4
,,,,,,19436,251.7691626,-45.8551404,251.7691376,-45.8551444,15.3103,0.035,14.6666,0.063,14.1977,0.05,99.9999,9.9999,99.9999,9.9999,99.9999,9.9999,1,0,4
,,,,,,1740,251.7627562,-45.83973441,251.7627421,-45.8397357,15.3253,0.196,14.9716,0.267,14.6647,0.306,99.9999,9.9999,99.9999,9.9999,99.9999,9.9999,1,0,4
,,,,,,22858,251.7695406,-45.85894215,251.7695125,-45.858947,15.3333,0.038,14.5886,0.057,14.1257,0.068,99.9999,9.9999,99.9999,9.9999,99.9999,9.9999,1,0,4
,,,,,,43336,251.7628908,-45.84695956,251.7628708,-45.8469626,15.3623,0.059,14.8346,0.053,14.5887,0.08,99.9999,9.9999,99.9999,9.9999,99.9999,9.9999,1,0,4
,,,,,,5757,251.7624732,-45.83911991,251.7624595,-45.8391211,15.3783,0.126,14.9156,0.146,14.6607,0.103,99.9999,9.9999,99.9999,9.9999,99.9999,9.9999,1,0,4
,,,,,,26990,251.7723757,-45.84947539,251.7723562,-45.8494773,15.4033,0.04,14.8906,0.053,14.5817,0.047,99.9999,9.9999,99.9999,9.9999,99.9999,9.9999,1,0,4
,,,,,,11715,251.7659995,-45.83905845,251.7659868,-45.839059,15.4073,0.111,14.7776,0.082,14.5017,0.055,99.9999,9.9999,99.9999,9.9999,99.9999,9.9999,1,0,4
,,,,,,19156,251.7643268,-45.86047596,251.7642959,-45.8604822,15.4303,0.049,14.8886,0.057,14.6167,0.05,99.9999,9.9999,99.9999,9.9999,99.9999,9.9999,1,0,4
,,,,,,19325,251.7756155,-45.85760997,251.7755902,-45.8576133,15.4433,0.039,14.8446,0.05,14.4487,0.041,99.9999,9.9999,99.9999,9.9999,99.9999,9.9999,1,0,4
,,,,,,26997,251.77245,-45.8407759,251.7724378,-45.8407756,15.4753,0.083,14.8496,0.114,14.7997,0.079,99.9999,9.9999,99.9999,9.9999,99.9999,9.9999,1,0,4
,,,,,,12786,251.7651467,-45.84776226,251.7651266,-45.8477651,15.4833,0.157,14.9936,0.117,14.8867,0.133,99.9999,9.9999,99.9999,9.9999,99.9999,9.9999,1,0,4
,,,,,,27008,251.78049,-45.84611169,251.7804756,-45.8461112,15.5033,0.053,14.8976,0.069,14.5647,0.102,99.9999,9.9999,99.9999,9.9999,99.9999,9.9999,1,0,4
,,,,,,43343,251.7602585,-45.84608497,251.7602384,-45.8460883,15.5103,0.087,15.0376,0.086,14.7407,0.081,99.9999,9.9999,99.9999,9.9999,99.9999,9.9999,1,0,4
,,,,,,27014,251.7740189,-45.84759,251.7740015,-45.8475911,15.5163,0.102,14.9656,0.108,14.6217,0.138,99.9999,9.9999,99.9999,9.9999,99.9999,9.9999,1,0,4
,,,,,,19485,251.7575084,-45.85396221,251.757481,-45.8539681,15.5443,0.099,15.0166,0.11,14.6677,0.115,99.9999,9.9999,99.9999,9.9999,99.9999,9.9999,1,0,4
,,,,,,15260,251.7645246,-45.84966695,251.7645028,-45.8496704,15.5713,0.276,14.9966,0.32,14.7067,0.367,99.9999,9.9999,99.9999,9.9999,99.9999,9.9999,1,0,4
,,,,,,27032,251.7815019,-45.85899924,251.7814771,-45.8590018,15.6113,0.053,14.9816,0.087,14.5137,0.095,99.9999,9.9999,99.9999,9.9999,99.9999,9.9999,1,0,4
,,,,,,44544,251.7608981,-45.83904081,251.7608841,-45.8390423,15.6363,0.152,15.4996,0.073,14.8387,0.13,99.9999,9.9999,99.9999,9.9999,99.9999,9.9999,1,0,4
,,,,,,27043,251.7793866,-45.84508253,251.7793728,-45.845082,15.6433,0.155,14.6736,0.165,14.4627,0.141,99.9999,9.9999,99.9999,9.9999,99.9999,9.9999,1,0,4
,,,,,,43349,251.7614918,-45.84692804,251.7614713,-45.8469314,15.6513,0.161,15.2446,0.239,14.7307,0.176,99.9999,9.9999,99.9999,9.9999,99.9999,9.9999,1,0,4
,,,,,,27047,251.7752469,-45.85312437,251.7752253,-45.8531267,15.6693,0.053,15.0406,0.04,14.6057,0.038,99.9999,9.9999,99.9999,9.9999,99.9999,9.9999,1,0,4
,,,,,,19502,251.7521187,-45.85372467,251.75209,-45.8537315,15.6813,0.045,15.1226,0.064,14.7837,0.059,99.9999,9.9999,99.9999,9.9999,99.9999,9.9999,1,0,4
,,,,,,43355,251.764129,-45.84741992,251.7641089,-45.8474229,15.6973,0.083,14.8916,0.059,14.3037,0.1,99.9999,9.9999,99.9999,9.9999,99.9999,9.9999,1,0,4
,,,,,,19500,251.766219,-45.85374212,251.7661943,-45.8537463,15.6983,0.023,15.1636,0.045,14.8297,0.051,99.9999,9.9999,99.9999,9.9999,99.9999,9.9999,1,0,4
,,,,,,22206,251.7722972,-45.86009589,251.7722689,-45.8601005,15.7043,0.047,15.0986,0.079,14.8017,0.063,99.9999,9.9999,99.9999,9.9999,99.9999,9.9999,1,0,4
,,,,,,27054,251.7738856,-45.84478799,251.7738705,-45.8447884,15.7063,0.057,15.2306,0.074,14.7947,0.054,99.9999,9.9999,99.9999,9.9999,99.9999,9.9999,1,0,4
,,,,,,44563,251.7564366,-45.84253089,251.7564184,-45.8425341,15.7353,0.037,15.2376,0.049,15.1467,0.054,99.9999,9.9999,99.9999,9.9999,99.9999,9.9999,1,0,4
,,,,,,43357,251.7686329,-45.84614305,251.7686151,-45.8461448,15.7413,0.034,15.2176,0.061,14.8407,0.046,99.9999,9.9999,99.9999,9.9999,99.9999,9.9999,1,0,4
,,,,,,43359,251.7711975,-45.84146398,251.7711843,-45.8414641,15.7513,0.073,15.4046,0.082,15.5897,0.088,99.9999,9.9999,99.9999,9.9999,99.9999,9.9999,1,0,4
,,,,,,3425,251.7490181,-45.85010766,251.7489915,-45.8501142,15.7543,0.037,15.0586,0.041,14.6197,0.048,99.9999,9.9999,99.9999,9.9999,99.9999,9.9999,1,0,4
,,,,,,44568,251.76485,-45.84720073,251.7648303,-45.8472035,15.7713,0.071,15.3186,0.14,14.9307,0.121,99.9999,9.9999,99.9999,9.9999,99.9999,9.9999,1,0,4
,,,,,,16959,251.771199,-45.84841574,251.7711801,-45.8484176,15.7953,0.21,15.2296,0.131,15.0787,0.255,99.9999,9.9999,99.9999,9.9999,99.9999,9.9999,1,0,4
,,,,,,43364,251.7700149,-45.84544475,251.7699981,-45.8454461,15.8063,0.039,15.4956,0.063,14.7287,0.078,99.9999,9.9999,99.9999,9.9999,99.9999,9.9999,1,0,4
,,,,,,27080,251.7717284,-45.84530117,251.7717122,-45.8453022,15.8153,0.056,15.1396,0.089,14.8037,0.094,99.9999,9.9999,99.9999,9.9999,99.9999,9.9999,1,0,4
,,,,,,44580,251.7693543,-45.83960838,251.7693422,-45.8396084,15.8163,0.064,15.1106,0.084,14.6407,0.071,99.9999,9.9999,99.9999,9.9999,99.9999,9.9999,1,0,4
,,,,,,44582,251.7646112,-45.84761409,251.7645911,-45.847617,15.8183,0.093,15.2476,0.113,15.1487,0.099,99.9999,9.9999,99.9999,9.9999,99.9999,9.9999,1,0,4
,,,,,,3919,251.7587282,-45.84645939,251.7587074,-45.8464631,15.8223,0.208,15.2086,0.261,14.7137,0.131,99.9999,9.9999,99.9999,9.9999,99.9999,9.9999,1,0,4
,,,,,,27082,251.7686414,-45.84854778,251.7686216,-45.8485502,15.8223,0.051,15.1756,0.052,14.8977,0.048,99.9999,9.9999,99.9999,9.9999,99.9999,9.9999,1,0,4
,,,,,,27083,251.7750675,-45.8489994,251.7750492,-45.8490007,15.8313,0.03,15.2806,0.044,14.9967,0.038,99.9999,9.9999,99.9999,9.9999,99.9999,9.9999,1,0,4
,,,,,,21933,251.7562239,-45.86380774,251.756188,-45.8638163,15.8493,0.033,15.3126,0.05,15.0387,0.045,99.9999,9.9999,99.9999,9.9999,99.9999,9.9999,1,0,4
,,,,,,27091,251.7712707,-45.85000778,251.7712505,-45.85001,15.8513,0.036,15.3156,0.053,15.0527,0.053,99.9999,9.9999,99.9999,9.9999,99.9999,9.9999,1,0,4
,,,,,,22376,251.771016,-45.85571844,251.770991,-45.8557222,15.8533,0.053,15.0696,0.048,14.5687,0.042,99.9999,9.9999,99.9999,9.9999,99.9999,9.9999,1,0,4
,,,,,,43367,251.7612472,-45.8468068,251.7612268,-45.8468102,15.8593,0.132,15.4776,0.162,15.0267,0.15,99.9999,9.9999,99.9999,9.9999,99.9999,9.9999,1,0,4
,,,,,,44595,251.7580154,-45.84474513,251.7579958,-45.8447486,15.8723,0.052,15.3466,0.048,15.0737,0.054,99.9999,9.9999,99.9999,9.9999,99.9999,9.9999,1,0,4
5.94E+18,251.7665622,-45.83834473,,,NOT_AVAILABLE,44596,251.766524,-45.83834966,251.7665121,-45.8383499,15.8743,0.049,15.3966,0.065,15.2287,0.065,99.9999,9.9999,99.9999,9.9999,99.9999,9.9999,1,0,4
,,,,,,19111,251.7733107,-45.86099395,251.773282,-45.8609986,15.8743,0.027,15.2526,0.032,14.8997,0.026,99.9999,9.9999,99.9999,9.9999,99.9999,9.9999,1,0,4
,,,,,,22350,251.7667378,-45.85670328,251.7667108,-45.8567081,15.8803,0.166,15.0896,0.124,15.4487,0.121,99.9999,9.9999,99.9999,9.9999,99.9999,9.9999,1,0,4
,,,,,,6447,251.7535974,-45.84477582,251.7535765,-45.8447801,15.8973,0.024,15.3436,0.036,15.0817,0.033,99.9999,9.9999,99.9999,9.9999,99.9999,9.9999,1,0,4
,,,,,,19280,251.7724904,-45.85868414,251.7724633,-45.8586884,15.9103,0.083,15.2866,0.065,14.9467,0.074,99.9999,9.9999,99.9999,9.9999,99.9999,9.9999,1,0,4
,,,,,,22457,251.7584723,-45.85230334,251.7584466,-45.8523086,15.9113,0.041,15.2846,0.033,15.0247,0.036,99.9999,9.9999,99.9999,9.9999,99.9999,9.9999,1,0,4
,,,,,,22875,251.7584272,-45.85690623,251.7583977,-45.8569127,15.9203,0.097,15.2636,0.097,15.0497,0.097,99.9999,9.9999,99.9999,9.9999,99.9999,9.9999,1,0,4
,,,,,,27109,251.7695427,-45.85294336,251.7695196,-45.8529467,15.9233,0.047,15.2546,0.05,14.9587,0.047,99.9999,9.9999,99.9999,9.9999,99.9999,9.9999,1,0,4
,,,,,,27116,251.7809652,-45.84611338,251.7809509,-45.8461128,15.9353,0.042,15.2966,0.052,15.0377,0.054,99.9999,9.9999,99.9999,9.9999,99.9999,9.9999,1,0,4
,,,,,,19116,251.7659491,-45.86094496,251.7659184,-45.860951,15.9353,0.038,15.3826,0.054,14.9667,0.048,99.9999,9.9999,99.9999,9.9999,99.9999,9.9999,1,0,4
,,,,,,43375,251.775329,-45.84120738,251.7753172,-45.8412067,15.9373,0.064,15.4346,0.082,15.0767,0.081,99.9999,9.9999,99.9999,9.9999,99.9999,9.9999,1,0,4
,,,,,,22501,251.7585932,-45.84903629,251.7585702,-45.8490407,15.9403,0.051,15.1506,0.085,14.6427,0.062,99.9999,9.9999,99.9999,9.9999,99.9999,9.9999,1,0,4
,,,,,,27118,251.7651802,-45.84675867,251.765161,-45.8467613,15.9403,0.121,15.0216,0.2,14.6427,0.14,99.9999,9.9999,99.9999,9.9999,99.9999,9.9999,1,0,4
,,,,,,27119,251.7691393,-45.84807731,251.7691201,-45.8480795,15.9463,0.047,15.3586,0.061,15.0067,0.067,99.9999,9.9999,99.9999,9.9999,99.9999,9.9999,1,0,4
,,,,,,19264,251.7579968,-45.85888955,251.7579655,-45.8588966,15.9523,0.042,15.4236,0.052,15.1647,0.037,99.9999,9.9999,99.9999,9.9999,99.9999,9.9999,1,0,4
,,,,,,26597,251.7628374,-45.85904813,251.7628073,-45.8590543,15.9573,0.046,15.2986,0.063,14.8587,0.057,99.9999,9.9999,99.9999,9.9999,99.9999,9.9999,1,0,4
,,,,,,22452,251.7601869,-45.85284945,251.7601613,-45.8528545,15.9583,0.041,15.4126,0.053,15.0877,0.059,99.9999,9.9999,99.9999,9.9999,99.9999,9.9999,1,0,4
,,,,,,26725,251.7711283,-45.85588962,251.7711032,-45.8558934,15.9593,0.033,15.2466,0.07,14.7787,0.049,99.9999,9.9999,99.9999,9.9999,99.9999,9.9999,1,0,4
,,,,,,27123,251.7719702,-45.84894164,251.771951,-45.8489435,15.9663,0.081,15.4406,0.071,15.2797,0.052,99.9999,9.9999,99.9999,9.9999,99.9999,9.9999,1,0,4
,,,,,,27125,251.7790648,-45.84344164,251.7790522,-45.8434408,15.9683,0.05,15.2346,0.082,14.9127,0.069,99.9999,9.9999,99.9999,9.9999,99.9999,9.9999,1,0,4
,,,,,,43377,251.7695045,-45.84547055,251.7694875,-45.845472,15.9713,0.066,15.0176,0.112,15.1337,0.057,99.9999,9.9999,99.9999,9.9999,99.9999,9.9999,1,0,4
,,,,,,27126,251.7720254,-45.85042962,251.7720051,-45.8504318,15.9763,0.049,15.4266,0.048,15.0787,0.04,99.9999,9.9999,99.9999,9.9999,99.9999,9.9999,1,0,4
,,,,,,44626,251.759033,-45.8433393,251.7590149,-45.8433422,15.9883,0.048,15.2606,0.051,14.8957,0.064,99.9999,9.9999,99.9999,9.9999,99.9999,9.9999,1,0,4
,,,,,,43379,251.7721407,-45.84048087,251.7721286,-45.8404806,15.9903,0.058,15.4806,0.058,15.2467,0.077,99.9999,9.9999,99.9999,9.9999,99.9999,9.9999,1,0,4
,,,,,,19271,251.7638765,-45.85888116,251.7638469,-45.8588871,15.9923,0.03,15.3566,0.058,14.8647,0.046,99.9999,9.9999,99.9999,9.9999,99.9999,9.9999,1,0,4
,,,,,,27129,251.7659701,-45.84972386,251.7659486,-45.8497271,15.9943,0.098,15.3746,0.132,14.9917,0.141,99.9999,9.9999,99.9999,9.9999,99.9999,9.9999,1,0,4
,,,,,,44629,251.7668344,-45.83733067,251.7668234,-45.8373306,15.9953,0.167,15.2946,0.157,15.2817,0.158,99.9999,9.9999,99.9999,9.9999,99.9999,9.9999,1,0,4
,,,,,,19019,251.7767754,-45.86184809,251.776747,-45.8618523,15.9973,0.042,15.3086,0.051,14.9207,0.049,99.9999,9.9999,99.9999,9.9999,99.9999,9.9999,1,0,4
,,,,,,16358,251.7664347,-45.85380604,251.76641,-45.8538102,15.9993,0.139,15.2076,0.122,14.7087,0.132,99.9999,9.9999,99.9999,9.9999,99.9999,9.9999,1,0,4
,,,,,,16110,251.7702167,-45.85545691,251.7701917,-45.8554607,16.0093,0.049,15.3396,0.091,14.7527,0.046,99.9999,9.9999,99.9999,9.9999,99.9999,9.9999,1,0,4
,,,,,,16153,251.7581895,-45.85006881,251.7581656,-45.8500736,16.0123,0.074,15.3676,0.096,14.7907,0.084,99.9999,9.9999,99.9999,9.9999,99.9999,9.9999,1,0,4
,,,,,,26162,251.7671848,-45.86394841,251.7671519,-45.863955,16.0153,0.029,15.4686,0.052,15.1357,0.047,99.9999,9.9999,99.9999,9.9999,99.9999,9.9999,1,0,4
,,,,,,27138,251.7707923,-45.84855622,251.7707732,-45.8485582,16.0173,0.122,15.4596,0.136,15.2077,0.087,99.9999,9.9999,99.9999,9.9999,99.9999,9.9999,1,0,4
,,,,,,44635,251.7626571,-45.84201227,251.7626411,-45.8420142,16.0173,0.037,15.2826,0.097,15.0747,0.1,99.9999,9.9999,99.9999,9.9999,99.9999,9.9999,1,0,4
,,,,,,19285,251.7568555,-45.85857926,251.7568242,-45.8585864,16.0243,0.041,15.3926,0.039,15.0067,0.039,99.9999,9.9999,99.9999,9.9999,99.9999,9.9999,1,0,4
,,,,,,22476,251.7601289,-45.85128793,251.7601045,-45.8512926,16.0333,0.06,15.4866,0.074,15.2797,0.05,99.9999,9.9999,99.9999,9.9999,99.9999,9.9999,1,0,4
,,,,,,15148,251.7612329,-45.84792656,251.7612115,-45.8479302,16.0343,0.051,15.5026,0.058,14.9517,0.093,99.9999,9.9999,99.9999,9.9999,99.9999,9.9999,1,0,4
,,,,,,26708,251.7602638,-45.85670711,251.760235,-45.8567131,16.0503,0.176,15.4446,0.192,15.3147,0.262,99.9999,9.9999,99.9999,9.9999,99.9999,9.9999,1,0,4
,,,,,,16145,251.7593289,-45.85217875,251.7593035,-45.8521838,16.0603,0.036,15.6036,0.049,15.0527,0.082,99.9999,9.9999,99.9999,9.9999,99.9999,9.9999,1,0,4
,,,,,,44645,251.7609637,-45.84424848,251.7609453,-45.8442512,16.0613,0.029,15.5296,0.042,15.2787,0.043,99.9999,9.9999,99.9999,9.9999,99.9999,9.9999,1,0,4
,,,,,,44646,251.7637303,-45.84013573,251.7637161,-45.8401369,16.0633,0.033,15.5806,0.04,15.3517,0.044,99.9999,9.9999,99.9999,9.9999,99.9999,9.9999,1,0,4
,,,,,,22365,251.7709155,-45.85630213,251.7708899,-45.856306,16.0643,0.079,15.3166,0.116,14.8907,0.067,99.9999,9.9999,99.9999,9.9999,99.9999,9.9999,1,0,4
,,,,,,43382,251.7632829,-45.84587084,251.7632639,-45.8458736,16.0713,0.106,15.6346,0.149,15.2997,0.088,99.9999,9.9999,99.9999,9.9999,99.9999,9.9999,1,0,4
,,,,,,6864,251.7688897,-45.84200496,251.7688754,-45.8420057,16.0783,0.162,15.1666,0.17,14.5397,0.12,99.9999,9.9999,99.9999,9.9999,99.9999,9.9999,1,0,4
,,,,,,43383,251.7694559,-45.84138351,251.7694423,-45.8413839,16.0793,0.058,15.7176,0.105,15.5457,0.125,99.9999,9.9999,99.9999,9.9999,99.9999,9.9999,1,0,4
,,,,,,3871,251.7481431,-45.84756485,251.7481184,-45.8475709,16.0823,0.176,15.5046,0.187,15.0557,0.197,99.9999,9.9999,99.9999,9.9999,99.9999,9.9999,1,0,4
,,,,,,27151,251.7672232,-45.85092903,251.7672011,-45.8509323,16.0823,0.049,15.4726,0.065,15.1297,0.072,99.9999,9.9999,99.9999,9.9999,99.9999,9.9999,1,0,4
,,,,,,44652,251.7744718,-45.83975375,251.774461,-45.8397528,16.0853,0.069,15.4986,0.076,15.1897,0.085,99.9999,9.9999,99.9999,9.9999,99.9999,9.9999,1,0,4
,,,,,,19431,251.7604495,-45.85524301,251.7604219,-45.8552486,16.0913,0.035,15.4506,0.038,15.1327,0.038,99.9999,9.9999,99.9999,9.9999,99.9999,9.9999,1,0,4
,,,,,,43385,251.7611358,-45.84549126,251.7611165,-45.8454943,16.0923,0.08,15.1576,0.124,15.3037,0.114,99.9999,9.9999,99.9999,9.9999,99.9999,9.9999,1,0,4
,,,,,,27157,251.7760146,-45.84664174,251.7759985,-45.8466423,16.0963,0.059,15.5356,0.067,15.2777,0.048,99.9999,9.9999,99.9999,9.9999,99.9999,9.9999,1,0,4
,,,,,,44661,251.7709971,-45.8370343,251.7709876,-45.8370333,16.1213,0.094,15.6086,0.1,15.3807,0.069,99.9999,9.9999,99.9999,9.9999,99.9999,9.9999,1,0,4
,,,,,,16368,251.7694367,-45.84983088,251.7694161,-45.8498334,16.1493,0.148,15.4136,0.174,14.8887,0.165,99.9999,9.9999,99.9999,9.9999,99.9999,9.9999,1,0,4
,,,,,,43388,251.7690997,-45.84611106,251.7690821,-45.8461127,16.1503,0.088,15.6456,0.096,15.3867,0.103,99.9999,9.9999,99.9999,9.9999,99.9999,9.9999,1,0,4
,,,,,,19258,251.7537361,-45.85909535,251.7537034,-45.8591032,16.1543,0.03,15.5526,0.042,15.2477,0.044,99.9999,9.9999,99.9999,9.9999,99.9999,9.9999,1,0,4
,,,,,,22056,251.7571298,-45.86216156,251.7570955,-45.8621696,16.1583,0.057,15.4786,0.032,15.1007,0.038,99.9999,9.9999,99.9999,9.9999,99.9999,9.9999,1,0,4
,,,,,,22445,251.766043,-45.85323372,251.7660187,-45.8532378,16.1633,0.05,15.4396,0.051,15.1057,0.049,99.9999,9.9999,99.9999,9.9999,99.9999,9.9999,1,0,4
,,,,,,44669,251.7623272,-45.84224916,251.7623108,-45.8422512,16.1683,0.104,15.7006,0.075,15.4237,0.095,99.9999,9.9999,99.9999,9.9999,99.9999,9.9999,1,0,4
,,,,,,44670,251.7703536,-45.83697051,251.7703439,-45.8369697,16.1693,0.04,15.6366,0.045,15.3277,0.054,99.9999,9.9999,99.9999,9.9999,99.9999,9.9999,1,0,4
,,,,,,44673,251.7553267,-45.84089727,251.7553095,-45.8409003,16.1703,0.052,15.5416,0.052,15.2287,0.057,99.9999,9.9999,99.9999,9.9999,99.9999,9.9999,1,0,4
,,,,,,15270,251.7598688,-45.84734946,251.7598476,-45.8473532,16.1723,0.051,15.7676,0.064,15.3757,0.06,99.9999,9.9999,99.9999,9.9999,99.9999,9.9999,1,0,4
,,,,,,27180,251.7714848,-45.85255314,251.7714625,-45.852556,16.1763,0.032,15.5546,0.062,15.1597,0.05,99.9999,9.9999,99.9999,9.9999,99.9999,9.9999,1,0,4
,,,,,,4149,251.7627789,-45.84199382,251.7627629,-45.8419957,16.1843,0.051,15.3206,0.058,15.1697,0.046,99.9999,9.9999,99.9999,9.9999,99.9999,9.9999,1,0,4
,,,,,,27183,251.7668316,-45.84587687,251.7668136,-45.8458789,16.1883,0.091,15.7656,0.184,15.4137,0.185,99.9999,9.9999,99.9999,9.9999,99.9999,9.9999,1,0,4
,,,,,,44694,251.7600625,-45.84617623,251.7600423,-45.8461797,16.2153,0.073,15.5206,0.068,15.1917,0.061,99.9999,9.9999,99.9999,9.9999,99.9999,9.9999,1,0,4
,,,,,,27193,251.7684076,-45.84180663,251.7683933,-45.8418074,16.2153,0.047,15.7026,0.076,15.1397,0.092,99.9999,9.9999,99.9999,9.9999,99.9999,9.9999,1,0,4
,,,,,,22888,251.7609435,-45.855258,251.760916,-45.8552635,16.2373,0.108,15.6026,0.128,15.2977,0.131,99.9999,9.9999,99.9999,9.9999,99.9999,9.9999,1,0,4
,,,,,,21901,251.7553121,-45.86410162,251.7552758,-45.8641105,16.2373,0.083,15.3146,0.076,14.7357,0.071,99.9999,9.9999,99.9999,9.9999,99.9999,9.9999,1,0,4
,,,,,,44701,251.7599229,-45.83649726,251.7599107,-45.8364983,16.2383,0.054,15.7626,0.035,15.5367,0.036,99.9999,9.9999,99.9999,9.9999,99.9999,9.9999,1,0,4
,,,,,,22437,251.7735458,-45.85368095,251.7735232,-45.8536837,16.2413,0.03,15.5096,0.053,15.1817,0.074,99.9999,9.9999,99.9999,9.9999,99.9999,9.9999,1,0,4
,,,,,,16756,251.7598074,-45.85697017,251.7597782,-45.8569764,16.2453,0.154,15.5776,0.149,14.9697,0.122,99.9999,9.9999,99.9999,9.9999,99.9999,9.9999,1,0,4
,,,,,,27206,251.7803199,-45.83981616,251.7803106,-45.8398141,16.2543,0.04,15.6906,0.061,15.3587,0.091,99.9999,9.9999,99.9999,9.9999,99.9999,9.9999,1,0,4
,,,,,,43393,251.7675309,-45.84466569,251.7675141,-45.8446673,16.2583,0.15,15.8936,0.179,15.6527,0.198,99.9999,9.9999,99.9999,9.9999,99.9999,9.9999,1,0,4
,,,,,,26463,251.7605532,-45.86101697,251.7605209,-45.861024,16.2733,0.078,15.7406,0.084,15.4267,0.061,99.9999,9.9999,99.9999,9.9999,99.9999,9.9999,1,0,4
,,,,,,686,251.7565946,-45.84465719,251.7565747,-45.8446609,16.2733,0.043,15.8666,0.1,15.7037,0.07,99.9999,9.9999,99.9999,9.9999,99.9999,9.9999,1,0,4
,,,,,,27220,251.7775579,-45.84189594,251.7775462,-45.841895,16.2743,0.143,15.5626,0.147,14.8277,0.097,99.9999,9.9999,99.9999,9.9999,99.9999,9.9999,1,0,4
,,,,,,27221,251.7770595,-45.84162406,251.7770478,-45.8416231,16.2753,0.092,15.6016,0.07,15.2477,0.08,99.9999,9.9999,99.9999,9.9999,99.9999,9.9999,1,0,4
,,,,,,22475,251.7595579,-45.85140467,251.7595333,-45.8514095,16.2823,0.071,15.5756,0.071,15.1667,0.059,99.9999,9.9999,99.9999,9.9999,99.9999,9.9999,1,0,4
,,,,,,43394,251.77569,-45.84079937,251.7756787,-45.8407985,16.2843,0.037,15.7026,0.054,15.5087,0.075,99.9999,9.9999,99.9999,9.9999,99.9999,9.9999,1,0,4
,,,,,,44718,251.7532663,-45.83977919,251.7532495,-45.8397823,16.2883,0.043,15.7926,0.033,15.5887,0.037,99.9999,9.9999,99.9999,9.9999,99.9999,9.9999,1,0,4
,,,,,,19531,251.7617486,-45.85233483,251.7617238,-45.8523395,16.2883,0.018,15.7076,0.048,15.2227,0.055,99.9999,9.9999,99.9999,9.9999,99.9999,9.9999,1,0,4
,,,,,,19404,251.7735675,-45.85593683,251.773543,-45.8559401,16.2913,0.051,15.6736,0.061,15.3697,0.052,99.9999,9.9999,99.9999,9.9999,99.9999,9.9999,1,0,4
,,,,,,44721,251.7576444,-45.8444207,251.757625,-45.8444241,16.2943,0.04,15.7456,0.046,15.4237,0.052,99.9999,9.9999,99.9999,9.9999,99.9999,9.9999,1,0,4
,,,,,,26706,251.7607234,-45.85667661,251.7606947,-45.8566826,16.3043,0.07,15.6626,0.124,15.1597,0.048,99.9999,9.9999,99.9999,9.9999,99.9999,9.9999,1,0,4
,,,,,,19277,251.7566751,-45.85875912,251.7566435,-45.8587664,16.3053,0.044,15.6436,0.028,15.3697,0.041,99.9999,9.9999,99.9999,9.9999,99.9999,9.9999,1,0,4
,,,,,,27240,251.7778668,-45.84343659,251.7778538,-45.8434359,16.3073,0.077,15.3886,0.092,15.2947,0.093,99.9999,9.9999,99.9999,9.9999,99.9999,9.9999,1,0,4
,,,,,,19405,251.7735074,-45.85586173,251.7734829,-45.855865,16.3153,0.035,15.6286,0.056,15.2517,0.047,99.9999,9.9999,99.9999,9.9999,99.9999,9.9999,1,0,4
,,,,,,27246,251.7676598,-45.84126272,251.7676458,-45.8412635,16.3183,0.058,15.5816,0.077,14.8247,0.097,99.9999,9.9999,99.9999,9.9999,99.9999,9.9999,1,0,4
,,,,,,27247,251.7758095,-45.8462444,251.7757937,-45.8462449,16.3203,0.11,15.9366,0.129,15.7757,0.146,99.9999,9.9999,99.9999,9.9999,99.9999,9.9999,1,0,4
,,,,,,27249,251.7773093,-45.84140427,251.7772979,-45.8414032,16.3213,0.046,15.7106,0.055,15.3867,0.058,99.9999,9.9999,99.9999,9.9999,99.9999,9.9999,1,0,4
,,,,,,22189,251.7594683,-45.86038498,251.7594362,-45.8603921,16.3213,0.049,15.8756,0.071,15.6917,0.072,99.9999,9.9999,99.9999,9.9999,99.9999,9.9999,1,0,4
,,,,,,22440,251.7622616,-45.85353941,251.7622359,-45.8535443,16.3223,0.038,15.6986,0.041,15.4167,0.042,99.9999,9.9999,99.9999,9.9999,99.9999,9.9999,1,0,4
,,,,,,44728,251.7622003,-45.84331367,251.7621831,-45.843316,16.3223,0.035,15.6746,0.058,15.4277,0.062,99.9999,9.9999,99.9999,9.9999,99.9999,9.9999,1,0,4
,,,,,,44738,251.7651276,-45.84904145,251.7651064,-45.8490446,16.3523,0.166,15.4936,0.213,14.6327,0.19,99.9999,9.9999,99.9999,9.9999,99.9999,9.9999,1,0,4
,,,,,,18919,251.7697428,-45.8629319,251.7697115,-45.8629377,16.3553,0.035,15.7726,0.042,15.5257,0.046,99.9999,9.9999,99.9999,9.9999,99.9999,9.9999,1,0,4
,,,,,,19021,251.7668819,-45.86183485,251.7668507,-45.8618409,16.3563,0.03,15.7856,0.038,15.5327,0.051,99.9999,9.9999,99.9999,9.9999,99.9999,9.9999,1,0,4
,,,,,,18790,251.7547277,-45.86408282,251.7546912,-45.8640918,16.3613,0.027,15.7546,0.031,15.4617,0.038,99.9999,9.9999,99.9999,9.9999,99.9999,9.9999,1,0,4
,,,,,,9536,251.7586803,-45.8510605,251.7586557,-45.8510654,16.3613,0.045,15.7026,0.071,15.4117,0.06,99.9999,9.9999,99.9999,9.9999,99.9999,9.9999,1,0,4
,,,,,,22288,251.7563427,-45.85881188,251.756311,-45.8588192,16.3653,0.059,15.7586,0.083,15.5047,0.103,99.9999,9.9999,99.9999,9.9999,99.9999,9.9999,1,0,4
,,,,,,16049,251.7651405,-45.85862569,251.7651114,-45.8586313,16.3683,0.032,15.6296,0.042,15.2807,0.048,99.9999,9.9999,99.9999,9.9999,99.9999,9.9999,1,0,4
,,,,,,19182,251.7645863,-45.86019043,251.7645558,-45.8601965,16.3713,0.04,15.8046,0.047,15.5607,0.052,99.9999,9.9999,99.9999,9.9999,99.9999,9.9999,1,0,4
,,,,,,27283,251.7763144,-45.84748001,251.7762977,-45.8474807,16.3803,0.029,15.7466,0.049,15.4597,0.047,99.9999,9.9999,99.9999,9.9999,99.9999,9.9999,1,0,4
,,,,,,15236,251.7714169,-45.85175875,251.7713953,-45.8517614,16.3903,0.33,15.4496,0.118,14.6737,0.348,99.9999,9.9999,99.9999,9.9999,99.9999,9.9999,1,0,4
,,,,,,18933,251.7697113,-45.86275687,251.7696801,-45.8627626,16.3933,0.046,15.8096,0.05,15.4897,0.048,99.9999,9.9999,99.9999,9.9999,99.9999,9.9999,1,0,4
,,,,,,26510,251.76744,-45.86048213,251.76741,-45.8604878,16.3983,0.074,15.6196,0.084,14.9287,0.082,99.9999,9.9999,99.9999,9.9999,99.9999,9.9999,1,0,4
,,,,,,18962,251.766975,-45.86239363,251.7669434,-45.8623998,16.3983,0.04,15.7396,0.049,15.3527,0.047,99.9999,9.9999,99.9999,9.9999,99.9999,9.9999,1,0,4
,,,,,,27287,251.772919,-45.84810786,251.7729009,-45.8481093,16.4013,0.093,15.7876,0.098,15.5837,0.109,99.9999,9.9999,99.9999,9.9999,99.9999,9.9999,1,0,4
,,,,,,6860,251.7493567,-45.84201963,251.7493369,-45.842024,16.4023,0.034,15.8386,0.039,15.5017,0.036,99.9999,9.9999,99.9999,9.9999,99.9999,9.9999,1,0,4
,,,,,,27292,251.7684868,-45.84741479,251.768468,-45.8474169,16.4163,0.069,15.7476,0.08,15.4637,0.059,99.9999,9.9999,99.9999,9.9999,99.9999,9.9999,1,0,4
,,,,,,43403,251.7627868,-45.8467877,251.7627669,-45.8467908,16.4183,0.113,15.7816,0.093,15.5137,0.115,99.9999,9.9999,99.9999,9.9999,99.9999,9.9999,1,0,4
,,,,,,19398,251.7605079,-45.8560606,251.7604797,-45.8560664,16.4253,0.034,15.8406,0.036,15.5657,0.034,99.9999,9.9999,99.9999,9.9999,99.9999,9.9999,1,0,4
,,,,,,19263,251.7653887,-45.85896128,251.7653594,-45.8589669,16.4263,0.038,15.7296,0.038,15.4117,0.033,99.9999,9.9999,99.9999,9.9999,99.9999,9.9999,1,0,4
,,,,,,19035,251.7541898,-45.86167408,251.7541552,-45.8616825,16.4303,0.039,15.5886,0.049,15.0447,0.041,99.9999,9.9999,99.9999,9.9999,99.9999,9.9999,1,0,4
,,,,,,43406,251.7690213,-45.84114258,251.7690078,-45.841143,16.4303,0.11,15.8656,0.088,15.8317,0.17,99.9999,9.9999,99.9999,9.9999,99.9999,9.9999,1,0,4
,,,,,,27303,251.7756714,-45.84331194,251.775658,-45.8433117,16.4363,0.073,15.9326,0.075,15.6997,0.104,99.9999,9.9999,99.9999,9.9999,99.9999,9.9999,1,0,4
,,,,,,44772,251.7667994,-45.8398846,251.7667863,-45.8398852,16.4363,0.056,15.7196,0.064,15.3237,0.082,99.9999,9.9999,99.9999,9.9999,99.9999,9.9999,1,0,4
,,,,,,27304,251.7706075,-45.8526501,251.7705849,-45.8526532,16.4373,0.06,15.7716,0.074,15.4377,0.057,99.9999,9.9999,99.9999,9.9999,99.9999,9.9999,1,0,4
,,,,,,19513,251.7636006,-45.85295347,251.7635758,-45.8529579,16.4443,0.031,15.8086,0.044,15.4257,0.043,99.9999,9.9999,99.9999,9.9999,99.9999,9.9999,1,0,4
,,,,,,22135,251.7544577,-45.86097415,251.7544237,-45.8609824,16.4453,0.04,15.9176,0.041,15.6407,0.039,99.9999,9.9999,99.9999,9.9999,99.9999,9.9999,1,0,4
,,,,,,16994,251.7675876,-45.85594229,251.7675615,-45.8559468,16.4463,0.102,15.9386,0.157,15.4387,0.16,99.9999,9.9999,99.9999,9.9999,99.9999,9.9999,1,0,4
,,,,,,44778,251.7624344,-45.84263256,251.7624178,-45.8426346,16.4533,0.028,15.4996,0.055,14.9337,0.04,99.9999,9.9999,99.9999,9.9999,99.9999,9.9999,1,0,4
,,,,,,10004,251.7629357,-45.84851395,251.7629144,-45.8485174,16.4563,0.047,15.8866,0.085,15.2927,0.085,99.9999,9.9999,99.9999,9.9999,99.9999,9.9999,1,0,4
,,,,,,22500,251.7630662,-45.84913683,251.7630444,-45.8491404,16.4583,0.08,15.9266,0.06,15.6647,0.08,99.9999,9.9999,99.9999,9.9999,99.9999,9.9999,1,0,4
,,,,,,44781,251.7681697,-45.83860519,251.768158,-45.8386052,16.4603,0.06,15.9306,0.064,15.5847,0.073,99.9999,9.9999,99.9999,9.9999,99.9999,9.9999,1,0,4
,,,,,,10345,251.7585891,-45.84676148,251.758568,-45.8467653,16.4623,0.043,15.8666,0.047,15.5657,0.037,99.9999,9.9999,99.9999,9.9999,99.9999,9.9999,1,0,4
,,,,,,16878,251.7681227,-45.86063489,251.7680928,-45.8606404,16.4663,0.161,15.7616,0.175,15.3437,0.196,99.9999,9.9999,99.9999,9.9999,99.9999,9.9999,1,0,4
,,,,,,44783,251.7598737,-45.8460625,251.7598536,-45.8460659,16.4673,0.044,15.7876,0.058,15.4527,0.061,99.9999,9.9999,99.9999,9.9999,99.9999,9.9999,1,0,4
,,,,,,26798,251.7590244,-45.85401456,251.7589974,-45.8540202,16.4833,0.071,15.8126,0.119,15.4127,0.073,99.9999,9.9999,99.9999,9.9999,99.9999,9.9999,1,0,4
,,,,,,22377,251.7637921,-45.85577383,251.763765,-45.855779,16.4843,0.028,15.9086,0.031,15.7327,0.038,99.9999,9.9999,99.9999,9.9999,99.9999,9.9999,1,0,4
,,,,,,27316,251.7751187,-45.84874846,251.7751006,-45.8487497,16.4893,0.098,15.9026,0.115,15.5387,0.12,99.9999,9.9999,99.9999,9.9999,99.9999,9.9999,1,0,4
,,,,,,44791,251.7628643,-45.84050751,251.7628496,-45.840509,16.4903,0.032,15.9016,0.052,15.7277,0.044,99.9999,9.9999,99.9999,9.9999,99.9999,9.9999,1,0,4
,,,,,,19443,251.7570198,-45.85499248,251.7569914,-45.8549987,16.4913,0.047,15.9806,0.05,15.6817,0.045,99.9999,9.9999,99.9999,9.9999,99.9999,9.9999,1,0,4
,,,,,,43408,251.7632042,-45.8450189,251.7631858,-45.8450214,16.4943,0.069,15.9306,0.088,15.6487,0.092,99.9999,9.9999,99.9999,9.9999,99.9999,9.9999,1,0,4
,,,,,,10747,251.7567196,-45.84484135,251.7566995,-45.8448451,16.4983,0.037,15.9026,0.05,15.7527,0.045,99.9999,9.9999,99.9999,9.9999,99.9999,9.9999,1,0,4
,,,,,,19468,251.7711251,-45.85447328,251.7711011,-45.8544767,16.5003,0.038,15.7976,0.046,15.5647,0.049,99.9999,9.9999,99.9999,9.9999,99.9999,9.9999,1,0,4
,,,,,,27323,251.7737337,-45.8451212,251.7737182,-45.8451218,16.5033,0.05,15.8316,0.09,15.4247,0.064,99.9999,9.9999,99.9999,9.9999,99.9999,9.9999,1,0,4
,,,,,,27324,251.7797174,-45.84485058,251.7797038,-45.8448499,16.5083,0.046,15.8126,0.054,15.5987,0.051,99.9999,9.9999,99.9999,9.9999,99.9999,9.9999,1,0,4
,,,,,,27326,251.7797331,-45.84426935,251.77972,-45.8442686,16.5103,0.062,15.8196,0.047,15.5037,0.04,99.9999,9.9999,99.9999,9.9999,99.9999,9.9999,1,0,4
,,,,,,43410,251.7684942,-45.84270848,251.7684793,-45.8427094,16.5133,0.13,16.0486,0.138,15.6237,0.097,99.9999,9.9999,99.9999,9.9999,99.9999,9.9999,1,0,4
,,,,,,44800,251.7670953,-45.84304208,251.7670796,-45.8430434,16.5153,0.071,15.4866,0.075,14.9167,0.066,99.9999,9.9999,99.9999,9.9999,99.9999,9.9999,1,0,4
,,,,,,43411,251.7646604,-45.84376634,251.7646435,-45.8437683,16.5163,0.128,16.1426,0.201,15.7837,0.155,99.9999,9.9999,99.9999,9.9999,99.9999,9.9999,1,0,4
,,,,,,5221,251.7667916,-45.84602653,251.7667734,-45.8460286,16.5173,0.143,16.6856,0.449,15.8627,0.262,99.9999,9.9999,99.9999,9.9999,99.9999,9.9999,1,0,4
,,,,,,22442,251.7649773,-45.85334225,251.7649525,-45.8533465,16.5243,0.03,15.8366,0.045,15.5317,0.031,99.9999,9.9999,99.9999,9.9999,99.9999,9.9999,1,0,4
,,,,,,19432,251.7571005,-45.85524036,251.757072,-45.8552466,16.5303,0.065,15.6756,0.039,15.4207,0.039,99.9999,9.9999,99.9999,9.9999,99.9999,9.9999,1,0,4
,,,,,,27337,251.7779751,-45.84304973,251.7779625,-45.843049,16.5313,0.051,15.8716,0.057,15.6637,0.064,99.9999,9.9999,99.9999,9.9999,99.9999,9.9999,1,0,4
,,,,,,43412,251.7602545,-45.84626609,251.7602343,-45.8462695,16.5343,0.068,15.9586,0.092,15.4947,0.085,99.9999,9.9999,99.9999,9.9999,99.9999,9.9999,1,0,4
,,,,,,43413,251.7623278,-45.84652954,251.762308,-45.8465326,16.5353,0.081,16.0786,0.1,15.7727,0.09,99.9999,9.9999,99.9999,9.9999,99.9999,9.9999,1,0,4
,,,,,,19157,251.7785322,-45.86046888,251.7785054,-45.8604724,16.5373,0.039,15.9266,0.055,15.5707,0.057,99.9999,9.9999,99.9999,9.9999,99.9999,9.9999,1,0,4
,,,,,,19454,251.7690747,-45.85469737,251.76905,-45.8547012,16.5403,0.031,15.8096,0.042,15.4157,0.045,99.9999,9.9999,99.9999,9.9999,99.9999,9.9999,1,0,4
,,,,,,44814,251.7679141,-45.83740328,251.7679034,-45.837403,16.5413,0.077,15.9216,0.066,15.8787,0.045,99.9999,9.9999,99.9999,9.9999,99.9999,9.9999,1,0,4
,,,,,,16081,251.7601417,-45.85729064,251.7601123,-45.8572968,16.5473,0.094,15.8716,0.08,15.5507,0.098,99.9999,9.9999,99.9999,9.9999,99.9999,9.9999,1,0,4
,,,,,,27345,251.7803109,-45.84242213,251.7802995,-45.8424208,16.5483,0.039,15.9316,0.041,15.6827,0.045,99.9999,9.9999,99.9999,9.9999,99.9999,9.9999,1,0,4
,,,,,,43414,251.7691446,-45.84638063,251.7691268,-45.8463824,16.5523,0.047,15.7416,0.044,15.4077,0.04,99.9999,9.9999,99.9999,9.9999,99.9999,9.9999,1,0,4
,,,,,,16345,251.7607641,-45.85678815,251.7607353,-45.8567941,16.5553,0.094,16.0156,0.083,15.5787,0.087,99.9999,9.9999,99.9999,9.9999,99.9999,9.9999,1,0,4
,,,,,,22065,251.7561375,-45.86207828,251.7561031,-45.8620865,16.5563,0.052,16.0406,0.08,15.6667,0.056,99.9999,9.9999,99.9999,9.9999,99.9999,9.9999,1,0,4
,,,,,,22041,251.760166,-45.86234124,251.7601324,-45.8623487,16.5563,0.047,15.9836,0.067,15.6847,0.06,99.9999,9.9999,99.9999,9.9999,99.9999,9.9999,1,0,4
,,,,,,19509,251.7558428,-45.85318197,251.7558156,-45.853188,16.5603,0.041,15.8596,0.059,15.5597,0.059,99.9999,9.9999,99.9999,9.9999,99.9999,9.9999,1,0,4
,,,,,,27350,251.7790235,-45.84891888,251.7790063,-45.8489194,16.5623,0.059,16.0306,0.047,15.6197,0.05,99.9999,9.9999,99.9999,9.9999,99.9999,9.9999,1,0,4
,,,,,,19154,251.7787957,-45.86051503,251.778769,-45.8605185,16.5633,0.04,15.9766,0.046,15.5447,0.045,99.9999,9.9999,99.9999,9.9999,99.9999,9.9999,1,0,4
,,,,,,27351,251.7823385,-45.84059354,251.7823292,-45.8405913,16.5663,0.034,15.6986,0.043,15.0987,0.04,99.9999,9.9999,99.9999,9.9999,99.9999,9.9999,1,0,4
,,,,,,22409,251.7549941,-45.85463029,251.7549654,-45.8546368,16.5693,0.034,15.9016,0.059,15.4057,0.047,99.9999,9.9999,99.9999,9.9999,99.9999,9.9999,1,0,4
,,,,,,27352,251.7768423,-45.84329988,251.7768292,-45.8432994,16.5713,0.058,15.4976,0.058,14.7107,0.063,99.9999,9.9999,99.9999,9.9999,99.9999,9.9999,1,0,4
,,,,,,15267,251.7596804,-45.84867791,251.759658,-45.848682,16.5713,0.058,15.8916,0.075,15.4797,0.055,99.9999,9.9999,99.9999,9.9999,99.9999,9.9999,1,0,4
,,,,,,27353,251.7686225,-45.84739242,251.7686037,-45.8473945,16.5723,0.045,15.9716,0.063,15.7357,0.062,99.9999,9.9999,99.9999,9.9999,99.9999,9.9999,1,0,4
,,,,,,19268,251.7756764,-45.85892286,251.7756501,-45.8589265,16.5733,0.032,15.2716,0.051,13.9467,0.047,99.9999,9.9999,99.9999,9.9999,99.9999,9.9999,1,0,4
,,,,,,2625,251.7473264,-45.85057001,251.747299,-45.850577,16.5753,0.036,15.8406,0.045,15.6177,0.035,99.9999,9.9999,99.9999,9.9999,99.9999,9.9999,1,0,4
,,,,,,27357,251.7731765,-45.84872556,251.7731578,-45.8487271,16.5773,0.058,15.9656,0.066,15.6767,0.074,99.9999,9.9999,99.9999,9.9999,99.9999,9.9999,1,0,4
,,,,,,43415,251.7758178,-45.84034661,251.7758069,-45.8403456,16.5793,0.081,16.1266,0.08,15.9277,0.069,99.9999,9.9999,99.9999,9.9999,99.9999,9.9999,1,0,4
,,,,,,19320,251.7629301,-45.85767881,251.7629012,-45.8576846,16.5823,0.047,15.8756,0.051,15.5117,0.04,99.9999,9.9999,99.9999,9.9999,99.9999,9.9999,1,0,4
,,,,,,27361,251.7745164,-45.84716585,251.7744995,-45.8471668,16.5833,0.059,16.0116,0.088,15.6607,0.076,99.9999,9.9999,99.9999,9.9999,99.9999,9.9999,1,0,4
,,,,,,27362,251.7711804,-45.8482997,251.7711616,-45.8483016,16.5843,0.208,15.8676,0.215,15.5947,0.213,99.9999,9.9999,99.9999,9.9999,99.9999,9.9999,1,0,4
,,,,,,19537,251.7657772,-45.8521433,251.7657536,-45.8521471,16.5933,0.049,15.7326,0.055,15.3087,0.043,99.9999,9.9999,99.9999,9.9999,99.9999,9.9999,1,0,4
,,,,,,43416,251.7654612,-45.8423333,251.7654457,-45.8423347,16.5933,0.118,15.9656,0.095,16.2937,0.315,99.9999,9.9999,99.9999,9.9999,99.9999,9.9999,1,0,4
,,,,,,22487,251.7648342,-45.85048615,251.7648118,-45.8504898,16.5953,0.043,15.8956,0.044,15.6387,0.04,99.9999,9.9999,99.9999,9.9999,99.9999,9.9999,1,0,4
,,,,,,44838,251.757692,-45.84278804,251.7576739,-45.8427911,16.5963,0.041,15.9546,0.058,15.7067,0.049,99.9999,9.9999,99.9999,9.9999,99.9999,9.9999,1,0,4
,,,,,,44842,251.7724739,-45.84054997,251.7724618,-45.8405496,16.6123,0.167,15.3696,0.144,16.6107,0.153,99.9999,9.9999,99.9999,9.9999,99.9999,9.9999,1,0,4
,,,,,,44844,251.7647773,-45.84162271,251.7647622,-45.8416241,16.6153,0.053,16.0186,0.04,15.7307,0.046,99.9999,9.9999,99.9999,9.9999,99.9999,9.9999,1,0,4
,,,,,,27381,251.7795773,-45.85087315,251.7795587,-45.8508741,16.6253,0.032,16.0396,0.04,15.6637,0.039,99.9999,9.9999,99.9999,9.9999,99.9999,9.9999,1,0,4
,,,,,,27384,251.7732217,-45.84756129,251.7732041,-45.8475626,16.6283,0.072,15.8866,0.078,15.7467,0.103,99.9999,9.9999,99.9999,9.9999,99.9999,9.9999,1,0,4
,,,,,,19252,251.7784826,-45.85918803,251.7784568,-45.8591912,16.6283,0.032,15.9956,0.044,15.5227,0.037,99.9999,9.9999,99.9999,9.9999,99.9999,9.9999,1,0,4
,,,,,,16120,251.7554461,-45.85446425,251.7554178,-45.8544706,16.6383,0.055,16.1066,0.059,15.7017,0.065,99.9999,9.9999,99.9999,9.9999,99.9999,9.9999,1,0,4
,,,,,,27387,251.7758761,-45.84459937,251.7758616,-45.8445994,16.6423,0.121,16.1866,0.132,16.1367,0.172,99.9999,9.9999,99.9999,9.9999,99.9999,9.9999,1,0,4
,,,,,,16160,251.7595743,-45.84777645,251.7595527,-45.8477804,16.6433,0.048,15.9916,0.054,15.6907,0.07,99.9999,9.9999,99.9999,9.9999,99.9999,9.9999,1,0,4
,,,,,,44853,251.7664319,-45.8379576,251.7664203,-45.8379577,16.6433,0.075,15.9826,0.056,15.6227,0.066,99.9999,9.9999,99.9999,9.9999,99.9999,9.9999,1,0,4
,,,,,,44855,251.7659885,-45.84160054,251.7659738,-45.8416017,16.6463,0.08,15.9996,0.115,15.0807,0.064,99.9999,9.9999,99.9999,9.9999,99.9999,9.9999,1,0,4
,,,,,,27388,251.7758835,-45.84989639,251.7758646,-45.8498977,16.6463,0.052,16.1076,0.048,15.7377,0.05,99.9999,9.9999,99.9999,9.9999,99.9999,9.9999,1,0,4
,,,,,,5831,251.7571217,-45.8483912,251.7570989,-45.8483957,16.6513,0.054,15.9056,0.082,15.5567,0.087,99.9999,9.9999,99.9999,9.9999,99.9999,9.9999,1,0,4
,,,,,,19526,251.7574527,-45.8524398,251.7574266,-45.8524453,16.6513,0.041,16.0856,0.061,15.7147,0.052,99.9999,9.9999,99.9999,9.9999,99.9999,9.9999,1,0,4
,,,,,,13965,251.7540223,-45.85379488,251.7539941,-45.8538014,16.6603,0.213,16.0786,0.309,15.5567,0.134,99.9999,9.9999,99.9999,9.9999,99.9999,9.9999,1,0,4
,,,,,,27394,251.7741302,-45.84801218,251.7741124,-45.8480134,16.6633,0.048,16.0746,0.049,15.7377,0.054,99.9999,9.9999,99.9999,9.9999,99.9999,9.9999,1,0,4
,,,,,,22481,251.7597396,-45.85083814,251.7597155,-45.8508428,16.6663,0.055,15.9256,0.043,15.5797,0.04,99.9999,9.9999,99.9999,9.9999,99.9999,9.9999,1,0,4
,,,,,,1033,251.7710012,-45.84293736,251.7709868,-45.8429379,16.6683,0.131,16.2716,0.25,15.3327,0.062,99.9999,9.9999,99.9999,9.9999,99.9999,9.9999,1,0,4
,,,,,,27396,251.7658538,-45.84872237,251.7658331,-45.8487253,16.6693,0.053,15.8316,0.064,15.6537,0.055,99.9999,9.9999,99.9999,9.9999,99.9999,9.9999,1,0,4
,,,,,,43423,251.7696932,-45.84467589,251.769677,-45.8446771,16.6743,0.098,16.3466,0.124,16.0947,0.163,99.9999,9.9999,99.9999,9.9999,99.9999,9.9999,1,0,4
,,,,,,5946,251.7526572,-45.84772402,251.7526336,-45.8477292,16.6773,0.039,16.0036,0.042,15.7157,0.046,99.9999,9.9999,99.9999,9.9999,99.9999,9.9999,1,0,4
,,,,,,6536,251.7528813,-45.84405083,251.7528609,-45.8440551,16.6843,0.035,16.1386,0.047,15.8787,0.046,99.9999,9.9999,99.9999,9.9999,99.9999,9.9999,1,0,4
,,,,,,43424,251.7616426,-45.845309,251.7616236,-45.8453119,16.6983,0.184,16.2306,0.179,15.6967,0.153,99.9999,9.9999,99.9999,9.9999,99.9999,9.9999,1,0,4
,,,,,,27414,251.7667819,-45.85013922,251.7667604,-45.8501424,16.7023,0.054,16.1446,0.08,15.7797,0.087,99.9999,9.9999,99.9999,9.9999,99.9999,9.9999,1,0,4
,,,,,,19430,251.7566367,-45.85515211,251.7566081,-45.8551584,16.7103,0.038,16.1036,0.049,15.6917,0.055,99.9999,9.9999,99.9999,9.9999,99.9999,9.9999,1,0,4
,,,,,,44888,251.761226,-45.84076319,251.7612106,-45.840765,16.7183,0.064,15.9356,0.055,15.6037,0.06,99.9999,9.9999,99.9999,9.9999,99.9999,9.9999,1,0,4
,,,,,,22251,251.7704482,-45.85947376,251.7704199,-45.8594786,16.7223,0.036,15.9896,0.043,15.6487,0.039,99.9999,9.9999,99.9999,9.9999,99.9999,9.9999,1,0,4
,,,,,,22320,251.7722678,-45.85774521,251.7722414,-45.8577492,16.7263,0.039,15.8926,0.065,15.3147,0.054,99.9999,9.9999,99.9999,9.9999,99.9999,9.9999,1,0,4
,,,,,,27428,251.769668,-45.84708243,251.7696497,-45.8470843,16.7333,0.05,16.0996,0.052,15.8657,0.068,99.9999,9.9999,99.9999,9.9999,99.9999,9.9999,1,0,4
,,,,,,27433,251.7697973,-45.85077276,251.7697761,-45.8507755,16.7423,0.052,16.1356,0.067,15.8607,0.077,99.9999,9.9999,99.9999,9.9999,99.9999,9.9999,1,0,4
,,,,,,43430,251.7709344,-45.84149134,251.7709211,-45.8414915,16.7423,0.049,16.2656,0.144,16.2967,0.224,99.9999,9.9999,99.9999,9.9999,99.9999,9.9999,1,0,4
,,,,,,27436,251.7767668,-45.8427923,251.7767541,-45.8427917,16.7473,0.04,16.0916,0.05,16.0067,0.053,99.9999,9.9999,99.9999,9.9999,99.9999,9.9999,1,0,4
,,,,,,19107,251.7700286,-45.86102735,251.7699989,-45.8610326,16.7563,0.045,16.0046,0.046,15.5857,0.042,99.9999,9.9999,99.9999,9.9999,99.9999,9.9999,1,0,4
,,,,,,27440,251.7800575,-45.84682755,251.7800424,-45.8468273,16.7573,0.034,16.1226,0.05,15.8897,0.043,99.9999,9.9999,99.9999,9.9999,99.9999,9.9999,1,0,4
,,,,,,16135,251.7614461,-45.85307297,251.7614206,-45.8530779,16.7603,0.05,15.9996,0.056,15.6887,0.04,99.9999,9.9999,99.9999,9.9999,99.9999,9.9999,1,0,4
,,,,,,27441,251.7703136,-45.84530879,251.770297,-45.8453101,16.7603,0.065,16.0946,0.068,15.7567,0.078,99.9999,9.9999,99.9999,9.9999,99.9999,9.9999,1,0,4
,,,,,,43431,251.764981,-45.84295826,251.7649649,-45.8429599,16.7613,0.176,16.5586,0.257,16.1297,0.25,99.9999,9.9999,99.9999,9.9999,99.9999,9.9999,1,0,4
,,,,,,44906,251.7623455,-45.83931601,251.7623316,-45.8393173,16.7633,0.285,16.0026,0.223,15.6187,0.156,99.9999,9.9999,99.9999,9.9999,99.9999,9.9999,1,0,4
,,,,,,27444,251.779801,-45.84201282,251.7797898,-45.8420115,16.7643,0.031,16.1256,0.03,15.8467,0.037,99.9999,9.9999,99.9999,9.9999,99.9999,9.9999,1,0,4
,,,,,,19246,251.7757948,-45.85928152,251.7757682,-45.8592853,16.7663,0.04,16.1496,0.037,15.7947,0.039,99.9999,9.9999,99.9999,9.9999,99.9999,9.9999,1,0,4
,,,,,,43432,251.7613777,-45.84525633,251.7613587,-45.8452593,16.7673,0.093,16.3736,0.103,16.1127,0.132,99.9999,9.9999,99.9999,9.9999,99.9999,9.9999,1,0,4
,,,,,,27445,251.7798761,-45.84854648,251.7798595,-45.8485467,16.7683,0.031,16.1676,0.048,15.8347,0.048,99.9999,9.9999,99.9999,9.9999,99.9999,9.9999,1,0,4
,,,,,,27447,251.7759008,-45.84402321,251.7758868,-45.8440231,16.7693,0.095,16.3256,0.161,16.0547,0.161,99.9999,9.9999,99.9999,9.9999,99.9999,9.9999,1,0,4
,,,,,,44911,251.7669111,-45.8378705,251.7668997,-45.8378705,16.7693,0.06,16.0826,0.062,15.8247,0.063,99.9999,9.9999,99.9999,9.9999,99.9999,9.9999,1,0,4
,,,,,,27448,251.7803104,-45.85265738,251.7802906,-45.8526586,16.7703,0.058,16.1366,0.052,15.7207,0.051,99.9999,9.9999,99.9999,9.9999,99.9999,9.9999,1,0,4
,,,,,,4112,251.7536781,-45.84266508,251.753659,-45.8426688,16.7733,0.052,16.0776,0.06,15.6427,0.066,99.9999,9.9999,99.9999,9.9999,99.9999,9.9999,1,0,4
,,,,,,44914,251.7567013,-45.84187831,251.7566837,-45.8418813,16.7793,0.078,15.9936,0.097,15.6247,0.099,99.9999,9.9999,99.9999,9.9999,99.9999,9.9999,1,0,4
,,,,,,19335,251.7630768,-45.85733743,251.7630482,-45.8573431,16.7823,0.034,15.5936,0.042,14.7017,0.04,99.9999,9.9999,99.9999,9.9999,99.9999,9.9999,1,0,4
,,,,,,27462,251.7699581,-45.84813358,251.769939,-45.8481356,16.7933,0.061,16.0606,0.054,15.7027,0.053,99.9999,9.9999,99.9999,9.9999,99.9999,9.9999,1,0,4
,,,,,,44920,251.760242,-45.84429172,251.7602234,-45.8442946,16.7983,0.059,16.2326,0.046,15.8557,0.053,99.9999,9.9999,99.9999,9.9999,99.9999,9.9999,1,0,4
,,,,,,22318,251.7528563,-45.85779261,251.7528245,-45.8578003,16.8003,0.036,16.1986,0.04,15.9357,0.05,99.9999,9.9999,99.9999,9.9999,99.9999,9.9999,1,0,4
,,,,,,19208,251.7655671,-45.85985996,251.7655371,-45.8598658,16.8033,0.029,16.0776,0.039,15.6247,0.039,99.9999,9.9999,99.9999,9.9999,99.9999,9.9999,1,0,4
,,,,,,43437,251.7720649,-45.83859891,251.7720543,-45.8385981,16.8083,0.059,16.2796,0.058,15.9147,0.06,99.9999,9.9999,99.9999,9.9999,99.9999,9.9999,1,0,4
,,,,,,44927,251.7639441,-45.84532523,251.7639257,-45.8453277,16.8143,0.127,16.4566,0.174,15.6987,0.094,99.9999,9.9999,99.9999,9.9999,99.9999,9.9999,1,0,4
,,,,,,7210,251.7486559,-45.83921885,251.7486382,-45.8392227,16.8173,0.037,16.2656,0.039,16.0107,0.038,99.9999,9.9999,99.9999,9.9999,99.9999,9.9999,1,0,4
,,,,,,27475,251.766235,-45.84899679,251.7662142,-45.8489998,16.8333,0.081,16.2376,0.117,16.0207,0.138,99.9999,9.9999,99.9999,9.9999,99.9999,9.9999,1,0,4
,,,,,,26817,251.7539882,-45.85350279,251.7539602,-45.8535092,16.8383,0.068,16.2376,0.07,15.9327,0.066,99.9999,9.9999,99.9999,9.9999,99.9999,9.9999,1,0,4
,,,,,,43438,251.7709436,-45.83826824,251.770933,-45.8382676,16.8523,0.129,16.3086,0.157,15.8337,0.141,99.9999,9.9999,99.9999,9.9999,99.9999,9.9999,1,0,4
,,,,,,16761,251.7667708,-45.85656648,251.7667438,-45.8565712,16.8523,0.053,15.8736,0.073,15.2487,0.045,99.9999,9.9999,99.9999,9.9999,99.9999,9.9999,1,0,4
,,,,,,19230,251.7777867,-45.85955742,251.7777604,-45.8595609,16.8553,0.033,16.2356,0.044,15.8477,0.045,99.9999,9.9999,99.9999,9.9999,99.9999,9.9999,1,0,4
,,,,,,27493,251.7784056,-45.8498225,251.7783876,-45.8498234,16.8643,0.054,16.2286,0.049,16.0307,0.062,99.9999,9.9999,99.9999,9.9999,99.9999,9.9999,1,0,4
,,,,,,19541,251.7577934,-45.85186374,251.7577679,-45.851869,16.8643,0.044,16.3156,0.045,16.0217,0.044,99.9999,9.9999,99.9999,9.9999,99.9999,9.9999,1,0,4
,,,,,,44945,251.7607657,-45.84592323,251.7607459,-45.8459265,16.8663,0.079,16.0646,0.07,15.7287,0.089,99.9999,9.9999,99.9999,9.9999,99.9999,9.9999,1,0,4
,,,,,,17001,251.7523543,-45.85884993,251.7523215,-45.858858,16.8743,0.066,16.0066,0.096,15.4607,0.085,99.9999,9.9999,99.9999,9.9999,99.9999,9.9999,1,0,4
,,,,,,44949,251.7607095,-45.84042665,251.7606943,-45.8404285,16.8753,0.053,16.2166,0.067,15.8927,0.06,99.9999,9.9999,99.9999,9.9999,99.9999,9.9999,1,0,4
,,,,,,27502,251.770036,-45.8491097,251.7700162,-45.849112,16.8763,0.081,16.3236,0.085,15.9917,0.088,99.9999,9.9999,99.9999,9.9999,99.9999,9.9999,1,0,4
,,,,,,43442,251.7680229,-45.84483516,251.7680061,-45.8448367,16.8773,0.087,16.2416,0.165,16.2637,0.25,99.9999,9.9999,99.9999,9.9999,99.9999,9.9999,1,0,4
,,,,,,10143,251.7564995,-45.84775253,251.756477,-45.847757,16.8853,0.08,16.2696,0.087,15.8637,0.06,99.9999,9.9999,99.9999,9.9999,99.9999,9.9999,1,0,4
,,,,,,19519,251.7546341,-45.85279385,251.7546069,-45.8528,16.8913,0.038,16.3816,0.044,16.2477,0.051,99.9999,9.9999,99.9999,9.9999,99.9999,9.9999,1,0,4
,,,,,,19201,251.7701709,-45.85998855,251.7701421,-45.8599935,16.8973,0.051,16.2296,0.051,15.7417,0.05,99.9999,9.9999,99.9999,9.9999,99.9999,9.9999,1,0,4
,,,,,,19260,251.7699736,-45.85899156,251.7699456,-45.8589963,16.9013,0.03,16.1676,0.045,15.8127,0.05,99.9999,9.9999,99.9999,9.9999,99.9999,9.9999,1,0,4
,,,,,,19233,251.7552874,-45.85951807,251.7552548,-45.8595258,16.9153,0.028,16.2786,0.037,15.9987,0.045,99.9999,9.9999,99.9999,9.9999,99.9999,9.9999,1,0,4
,,,,,,19371,251.7558704,-45.85664084,251.7558404,-45.8566477,16.9163,0.035,16.0046,0.044,15.3417,0.042,99.9999,9.9999,99.9999,9.9999,99.9999,9.9999,1,0,4
,,,,,,16165,251.7726662,-45.84711416,251.7726488,-45.8471154,16.9163,0.158,15.6486,0.131,15.9517,0.176,99.9999,9.9999,99.9999,9.9999,99.9999,9.9999,1,0,4
,,,,,,19159,251.7696371,-45.86044228,251.7696078,-45.8604475,16.9173,0.035,16.1116,0.082,16.1127,0.059,99.9999,9.9999,99.9999,9.9999,99.9999,9.9999,1,0,4
,,,,,,22491,251.7642058,-45.84994531,251.7641836,-45.8499489,16.9203,0.055,16.2796,0.068,15.9417,0.065,99.9999,9.9999,99.9999,9.9999,99.9999,9.9999,1,0,4
,,,,,,27529,251.7700346,-45.85267862,251.7700118,-45.8526818,16.9233,0.045,16.3326,0.05,16.0667,0.067,99.9999,9.9999,99.9999,9.9999,99.9999,9.9999,1,0,4
,,,,,,27533,251.7732967,-45.85074224,251.7732764,-45.8507443,16.9313,0.143,16.3266,0.127,16.1187,0.12,99.9999,9.9999,99.9999,9.9999,99.9999,9.9999,1,0,4
,,,,,,15246,251.7598618,-45.85124224,251.7598373,-45.851247,16.9393,0.061,16.2486,0.073,16.0107,0.073,99.9999,9.9999,99.9999,9.9999,99.9999,9.9999,1,0,4
,,,,,,27538,251.7746133,-45.85253404,251.774592,-45.8525363,16.9443,0.091,16.3286,0.088,15.9677,0.073,99.9999,9.9999,99.9999,9.9999,99.9999,9.9999,1,0,4
,,,,,,16005,251.7649936,-45.86105927,251.7649625,-45.8610655,16.9463,0.04,16.3406,0.043,16.1447,0.048,99.9999,9.9999,99.9999,9.9999,99.9999,9.9999,1,0,4
,,,,,,15263,251.761551,-45.8495234,251.7615285,-45.8495274,16.9473,0.073,16.3696,0.065,15.8967,0.06,99.9999,9.9999,99.9999,9.9999,99.9999,9.9999,1,0,4
,,,,,,22339,251.765725,-45.85733774,251.7656972,-45.8573429,16.9503,0.038,16.2026,0.038,15.8247,0.038,99.9999,9.9999,99.9999,9.9999,99.9999,9.9999,1,0,4
,,,,,,27542,251.774687,-45.84493789,251.774672,-45.8449382,16.9523,0.049,16.1056,0.064,15.5297,0.057,99.9999,9.9999,99.9999,9.9999,99.9999,9.9999,1,0,4
,,,,,,27543,251.7720561,-45.85281133,251.7720338,-45.8528142,16.9543,0.064,16.2146,0.079,15.8047,0.086,99.9999,9.9999,99.9999,9.9999,99.9999,9.9999,1,0,4
,,,,,,43448,251.7750272,-45.84058008,251.7750158,-45.8405792,16.9593,0.065,16.0476,0.052,15.6387,0.045,99.9999,9.9999,99.9999,9.9999,99.9999,9.9999,1,0,4
,,,,,,19545,251.7567155,-45.85173932,251.7566898,-45.8517448,16.9593,0.04,16.3686,0.053,15.9847,0.058,99.9999,9.9999,99.9999,9.9999,99.9999,9.9999,1,0,4
,,,,,,22869,251.7724876,-45.85766861,251.7724614,-45.8576726,16.9623,0.06,16.1106,0.066,15.6987,0.064,99.9999,9.9999,99.9999,9.9999,99.9999,9.9999,1,0,4
,,,,,,27553,251.7718749,-45.85167148,251.7718534,-45.851674,16.9673,0.051,16.2076,0.058,15.8497,0.062,99.9999,9.9999,99.9999,9.9999,99.9999,9.9999,1,0,4
,,,,,,18918,251.7613239,-45.86294875,251.7612901,-45.8629562,16.9713,0.044,16.4156,0.042,16.2197,0.058,99.9999,9.9999,99.9999,9.9999,99.9999,9.9999,1,0,4
,,,,,,27556,251.7758593,-45.84546531,251.7758442,-45.8454656,16.9733,0.067,15.8996,0.054,15.3047,0.049,99.9999,9.9999,99.9999,9.9999,99.9999,9.9999,1,0,4
,,,,,,19332,251.7749956,-45.8575004,251.7749703,-45.8575038,16.9753,0.028,16.4096,0.037,16.1337,0.048,99.9999,9.9999,99.9999,9.9999,99.9999,9.9999,1,0,4
,,,,,,22447,251.7525483,-45.85317956,251.7525201,-45.8531862,16.9833,0.06,16.3366,0.056,15.8507,0.057,99.9999,9.9999,99.9999,9.9999,99.9999,9.9999,1,0,4
,,,,,,12833,251.754991,-45.84497398,251.7549703,-45.8449781,16.9853,0.099,16.4386,0.11,16.2997,0.103,99.9999,9.9999,99.9999,9.9999,99.9999,9.9999,1,0,4
,,,,,,5055,251.7486224,-45.85111429,251.7485949,-45.8511211,16.9863,0.076,16.3666,0.11,16.1947,0.154,99.9999,9.9999,99.9999,9.9999,99.9999,9.9999,1,0,4
,,,,,,44990,251.7553387,-45.83897006,251.7553231,-45.8389726,16.9933,0.086,16.3786,0.077,16.0277,0.084,99.9999,9.9999,99.9999,9.9999,99.9999,9.9999,1,0,4
,,,,,,44991,251.7621888,-45.84408196,251.7621709,-45.8440844,17.0013,0.037,16.3636,0.065,16.1357,0.062,99.9999,9.9999,99.9999,9.9999,99.9999,9.9999,1,0,4
,,,,,,27569,251.7693657,-45.8519678,251.7693433,-45.8519709,17.0043,0.053,16.2686,0.072,16.0317,0.063,99.9999,9.9999,99.9999,9.9999,99.9999,9.9999,1,0,4
,,,,,,27570,251.7792231,-45.84597218,251.7792084,-45.8459719,17.0053,0.04,16.1916,0.042,16.0497,0.043,99.9999,9.9999,99.9999,9.9999,99.9999,9.9999,1,0,4
,,,,,,27573,251.7810607,-45.84295361,251.7810491,-45.8429522,17.0093,0.025,16.2926,0.046,15.9297,0.046,99.9999,9.9999,99.9999,9.9999,99.9999,9.9999,1,0,4
,,,,,,43452,251.7789597,-45.83738889,251.778952,-45.8373865,17.0103,0.038,16.4196,0.047,16.0127,0.036,99.9999,9.9999,99.9999,9.9999,99.9999,9.9999,1,0,4
,,,,,,19393,251.7578557,-45.85602026,251.7578267,-45.8560266,17.0133,0.038,16.3986,0.04,16.0557,0.047,99.9999,9.9999,99.9999,9.9999,99.9999,9.9999,1,0,4
,,,,,,27578,251.7708211,-45.85140119,251.7707996,-45.8514039,17.0183,0.047,16.2196,0.062,15.8657,0.064,99.9999,9.9999,99.9999,9.9999,99.9999,9.9999,1,0,4
,,,,,,27584,251.7732712,-45.85334469,251.7732488,-45.8533474,17.0253,0.034,15.8616,0.039,14.8387,0.034,99.9999,9.9999,99.9999,9.9999,99.9999,9.9999,1,0,4
,,,,,,27586,251.780431,-45.8475279,251.7804155,-45.8475278,17.0263,0.046,16.4026,0.053,16.0517,0.06,99.9999,9.9999,99.9999,9.9999,99.9999,9.9999,1,0,4
,,,,,,27592,251.7686129,-45.85046348,251.7685915,-45.8504664,17.0333,0.109,16.3316,0.123,15.9507,0.113,99.9999,9.9999,99.9999,9.9999,99.9999,9.9999,1,0,4
,,,,,,43453,251.7771885,-45.83773511,251.7771801,-45.8377332,17.0363,0.045,16.1486,0.044,15.7637,0.046,99.9999,9.9999,99.9999,9.9999,99.9999,9.9999,1,0,4
,,,,,,26819,251.75835,-45.85349431,251.7583233,-45.8534999,17.0363,0.219,16.3606,0.232,15.9527,0.145,99.9999,9.9999,99.9999,9.9999,99.9999,9.9999,1,0,4
,,,,,,45001,251.7592693,-45.8458625,251.7592491,-45.845866,17.0423,0.265,16.1146,0.235,15.5967,0.219,99.9999,9.9999,99.9999,9.9999,99.9999,9.9999,1,0,4
,,,,,,16095,251.7678073,-45.85616591,251.767781,-45.8561704,17.0463,0.055,16.2366,0.083,16.5927,0.199,99.9999,9.9999,99.9999,9.9999,99.9999,9.9999,1,0,4
,,,,,,19351,251.7646015,-45.85694653,251.7645737,-45.8569518,17.0483,0.028,16.2316,0.038,15.7507,0.033,99.9999,9.9999,99.9999,9.9999,99.9999,9.9999,1,0,4
,,,,,,27602,251.7706857,-45.85169489,251.770664,-45.8516977,17.0493,0.175,16.1406,0.18,15.3987,0.16,99.9999,9.9999,99.9999,9.9999,99.9999,9.9999,1,0,4
,,,,,,19390,251.7738385,-45.8561968,251.7738139,-45.8562001,17.0493,0.034,16.3216,0.049,15.8917,0.055,99.9999,9.9999,99.9999,9.9999,99.9999,9.9999,1,0,4
,,,,,,27605,251.7653501,-45.84981936,251.7653284,-45.8498227,17.0563,0.114,16.4616,0.147,15.7487,0.141,99.9999,9.9999,99.9999,9.9999,99.9999,9.9999,1,0,4
,,,,,,4662,251.7489353,-45.85115595,251.7489079,-45.8511627,17.0573,0.059,16.4016,0.067,16.0467,0.073,99.9999,9.9999,99.9999,9.9999,99.9999,9.9999,1,0,4
,,,,,,4689,251.7663965,-45.84735872,251.7663771,-45.8473612,17.0593,0.379,16.7816,0.494,16.4377,0.529,99.9999,9.9999,99.9999,9.9999,99.9999,9.9999,1,0,4
,,,,,,27609,251.7665235,-45.84984788,251.766502,-45.849851,17.0623,0.06,16.5866,0.095,16.2227,0.086,99.9999,9.9999,99.9999,9.9999,99.9999,9.9999,1,0,4
,,,,,,27617,251.7792309,-45.84305053,251.7792187,-45.8430495,17.0713,0.034,16.4266,0.05,16.1237,0.048,99.9999,9.9999,99.9999,9.9999,99.9999,9.9999,1,0,4
,,,,,,27620,251.7680786,-45.85233183,251.7680555,-45.8523353,17.0723,0.181,16.1676,0.225,15.2717,0.173,99.9999,9.9999,99.9999,9.9999,99.9999,9.9999,1,0,4
,,,,,,403,251.7522064,-45.85212942,251.7521791,-45.8521358,17.0723,0.049,16.3066,0.052,16.0517,0.064,99.9999,9.9999,99.9999,9.9999,99.9999,9.9999,1,0,4
,,,,,,22917,251.779316,-45.85054589,251.7792976,-45.8505468,17.0723,0.221,16.2806,0.242,15.6807,0.173,99.9999,9.9999,99.9999,9.9999,99.9999,9.9999,1,0,4
,,,,,,27618,251.7647262,-45.84822566,251.7647056,-45.8482287,17.0723,0.137,16.7466,0.303,16.5937,0.326,99.9999,9.9999,99.9999,9.9999,99.9999,9.9999,1,0,4
,,,,,,19544,251.7550555,-45.85189896,251.7550292,-45.8519048,17.0743,0.065,16.5046,0.067,16.1077,0.071,99.9999,9.9999,99.9999,9.9999,99.9999,9.9999,1,0,4
,,,,,,22343,251.7627373,-45.85695562,251.7627089,-45.8569612,17.0853,0.12,16.2056,0.1,15.5227,0.102,99.9999,9.9999,99.9999,9.9999,99.9999,9.9999,1,0,4
,,,,,,6081,251.7530181,-45.84687936,251.7529953,-45.8468843,17.0933,0.023,16.3566,0.033,15.9297,0.034,99.9999,9.9999,99.9999,9.9999,99.9999,9.9999,1,0,4
,,,,,,27629,251.7721361,-45.85305507,251.7721136,-45.8530579,17.0963,0.062,16.4336,0.075,16.0477,0.082,99.9999,9.9999,99.9999,9.9999,99.9999,9.9999,1,0,4
,,,,,,27633,251.779447,-45.84441691,251.7794337,-45.8444162,17.1053,0.079,16.2376,0.071,16.0067,0.061,99.9999,9.9999,99.9999,9.9999,99.9999,9.9999,1,0,4
,,,,,,19574,251.7589957,-45.84769685,251.758974,-45.8477009,17.1063,0.11,16.5656,0.112,16.2617,0.14,99.9999,9.9999,99.9999,9.9999,99.9999,9.9999,1,0,4
,,,,,,43455,251.7625182,-45.8463655,251.7624985,-45.8463685,17.1063,0.18,16.7506,0.196,16.5737,0.31,99.9999,9.9999,99.9999,9.9999,99.9999,9.9999,1,0,4
,,,,,,27637,251.7664807,-45.8478787,251.7664609,-45.8478813,17.1143,0.113,16.2366,0.134,16.7097,0.267,99.9999,9.9999,99.9999,9.9999,99.9999,9.9999,1,0,4
,,,,,,45031,251.7619897,-45.83813136,251.7619767,-45.8381324,17.1223,0.029,16.2366,0.048,15.6097,0.033,99.9999,9.9999,99.9999,9.9999,99.9999,9.9999,1,0,4
,,,,,,19481,251.7678705,-45.85415331,251.7678459,-45.8541573,17.1253,0.041,16.4396,0.054,16.2247,0.032,99.9999,9.9999,99.9999,9.9999,99.9999,9.9999,1,0,4
,,,,,,22510,251.7648672,-45.84363154,251.7648505,-45.8436334,17.1343,0.184,16.8036,0.29,16.5947,0.349,99.9999,9.9999,99.9999,9.9999,99.9999,9.9999,1,0,4
,,,,,,27645,251.768434,-45.85232927,251.7684111,-45.8523327,17.1423,0.137,16.2636,0.144,15.6747,0.081,99.9999,9.9999,99.9999,9.9999,99.9999,9.9999,1,0,4
,,,,,,19425,251.7644092,-45.8551418,251.7643828,-45.8551467,17.1523,0.047,16.5226,0.049,16.2067,0.044,99.9999,9.9999,99.9999,9.9999,99.9999,9.9999,1,0,4
,,,,,,27652,251.7761412,-45.84483972,251.7761267,-45.8448398,17.1573,0.064,16.6876,0.124,16.0987,0.108,99.9999,9.9999,99.9999,9.9999,99.9999,9.9999,1,0,4
,,,,,,27656,251.7692783,-45.85075695,251.7692569,-45.8507598,17.1653,0.113,16.6086,0.153,16.2377,0.142,99.9999,9.9999,99.9999,9.9999,99.9999,9.9999,1,0,4
,,,,,,22478,251.7598443,-45.85106594,251.75982,-45.8510706,17.1723,0.074,16.5546,0.058,16.0597,0.054,99.9999,9.9999,99.9999,9.9999,99.9999,9.9999,1,0,4
,,,,,,43459,251.7686462,-45.84183043,251.768632,-45.8418311,17.1853,0.087,16.8316,0.152,16.5927,0.149,99.9999,9.9999,99.9999,9.9999,99.9999,9.9999,1,0,4
,,,,,,27660,251.7709878,-45.851207,251.7709665,-45.8512096,17.1863,0.104,16.5996,0.098,16.3247,0.095,99.9999,9.9999,99.9999,9.9999,99.9999,9.9999,1,0,4
,,,,,,27662,251.7720395,-45.85319013,251.7720169,-45.8531931,17.1913,0.051,16.4616,0.064,16.0197,0.071,99.9999,9.9999,99.9999,9.9999,99.9999,9.9999,1,0,4
,,,,,,27663,251.7725086,-45.83906626,251.7724978,-45.8390655,17.1923,0.112,16.2736,0.12,15.9087,0.139,99.9999,9.9999,99.9999,9.9999,99.9999,9.9999,1,0,4
,,,,,,9825,251.7548306,-45.84949267,251.7548062,-45.8494979,17.1923,0.042,16.5466,0.059,16.1797,0.041,99.9999,9.9999,99.9999,9.9999,99.9999,9.9999,1,0,4
,,,,,,19042,251.7754327,-45.86161488,251.775404,-45.8616193,17.1963,0.036,16.5636,0.051,16.1877,0.045,99.9999,9.9999,99.9999,9.9999,99.9999,9.9999,1,0,4
,,,,,,27672,251.7707922,-45.84758191,251.7707739,-45.8475836,17.2033,0.048,16.4506,0.062,16.0277,0.053,99.9999,9.9999,99.9999,9.9999,99.9999,9.9999,1,0,4
,,,,,,1236,251.7693533,-45.84199847,251.7693392,-45.8419991,17.2103,0.149,16.1106,0.152,14.9587,0.125,99.9999,9.9999,99.9999,9.9999,99.9999,9.9999,1,0,4
,,,,,,27677,251.7718897,-45.85024505,251.7718695,-45.8502473,17.2103,0.063,16.4646,0.078,16.0757,0.054,99.9999,9.9999,99.9999,9.9999,99.9999,9.9999,1,0,4
,,,,,,45078,251.7550681,-45.842205,251.7550498,-45.8422084,17.2253,0.08,16.3576,0.06,16.1447,0.042,99.9999,9.9999,99.9999,9.9999,99.9999,9.9999,1,0,4
,,,,,,1620,251.7614506,-45.84025209,251.7614357,-45.8402538,17.2293,0.145,16.4816,0.168,16.1127,0.125,99.9999,9.9999,99.9999,9.9999,99.9999,9.9999,1,0,4
,,,,,,22324,251.7727057,-45.85764441,251.7726796,-45.8576483,17.2313,0.07,16.5126,0.079,16.1927,0.08,99.9999,9.9999,99.9999,9.9999,99.9999,9.9999,1,0,4
,,,,,,15271,251.7726733,-45.84725716,251.7726557,-45.8472585,17.2333,0.131,15.7356,0.141,16.4037,0.157,99.9999,9.9999,99.9999,9.9999,99.9999,9.9999,1,0,4
,,,,,,27688,251.7687342,-45.85017145,251.7687131,-45.8501742,17.2363,0.05,16.6306,0.064,16.3047,0.061,99.9999,9.9999,99.9999,9.9999,99.9999,9.9999,1,0,4
,,,,,,27690,251.7686336,-45.84841465,251.768614,-45.848417,17.2383,0.059,16.4316,0.055,16.2007,0.046,99.9999,9.9999,99.9999,9.9999,99.9999,9.9999,1,0,4
,,,,,,22415,251.7655212,-45.85425468,251.7654959,-45.8542591,17.2503,0.04,16.4686,0.04,15.9367,0.056,99.9999,9.9999,99.9999,9.9999,99.9999,9.9999,1,0,4
,,,,,,15989,251.7556743,-45.86175568,251.75564,-45.8617639,17.2543,0.14,17.3176,0.169,17.7847,0.112,99.9999,9.9999,99.9999,9.9999,99.9999,9.9999,1,0,4
,,,,,,6237,251.7498541,-45.84600775,251.7498311,-45.8460131,17.2573,0.059,16.6916,0.047,16.2757,0.058,99.9999,9.9999,99.9999,9.9999,99.9999,9.9999,1,0,4
,,,,,,3147,251.7537568,-45.85027195,251.7537315,-45.8502776,17.2593,0.068,16.6236,0.049,16.2837,0.048,99.9999,9.9999,99.9999,9.9999,99.9999,9.9999,1,0,4
,,,,,,27706,251.7798863,-45.85103617,251.7798676,-45.8510371,17.2713,0.052,16.6056,0.051,16.1267,0.049,99.9999,9.9999,99.9999,9.9999,99.9999,9.9999,1,0,4
,,,,,,22379,251.7721967,-45.85579571,251.772172,-45.8557993,17.2753,0.033,16.4236,0.041,15.8697,0.041,99.9999,9.9999,99.9999,9.9999,99.9999,9.9999,1,0,4
,,,,,,27714,251.7658455,-45.84852326,251.7658249,-45.8485262,17.2823,0.145,16.7016,0.146,16.6347,0.246,99.9999,9.9999,99.9999,9.9999,99.9999,9.9999,1,0,4
,,,,,,22462,251.7622849,-45.85215762,251.7622604,-45.8521621,17.2853,0.034,16.5606,0.036,16.1697,0.038,99.9999,9.9999,99.9999,9.9999,99.9999,9.9999,1,0,4
,,,,,,19382,251.7727417,-45.85629055,251.7727167,-45.8562941,17.2873,0.041,16.6706,0.037,16.2727,0.058,99.9999,9.9999,99.9999,9.9999,99.9999,9.9999,1,0,4
,,,,,,7060,251.7675188,-45.84050547,251.7675054,-45.840506,17.2933,0.131,16.5846,0.093,16.2507,0.075,99.9999,9.9999,99.9999,9.9999,99.9999,9.9999,1,0,4
,,,,,,45110,251.7629132,-45.84245236,251.7628969,-45.8424543,17.2953,0.04,16.5416,0.052,16.0907,0.055,99.9999,9.9999,99.9999,9.9999,99.9999,9.9999,1,0,4
,,,,,,45113,251.76304,-45.83972399,251.763026,-45.8397252,17.2993,0.065,16.5636,0.082,16.3307,0.053,99.9999,9.9999,99.9999,9.9999,99.9999,9.9999,1,0,4
,,,,,,45114,251.7672626,-45.83783107,251.7672513,-45.837831,17.3003,0.054,16.7426,0.065,16.3157,0.054,99.9999,9.9999,99.9999,9.9999,99.9999,9.9999,1,0,4
,,,,,,27724,251.7706176,-45.85358066,251.7705943,-45.8535839,17.3033,0.095,16.6496,0.104,16.2097,0.121,99.9999,9.9999,99.9999,9.9999,99.9999,9.9999,1,0,4
,,,,,,19149,251.7698502,-45.86058406,251.7698208,-45.8605893,17.3133,0.039,16.8096,0.046,16.4767,0.054,99.9999,9.9999,99.9999,9.9999,99.9999,9.9999,1,0,4
,,,,,,45127,251.7632859,-45.83858567,251.7632729,-45.8385866,17.3183,0.092,16.6686,0.106,16.2607,0.099,99.9999,9.9999,99.9999,9.9999,99.9999,9.9999,1,0,4
,,,,,,16935,251.7588181,-45.85385669,251.7587912,-45.8538623,17.3303,0.059,16.5216,0.108,16.3387,0.081,99.9999,9.9999,99.9999,9.9999,99.9999,9.9999,1,0,4
,,,,,,27741,251.7796571,-45.84532696,251.7796431,-45.8453265,17.3323,0.044,16.5786,0.06,16.0167,0.059,99.9999,9.9999,99.9999,9.9999,99.9999,9.9999,1,0,4
,,,,,,18845,251.7591052,-45.86357129,251.7590703,-45.8635793,17.3393,0.045,16.3206,0.06,15.6757,0.048,99.9999,9.9999,99.9999,9.9999,99.9999,9.9999,1,0,4
,,,,,,27745,251.7749882,-45.84843999,251.7749703,-45.8484412,17.3443,0.061,16.4316,0.053,16.0347,0.04,99.9999,9.9999,99.9999,9.9999,99.9999,9.9999,1,0,4
,,,,,,11846,251.745902,-45.83800801,251.7458845,-45.8380121,17.3453,0.038,16.7116,0.039,16.2467,0.039,99.9999,9.9999,99.9999,9.9999,99.9999,9.9999,1,0,4
,,,,,,27747,251.7821236,-45.83893776,251.7821156,-45.8389352,17.3453,0.035,16.5836,0.035,16.2077,0.033,99.9999,9.9999,99.9999,9.9999,99.9999,9.9999,1,0,4
,,,,,,45140,251.7559565,-45.84113335,251.7559394,-45.8411363,17.3503,0.093,16.6896,0.058,15.1297,0.074,99.9999,9.9999,99.9999,9.9999,99.9999,9.9999,1,0,4
,,,,,,19001,251.7667756,-45.86205098,251.7667441,-45.8620571,17.3523,0.046,16.7146,0.061,16.2527,0.048,99.9999,9.9999,99.9999,9.9999,99.9999,9.9999,1,0,4
,,,,,,9248,251.7460949,-45.85282167,251.7460653,-45.8528294,17.3633,0.057,16.4766,0.047,15.8097,0.049,99.9999,9.9999,99.9999,9.9999,99.9999,9.9999,1,0,4
,,,,,,16114,251.7678488,-45.85518348,251.7678234,-45.8551877,17.3683,0.063,16.4906,0.09,16.1317,0.102,99.9999,9.9999,99.9999,9.9999,99.9999,9.9999,1,0,4
,,,,,,19547,251.7617187,-45.85161439,251.7616945,-45.8516189,17.3773,0.09,16.6146,0.104,16.2547,0.076,99.9999,9.9999,99.9999,9.9999,99.9999,9.9999,1,0,4
,,,,,,27775,251.7719161,-45.84647621,251.771899,-45.8464775,17.3933,0.046,16.5526,0.052,16.1807,0.067,99.9999,9.9999,99.9999,9.9999,99.9999,9.9999,1,0,4
,,,,,,26703,251.7619546,-45.8569226,251.761926,-45.8569284,17.3973,0.057,16.7126,0.079,16.3327,0.048,99.9999,9.9999,99.9999,9.9999,99.9999,9.9999,1,0,4
,,,,,,19524,251.7541911,-45.8523793,251.7541642,-45.8523854,17.4003,0.039,16.5816,0.048,16.0297,0.053,99.9999,9.9999,99.9999,9.9999,99.9999,9.9999,1,0,4
,,,,,,27783,251.7683465,-45.85139276,251.7683243,-45.8513959,17.4093,0.154,16.3086,0.141,15.8387,0.148,99.9999,9.9999,99.9999,9.9999,99.9999,9.9999,1,0,4
,,,,,,45164,251.761818,-45.84285868,251.761801,-45.8428609,17.4273,0.062,16.6806,0.056,16.3197,0.058,99.9999,9.9999,99.9999,9.9999,99.9999,9.9999,1,0,4
,,,,,,16328,251.7632278,-45.86008031,251.763197,-45.8600866,17.4333,0.09,16.6876,0.111,16.3607,0.074,99.9999,9.9999,99.9999,9.9999,99.9999,9.9999,1,0,4
,,,,,,19354,251.764939,-45.85695961,251.7649113,-45.8569648,17.4363,0.037,16.7036,0.048,16.3257,0.049,99.9999,9.9999,99.9999,9.9999,99.9999,9.9999,1,0,4
,,,,,,45172,251.7619641,-45.84420293,251.7619461,-45.8442055,17.4373,0.072,16.8916,0.105,16.5087,0.077,99.9999,9.9999,99.9999,9.9999,99.9999,9.9999,1,0,4
,,,,,,19477,251.7684956,-45.85425769,251.7684711,-45.8542616,17.4403,0.076,16.7596,0.076,16.2967,0.069,99.9999,9.9999,99.9999,9.9999,99.9999,9.9999,1,0,4
,,,,,,45176,251.766842,-45.83746648,251.766831,-45.8374664,17.4443,0.076,16.7526,0.09,16.1357,0.051,99.9999,9.9999,99.9999,9.9999,99.9999,9.9999,1,0,4
,,,,,,22908,251.7553071,-45.85262963,251.7552803,-45.8526356,17.4483,0.057,16.9776,0.044,16.7427,0.055,99.9999,9.9999,99.9999,9.9999,99.9999,9.9999,1,0,4
,,,,,,15274,251.767115,-45.84345245,251.767099,-45.8434539,17.4543,0.142,16.9226,0.261,16.3567,0.235,99.9999,9.9999,99.9999,9.9999,99.9999,9.9999,1,0,4
,,,,,,27795,251.7754853,-45.851659,251.7754649,-45.8516609,17.4573,0.099,16.6396,0.1,16.1577,0.103,99.9999,9.9999,99.9999,9.9999,99.9999,9.9999,1,0,4
,,,,,,16936,251.7600954,-45.8472721,251.7600743,-45.8472758,17.4583,0.18,16.8216,0.21,16.7347,0.219,99.9999,9.9999,99.9999,9.9999,99.9999,9.9999,1,0,4
,,,,,,45187,251.7624485,-45.84321521,251.7624314,-45.8432174,17.4613,0.087,16.5246,0.092,16.0417,0.093,99.9999,9.9999,99.9999,9.9999,99.9999,9.9999,1,0,4
5.94E+18,251.7945291,-45.88082775,11.981368,2.373024,NOT_AVAILABLE,6127,251.7945651,-45.880828,251.7945259,-45.8808336,99.9999,9.9999,99.9999,9.9999,99.9999,9.9999,9.0439996,0.013,7.8070001,0.030999,7.2350001,0.046999,0,0,5
5.94E+18,251.7348038,-45.82806624,12.83842,2.5853682,NOT_AVAILABLE,4404,251.7348255,-45.8280328,251.7348132,-45.8280364,99.9999,9.9999,99.9999,9.9999,99.9999,9.9999,9.8769998,0.027,8.8009996,0.032999,8.2559995,0.037999,0,0,5
5.94E+18,251.7523295,-45.82661007,13.463597,0.9454384,NOT_AVAILABLE,5384,251.7522945,-45.8266402,251.7522883,-45.8266402,99.9999,9.9999,99.9999,9.9999,99.9999,9.9999,12.303999,0.037999,11.906,0.009999,11.76,0.017,0,0,5
5.94E+18,251.7672583,-45.84203102,13.658828,4.921747,VARIABLE,47,251.767278,-45.842022,251.7672633,-45.842023,99.9999,9.9999,99.9999,9.9999,99.9999,9.9999,7.0409998,0.017,6.96,,6.0310001,,1,0,5
5.94E+18,251.7446403,-45.82488915,13.994431,2.180379,NOT_AVAILABLE,4421,251.7446547,-45.8248709,251.7446478,-45.8248719,99.9999,9.9999,99.9999,9.9999,99.9999,9.9999,11.385999,0.016,10.463,0.016,10.152999,0.018999,0,0,5
5.94E+18,251.7239772,-45.86117319,14.009469,1.4405699,NOT_AVAILABLE,950,251.7240226,-45.8611544,251.7239799,-45.8611684,99.9999,9.9999,99.9999,9.9999,99.9999,9.9999,12.237,0.009999,11.744,0.008999,11.494,0.009999,0,0,5
5.94E+18,251.7791598,-45.8672046,14.185158,1.103034,NOT_AVAILABLE,5777,251.7791703,-45.8671901,251.7791381,-45.8671952,99.9999,9.9999,99.9999,9.9999,99.9999,9.9999,12.927,0.016,12.435,0.017999,12.282999,0.010999,0,0,5
5.94E+18,251.8126617,-45.88324154,14.244179,1.2630806,NOT_AVAILABLE,6042,251.812665,-45.8832478,251.8126289,-45.8832506,99.9999,9.9999,99.9999,9.9999,99.9999,9.9999,12.699,0.032999,12.151,0.023,11.982,0.028,0,0,5
5.94E+18,251.8046325,-45.83319195,14.284367,1.3288755,NOT_AVAILABLE,1952,251.8046388,-45.8332094,251.8046418,-45.8332011,99.9999,9.9999,99.9999,9.9999,99.9999,9.9999,12.732999,0.012,12.128999,0.009999,11.958999,0.014999,0,0,5
5.94E+18,251.7439374,-45.83126383,14.43367,2.3536634,NOT_AVAILABLE,3897,251.7439491,-45.8312534,251.7439367,-45.8312561,99.9999,9.9999,99.9999,9.9999,99.9999,9.9999,11.616999,0.010999,10.645,0.008999,10.303999,0.012,0,0,5
5.94E+18,251.7701413,-45.82675118,14.50087,2.3043127,NOT_AVAILABLE,2174,251.7701373,-45.8267501,251.770136,-45.8267467,99.9999,9.9999,99.9999,9.9999,99.9999,9.9999,11.746999,0.008999,10.815999,0.006,10.498999,0.008999,0,0,5
5.94E+18,251.8079361,-45.87602468,14.608003,2.3148727,NOT_AVAILABLE,2713,251.8079367,-45.8760498,251.8079052,-45.8760517,99.9999,9.9999,99.9999,9.9999,99.9999,9.9999,11.897999,0.012,10.84,0.008,10.539999,0.013,0,0,5
5.94E+18,251.7972866,-45.85633189,14.652324,2.818201,NOT_AVAILABLE,1117,251.7972745,-45.8563451,251.7972563,-45.856344,99.9999,9.9999,99.9999,9.9999,99.9999,9.9999,11.397,0.008999,10.218,0.006,9.8389997,0.009999,0,0,5
5.94E+18,251.7536466,-45.85411419,14.756791,1.8633957,NOT_AVAILABLE,5903,251.7536677,-45.8541192,251.7536391,-45.8541258,99.9999,9.9999,99.9999,9.9999,99.9999,9.9999,12.564,0.013,11.932999,0.008999,11.609999,0.014,1,0,5
5.94E+18,251.8188104,-45.8425687,14.814805,2.49339,NOT_AVAILABLE,3595,251.8188298,-45.8425837,251.8188291,-45.8425751,99.9999,9.9999,99.9999,9.9999,99.9999,9.9999,11.956999,0.012,10.814,0.006,10.5,0.014999,0,0,5
5.94E+18,251.7420674,-45.88266622,14.883191,1.267828,NOT_AVAILABLE,2563,251.7421426,-45.8826104,251.7420872,-45.8826264,99.9999,9.9999,99.9999,9.9999,99.9999,9.9999,13.326,0.014,12.765999,0.008999,12.494,0.017,0,0,5
5.94E+18,251.7612802,-45.84919468,14.992711,4.7238665,VARIABLE,5067,251.7612806,-45.8492155,251.7612582,-45.8492195,99.9999,9.9999,99.9999,9.9999,99.9999,9.9999,10.168999,0.024,9.0939998,0.017999,8.4840002,0.029999,1,0,5
5.94E+18,251.7752341,-45.86898542,15.066966,4.76441,VARIABLE,4661,251.7752551,-45.8689705,251.7752203,-45.8689768,99.9999,9.9999,99.9999,9.9999,99.9999,9.9999,10.342,0.041999,9.111,0.039999,7.7639999,0.057999,0,0,5
5.94E+18,251.801124,-45.83017772,15.136084,1.4937382,NOT_AVAILABLE,2065,251.801144,-45.8301405,251.8011486,-45.8301321,99.9999,9.9999,99.9999,9.9999,99.9999,9.9999,13.402,0.013,12.760999,0.012,12.607,0.018999,0,0,5
5.94E+18,251.738686,-45.84369818,15.17575,1.289382,NOT_AVAILABLE,1562,251.7386948,-45.8436955,251.7386706,-45.8437024,99.9999,9.9999,99.9999,9.9999,99.9999,9.9999,13.611,0.010999,13.086999,0.004999,12.873999,0.010999,0,0,5
5.94E+18,251.7121691,-45.81831217,15.223315,4.212947,NOT_AVAILABLE,769,251.712199,-45.818291,251.7121884,-45.8182965,99.9999,9.9999,99.9999,9.9999,99.9999,9.9999,10.743,0.020999,9.434,0.025,8.9289999,0.024,0,0,5
5.94E+18,251.791538,-45.83406539,15.238852,1.8210096,NOT_AVAILABLE,5300,251.7915402,-45.8340661,251.7915389,-45.8340605,99.9999,9.9999,99.9999,9.9999,99.9999,9.9999,13.053,0.013,12.411,0.009999,12.190999,0.018999,0,0,5
5.94E+18,251.7447306,-45.83302807,15.272795,2.7001076,NOT_AVAILABLE,1953,251.7447233,-45.8330327,251.7447097,-45.8330357,99.9999,9.9999,99.9999,9.9999,99.9999,9.9999,12.173999,0.009999,11.130999,0.008,10.751,0.010999,0,0,5
5.94E+18,251.7343574,-45.84410639,15.292607,2.6685352,NOT_AVAILABLE,3570,251.7343811,-45.8441069,251.7343554,-45.8441147,99.9999,9.9999,99.9999,9.9999,99.9999,9.9999,12.100999,0.013,11.045999,0.007,10.649999,0.014,0,0,5
5.94E+18,251.7411293,-45.876897,15.357904,2.49545,NOT_AVAILABLE,2694,251.7411732,-45.8768789,251.7411223,-45.8768936,99.9999,9.9999,99.9999,9.9999,99.9999,9.9999,12.418,0.008,11.444999,0.006,11.121999,0.017999,0,0,5
5.94E+18,251.807251,-45.84506729,15.383131,1.4733744,NOT_AVAILABLE,1516,251.8072712,-45.8450564,251.8072652,-45.8450506,99.9999,9.9999,99.9999,9.9999,99.9999,9.9999,13.689,0.010999,13.02,0.008999,12.852999,0.014,0,0,5
5.94E+18,251.7897115,-45.82999111,15.395793,1.3716993,NOT_AVAILABLE,3925,251.7897007,-45.8299848,251.7897022,-45.8299785,99.9999,9.9999,99.9999,9.9999,99.9999,9.9999,13.802,0.013,13.187,0.008,13.005999,0.014,0,0,5
5.94E+18,251.7906914,-45.88325993,15.400942,1.5312424,NOT_AVAILABLE,139,251.7907271,-45.8832417,251.7906848,-45.8832487,99.9999,9.9999,99.9999,9.9999,99.9999,9.9999,13.619999,0.016,12.944,0.007,12.734,0.014,0,0,5
5.94E+18,251.8145181,-45.8722175,15.417002,1.4193344,NOT_AVAILABLE,555,251.8145584,-45.872197,251.814532,-45.8721966,99.9999,9.9999,99.9999,9.9999,99.9999,9.9999,13.737999,0.017,13.024,0.008999,12.817999,0.014999,0,0,5
5.94E+18,251.8076703,-45.88641136,15.4592085,1.5561638,NOT_AVAILABLE,6,251.8077152,-45.8863973,251.8076751,-45.8864018,99.9999,9.9999,99.9999,9.9999,99.9999,9.9999,13.743,0.032,12.994999,0.009999,12.744999,0.020999,0,0,5
5.94E+18,251.8189522,-45.8411513,15.4834,1.1951456,NOT_AVAILABLE,26843,251.8189744,-45.84114255,251.8189749,-45.8411335,14.1233,0.029,13.7896,0.04,13.6107,0.032,14.213999,0.012,13.52,0.007,13.409999,0.017999,0,0,5
5.94E+18,251.7480485,-45.84727192,15.548943,1.7667341,NOT_AVAILABLE,6100,251.748068,-45.8472754,251.7480435,-45.8472814,99.9999,9.9999,99.9999,9.9999,99.9999,9.9999,13.31,0.097999,13.190999,0.024,12.979,0.098999,1,0,5
5.94E+18,251.8083759,-45.86663771,15.645725,1.4170113,NOT_AVAILABLE,762,251.8083979,-45.8666416,251.8083743,-45.866641,99.9999,9.9999,99.9999,9.9999,99.9999,9.9999,14.012999,0.008999,13.338999,0.008,13.145,0.012,0,0,5
5.94E+18,251.7779228,-45.85922357,15.647277,1.4230833,NOT_AVAILABLE,3138,251.7779299,-45.859207,251.7779039,-45.8592103,99.9999,9.9999,99.9999,9.9999,99.9999,9.9999,13.958,0.012,13.315999,0.009999,13.133999,0.014,1,0,5
5.94E+18,251.7847059,-45.81897531,15.653284,1.9034796,NOT_AVAILABLE,4186,251.7846926,-45.8189631,251.7847018,-45.818955,99.9999,9.9999,99.9999,9.9999,99.9999,9.9999,13.420999,0.016,12.772999,0.009999,12.503999,0.018999,0,0,5
5.94E+18,251.7830735,-45.83813049,15.684398,1.4353857,NOT_AVAILABLE,26832,251.7830833,-45.83813247,251.7830762,-45.8381295,13.9993,0.04,13.8656,0.064,13.7327,0.05,13.914999,0.012,13.279999,0.008,13.090999,0.016,0,0,5
5.94E+18,251.7517719,-45.83654613,15.695076,3.0037909,NOT_AVAILABLE,1827,251.7517752,-45.8365523,251.7517606,-45.8365549,99.9999,9.9999,99.9999,9.9999,99.9999,9.9999,12.305999,0.009999,11.180999,0.004999,10.807999,0.012,1,0,5
5.94E+18,251.7750472,-45.84653557,15.695506,5.025628,VARIABLE,5097,251.775056,-45.8465451,251.7750397,-45.8465458,99.9999,9.9999,99.9999,9.9999,99.9999,9.9999,10.932,0.024,9.8170003,0.018999,9.3059997,0.017,1,0,5
5.94E+18,251.7792789,-45.86511348,15.701161,1.4582586,NOT_AVAILABLE,817,251.7792936,-45.8651159,251.7792631,-45.8651204,99.9999,9.9999,99.9999,9.9999,99.9999,9.9999,13.967,0.010999,13.465,0.008,13.244999,0.016,0,0,5
5.94E+18,251.7616133,-45.84715044,15.70672,,NOT_AVAILABLE,5932,251.761635,-45.8471581,251.7616144,-45.8471615,99.9999,9.9999,99.9999,9.9999,99.9999,9.9999,11.105999,0.013,10.031999,0.010999,9.5719995,0.018999,1,0,5
5.94E+18,251.7605041,-45.86057986,15.716935,4.9591084,VARIABLE,3122,251.7605368,-45.8605785,251.7605048,-45.8605855,99.9999,9.9999,99.9999,9.9999,99.9999,9.9999,11.119999,0.008999,10.038,0.008,9.5340003,0.012,1,0,5
5.94E+18,251.752839,-45.83905532,15.752914,1.4034061,NOT_AVAILABLE,44394,251.7527874,-45.83905783,251.752771,-45.8390608,14.1523,0.042,13.9076,0.046,13.7517,0.037,14.222999,0.013,13.553999,0.010999,13.336999,0.016,1,0,5
5.94E+18,251.8017142,-45.83601683,15.784141,1.9715405,NOT_AVAILABLE,5822,251.8017126,-45.8360219,251.8017125,-45.8360149,99.9999,9.9999,99.9999,9.9999,99.9999,9.9999,13.420999,0.012,12.706999,0.013,12.519,0.019999,0,0,5
5.94E+18,251.786446,-45.83778319,15.81943,1.7839689,NOT_AVAILABLE,5248,251.7864434,-45.8377891,251.7864376,-45.8377854,99.9999,9.9999,99.9999,9.9999,99.9999,9.9999,13.762,0.014999,13.147,0.013,12.918999,0.017999,0,0,5
5.94E+18,251.8222456,-45.85105807,15.826284,1.8740244,NOT_AVAILABLE,1309,251.8222502,-45.8510739,251.8222434,-45.8510668,99.9999,9.9999,99.9999,9.9999,99.9999,9.9999,14.145,0.028,12.973999,0.008999,12.664999,0.013,0,0,5
5.94E+18,251.7926925,-45.870254,15.840401,1.9761305,NOT_AVAILABLE,620,251.792711,-45.8702594,251.79268,-45.8702627,99.9999,9.9999,99.9999,9.9999,99.9999,9.9999,13.534,0.009999,12.835,0.007,12.560999,0.014999,0,0,5
5.94E+18,251.7658488,-45.84410584,15.840849,,NOT_AVAILABLE,6023,251.7658609,-45.8441166,251.765844,-45.8441184,99.9999,9.9999,99.9999,9.9999,99.9999,9.9999,10.888999,0.014,9.6599998,0.012,8.8929996,0.018999,1,0,5
5.94E+18,251.7255,-45.85596682,15.85399,1.8389187,NOT_AVAILABLE,1137,251.7255465,-45.8559538,251.7255085,-45.8559662,99.9999,9.9999,99.9999,9.9999,99.9999,9.9999,13.659,0.008,12.998999,0.006,12.741,0.008999,0,0,5
5.94E+18,251.761482,-45.87943986,15.872499,1.6684151,NOT_AVAILABLE,4241,251.7615156,-45.8794433,251.7614683,-45.8794548,99.9999,9.9999,99.9999,9.9999,99.9999,9.9999,13.812999,0.041,13.225,0.006,13.024,0.017,0,0,5
5.94E+18,251.7555459,-45.88075368,15.880574,3.125433,NOT_AVAILABLE,260,251.7555944,-45.8807344,251.7555443,-45.8807474,99.9999,9.9999,99.9999,9.9999,99.9999,9.9999,12.437,0.009999,11.315999,0.004999,10.927,0.014999,0,0,5
5.94E+18,251.7215921,-45.85005933,15.947669,1.5646801,NOT_AVAILABLE,3459,251.7216505,-45.85005673,251.7216163,-45.8500684,14.1303,0.038,13.8176,0.062,13.6287,0.046,99.9999,9.9999,99.9999,9.9999,99.9999,9.9999,0,0,5
5.94E+18,251.7269051,-45.87810033,15.959554,1.7156715,NOT_AVAILABLE,6158,251.726941,-45.8780348,251.7268851,-45.8780525,99.9999,9.9999,99.9999,9.9999,99.9999,9.9999,13.371,0.052999,12.798,0.039999,12.503,0.063,0,0,5
5.94E+18,251.7758732,-45.85479822,15.992412,2.8048067,NOT_AVAILABLE,4327,251.7758779,-45.8547946,251.775855,-45.8547972,99.9999,9.9999,99.9999,9.9999,99.9999,9.9999,12.706,0.008999,11.564999,0.007,11.144,0.014999,1,0,5
5.94E+18,251.7702258,-45.87692894,16.013979,1.4576979,NOT_AVAILABLE,15830,251.7702519,-45.87692364,251.7702091,-45.8769329,14.2093,0.036,13.9586,0.049,13.8517,0.048,14.215999,0.013,13.722999,0.008999,13.475,0.018999,0,0,5
5.94E+18,251.7370473,-45.85537264,16.014196,1.5089893,VARIABLE,11541,251.7371145,-45.85536401,251.7370803,-45.8553741,14.3413,0.045,13.9846,0.054,13.7427,0.041,14.164999,0.035,13.435,0.032,13.262999,0.017999,0,0,5
5.94E+18,251.7630931,-45.82771831,16.057098,1.6189661,NOT_AVAILABLE,44398,251.7630764,-45.82771658,251.7630723,-45.8277148,14.2233,0.033,13.8046,0.047,13.6187,0.044,99.9999,9.9999,99.9999,9.9999,99.9999,9.9999,0,0,5
5.94E+18,251.7952752,-45.8358797,16.062147,1.7498941,NOT_AVAILABLE,5274,251.7952538,-45.835891,251.795252,-45.8358852,99.9999,9.9999,99.9999,9.9999,99.9999,9.9999,13.949,0.014999,13.321999,0.018999,13.09,0.032999,0,0,5
5.94E+18,251.7603648,-45.8319693,16.06829,3.1467314,NOT_AVAILABLE,1990,251.7603648,-45.831986,251.7603564,-45.8319858,99.9999,9.9999,99.9999,9.9999,99.9999,9.9999,12.553999,0.009999,11.390999,0.007,10.984,0.012,0,0,5
5.94E+18,251.7418064,-45.84502584,16.074757,1.8456211,NOT_AVAILABLE,1499,251.7418384,-45.845019,251.741814,-45.8450256,99.9999,9.9999,99.9999,9.9999,99.9999,9.9999,13.862999,0.009999,13.262,0.006,12.972999,0.014,0,0,5
5.94E+18,251.8136246,-45.87287155,16.079813,1.7514257,NOT_AVAILABLE,529,251.8136495,-45.8728764,251.8136223,-45.8728764,99.9999,9.9999,99.9999,9.9999,99.9999,9.9999,14.036999,0.014,13.402999,0.008999,13.137,0.013,0,0,5
5.94E+18,251.7520556,-45.87325926,16.129402,1.5789156,NOT_AVAILABLE,17310,251.7520857,-45.87324478,251.7520408,-45.8732565,14.3423,0.039,13.8226,0.051,13.6327,0.056,14.149999,0.017,13.312,0.025,12.942999,0.048,0,0,5
5.94E+18,251.8044557,-45.85357458,16.141212,1.7159615,NOT_AVAILABLE,26835,251.8044778,-45.85357963,251.8044639,-45.8535765,14.0633,0.03,13.8826,0.059,13.8567,0.074,14.159,0.009999,13.472,0.008999,13.253999,0.014999,0,0,5
5.94E+18,251.7609035,-45.81109391,16.169794,1.9614573,NOT_AVAILABLE,44397,251.7608767,-45.81109637,251.7608857,-45.8110908,14.2123,0.04,13.8916,0.051,13.7217,0.039,99.9999,9.9999,99.9999,9.9999,99.9999,9.9999,0,0,5
5.94E+18,251.7938001,-45.86831259,16.170687,1.6291437,NOT_AVAILABLE,26844,251.7938057,-45.86832231,251.7937767,-45.8683249,14.1343,0.038,13.8356,0.074,13.7687,0.064,14.206999,0.010999,13.59,0.009999,13.335,0.021999,0,0,5
5.94E+18,251.7368574,-45.82559366,16.252504,1.5092478,NOT_AVAILABLE,44407,251.7368018,-45.82558827,251.7367921,-45.8255909,14.3763,0.032,14.1176,0.044,13.9777,0.04,14.557999,0.025,13.921999,0.019999,13.732,0.023,0,0,5
5.94E+18,251.7176179,-45.85435154,16.258198,1.4214792,VARIABLE,12751,251.7176632,-45.85433053,251.7176243,-45.854344,14.5103,0.031,14.2086,0.033,14.0077,0.036,99.9999,9.9999,99.9999,9.9999,99.9999,9.9999,0,0,5
5.94E+18,251.7697415,-45.82976801,16.284843,1.9630938,NOT_AVAILABLE,5714,251.7697476,-45.8297662,251.7697437,-45.8297637,99.9999,9.9999,99.9999,9.9999,99.9999,9.9999,13.944,0.012,13.180999,0.014999,12.857999,0.039999,0,0,5
5.94E+18,251.7602286,-45.85210968,16.300385,,NOT_AVAILABLE,4333,251.7602577,-45.8521227,251.7602326,-45.8521276,99.9999,9.9999,99.9999,9.9999,99.9999,9.9999,11.371,0.065999,10.246,0.061999,9.7189998,0.082999,1,0,5
5.94E+18,251.7934935,-45.85102773,16.315248,2.0777311,NOT_AVAILABLE,1329,251.7934967,-45.8510306,251.7934819,-45.8510289,99.9999,9.9999,99.9999,9.9999,99.9999,9.9999,13.897,0.010999,13.128999,0.008999,12.861,0.019999,0,0,5
5.94E+18,251.7397402,-45.85841237,16.347383,1.5528736,NOT_AVAILABLE,8542,251.7397777,-45.85841298,251.7397417,-45.8584233,14.3773,0.034,14.1236,0.036,13.9487,0.042,14.484,0.012,13.776,0.010999,13.498,0.034,0,0,5
5.94E+18,251.7646593,-45.84850154,16.348803,,NOT_AVAILABLE,3445,251.7646707,-45.8485138,251.7646499,-45.8485169,99.9999,9.9999,99.9999,9.9999,99.9999,9.9999,11.522999,0.016,10.317999,0.014,9.8229999,0.025,1,0,5
5.94E+18,251.7861192,-45.85505476,16.366451,1.4655437,NOT_AVAILABLE,26883,251.7861281,-45.8550623,251.7861079,-45.855063,14.6193,0.032,14.2756,0.046,14.0907,0.045,14.644,0.009999,13.970999,0.010999,13.836999,0.021999,0,0,5
5.94E+18,251.7831542,-45.84105773,16.391653,3.1934042,NOT_AVAILABLE,1645,251.783156,-45.8410808,251.7831465,-45.8410786,99.9999,9.9999,99.9999,9.9999,99.9999,9.9999,12.859,0.016,11.671999,0.012,11.291,0.018999,0,0,5
5.94E+18,251.7839964,-45.8315237,16.407608,1.7556143,NOT_AVAILABLE,43310,251.7840119,-45.83152707,251.7840106,-45.8315223,14.2273,0.038,13.8856,0.051,13.7617,0.044,14.348999,0.014999,13.696999,0.013,13.357,0.025,0,0,5
5.94E+18,251.7789572,-45.82926573,16.412195,2.1406145,NOT_AVAILABLE,44387,251.7789229,-45.82927163,251.778922,-45.8292672,13.9243,0.036,13.5726,0.037,13.3997,0.042,13.986,0.013,13.237,0.009999,12.984,0.016,0,0,5
5.94E+18,251.7784767,-45.86786117,16.420269,1.4667473,NOT_AVAILABLE,18178,251.7785159,-45.86784903,251.778483,-45.8678544,14.7103,0.04,14.4156,0.053,14.2137,0.038,14.720999,0.012,14.055,0.009999,13.850999,0.019999,0,0,5
5.94E+18,251.7515667,-45.86287924,16.479746,1.4806538,NOT_AVAILABLE,18924,251.7515854,-45.86286191,251.751549,-45.8628711,14.7283,0.033,14.4526,0.054,14.2387,0.045,14.668999,0.014999,14.013999,0.014,13.793999,0.027,0,0,5
5.94E+18,251.694597,-45.8613436,16.501804,4.0376043,VARIABLE,751,251.694598,-45.861336,251.6945468,-45.8613556,99.9999,9.9999,99.9999,9.9999,99.9999,9.9999,10.630999,0.023,8.8990001,0.028999,8.184,0.013,0,0,5
5.94E+18,251.7862057,-45.85047757,16.509249,5.4926777,VARIABLE,5038,251.7862241,-45.8504918,251.7862077,-45.8504913,99.9999,9.9999,99.9999,9.9999,99.9999,9.9999,11.484999,0.023,10.272,0.009999,9.6920003,0.028,0,0,5
5.94E+18,251.7616808,-45.825345,16.596478,1.8684425,NOT_AVAILABLE,44410,251.7616552,-45.82534075,251.7616527,-45.8253386,14.4033,0.042,14.0566,0.036,13.8937,0.034,14.395,0.010999,13.71,0.010999,13.468999,0.014999,0,0,5
5.94E+18,251.716831,-45.84650781,16.61736,2.0857258,NOT_AVAILABLE,6135,251.7168976,-45.8464976,251.716865,-45.8465093,14.1073,0.028,13.7436,0.048,13.6197,0.065,99.9999,9.9999,99.9999,9.9999,99.9999,9.9999,0,0,5
5.94E+18,251.7584598,-45.88140754,16.63258,1.4521828,NOT_AVAILABLE,15383,251.7584546,-45.88138193,251.7584049,-45.8813945,14.7953,0.129,14.3406,0.192,14.1817,0.158,14.590999,0.017999,13.706999,0.010999,13.343,0.016,0,0,5
5.94E+18,251.7707501,-45.80556259,16.64179,1.6821365,NOT_AVAILABLE,44428,251.7707219,-45.80555794,251.7707383,-45.8055491,14.6063,0.037,14.2416,0.046,14.1317,0.041,99.9999,9.9999,99.9999,9.9999,99.9999,9.9999,0,0,5
5.94E+18,251.8189377,-45.86135714,16.664968,5.437457,VARIABLE,5882,251.8189614,-45.8613629,251.8189452,-45.861359,99.9999,9.9999,99.9999,9.9999,99.9999,9.9999,11.09,0.008,9.5790004,0.008,8.8559999,0.014,0,0,5
5.94E+18,251.7656309,-45.84324647,16.68784,,NOT_AVAILABLE,6102,251.7656454,-45.8432534,251.7656292,-45.843255,99.9999,9.9999,99.9999,9.9999,99.9999,9.9999,11.925,0.017,10.777,0.014999,10.262999,0.023,1,0,5
5.94E+18,251.7848237,-45.84049853,16.69187,1.9011831,NOT_AVAILABLE,26865,251.7848458,-45.84049939,251.7848373,-45.8404967,14.4733,0.024,14.1316,0.049,13.9857,0.043,14.451999,0.017,13.739999,0.014,13.529999,0.025,0,0,5
5.94E+18,251.7549311,-45.86115303,16.692667,2.264968,NOT_AVAILABLE,19090,251.754962,-45.86113908,251.754928,-45.8611472,14.6113,0.033,14.2276,0.04,14.0647,0.033,14.592,0.020999,14.003,0.019999,13.751999,0.037999,1,0,5
5.94E+18,251.760121,-45.87925684,16.71616,1.6358137,NOT_AVAILABLE,24750,251.7601468,-45.87924198,251.7600992,-45.8792537,14.8763,0.043,14.4786,0.045,14.3267,0.033,14.774999,0.009999,14.144,0.010999,13.885,0.014999,0,0,5
5.94E+18,251.7242006,-45.87544221,16.717829,2.1927013,NOT_AVAILABLE,446,251.7242781,-45.8753988,251.7242236,-45.8754164,99.9999,9.9999,99.9999,9.9999,99.9999,9.9999,14.041999,0.008999,13.161,0.006,12.81,0.014999,0,0,5
5.94E+18,251.7393999,-45.86153805,16.721333,1.9695654,NOT_AVAILABLE,19056,251.7394228,-45.86152442,251.7393841,-45.8615356,14.4463,0.055,14.1896,0.055,14.0077,0.056,14.56,0.008999,13.937999,0.010999,13.651,0.017,0,0,5
5.94E+18,251.7391355,-45.85315515,16.72887,1.8481169,NOT_AVAILABLE,14230,251.7391975,-45.85315284,251.7391657,-45.853162,14.4233,0.028,14.1536,0.037,13.9987,0.037,14.486,0.013,13.904999,0.006,13.626999,0.013,0,0,5
5.94E+18,251.7320992,-45.82114684,16.747873,1.970974,NOT_AVAILABLE,6040,251.732084,-45.8211362,251.7320766,-45.8211386,99.9999,9.9999,99.9999,9.9999,99.9999,9.9999,14.598999,0.032,13.85,0.048,13.715999,0.039,0,0,5
5.94E+18,251.7622312,-45.8468027,16.752798,,NOT_AVAILABLE,6071,251.7622604,-45.8468072,251.7622403,-45.8468104,99.9999,9.9999,99.9999,9.9999,99.9999,9.9999,12.045,0.020999,10.939,0.013,10.447999,0.025,1,0,5
5.94E+18,251.7773021,-45.84611017,16.770264,5.091591,NOT_AVAILABLE,5110,251.7773125,-45.8461165,251.7772972,-45.8461166,99.9999,9.9999,99.9999,9.9999,99.9999,9.9999,11.92,0.014,10.753,0.017999,10.232999,0.019999,1,0,5
5.94E+18,251.7964869,-45.84302854,16.772032,1.5748692,NOT_AVAILABLE,26908,251.7964994,-45.84303072,251.796492,-45.8430264,14.8503,0.07,14.6086,0.047,14.4167,0.046,14.994,0.018999,14.267999,0.016,14.088999,0.023,0,0,5
5.94E+18,251.7696188,-45.85029681,16.775467,,NOT_AVAILABLE,5632,251.7696353,-45.8502995,251.7696144,-45.8503021,99.9999,9.9999,99.9999,9.9999,99.9999,9.9999,11.689,0.034,10.475,0.021999,9.9420003,0.014,1,0,5
5.94E+18,251.7669287,-45.84752593,16.776447,,NOT_AVAILABLE,6167,251.7669541,-45.8475139,251.7669347,-45.8475164,99.9999,9.9999,99.9999,9.9999,99.9999,9.9999,11.930999,0.064999,10.618,0.090999,10.354,0.061,1,0,5
5.94E+18,251.7433486,-45.81911735,16.776548,1.8720884,NOT_AVAILABLE,44419,251.7433079,-45.81911801,251.7433053,-45.8191178,14.5253,0.033,14.2206,0.043,14.1377,0.039,14.640999,0.024,14.109999,0.021999,13.847,0.027,0,0,5
5.94E+18,251.7488028,-45.84990009,16.778687,2.0174007,NOT_AVAILABLE,3725,251.7488637,-45.84989342,251.7488373,-45.8498999,14.3513,0.056,13.8816,0.061,13.6557,0.061,14.279999,0.039999,13.437,0.05,13.295,0.017999,1,0,5
5.94E+18,251.7370135,-45.86793583,16.788458,4.094672,NOT_AVAILABLE,2906,251.7370609,-45.8679205,251.7370162,-45.8679338,99.9999,9.9999,99.9999,9.9999,99.9999,9.9999,12.692,0.008,11.772999,0.004999,11.328,0.010999,0,0,5
5.94E+18,251.7181787,-45.84589116,16.78887,1.6489868,NOT_AVAILABLE,10524,251.7182425,-45.84588184,251.7182107,-45.8458931,14.8063,0.041,14.5186,0.044,14.4887,0.043,99.9999,9.9999,99.9999,9.9999,99.9999,9.9999,0,0,5
5.94E+18,251.8271115,-45.84190333,16.789736,2.0646496,VARIABLE,26861,251.8271426,-45.84190974,251.8271447,-45.8418993,14.4203,0.037,14.0436,0.051,13.8527,0.047,99.9999,9.9999,99.9999,9.9999,99.9999,9.9999,0,0,5
5.94E+18,251.7602043,-45.86036368,16.79994,,NOT_AVAILABLE,3123,251.7602364,-45.8603609,251.7602045,-45.8603679,99.9999,9.9999,99.9999,9.9999,99.9999,9.9999,12.248999,0.012,11.189999,0.012,10.694,0.016,1,0,5
5.94E+18,251.8127848,-45.82698276,16.811165,1.820673,NOT_AVAILABLE,5982,251.8128054,-45.8269991,251.8128159,-45.8269877,99.9999,9.9999,99.9999,9.9999,99.9999,9.9999,14.696,0.016,13.940999,0.017999,13.562,0.059,0,0,5
5.94E+18,251.7847774,-45.8275691,16.830187,1.6079502,NOT_AVAILABLE,44449,251.7847387,-45.82756881,251.7847408,-45.8275629,14.9163,0.045,14.4826,0.055,14.3497,0.057,14.944,0.014999,14.270999,0.013,14.095,0.027,0,0,5
5.94E+18,251.7613193,-45.88616924,16.837286,1.7316866,NOT_AVAILABLE,17750,251.7613429,-45.88616292,251.7612899,-45.8861762,14.6493,0.031,14.3946,0.05,14.1577,0.032,14.84,0.034,14.059,0.008999,13.803999,0.024,0,0,5
5.94E+18,251.8092409,-45.82072474,16.860767,2.3964624,NOT_AVAILABLE,5749,251.8092508,-45.8206845,251.8092655,-45.8206722,99.9999,9.9999,99.9999,9.9999,99.9999,9.9999,14.081999,0.046999,13.364,0.037,13.050999,0.067,0,0,5
5.94E+18,251.7653069,-45.86486987,16.867785,2.7477932,NOT_AVAILABLE,5561,251.7653279,-45.864863,251.7652937,-45.8648701,99.9999,9.9999,99.9999,9.9999,99.9999,9.9999,12.288,0.032,11.274999,0.014,10.789999,0.027,1,0,5
5.94E+18,251.7381128,-45.86002065,16.86834,4.329673,NOT_AVAILABLE,3146,251.7381369,-45.8600388,251.7380991,-45.8600499,99.9999,9.9999,99.9999,9.9999,99.9999,9.9999,12.354999,0.012,10.885999,0.004999,10.354,0.014999,0,0,5
5.94E+18,251.7634653,-45.84550375,16.869312,,NOT_AVAILABLE,5941,251.7634892,-45.8455232,251.7634705,-45.8455258,99.9999,9.9999,99.9999,9.9999,99.9999,9.9999,11.968,0.023,10.548999,0.016,9.4259996,0.041,1,0,5
5.94E+18,251.7778586,-45.8442298,16.891916,,NOT_AVAILABLE,5660,251.7778602,-45.8442517,251.7778466,-45.8442513,99.9999,9.9999,99.9999,9.9999,99.9999,9.9999,11.916999,0.039,10.746,0.034,10.241999,0.043,1,0,5
5.94E+18,251.8200176,-45.85585585,16.903076,2.1078653,NOT_AVAILABLE,1119,251.8200446,-45.8558575,251.8200332,-45.855852,99.9999,9.9999,99.9999,9.9999,99.9999,9.9999,14.454,0.012,13.727999,0.008999,13.467,0.012,0,0,5
5.94E+18,251.7770617,-45.84584668,16.903725,5.2146006,NOT_AVAILABLE,5111,251.777075,-45.8458456,251.7770599,-45.8458457,99.9999,9.9999,99.9999,9.9999,99.9999,9.9999,11.838999,0.028999,10.727,0.028999,10.163999,0.030999,1,0,5
5.94E+18,251.8001442,-45.86426465,16.906069,1.5850849,NOT_AVAILABLE,26955,251.8001577,-45.86427058,251.8001338,-45.864271,15.1933,0.062,14.8866,0.057,14.7447,0.046,99.9999,9.9999,99.9999,9.9999,99.9999,9.9999,0,0,5
5.94E+18,251.8100511,-45.86894209,16.906164,1.527298,NOT_AVAILABLE,4662,251.8100882,-45.8689381,251.8100632,-45.8689378,99.9999,9.9999,99.9999,9.9999,99.9999,9.9999,15.156,0.018999,14.378999,0.010999,14.189,0.010999,0,0,5
5.94E+18,251.774636,-45.84460953,16.949293,4.789133,NOT_AVAILABLE,5126,251.7746066,-45.844625,251.7745918,-45.8446253,99.9999,9.9999,99.9999,9.9999,99.9999,9.9999,12.246,0.07,11.192999,0.041999,10.713,0.092,1,0,5
5.94E+18,251.7266153,-45.82836279,16.963198,2.6074772,NOT_AVAILABLE,8071,251.7266988,-45.82834829,251.7266839,-45.8283536,14.1033,0.041,13.5596,0.055,13.2747,0.047,99.9999,9.9999,99.9999,9.9999,99.9999,9.9999,0,0,5
5.94E+18,251.7746251,-45.85168842,16.964825,1.9023256,NOT_AVAILABLE,26899,251.7746399,-45.85168755,251.7746192,-45.8516896,14.8043,0.035,14.4766,0.053,14.3857,0.061,14.748999,0.018999,14.244999,0.029999,13.715,0.039999,1,0,5
5.94E+18,251.7949823,-45.87963417,16.969727,2.2296858,NOT_AVAILABLE,2640,251.795021,-45.8796349,251.7949829,-45.8796401,99.9999,9.9999,99.9999,9.9999,99.9999,9.9999,14.182999,0.013,13.229999,0.008999,12.909,0.018999,0,0,5
5.94E+18,251.7753979,-45.83958029,16.97223,,NOT_AVAILABLE,5962,251.7753947,-45.8395907,251.7753843,-45.8395896,99.9999,9.9999,99.9999,9.9999,99.9999,9.9999,12.114999,0.023,10.866,0.019999,10.097999,0.028,1,0,5
5.94E+18,251.7330898,-45.87192584,16.989588,3.7806826,NOT_AVAILABLE,564,251.7331556,-45.8718944,251.7331065,-45.8719094,99.9999,9.9999,99.9999,9.9999,99.9999,9.9999,12.895,0.009999,11.684,0.006,11.211999,0.016,0,0,5
5.94E+18,251.7610127,-45.8108454,16.994997,,NOT_AVAILABLE,44386,251.7609873,-45.81084775,251.7609966,-45.8108421,13.7853,0.03,13.2696,0.034,12.9987,0.037,99.9999,9.9999,99.9999,9.9999,99.9999,9.9999,0,0,5
5.94E+18,251.7939012,-45.83860469,16.995623,1.8746223,NOT_AVAILABLE,26905,251.7939303,-45.83860209,251.7939258,-45.8385972,14.8213,0.04,14.4456,0.044,14.2177,0.039,14.656999,0.037999,13.784999,0.032,13.76,0.028,0,0,5
5.94E+18,251.7541538,-45.82911786,16.998644,2.2090101,NOT_AVAILABLE,44404,251.7540986,-45.8291262,251.7540908,-45.8291265,14.3093,0.032,13.8056,0.046,13.5357,0.05,14.343999,0.008,13.406999,0.008,13.097999,0.013,0,0,5
5.94E+18,251.7163032,-45.85421392,17.002321,1.8663445,NOT_AVAILABLE,12785,251.7163671,-45.85420569,251.716328,-45.8542194,14.6573,0.048,14.3726,0.046,14.1427,0.042,99.9999,9.9999,99.9999,9.9999,99.9999,9.9999,0,0,5
5.94E+18,251.7531051,-45.86857064,17.004559,2.0567112,NOT_AVAILABLE,18005,251.7531306,-45.86855806,251.7530899,-45.8685684,14.9063,0.054,14.4266,0.032,14.2047,0.039,14.854999,0.008999,14.100999,0.008999,13.854999,0.019999,0,0,5
5.94E+18,251.8186701,-45.85236408,17.006418,1.883564,NOT_AVAILABLE,26880,251.8186903,-45.85236246,251.8186814,-45.8523563,14.5983,0.047,14.2826,0.052,14.1287,0.052,14.821,0.010999,14.012,0.008999,13.805,0.013,0,0,5
5.94E+18,251.7315569,-45.85872652,17.016808,1.7697964,NOT_AVAILABLE,8296,251.7316177,-45.85871648,251.7315791,-45.8587285,14.9003,0.036,14.5286,0.043,14.3697,0.048,14.888999,0.010999,14.267,0.017999,13.961,0.029999,0,0,5
5.94E+18,251.7444087,-45.86674473,17.049063,1.9146576,NOT_AVAILABLE,18363,251.7444355,-45.86672971,251.7443939,-45.8667413,14.7793,0.031,14.4846,0.055,14.2157,0.036,14.711999,0.013,13.979999,0.010999,13.640999,0.026,0,0,5
5.94E+18,251.7473326,-45.86531,17.064547,1.6654301,NOT_AVAILABLE,18611,251.7473533,-45.86530687,251.7473137,-45.8653175,15.0503,0.024,14.7066,0.035,14.5307,0.029,15.072999,0.012,14.333,0.008,14.067,0.018999,0,0,5
5.94E+18,251.7357156,-45.82086142,17.06592,2.2262058,NOT_AVAILABLE,44405,251.7356801,-45.82085485,251.735674,-45.8208565,14.3253,0.034,13.9236,0.049,13.7267,0.052,14.482,0.028,13.604,0.023,13.286999,0.032999,0,0,5
5.94E+18,251.7423874,-45.85177902,17.074669,1.7589855,NOT_AVAILABLE,903,251.7424493,-45.85176949,251.7424195,-45.8517777,15.2243,0.049,14.7206,0.046,14.5277,0.048,99.9999,9.9999,99.9999,9.9999,99.9999,9.9999,0,0,5
5.94E+18,251.7861961,-45.84604705,17.075556,,NOT_AVAILABLE,3507,251.7862031,-45.8460565,251.7861903,-45.8460549,99.9999,9.9999,99.9999,9.9999,99.9999,9.9999,12.375,0.017,11.225,0.014,10.71,0.023,0,0,5
5.94E+18,251.766226,-45.8525085,17.076569,2.01307,NOT_AVAILABLE,19521,251.7662612,-45.85249614,251.7662375,-45.8525,14.9353,0.019,14.5836,0.034,14.4077,0.039,14.737999,0.018999,14.369999,0.035999,14.029,0.057999,1,0,5
5.94E+18,251.8069617,-45.82212121,17.085375,1.7827587,NOT_AVAILABLE,2322,251.8069922,-45.8221201,251.8070051,-45.8221085,99.9999,9.9999,99.9999,9.9999,99.9999,9.9999,15.043,0.017999,14.241999,0.010999,14.048999,0.023,0,0,5
5.94E+18,251.7583717,-45.87760139,17.093395,1.69944,NOT_AVAILABLE,26738,251.7583946,-45.87759199,251.758348,-45.8776036,15.1133,0.028,14.8276,0.039,14.7137,0.032,15.100999,0.012,14.446999,0.014999,14.218999,0.017,0,0,5
5.94E+18,251.737697,-45.87118559,17.108692,2.3771343,NOT_AVAILABLE,17576,251.7377261,-45.87117018,251.7376789,-45.8711841,14.4373,0.027,14.0886,0.043,13.8987,0.039,14.388999,0.010999,13.720999,0.008,13.397999,0.017,0,0,5
5.94E+18,251.8029225,-45.88338397,17.118124,1.8839283,NOT_AVAILABLE,132,251.8029444,-45.8833907,251.8029055,-45.8833954,99.9999,9.9999,99.9999,9.9999,99.9999,9.9999,14.918,0.014999,14.161,0.008,13.885999,0.016,0,0,5
5.94E+18,251.8149121,-45.85851889,17.125235,1.5578842,NOT_AVAILABLE,1034,251.8149379,-45.8585223,251.8149229,-45.8585184,99.9999,9.9999,99.9999,9.9999,99.9999,9.9999,15.333,0.012,14.574999,0.008999,14.395,0.013,0,0,5
5.94E+18,251.72759,-45.85835502,17.13517,2.571395,NOT_AVAILABLE,8564,251.7276509,-45.85834695,251.7276115,-45.8583596,14.4493,0.038,13.9746,0.049,13.6967,0.043,14.387999,0.008999,13.510999,0.007,13.177,0.014999,0,0,5
5.94E+18,251.7165677,-45.83673364,17.148693,1.8407078,NOT_AVAILABLE,7493,251.7166348,-45.83672441,251.7166102,-45.8367337,14.8113,0.057,14.6026,0.044,14.4157,0.037,99.9999,9.9999,99.9999,9.9999,99.9999,9.9999,0,0,5
5.94E+18,251.8033251,-45.87370546,17.150122,1.8460026,NOT_AVAILABLE,497,251.8033541,-45.8737106,251.8033233,-45.8737128,99.9999,9.9999,99.9999,9.9999,99.9999,9.9999,14.996999,0.013,14.248999,0.009999,13.996,0.014,0,0,5
5.94E+18,251.7532073,-45.86800915,17.154497,2.9554758,NOT_AVAILABLE,716,251.7532475,-45.8679988,251.7532073,-45.868009,99.9999,9.9999,99.9999,9.9999,99.9999,9.9999,12.982,0.010999,11.970999,0.008,11.477999,0.012,0,0,5
5.94E+18,251.7436713,-45.83599204,17.15677,1.8880844,NOT_AVAILABLE,7559,251.7437508,-45.83598298,251.7437344,-45.8359869,14.9103,0.04,14.6246,0.062,14.4717,0.059,14.895,0.010999,14.21,0.007,13.932999,0.017,0,0,5
5.94E+18,251.7750839,-45.84714974,17.168852,,NOT_AVAILABLE,6069,251.7750951,-45.8471585,251.7750783,-45.8471593,99.9999,9.9999,99.9999,9.9999,99.9999,9.9999,12.52,0.017999,11.387999,0.014,10.881999,0.014999,1,0,5
5.94E+18,251.7641144,-45.84867944,17.18301,,NOT_AVAILABLE,5926,251.7641239,-45.8487,251.7641028,-45.8487033,99.9999,9.9999,99.9999,9.9999,99.9999,9.9999,12.329999,0.028,11.164999,0.052,10.689,0.071999,1,0,5
5.94E+18,251.7724687,-45.84540485,17.1854,,NOT_AVAILABLE,5656,251.7724868,-45.8454049,251.7724707,-45.8454058,99.9999,9.9999,99.9999,9.9999,99.9999,9.9999,12.545,0.028,11.555999,0.021999,11.102,0.034,1,0,5
5.94E+18,251.7600731,-45.88716652,17.189276,1.7326355,NOT_AVAILABLE,17173,251.7600932,-45.88716156,251.7600391,-45.8871753,15.1703,0.036,14.7816,0.056,14.5917,0.049,99.9999,9.9999,99.9999,9.9999,99.9999,9.9999,0,0,5
5.94E+18,251.7728035,-45.80779653,17.224277,1.8913174,NOT_AVAILABLE,44447,251.7727736,-45.80779411,251.7727887,-45.8077855,14.8583,0.036,14.5756,0.049,14.3957,0.04,99.9999,9.9999,99.9999,9.9999,99.9999,9.9999,0,0,5
5.94E+18,251.8154875,-45.87220088,17.230095,2.48779,NOT_AVAILABLE,554,251.8155235,-45.8722012,251.8154973,-45.8722007,99.9999,9.9999,99.9999,9.9999,99.9999,9.9999,14.324999,0.013,13.512,0.009999,13.168999,0.016,0,0,5
5.94E+18,251.7353333,-45.8287508,17.25133,2.158741,NOT_AVAILABLE,44453,251.735286,-45.82874839,251.7352732,-45.8287521,14.9723,0.036,14.5526,0.046,14.4407,0.045,14.916999,0.056,14.348999,0.064999,13.763999,0.093,0,0,5
5.94E+18,251.7603066,-45.84997193,17.252056,,NOT_AVAILABLE,6012,251.7602919,-45.8499592,251.7602686,-45.8499635,99.9999,9.9999,99.9999,9.9999,99.9999,9.9999,11.791,0.063,10.473999,0.046,9.6689996,0.064,1,0,5
5.94E+18,251.7706581,-45.83914183,17.262682,,NOT_AVAILABLE,5221,251.7706425,-45.8391651,251.7706311,-45.8391647,99.9999,9.9999,99.9999,9.9999,99.9999,9.9999,12.553,0.029999,11.588999,0.018999,11.154999,0.037999,1,0,5
5.94E+18,251.7593785,-45.83700089,17.270947,4.6306753,NOT_AVAILABLE,5820,251.7593577,-45.8370296,251.7593449,-45.8370309,99.9999,9.9999,99.9999,9.9999,99.9999,9.9999,12.545999,0.078,11.486,0.064999,11.060999,0.104,1,0,5
5.94E+18,251.7705011,-45.83331733,17.274565,2.1725044,NOT_AVAILABLE,44437,251.7704579,-45.83332443,251.7704513,-45.8333226,14.7193,0.042,14.3906,0.041,14.2007,0.035,14.777,0.012,13.996999,0.009999,13.76,0.016,0,0,5
5.94E+18,251.7457275,-45.83834201,17.275745,1.5958233,NOT_AVAILABLE,7342,251.745797,-45.83833677,251.7457792,-45.8383409,15.1863,0.051,14.9656,0.04,14.8267,0.033,15.262,0.028,14.477,0.035999,14.237,0.064999,1,0,5
5.94E+18,251.7724244,-45.87833162,17.294983,1.8969936,NOT_AVAILABLE,20316,251.7724594,-45.87831718,251.7724161,-45.8783264,14.9573,0.041,14.5806,0.05,14.3337,0.042,15.017999,0.018999,14.171999,0.013,13.887999,0.020999,0,0,5
5.94E+18,251.7675841,-45.86090871,17.307106,,NOT_AVAILABLE,5580,251.7676051,-45.8609066,251.7675748,-45.8609123,99.9999,9.9999,99.9999,9.9999,99.9999,9.9999,12.286,0.009999,11.074999,0.008,10.517,0.013,1,0,5
5.94E+18,251.7622269,-45.83959507,17.330547,,NOT_AVAILABLE,5674,251.7622415,-45.8396031,251.7622274,-45.8396045,99.9999,9.9999,99.9999,9.9999,99.9999,9.9999,12.810999,0.017999,11.723999,0.014999,11.293,0.023,1,0,5
5.94E+18,251.7658009,-45.86617788,17.342232,2.1690044,NOT_AVAILABLE,18476,251.7658778,-45.86615002,251.7658427,-45.8661574,15.0823,0.04,14.6966,0.041,14.4027,0.04,15.048,0.012,14.161999,0.012,13.916999,0.018999,0,0,5
5.94E+18,251.7421162,-45.8431401,17.345043,,NOT_AVAILABLE,6703,251.7421871,-45.84313521,251.7421644,-45.8431413,14.7113,0.037,14.3016,0.042,14.1237,0.037,14.590999,0.016,13.828,0.034,13.444,0.082999,0,0,5
5.94E+18,251.708074,-45.84882527,17.346533,1.9941063,NOT_AVAILABLE,5692,251.7081441,-45.84878399,251.7081071,-45.8487979,15.1953,0.033,14.8106,0.041,14.5277,0.037,99.9999,9.9999,99.9999,9.9999,99.9999,9.9999,0,0,5
5.94E+18,251.7445012,-45.83268211,17.36241,,NOT_AVAILABLE,4390,251.7445087,-45.8326845,251.7444953,-45.8326875,99.9999,9.9999,99.9999,9.9999,99.9999,9.9999,12.939,0.012,11.925999,0.009999,11.442999,0.014999,0,0,5
5.94E+18,251.7763501,-45.86144108,17.364897,1.962143,NOT_AVAILABLE,19059,251.7763786,-45.86143444,251.7763504,-45.8614386,14.9553,0.048,14.7526,0.051,14.4477,0.058,14.902999,0.032,14.055,0.034,13.642999,0.064999,1,0,5
5.94E+18,251.773042,-45.8041014,17.3788,2.493414,NOT_AVAILABLE,44417,251.7730106,-45.80410236,251.7730288,-45.8040927,14.4883,0.049,14.2416,0.047,14.0617,0.044,99.9999,9.9999,99.9999,9.9999,99.9999,9.9999,0,0,5
5.94E+18,251.7717429,-45.83105371,17.380396,1.9786854,NOT_AVAILABLE,44463,251.7716963,-45.83106192,251.7716919,-45.8310593,15.0213,0.054,14.6816,0.057,14.4967,0.052,14.932999,0.028999,14.137,0.034,13.850999,0.059,0,0,5
5.94E+18,251.7488726,-45.81529942,17.382336,1.8274574,NOT_AVAILABLE,44493,251.748834,-45.81530424,251.7488362,-45.815302,15.3273,0.05,14.8706,0.043,14.6787,0.037,99.9999,9.9999,99.9999,9.9999,99.9999,9.9999,0,0,5
5.94E+18,251.7627869,-45.8459362,17.399155,,NOT_AVAILABLE,5937,251.762813,-45.8459765,251.7627937,-45.8459794,99.9999,9.9999,99.9999,9.9999,99.9999,9.9999,12.211,0.023,11.081,0.019999,10.526,0.034,1,0,5
5.94E+18,251.7863153,-45.87702839,17.410784,1.7024231,NOT_AVAILABLE,15730,251.7863422,-45.87702502,251.7863038,-45.8770312,15.1903,0.06,14.8796,0.058,14.7927,0.05,15.444,0.014,14.765,0.017,14.463999,0.023,0,0,5
5.94E+18,251.7256802,-45.88496522,17.419851,,NOT_AVAILABLE,4486,251.7257682,-45.8849217,251.7257063,-45.8849414,99.9999,9.9999,99.9999,9.9999,99.9999,9.9999,14.937,0.017,14.263999,0.012,13.895999,0.025,0,0,5
5.94E+18,251.7733627,-45.84948717,17.427715,5.1662426,VARIABLE,5799,251.7733732,-45.8494941,251.773354,-45.8494958,99.9999,9.9999,99.9999,9.9999,99.9999,9.9999,12.63,0.014999,11.501,0.008999,11.019,0.017,1,0,5
5.94E+18,251.7493511,-45.87003323,17.445042,3.7460155,NOT_AVAILABLE,2840,251.7493957,-45.870024,251.7493528,-45.8700355,99.9999,9.9999,99.9999,9.9999,99.9999,9.9999,13.272999,0.008999,12.279999,0.009999,11.847999,0.014,0,0,5
5.94E+18,251.7497733,-45.83028662,17.446377,1.992754,NOT_AVAILABLE,44462,251.749736,-45.8302852,251.749726,-45.8302866,15.0093,0.027,14.6186,0.035,14.4707,0.036,15.043,0.013,14.362,0.017999,14.038,0.028999,0,0,5
5.94E+18,251.8164612,-45.83666627,17.452202,1.7477932,NOT_AVAILABLE,27051,251.816473,-45.83666616,251.8164765,-45.8366565,15.6873,0.095,15.6846,0.196,15.1647,0.127,15.345999,0.016,14.395999,0.014999,14.076999,0.024,0,0,5
5.94E+18,251.7332085,-45.86954373,17.485624,3.8720837,NOT_AVAILABLE,654,251.7332674,-45.8695201,251.7332203,-45.8695345,99.9999,9.9999,99.9999,9.9999,99.9999,9.9999,13.38,0.010999,12.491,0.008999,12.034,0.017999,0,0,5
5.94E+18,251.7086,-45.85152412,17.490301,2.1824646,NOT_AVAILABLE,1303,251.7086556,-45.85151605,251.7086165,-45.8515306,15.0223,0.036,14.5776,0.04,14.3937,0.039,99.9999,9.9999,99.9999,9.9999,99.9999,9.9999,0,0,5
5.94E+18,251.7843402,-45.8602467,17.497574,1.9164562,NOT_AVAILABLE,26952,251.7843517,-45.86025029,251.7843267,-45.8602527,15.1533,0.045,14.7966,0.048,14.6687,0.039,15.265,0.012,14.517,0.010999,14.244999,0.017999,0,0,5
5.94E+18,251.7708575,-45.81628162,17.499584,2.0009785,NOT_AVAILABLE,44470,251.7708286,-45.81627999,251.7708362,-45.8162738,15.1183,0.022,14.8346,0.044,14.7487,0.062,99.9999,9.9999,99.9999,9.9999,99.9999,9.9999,0,0,5
5.94E+18,251.8315267,-45.84428632,17.50007,1.9757977,NOT_AVAILABLE,26943,251.8315517,-45.84429445,251.8315531,-45.8442838,15.0933,0.042,14.7836,0.049,14.6977,0.045,99.9999,9.9999,99.9999,9.9999,99.9999,9.9999,0,0,5
5.94E+18,251.7689121,-45.83915593,17.50182,4.5158377,VARIABLE,5220,251.7689204,-45.8391747,251.7689085,-45.8391747,99.9999,9.9999,99.9999,9.9999,99.9999,9.9999,12.72,0.019999,11.63,0.014,11.163,0.025,1,0,5
5.94E+18,251.7781447,-45.80477244,17.503881,1.9981422,NOT_AVAILABLE,44460,251.7781173,-45.8047714,251.7781364,-45.804761,15.0063,0.051,14.7076,0.047,14.5807,0.048,99.9999,9.9999,99.9999,9.9999,99.9999,9.9999,0,0,5
5.94E+18,251.7933492,-45.86906135,17.508444,1.9349251,NOT_AVAILABLE,17903,251.7933841,-45.86905248,251.7933544,-45.8690554,15.0613,0.029,14.7776,0.058,14.5607,0.043,15.116,0.010999,14.310999,0.009999,14.032999,0.017999,0,0,5
5.94E+18,251.8223081,-45.8628369,17.508966,1.9495583,NOT_AVAILABLE,905,251.8223283,-45.8628438,251.8223118,-45.8628396,99.9999,9.9999,99.9999,9.9999,99.9999,9.9999,15.795,0.039999,14.543999,0.009999,14.265999,0.016,0,0,5
5.94E+18,251.7260984,-45.86191823,17.509718,1.7565155,NOT_AVAILABLE,5819,251.7261591,-45.86191249,251.7261163,-45.8619263,15.3143,0.034,14.9936,0.051,14.8477,0.05,15.284999,0.035,14.538999,0.041999,14.168999,0.089,0,0,5
5.94E+18,251.8112141,-45.85655102,17.514732,2.2756996,NOT_AVAILABLE,26941,251.8112316,-45.85653289,251.8112172,-45.8565292,15.0923,0.033,14.6846,0.038,14.4307,0.034,15.138999,0.010999,14.152999,0.007,13.869999,0.014,0,0,5
5.94E+18,251.7612108,-45.8404036,17.53092,3.2320852,NOT_AVAILABLE,5956,251.7612259,-45.8404112,251.7612108,-45.840413,99.9999,9.9999,99.9999,9.9999,99.9999,9.9999,12.977,0.012,11.923,0.008999,11.465999,0.014,1,0,5
5.94E+18,251.7732768,-45.85482849,17.5406,1.9523773,NOT_AVAILABLE,26938,251.7732848,-45.85483214,251.7732612,-45.8548352,15.0723,0.051,14.7946,0.059,14.6767,0.051,15.225,0.014999,14.538999,0.016,14.223999,0.025,1,0,5
5.94E+18,251.7705664,-45.82776411,17.541351,2.1062737,NOT_AVAILABLE,44507,251.7705219,-45.82777338,251.7705199,-45.8277702,15.3833,0.077,14.7596,0.049,14.6297,0.045,14.921999,0.010999,14.206,0.010999,13.946,0.016,0,0,5
5.94E+18,251.7714791,-45.8157776,17.550814,2.1771603,NOT_AVAILABLE,44607,251.771459,-45.8157907,251.7714671,-45.8157843,15.9223,0.271,15.6886,0.351,15.5257,0.261,99.9999,9.9999,99.9999,9.9999,99.9999,9.9999,0,0,5
5.94E+18,251.8126149,-45.82449468,17.560812,1.7772713,NOT_AVAILABLE,2250,251.8126328,-45.8244684,251.8126453,-45.8244564,99.9999,9.9999,99.9999,9.9999,99.9999,9.9999,15.505,0.017999,14.713999,0.012,14.503999,0.023,0,0,5
5.94E+18,251.7830757,-45.8146453,17.572567,2.470768,NOT_AVAILABLE,44420,251.7830399,-45.81464195,251.7830522,-45.8146331,14.5253,0.034,14.1306,0.046,13.8507,0.041,99.9999,9.9999,99.9999,9.9999,99.9999,9.9999,0,0,5
5.94E+18,251.7636057,-45.85399084,17.599566,1.9421501,NOT_AVAILABLE,19492,251.763643,-45.85397812,251.7636173,-45.8539828,15.3483,0.048,14.9766,0.049,14.8167,0.033,15.312999,0.024,14.645,0.025,14.329,0.052999,1,0,5
5.94E+18,251.7173008,-45.85818462,17.599741,2.1696472,NOT_AVAILABLE,8686,251.7173605,-45.85817779,251.7173183,-45.8581923,15.0633,0.039,14.6786,0.046,14.5487,0.038,99.9999,9.9999,99.9999,9.9999,99.9999,9.9999,0,0,5
5.94E+18,251.781033,-45.88651809,17.600708,4.3226204,NOT_AVAILABLE,3,251.7810701,-45.8865189,251.7810224,-45.8865285,99.9999,9.9999,99.9999,9.9999,99.9999,9.9999,13.399,0.025,11.939999,0.006,11.413,0.024,0,0,5
5.94E+18,251.8112981,-45.84926335,17.604342,2.1937428,NOT_AVAILABLE,26925,251.811323,-45.8492719,251.8113146,-45.8492664,14.9543,0.036,14.5816,0.054,14.3737,0.05,15.043,0.010999,14.085,0.007,13.774,0.016,0,0,5
5.94E+18,251.7246655,-45.83545882,17.612738,2.368681,NOT_AVAILABLE,7598,251.7247279,-45.83545348,251.7247066,-45.8354609,14.7703,0.037,14.3236,0.043,14.1017,0.038,14.828,0.021999,13.961999,0.017999,13.602,0.020999,0,0,5
5.94E+18,251.7443398,-45.87213366,17.624083,3.7782726,VARIABLE,551,251.744389,-45.8721185,251.7443429,-45.8721314,99.9999,9.9999,99.9999,9.9999,99.9999,9.9999,13.402,0.007,12.435999,0.007,11.961,0.014,0,0,5
5.94E+18,251.7337973,-45.83335012,17.624096,2.0396862,NOT_AVAILABLE,2641,251.7338647,-45.83334236,251.7338478,-45.8333475,15.1423,0.048,14.7966,0.067,14.7377,0.092,15.128999,0.032999,14.315999,0.032999,13.984,0.065999,0,0,5
5.94E+18,251.7566675,-45.81523773,17.641987,1.8783188,NOT_AVAILABLE,44514,251.7566325,-45.81523706,251.756637,-45.8152333,15.4333,0.027,15.0736,0.037,14.9637,0.033,99.9999,9.9999,99.9999,9.9999,99.9999,9.9999,0,0,5
5.94E+18,251.7776874,-45.84593687,17.642645,,NOT_AVAILABLE,5938,251.7777262,-45.8459264,251.7777112,-45.8459264,99.9999,9.9999,99.9999,9.9999,99.9999,9.9999,12.413999,0.054,11.010999,0.092,10.369999,0.093,1,0,5
5.94E+18,251.758907,-45.86221382,17.650097,,NOT_AVAILABLE,6052,251.7589076,-45.8621862,251.7588738,-45.8621939,99.9999,9.9999,99.9999,9.9999,99.9999,9.9999,13.151,0.017,12.125,0.027,11.279,0.201,1,0,5
5.94E+18,251.7566476,-45.88503028,17.669834,1.9971771,NOT_AVAILABLE,18672,251.7566672,-45.88501884,251.7566139,-45.8850327,15.5533,0.044,15.0196,0.042,14.8477,0.037,15.458,0.020999,14.795999,0.016,14.43,0.029999,0,0,5
5.94E+18,251.7681467,-45.85066717,17.684282,,NOT_AVAILABLE,6132,251.7681588,-45.8506612,251.7681372,-45.8506642,99.9999,9.9999,99.9999,9.9999,99.9999,9.9999,12.652,0.016,11.468,0.012,11.086,0.064,1,0,5
5.94E+18,251.7610448,-45.85456329,17.689127,,NOT_AVAILABLE,3296,251.7610671,-45.8545625,251.7610402,-45.8545678,99.9999,9.9999,99.9999,9.9999,99.9999,9.9999,13.081,0.014,12.031,0.013,11.52,0.024,1,0,5
5.94E+18,251.7229369,-45.82584302,17.703072,1.89744,NOT_AVAILABLE,4039,251.7229166,-45.8258255,251.7229028,-45.8258309,99.9999,9.9999,99.9999,9.9999,99.9999,9.9999,15.571,0.035999,14.93,0.030999,14.614,0.043,0,0,5
5.94E+18,251.7945997,-45.8294384,17.713085,3.8292322,NOT_AVAILABLE,2084,251.7945962,-45.8294394,251.7945995,-45.829432,99.9999,9.9999,99.9999,9.9999,99.9999,9.9999,12.942,0.014999,11.782999,0.012,11.303999,0.017999,0,0,5
5.94E+18,251.7808961,-45.85318978,17.71484,2.3306293,NOT_AVAILABLE,26958,251.780905,-45.85319008,251.7808849,-45.8531913,15.2113,0.033,14.7576,0.054,14.5497,0.06,15.18,0.018999,14.364999,0.061999,14.175999,0.024,1,0,5
5.94E+18,251.779078,-45.81036889,17.722588,1.9424782,NOT_AVAILABLE,44495,251.7790481,-45.81037148,251.7790628,-45.8103623,15.3363,0.03,15.0226,0.041,14.8337,0.044,99.9999,9.9999,99.9999,9.9999,99.9999,9.9999,0,0,5
5.94E+18,251.7908268,-45.85731912,17.72689,2.4455605,NOT_AVAILABLE,26937,251.7908404,-45.85732235,251.7908196,-45.8573227,15.0703,0.033,14.6856,0.045,14.5077,0.053,15.130999,0.012,14.401,0.014999,14.104,0.018999,0,0,5
5.94E+18,251.7898226,-45.84154512,17.73195,2.1466274,NOT_AVAILABLE,26972,251.7898287,-45.84153835,251.7898207,-45.841535,15.3043,0.041,14.7726,0.04,14.6057,0.04,15.222999,0.013,14.333999,0.010999,13.973999,0.030999,0,0,5
5.94E+18,251.7631433,-45.8670474,17.734646,,NOT_AVAILABLE,2930,251.7631816,-45.8670404,251.763145,-45.8670485,99.9999,9.9999,99.9999,9.9999,99.9999,9.9999,13.427,0.009999,12.411,0.008,11.927,0.014999,0,0,5
5.94E+18,251.7611277,-45.87673455,17.748852,2.2276669,NOT_AVAILABLE,16130,251.7611693,-45.87671399,251.7611242,-45.8767249,15.2263,0.04,14.8006,0.038,14.6387,0.033,15.201,0.013,14.454999,0.023,14.107999,0.039999,0,0,5
5.94E+18,251.7533542,-45.82902846,17.751774,1.5824928,NOT_AVAILABLE,44577,251.753309,-45.82903163,251.7533011,-45.829032,15.8053,0.034,15.4536,0.046,15.2647,0.042,15.758,0.016,15.024,0.019999,14.791999,0.032,0,0,5
5.94E+18,251.7570225,-45.81834577,17.758785,1.7080994,NOT_AVAILABLE,44546,251.7569827,-45.81834556,251.7569847,-45.8183426,15.6423,0.024,15.2686,0.035,15.1247,0.031,15.708999,0.021999,14.96,0.023,14.732,0.026,0,0,5
5.94E+18,251.7545267,-45.86140632,17.76247,,NOT_AVAILABLE,4805,251.7545628,-45.8614029,251.7545285,-45.8614112,99.9999,9.9999,99.9999,9.9999,99.9999,9.9999,13.184,0.012,12.116999,0.010999,11.614,0.016,1,0,5
5.94E+18,251.7276366,-45.87982433,17.76565,2.0685635,NOT_AVAILABLE,2637,251.7276822,-45.879802,251.727625,-45.87982,99.9999,9.9999,99.9999,9.9999,99.9999,9.9999,15.293999,0.013,14.647999,0.009999,14.326,0.021999,0,0,5
5.94E+18,251.7620301,-45.81456149,17.775555,1.9129448,NOT_AVAILABLE,44528,251.7620012,-45.81455512,251.7620077,-45.8145502,15.5483,0.027,15.1406,0.033,14.9587,0.029,99.9999,9.9999,99.9999,9.9999,99.9999,9.9999,0,0,5
5.94E+18,251.7632892,-45.82393904,17.78342,2.0762672,NOT_AVAILABLE,44484,251.7632548,-45.82393919,251.7632539,-45.8239364,15.2483,0.06,14.9376,0.064,14.7857,0.065,15.454,0.012,14.758,0.014,14.522999,0.021999,0,0,5
5.94E+18,251.7613881,-45.87745825,17.787365,1.9656029,NOT_AVAILABLE,24148,251.7614123,-45.87744806,251.7613666,-45.8774591,15.5143,0.046,15.1516,0.041,14.9407,0.049,99.9999,9.9999,99.9999,9.9999,99.9999,9.9999,0,0,5
5.94E+18,251.7571742,-45.86065092,17.787708,2.9388046,NOT_AVAILABLE,19143,251.7572029,-45.86064063,251.75717,-45.8606482,14.8593,0.036,14.5656,0.073,14.3297,0.06,14.835,0.017999,13.935,0.014,13.571999,0.024,1,0,5
5.94E+18,251.8227859,-45.85505739,17.788437,2.1350937,NOT_AVAILABLE,4324,251.8227924,-45.855067,251.8227825,-45.8550608,99.9999,9.9999,99.9999,9.9999,99.9999,9.9999,15.673999,0.034,14.635999,0.014,14.312999,0.024,0,0,5
5.94E+18,251.7722752,-45.84924138,17.789019,5.0069323,VARIABLE,5800,251.7722886,-45.8492521,251.7722693,-45.849254,99.9999,9.9999,99.9999,9.9999,99.9999,9.9999,12.982,0.075,12.039999,0.013,11.489999,0.023,1,0,5
5.94E+18,251.7588561,-45.85806804,17.791775,5.019952,VARIABLE,6117,251.7588962,-45.8580681,251.7588658,-45.8580747,99.9999,9.9999,99.9999,9.9999,99.9999,9.9999,13.017,0.013,11.777,0.012,11.288999,0.024,1,0,5
5.94E+18,251.7857746,-45.82027023,17.792952,2.1781864,NOT_AVAILABLE,44483,251.7857429,-45.82027537,251.7857513,-45.8202674,15.2463,0.041,14.8176,0.048,14.6247,0.045,15.197999,0.014999,14.342,0.012,14.045999,0.018999,0,0,5
5.94E+18,251.7244586,-45.85351916,17.793056,1.9570541,NOT_AVAILABLE,13751,251.7245229,-45.85350688,251.7244867,-45.8535189,15.4953,0.039,15.1756,0.043,14.9577,0.045,15.399999,0.029999,14.664999,0.027,14.373999,0.048999,0,0,5
5.94E+18,251.7750207,-45.84481498,17.808321,4.897356,NOT_AVAILABLE,3557,251.775014,-45.8448244,251.7749991,-45.8448246,99.9999,9.9999,99.9999,9.9999,99.9999,9.9999,13.215999,0.021999,12.220999,0.028,11.699999,0.039999,1,0,5
5.94E+18,251.7770898,-45.86741112,17.812553,2.502222,NOT_AVAILABLE,697,251.7771125,-45.8674078,251.7770795,-45.8674133,99.9999,9.9999,99.9999,9.9999,99.9999,9.9999,15.001999,0.012,14.31,0.010999,13.982,0.017,0,0,5
5.94E+18,251.737986,-45.82396841,17.813896,1.9154053,NOT_AVAILABLE,44519,251.7379437,-45.82396527,251.7379357,-45.8239673,15.4783,0.047,15.1566,0.045,14.9667,0.046,15.616,0.039,14.897999,0.034,14.777,0.023,0,0,5
5.94E+18,251.7388735,-45.87157662,17.818209,3.995243,NOT_AVAILABLE,4630,251.7389255,-45.8715611,251.7388783,-45.8715749,99.9999,9.9999,99.9999,9.9999,99.9999,9.9999,13.800999,0.012,12.907999,0.013,12.498999,0.014999,0,0,5
5.94E+18,251.8125273,-45.86691281,17.822596,2.1350574,NOT_AVAILABLE,748,251.8125588,-45.8669131,251.8125362,-45.8669118,99.9999,9.9999,99.9999,9.9999,99.9999,9.9999,15.378,0.013,14.564,0.010999,14.284,0.014999,0,0,5
5.94E+18,251.748354,-45.83469007,17.828167,4.041147,VARIABLE,3810,251.7483686,-45.834694,251.7483546,-45.8346968,99.9999,9.9999,99.9999,9.9999,99.9999,9.9999,13.319999,0.021999,12.305999,0.006,11.812999,0.014999,0,0,5
5.94E+18,251.7466731,-45.82612476,17.831528,3.3615417,NOT_AVAILABLE,44413,251.7466337,-45.82612403,251.7466263,-45.826125,14.4093,0.048,13.9326,0.043,13.7167,0.029,14.329999,0.013,13.548,0.012,13.161999,0.016,0,0,5
5.94E+18,251.7697234,-45.86165842,17.838764,2.3039799,NOT_AVAILABLE,19039,251.7697519,-45.86165154,251.7697217,-45.861657,14.9083,0.051,14.5676,0.048,14.2507,0.049,15.083999,0.014,14.197999,0.013,13.92,0.026,1,0,5
5.94E+18,251.7673441,-45.87978626,17.84472,1.977129,NOT_AVAILABLE,23761,251.7673716,-45.87977606,251.7673256,-45.8797866,15.4603,0.027,15.0686,0.037,14.9227,0.036,15.406999,0.024,16.43,0.33,14.34,0.028999,0,0,5
5.94E+18,251.8066835,-45.88244587,17.85007,2.2841415,NOT_AVAILABLE,179,251.806731,-45.8824387,251.8066939,-45.8824424,99.9999,9.9999,99.9999,9.9999,99.9999,9.9999,15.234,0.018999,14.444999,0.009999,14.123,0.017999,0,0,5
5.94E+18,251.8117423,-45.87115111,17.862354,2.2003994,NOT_AVAILABLE,583,251.8117863,-45.8711543,251.81176,-45.8711542,99.9999,9.9999,99.9999,9.9999,99.9999,9.9999,15.395999,0.014,14.548,0.009999,14.244999,0.016,0,0,5
5.94E+18,251.775334,-45.83319713,17.86333,3.5864792,NOT_AVAILABLE,1920,251.7753332,-45.8332038,251.775328,-45.8332011,99.9999,9.9999,99.9999,9.9999,99.9999,9.9999,13.489,0.014,12.468999,0.009999,12.005,0.016,0,0,5
5.94E+18,251.8132027,-45.84412435,17.864553,2.5135899,NOT_AVAILABLE,26950,251.813228,-45.84413268,251.8132244,-45.8441255,15.1363,0.02,14.8016,0.028,14.5297,0.027,15.286,0.016,14.397,0.008999,14.104,0.017,0,0,5
5.94E+18,251.8094716,-45.8735484,17.864647,2.0550613,NOT_AVAILABLE,4259,251.8095054,-45.8735466,251.8094764,-45.8735475,99.9999,9.9999,99.9999,9.9999,99.9999,9.9999,15.527,0.028999,14.769,0.024,14.501999,0.037,0,0,5
5.94E+18,251.818104,-45.83207746,17.867783,2.5567188,NOT_AVAILABLE,26896,251.8181362,-45.83207615,251.8181439,-45.832065,14.7863,0.064,14.4996,0.053,14.3027,0.056,15.038,0.021999,14.215999,0.014999,13.916,0.034,0,0,5
5.94E+18,251.7732461,-45.83056806,17.867853,,NOT_AVAILABLE,2031,251.7732464,-45.8305733,251.7732428,-45.8305703,99.9999,9.9999,99.9999,9.9999,99.9999,9.9999,13.305999,0.014999,12.236,0.009999,11.755,0.014,0,0,5
5.94E+18,251.783454,-45.86132769,17.869205,2.3473358,NOT_AVAILABLE,26927,251.7834611,-45.8613347,251.7834349,-45.8613375,14.9823,0.059,14.5986,0.05,14.3607,0.055,15.137999,0.010999,14.255,0.008999,13.963,0.017,0,0,5
5.94E+18,251.7662593,-45.87045794,17.877804,,NOT_AVAILABLE,4641,251.766289,-45.870452,251.7662505,-45.8704604,99.9999,9.9999,99.9999,9.9999,99.9999,9.9999,13.357,0.016,12.274999,0.012,11.842,0.021999,0,0,5
5.94E+18,251.7574184,-45.80842265,17.887728,1.8833523,NOT_AVAILABLE,44522,251.7573895,-45.80842463,251.7573998,-45.8084191,15.5053,0.033,15.2096,0.047,15.1537,0.055,99.9999,9.9999,99.9999,9.9999,99.9999,9.9999,0,0,5
5.94E+18,251.7152257,-45.84067381,17.89728,1.7519703,NOT_AVAILABLE,11488,251.7152879,-45.84066179,251.7152596,-45.8406723,15.7553,0.031,15.3506,0.029,15.1677,0.034,99.9999,9.9999,99.9999,9.9999,99.9999,9.9999,0,0,5
5.94E+18,251.7931401,-45.88019834,17.904812,2.1562157,NOT_AVAILABLE,2620,251.7931898,-45.8802058,251.7931507,-45.8802115,99.9999,9.9999,99.9999,9.9999,99.9999,9.9999,15.472,0.027,14.718999,0.017999,14.406999,0.019999,0,0,5
5.94E+18,251.7277986,-45.85792188,17.906862,2.8139296,NOT_AVAILABLE,1044,251.7278402,-45.8579064,251.7278012,-45.8579189,99.9999,9.9999,99.9999,9.9999,99.9999,9.9999,13.678,0.008999,12.737,0.006,12.263999,0.012,0,0,5
5.94E+18,251.7445667,-45.87009874,17.90996,3.9638004,NOT_AVAILABLE,2853,251.7446124,-45.8700864,251.7445681,-45.8700988,99.9999,9.9999,99.9999,9.9999,99.9999,9.9999,13.777,0.008999,12.824999,0.008,12.376999,0.017999,0,0,5
5.94E+18,251.7590322,-45.82905814,17.918053,1.9379044,NOT_AVAILABLE,44557,251.7589895,-45.82906365,251.7589832,-45.829063,15.7083,0.032,15.2316,0.045,15.0917,0.037,15.618,0.017999,14.92,0.018999,14.694,0.019999,0,0,5
5.94E+18,251.8103262,-45.8541107,17.92611,1.9227772,NOT_AVAILABLE,27033,251.8103459,-45.85411361,251.8103332,-45.8541095,15.6143,0.037,15.1686,0.031,14.9667,0.036,15.677,0.013,14.836999,0.016,14.604,0.017,0,0,5
5.94E+18,251.7764281,-45.86735335,17.929817,2.8690186,NOT_AVAILABLE,698,251.7764303,-45.8673461,251.7763972,-45.8673518,99.9999,9.9999,99.9999,9.9999,99.9999,9.9999,14.034,0.010999,13.010999,0.007,12.524999,0.012,0,0,5
5.94E+18,251.7471196,-45.83570772,17.951777,4.468113,NOT_AVAILABLE,1853,251.7471273,-45.8357181,251.7471121,-45.8357213,99.9999,9.9999,99.9999,9.9999,99.9999,9.9999,13.449999,0.009999,12.079999,0.006,11.541,0.010999,0,0,5
5.94E+18,251.7695951,-45.85260378,17.958996,,NOT_AVAILABLE,4992,251.7696134,-45.8526115,251.7695906,-45.8526147,99.9999,9.9999,99.9999,9.9999,99.9999,9.9999,12.961999,0.013,11.748,0.012,11.159,0.014999,1,0,5
5.94E+18,251.758413,-45.84215926,17.962307,,NOT_AVAILABLE,5176,251.7584618,-45.8421905,251.7584444,-45.8421932,99.9999,9.9999,99.9999,9.9999,99.9999,9.9999,13.017,0.026,11.947999,0.016,11.402999,0.032,1,0,5
5.94E+18,251.7907879,-45.8398025,17.968174,2.0568829,NOT_AVAILABLE,26995,251.7908073,-45.83980151,251.790801,-45.8397975,15.4673,0.033,14.9876,0.048,14.7747,0.053,99.9999,9.9999,99.9999,9.9999,99.9999,9.9999,0,0,5
5.94E+18,251.7634022,-45.8467996,17.97069,,NOT_AVAILABLE,5935,251.7633905,-45.8468203,251.7633707,-45.8468233,99.9999,9.9999,99.9999,9.9999,99.9999,9.9999,13.232,0.021999,11.979,0.020999,11.369999,0.048,1,0,5
5.94E+18,251.7324315,-45.819064,17.976936,1.9587917,NOT_AVAILABLE,2429,251.7323953,-45.8190478,251.7323898,-45.8190496,99.9999,9.9999,99.9999,9.9999,99.9999,9.9999,15.736,0.035,15.010999,0.028999,14.763999,0.043999,0,0,5
5.94E+18,251.786169,-45.87853225,17.981644,1.8894196,NOT_AVAILABLE,2667,251.7862012,-45.8785222,251.7861616,-45.8785288,99.9999,9.9999,99.9999,9.9999,99.9999,9.9999,15.92,0.018999,15.119,0.017999,14.838,0.032,0,0,5
5.94E+18,251.762308,-45.84556849,17.982632,,NOT_AVAILABLE,5655,251.7623272,-45.8455784,251.7623081,-45.8455812,99.9999,9.9999,99.9999,9.9999,99.9999,9.9999,13.064999,0.021999,11.901,0.018999,11.498999,0.029999,1,0,5
5.94E+18,251.800765,-45.83086041,17.99018,1.8632336,NOT_AVAILABLE,26999,251.8007894,-45.83086134,251.8007933,-45.8308532,15.4783,0.03,15.0926,0.046,14.9367,0.043,15.545,0.010999,14.687,0.026,14.121999,0.074,0,0,5
5.94E+18,251.7193472,-45.84080389,17.99248,2.1647644,NOT_AVAILABLE,7013,251.719419,-45.84079893,251.7193918,-45.8408087,15.2103,0.046,14.7986,0.057,14.5997,0.052,99.9999,9.9999,99.9999,9.9999,99.9999,9.9999,0,0,5
5.94E+18,251.7404933,-45.87367304,17.992928,3.4625015,VARIABLE,24539,251.7405198,-45.87365735,251.7404713,-45.8736714,14.2053,0.039,13.6776,0.047,13.3967,0.044,14.116,0.009999,13.253999,0.008999,12.826,0.017,0,0,5
5.94E+18,251.8031573,-45.83123767,17.997967,2.682827,NOT_AVAILABLE,26935,251.8031823,-45.83123536,251.8031866,-45.8312268,15.0483,0.042,14.5286,0.041,14.3397,0.04,15.017,0.013,14.170999,0.009999,13.873999,0.020999,0,0,5
5.94E+18,251.7945639,-45.87488162,18.00195,1.9906445,NOT_AVAILABLE,466,251.7946054,-45.8748818,251.7945712,-45.8748859,99.9999,9.9999,99.9999,9.9999,99.9999,9.9999,15.701,0.017999,14.895,0.014,14.626999,0.021999,0,0,5
5.94E+18,251.7260317,-45.87454906,18.007456,4.1407967,VARIABLE,2762,251.7260827,-45.8745329,251.7260295,-45.8745499,99.9999,9.9999,99.9999,9.9999,99.9999,9.9999,13.01,0.013,11.536,0.007,10.918999,0.014999,0,0,5
5.94E+18,251.7909183,-45.82485577,18.012686,3.9412518,NOT_AVAILABLE,4062,251.7909117,-45.8248607,251.7909178,-45.8248529,99.9999,9.9999,99.9999,9.9999,99.9999,9.9999,13.597999,0.013,12.163,0.010999,11.675999,0.017999,0,0,5
5.94E+18,251.7598898,-45.83280222,18.013922,2.3722153,NOT_AVAILABLE,44485,251.7598495,-45.83280669,251.7598403,-45.8328068,15.2513,0.047,14.9266,0.047,14.7747,0.045,15.293999,0.014,14.611,0.019999,14.286999,0.035,0,0,5
5.94E+18,251.7952271,-45.87062431,18.015432,2.1021252,NOT_AVAILABLE,17662,251.7952614,-45.87061498,251.7952308,-45.8706179,15.5333,0.051,15.0366,0.06,14.8617,0.069,15.545999,0.014999,14.769,0.013,14.517,0.020999,0,0,5
5.94E+18,251.7590872,-45.85669281,18.019167,,NOT_AVAILABLE,4901,251.7591148,-45.8566915,251.7590856,-45.8566978,99.9999,9.9999,99.9999,9.9999,99.9999,9.9999,13.116999,0.023,11.996,0.019999,11.519,0.019999,1,0,5
5.94E+18,251.7723609,-45.84152489,18.031797,4.3897047,NOT_AVAILABLE,5670,251.7723929,-45.841557,251.77238,-45.8415569,99.9999,9.9999,99.9999,9.9999,99.9999,9.9999,13.020999,0.041999,12.125,0.054999,11.711999,0.067,1,0,5
5.94E+18,251.7219625,-45.85114368,18.033047,1.8625507,NOT_AVAILABLE,1814,251.72203,-45.85113172,251.721995,-45.8511436,15.8303,0.034,15.4596,0.04,15.3147,0.038,99.9999,9.9999,99.9999,9.9999,99.9999,9.9999,0,0,5
5.94E+18,251.7414226,-45.8591665,18.034355,1.9926357,NOT_AVAILABLE,7908,251.741482,-45.85916717,251.7414458,-45.8591774,15.5383,0.055,15.1976,0.042,14.9877,0.041,15.652,0.014,14.909,0.012,14.565999,0.024,0,0,5
5.94E+18,251.7335458,-45.85057816,18.034676,1.8628464,NOT_AVAILABLE,2670,251.7336094,-45.85057496,251.7335782,-45.8505845,15.7503,0.048,15.4296,0.046,15.3107,0.046,15.762999,0.020999,15.022999,0.020999,14.715999,0.032999,0,0,5
5.94E+18,251.7962563,-45.83741999,18.039974,2.3634338,NOT_AVAILABLE,26978,251.7962793,-45.83741618,251.7962765,-45.8374105,15.3173,0.028,14.8896,0.046,14.6787,0.048,15.373,0.020999,14.564999,0.018999,14.310999,0.032,0,0,5
5.94E+18,251.7159042,-45.83836639,18.043541,2.1241493,NOT_AVAILABLE,7338,251.7159714,-45.83834541,251.7159452,-45.8383552,15.5823,0.036,15.3286,0.065,15.1697,0.064,99.9999,9.9999,99.9999,9.9999,99.9999,9.9999,0,0,5
5.94E+18,251.7990328,-45.87076637,18.045818,2.0505466,NOT_AVAILABLE,2819,251.7990345,-45.8707779,251.7990049,-45.8707801,99.9999,9.9999,99.9999,9.9999,99.9999,9.9999,15.631999,0.027,14.831,0.023,14.562999,0.032999,0,0,5
5.94E+18,251.7458582,-45.87030728,18.051777,1.926836,NOT_AVAILABLE,17714,251.7458855,-45.87029282,251.7458414,-45.870305,15.8163,0.027,15.3946,0.035,15.3077,0.031,15.796999,0.019999,15.100999,0.019999,14.824999,0.028999,0,0,5
5.94E+18,251.8206655,-45.82773232,18.052374,1.9366798,NOT_AVAILABLE,5373,251.8206673,-45.8277201,251.8206794,-45.8277074,99.9999,9.9999,99.9999,9.9999,99.9999,9.9999,15.930999,0.035999,15.015,0.028,14.84,0.045,0,0,5
5.94E+18,251.7517595,-45.87486048,18.062773,2.0867653,NOT_AVAILABLE,20609,251.7517836,-45.87485093,251.7517374,-45.8748631,15.7323,0.039,15.3256,0.054,15.1617,0.052,15.675999,0.017,14.921999,0.014,14.595,0.026,0,0,5
5.94E+18,251.7306091,-45.86088573,18.063564,1.984005,NOT_AVAILABLE,6431,251.7306702,-45.86087912,251.7306296,-45.8608918,15.6503,0.052,15.3176,0.051,15.1167,0.054,15.595,0.021999,14.767,0.028,14.279999,0.056,0,0,5
5.94E+18,251.7894269,-45.85958248,18.06908,2.0381527,NOT_AVAILABLE,27012,251.789441,-45.85958602,251.7894179,-45.8595873,15.5093,0.054,15.1936,0.066,15.0297,0.067,15.637999,0.025,14.857999,0.023,14.604,0.039,0,0,5
5.94E+18,251.7618159,-45.8878408,18.071213,1.9186077,NOT_AVAILABLE,16541,251.7618583,-45.8878344,251.7618041,-45.887848,16.3303,0.092,15.6666,0.094,15.6677,0.116,99.9999,9.9999,99.9999,9.9999,99.9999,9.9999,0,0,5
5.94E+18,251.788888,-45.87006592,18.073835,2.071251,NOT_AVAILABLE,17752,251.7889188,-45.87005963,251.7888869,-45.8700636,15.5063,0.044,15.1786,0.042,14.9267,0.043,15.602999,0.014999,14.836,0.008999,14.508999,0.017,0,0,5
5.94E+18,251.7539208,-45.86148467,18.076477,,NOT_AVAILABLE,4804,251.7539609,-45.8614847,251.7539263,-45.8614931,99.9999,9.9999,99.9999,9.9999,99.9999,9.9999,13.539999,0.017,12.468999,0.014,11.972999,0.032999,1,0,5
5.94E+18,251.7803851,-45.88058836,18.089981,2.4008236,NOT_AVAILABLE,23038,251.7804353,-45.88056461,251.7803924,-45.8805728,15.8223,0.043,15.4126,0.039,15.1087,0.031,15.791,0.029999,14.878999,0.027,14.647999,0.035999,0,0,5
5.94E+18,251.7883997,-45.8357515,18.090782,2.4691029,NOT_AVAILABLE,26975,251.7884189,-45.83575337,251.7884153,-45.8357488,15.3123,0.041,14.8816,0.048,14.6497,0.025,15.236,0.014,14.425,0.024,14.057,0.101999,0,0,5
5.94E+18,251.7991321,-45.85395964,18.09212,3.5850105,NOT_AVAILABLE,3307,251.7991394,-45.8539742,251.7991237,-45.8539722,99.9999,9.9999,99.9999,9.9999,99.9999,9.9999,13.463,0.012,12.328,0.008999,11.854999,0.014999,0,0,5
5.94E+18,251.804959,-45.87506631,18.09297,1.9237022,NOT_AVAILABLE,448,251.8049697,-45.8750755,251.8049382,-45.8750777,99.9999,9.9999,99.9999,9.9999,99.9999,9.9999,15.831,0.016,15.02,0.014,14.760999,0.019999,0,0,5
5.94E+18,251.8179917,-45.82152646,18.0937,2.0645847,NOT_AVAILABLE,2338,251.817978,-45.8215122,251.8179945,-45.8214984,99.9999,9.9999,99.9999,9.9999,99.9999,9.9999,15.774999,0.028999,15.019,0.017999,14.779,0.030999,0,0,5
5.94E+18,251.8033956,-45.84960902,18.097252,2.028511,NOT_AVAILABLE,27042,251.8034153,-45.84961384,251.8034045,-45.8496099,15.6433,0.057,15.3326,0.038,15.1457,0.047,15.734,0.012,14.932,0.017,14.720999,0.024,0,0,5
5.94E+18,251.7000826,-45.84640211,18.125425,1.9399204,NOT_AVAILABLE,6148,251.7001422,-45.84639258,251.7001049,-45.8464074,15.7763,0.026,15.3226,0.044,15.1457,0.056,99.9999,9.9999,99.9999,9.9999,99.9999,9.9999,0,0,5
5.94E+18,251.7462442,-45.87475617,18.132399,1.9401207,NOT_AVAILABLE,17160,251.7462693,-45.87474174,251.7462216,-45.874755,15.9183,0.031,15.5186,0.038,15.3607,0.04,15.866,0.014,15.187,0.012,14.895999,0.018999,0,0,5
5.94E+18,251.726673,-45.82611776,18.139345,2.0707054,NOT_AVAILABLE,4032,251.7266564,-45.8261114,251.7266434,-45.8261161,99.9999,9.9999,99.9999,9.9999,99.9999,9.9999,15.833,0.032999,15.156999,0.028,14.852999,0.032,0,0,5
5.94E+18,251.7567114,-45.85053223,18.145645,2.5643425,NOT_AVAILABLE,22485,251.7567546,-45.85051343,251.7567299,-45.8505186,15.6483,0.038,15.2126,0.051,15.1447,0.049,15.529999,0.023,15.057999,0.039,14.562,0.037,1,0,5
5.94E+18,251.738929,-45.82769194,18.157522,1.9673672,NOT_AVAILABLE,44593,251.7388796,-45.82769224,251.7388688,-45.827695,15.8683,0.038,15.5066,0.041,15.3467,0.036,15.96,0.027,15.253999,0.024,14.998,0.028999,0,0,5
5.94E+18,251.7946691,-45.88280077,18.158724,2.114296,NOT_AVAILABLE,4511,251.7946456,-45.8827826,251.7946048,-45.8827887,99.9999,9.9999,99.9999,9.9999,99.9999,9.9999,15.329999,0.037999,14.435,0.026,14.128999,0.035999,0,0,5
5.94E+18,251.8145338,-45.86869659,18.159359,1.7689056,NOT_AVAILABLE,682,251.8146021,-45.8686832,251.8145786,-45.868682,99.9999,9.9999,99.9999,9.9999,99.9999,9.9999,16.094999,0.018999,15.246,0.013,15.029,0.019999,0,0,5
5.94E+18,251.7660985,-45.87259994,18.16214,2.1763744,NOT_AVAILABLE,20776,251.7661211,-45.87259316,251.7660807,-45.8726021,15.8683,0.054,15.4566,0.055,15.3267,0.059,99.9999,9.9999,99.9999,9.9999,99.9999,9.9999,0,0,5
5.94E+18,251.7530288,-45.87235979,18.170639,4.0911064,NOT_AVAILABLE,2796,251.7530772,-45.8723429,251.7530334,-45.8723542,99.9999,9.9999,99.9999,9.9999,99.9999,9.9999,13.993,0.010999,13.029999,0.012,12.555999,0.019999,0,0,5
5.94E+18,251.7627764,-45.84714981,18.171127,,NOT_AVAILABLE,6141,251.7628121,-45.8471531,251.7627919,-45.8471562,99.9999,9.9999,99.9999,9.9999,99.9999,9.9999,13.253999,0.030999,12.189,0.034,11.642999,0.05,1,0,5
5.94E+18,251.7688085,-45.84871204,18.17656,,NOT_AVAILABLE,5924,251.7688194,-45.848711,251.7687996,-45.8487134,99.9999,9.9999,99.9999,9.9999,99.9999,9.9999,13.248,0.014999,12.053999,0.010999,11.501,0.021999,1,0,5
5.94E+18,251.7351763,-45.84754254,18.177084,2.4637318,NOT_AVAILABLE,5977,251.7352431,-45.84753459,251.7352148,-45.8475431,15.5173,0.05,15.0306,0.035,14.7977,0.036,15.392999,0.012,14.645,0.009999,14.293999,0.019999,0,0,5
5.94E+18,251.726757,-45.88339481,18.179585,3.9057846,NOT_AVAILABLE,2543,251.7268255,-45.8833607,251.7267652,-45.8833798,99.9999,9.9999,99.9999,9.9999,99.9999,9.9999,14.012,0.013,13.109999,0.008,12.645999,0.018999,0,0,5
5.94E+18,251.75405,-45.81733486,18.17974,3.59227,NOT_AVAILABLE,44415,251.7540169,-45.81733186,251.7540189,-45.8173292,14.4603,0.031,14.0836,0.056,13.8227,0.041,99.9999,9.9999,99.9999,9.9999,99.9999,9.9999,0,0,5
5.94E+18,251.7478094,-45.83979536,18.182547,4.192726,NOT_AVAILABLE,3666,251.7478306,-45.8397994,251.7478122,-45.8398035,99.9999,9.9999,99.9999,9.9999,99.9999,9.9999,14,0.014,13.038999,0.007,12.588,0.017,1,0,5
5.94E+18,251.7483406,-45.81873071,18.196692,3.5111294,VARIABLE,4190,251.7483291,-45.8187197,251.7483283,-45.8187184,99.9999,9.9999,99.9999,9.9999,99.9999,9.9999,13.626,0.024,12.571999,0.020999,11.989,0.035999,0,0,5
5.94E+18,251.7765912,-45.81387717,18.20248,2.6068668,NOT_AVAILABLE,44465,251.7765584,-45.81388106,251.7765696,-45.8138732,15.0433,0.03,14.5446,0.05,14.2637,0.053,99.9999,9.9999,99.9999,9.9999,99.9999,9.9999,0,0,5
5.94E+18,251.7320862,-45.8359286,18.208054,2.9288101,NOT_AVAILABLE,7565,251.7321657,-45.83591088,251.7321461,-45.835917,14.9883,0.035,14.5436,0.042,14.3027,0.037,15.003,0.032,14.092,0.032999,13.713,0.052,0,0,5
5.94E+18,251.7159804,-45.84338343,18.210455,1.8380337,NOT_AVAILABLE,6660,251.7160445,-45.8433727,251.7160142,-45.8433838,16.0293,0.03,15.6046,0.029,15.4977,0.034,99.9999,9.9999,99.9999,9.9999,99.9999,9.9999,0,0,5
5.94E+18,251.7269953,-45.87269867,18.220158,1.93013,NOT_AVAILABLE,541,251.7270445,-45.8726768,251.7269931,-45.8726932,99.9999,9.9999,99.9999,9.9999,99.9999,9.9999,15.906999,0.014999,15.281,0.014999,14.942,0.019999,0,0,5
5.94E+18,251.7634508,-45.86608562,18.22969,,NOT_AVAILABLE,18488,251.7634753,-45.86607504,251.7634396,-45.8660828,15.8583,0.032,15.3166,0.047,15.0807,0.04,15.322999,0.045,14.390999,0.064,14.038,0.054,0,0,5
5.94E+18,251.728536,-45.87734191,18.234148,1.958664,NOT_AVAILABLE,4562,251.728575,-45.8773587,251.7285201,-45.8773759,99.9999,9.9999,99.9999,9.9999,99.9999,9.9999,15.63,0.024,14.814999,0.026,14.395999,0.046999,0,0,5
5.94E+18,251.7386485,-45.87443568,18.23422,3.7255306,NOT_AVAILABLE,20631,251.7386728,-45.87441945,251.7386232,-45.874434,14.3033,0.055,13.8726,0.058,13.9047,0.086,14.274,0.008999,13.376999,0.008,12.939,0.019999,0,0,5
5.94E+18,251.7592958,-45.87557871,18.24037,4.2275276,NOT_AVAILABLE,17058,251.7593221,-45.875567,251.7592774,-45.875578,13.9633,0.024,13.5556,0.05,13.2757,0.032,13.979999,0.008999,12.961,0.009999,12.51,0.023,0,0,5
5.94E+18,251.7765026,-45.87027002,18.245445,3.4186745,NOT_AVAILABLE,612,251.7765366,-45.8702584,251.7765011,-45.8702648,99.9999,9.9999,99.9999,9.9999,99.9999,9.9999,13.628999,0.012,12.171999,0.007,11.576,0.014,0,0,5
5.94E+18,251.8010567,-45.83939076,18.248447,2.4102287,NOT_AVAILABLE,27040,251.8010852,-45.83938101,251.8010821,-45.8393749,15.6343,0.028,15.3126,0.035,15.0427,0.031,15.715999,0.014,14.784,0.014,14.482,0.019999,0,0,5
5.94E+18,251.7928893,-45.84944918,18.249577,4.376005,NOT_AVAILABLE,5061,251.7928778,-45.8494751,251.7928641,-45.8494731,99.9999,9.9999,99.9999,9.9999,99.9999,9.9999,13.729,0.018999,12.307999,0.010999,11.8,0.020999,0,0,5
5.94E+18,251.7561668,-45.8589349,18.264818,,NOT_AVAILABLE,3184,251.7562055,-45.8589288,251.7561737,-45.8589362,99.9999,9.9999,99.9999,9.9999,99.9999,9.9999,13.564,0.023,12.489999,0.016,11.954,0.024,1,0,5
5.94E+18,251.7390931,-45.86122894,18.267319,,NOT_AVAILABLE,942,251.7391361,-45.8612206,251.7390976,-45.8612318,99.9999,9.9999,99.9999,9.9999,99.9999,9.9999,13.571999,0.009999,12.480999,0.006,11.951999,0.010999,0,0,5
5.94E+18,251.763281,-45.88412219,18.271513,3.2476368,NOT_AVAILABLE,19495,251.7633038,-45.88411525,251.7632532,-45.8841276,15.0333,0.057,14.5786,0.053,14.3427,0.048,14.88,0.012,13.987,0.008,13.602999,0.014,0,0,5
5.94E+18,251.7759964,-45.87002473,18.280085,2.781496,NOT_AVAILABLE,17758,251.7760241,-45.8700181,251.7759886,-45.8700245,15.8973,0.042,15.5336,0.058,15.4227,0.058,99.9999,9.9999,99.9999,9.9999,99.9999,9.9999,0,0,5
5.94E+18,251.7985584,-45.82631093,18.28046,2.1198883,NOT_AVAILABLE,27090,251.7985815,-45.82631172,251.7985885,-45.8263028,15.8473,0.039,15.3476,0.048,15.1757,0.038,15.774999,0.037999,14.961,0.029999,14.72,0.043,0,0,5
5.94E+18,251.7458746,-45.83049738,18.281063,2.075697,NOT_AVAILABLE,44613,251.7458316,-45.83049575,251.7458204,-45.8304979,15.9433,0.035,15.3736,0.044,15.2977,0.035,15.822999,0.014,15.09,0.012,14.781,0.018999,0,0,5
5.94E+18,251.8027785,-45.87469381,18.284695,2.707735,NOT_AVAILABLE,4599,251.8027998,-45.8746989,251.802768,-45.8747014,99.9999,9.9999,99.9999,9.9999,99.9999,9.9999,15.34,0.014,14.465,0.013,14.107,0.021999,0,0,5
5.94E+18,251.7252628,-45.83278863,18.284851,2.7962837,NOT_AVAILABLE,7836,251.7253292,-45.83277809,251.7253103,-45.8327847,15.1883,0.036,14.7006,0.048,14.4457,0.046,15.203,0.028,14.348999,0.027,13.940999,0.027,0,0,5
5.94E+18,251.7856394,-45.83759503,18.298582,3.5987568,NOT_AVAILABLE,1795,251.785637,-45.837602,251.7856311,-45.8375984,99.9999,9.9999,99.9999,9.9999,99.9999,9.9999,13.354,0.014,12.152,0.012,11.623999,0.017,0,0,5
5.94E+18,251.7254969,-45.82320344,18.306725,1.9375324,NOT_AVAILABLE,5836,251.7254771,-45.823195,251.7254662,-45.8231992,99.9999,9.9999,99.9999,9.9999,99.9999,9.9999,16.006,0.039,15.262999,0.05,14.946999,0.048,0,0,5
5.94E+18,251.7530559,-45.82030757,18.308641,2.1975632,NOT_AVAILABLE,44606,251.7530186,-45.82030607,251.7530179,-45.8203043,15.9203,0.026,15.5376,0.043,15.3147,0.036,15.923999,0.024,15.147999,0.025,14.913,0.025,0,0,5
5.94E+18,251.8228146,-45.86446098,18.311975,2.394989,NOT_AVAILABLE,5873,251.8228493,-45.8644616,251.8228316,-45.8644577,99.9999,9.9999,99.9999,9.9999,99.9999,9.9999,15.928999,0.030999,14.782999,0.017999,14.449,0.026,0,0,5
5.94E+18,251.7963245,-45.8327904,18.329603,2.2937717,NOT_AVAILABLE,27027,251.7963424,-45.83279274,251.7963434,-45.8327859,15.5823,0.03,15.1486,0.039,15.0117,0.04,15.692999,0.020999,14.953,0.027,14.661999,0.032999,0,0,5
5.94E+18,251.7659499,-45.81566948,18.340593,2.3091488,NOT_AVAILABLE,44551,251.7659168,-45.81567191,251.7659235,-45.8156665,15.6683,0.029,15.2626,0.036,15.1327,0.031,99.9999,9.9999,99.9999,9.9999,99.9999,9.9999,0,0,5
5.94E+18,251.7564801,-45.82624826,18.347502,2.808464,NOT_AVAILABLE,44597,251.7564518,-45.82624756,251.756447,-45.8262467,15.8753,0.028,15.4416,0.035,15.2247,0.035,99.9999,9.9999,99.9999,9.9999,99.9999,9.9999,0,0,5
5.94E+18,251.7865133,-45.86185954,18.352102,4.742655,NOT_AVAILABLE,931,251.7865304,-45.8618629,251.7865047,-45.8618653,99.9999,9.9999,99.9999,9.9999,99.9999,9.9999,13.456999,0.009999,12.25,0.008,11.696999,0.016,0,0,5
5.94E+18,251.7406054,-45.82067008,18.376123,3.4753475,NOT_AVAILABLE,44438,251.7405625,-45.82066804,251.7405579,-45.8206687,14.7423,0.037,14.3166,0.048,14.0397,0.048,14.855999,0.025,13.920999,0.021999,13.501999,0.028,0,0,5
5.94E+18,251.8044129,-45.88245395,18.379211,4.9231396,NOT_AVAILABLE,2564,251.8044999,-45.8824608,251.8044622,-45.8824649,99.9999,9.9999,99.9999,9.9999,99.9999,9.9999,13.263999,0.014,11.661999,0.008999,11.055999,0.014999,0,0,5
5.94E+18,251.8145243,-45.86525037,18.382557,2.5926952,NOT_AVAILABLE,2996,251.814559,-45.8652469,251.8145383,-45.8652448,99.9999,9.9999,99.9999,9.9999,99.9999,9.9999,15.487,0.014999,14.567999,0.013,14.248,0.014999,0,0,5
5.94E+18,251.7496792,-45.86974302,18.383146,,NOT_AVAILABLE,17801,251.74971,-45.86972455,251.7496674,-45.8697359,15.6073,0.054,15.1646,0.07,14.9737,0.062,99.9999,9.9999,99.9999,9.9999,99.9999,9.9999,0,0,5
5.94E+18,251.7127086,-45.84810767,18.383595,3.1827717,NOT_AVAILABLE,10078,251.7127702,-45.84809588,251.7127351,-45.8481088,15.0113,0.033,14.6336,0.046,14.4847,0.044,99.9999,9.9999,99.9999,9.9999,99.9999,9.9999,0,0,5
5.94E+18,251.8035094,-45.82009679,18.384365,2.1838608,NOT_AVAILABLE,5752,251.8034922,-45.8200912,251.8035058,-45.8200798,99.9999,9.9999,99.9999,9.9999,99.9999,9.9999,15.663999,0.024,15.015999,0.032,14.774999,0.081,0,0,5
5.94E+18,251.7631726,-45.86789256,18.388342,,NOT_AVAILABLE,25398,251.7632044,-45.86787983,251.7631672,-45.8678881,14.1143,0.041,13.6486,0.051,13.3637,0.048,14.161,0.010999,13.171999,0.012,12.715999,0.019999,0,0,5
5.94E+18,251.8085678,-45.84265433,18.39469,3.963646,NOT_AVAILABLE,26853,251.8085859,-45.84265842,251.8085822,-45.8426517,14.3103,0.05,13.8446,0.061,13.5877,0.051,14.397,0.009999,13.368,0.007,12.914999,0.014999,0,0,5
5.94E+18,251.715416,-45.83948786,18.401087,2.0235538,NOT_AVAILABLE,7195,251.7154794,-45.83947824,251.7154522,-45.8394884,16.0283,0.026,15.5926,0.036,15.4227,0.04,99.9999,9.9999,99.9999,9.9999,99.9999,9.9999,0,0,5
5.94E+18,251.8133971,-45.83938134,18.415777,2.0310917,NOT_AVAILABLE,27163,251.8134243,-45.83938536,251.8134247,-45.8393769,16.1203,0.041,15.6566,0.044,15.5497,0.042,16.02,0.059,15.14,0.054999,15.06,0.023,0,0,5
5.94E+18,251.7841699,-45.82595561,18.416119,4.278162,NOT_AVAILABLE,2200,251.7841651,-45.8259548,251.7841684,-45.8259486,99.9999,9.9999,99.9999,9.9999,99.9999,9.9999,13.807,0.010999,12.699999,0.008,12.208999,0.014,0,0,5
5.94E+18,251.7645406,-45.84047211,18.418177,,NOT_AVAILABLE,44385,251.7644958,-45.84047501,251.7644816,-45.8404762,13.7493,0.042,13.1536,0.044,12.8817,0.048,13.609999,0.054,12.505999,0.014,12.022999,0.017999,1,0,5
5.94E+18,251.774491,-45.83324813,18.429592,,NOT_AVAILABLE,44592,251.7744526,-45.83326045,251.7744472,-45.8332579,15.8633,0.038,15.4796,0.053,15.2737,0.057,99.9999,9.9999,99.9999,9.9999,99.9999,9.9999,0,0,5
5.94E+18,251.7753531,-45.85192131,18.430138,,NOT_AVAILABLE,1297,251.7753677,-45.8519299,251.775347,-45.8519319,99.9999,9.9999,99.9999,9.9999,99.9999,9.9999,12.651,0.013,11.159,0.008,10.456,0.014,1,0,5
5.94E+18,251.7871725,-45.82661783,18.430264,2.0259972,NOT_AVAILABLE,44632,251.7871389,-45.82662632,251.7871425,-45.8266197,16.0133,0.044,15.4736,0.043,15.2647,0.053,15.946999,0.017,15.144,0.016,14.852,0.021999,0,0,5
5.94E+18,251.7332052,-45.86089174,18.437868,,NOT_AVAILABLE,6575,251.7332641,-45.86088815,251.7332242,-45.8609004,15.9743,0.045,15.4746,0.04,15.3917,0.054,15.682999,0.074,15.100999,0.086,14.748999,0.039999,0,0,5
5.94E+18,251.7553673,-45.8615948,18.438946,,NOT_AVAILABLE,4801,251.7554022,-45.8615989,251.7553679,-45.8616071,99.9999,9.9999,99.9999,9.9999,99.9999,9.9999,13.88,0.019999,12.793,0.024,12.175,0.043,1,0,5
5.94E+18,251.8162599,-45.86612889,18.441006,1.9962292,NOT_AVAILABLE,779,251.8162797,-45.8661399,251.8162588,-45.8661377,99.9999,9.9999,99.9999,9.9999,99.9999,9.9999,16.104,0.017,15.239999,0.016,15.024999,0.018999,0,0,5
5.94E+18,251.7726875,-45.8612285,18.446909,4.81896,VARIABLE,4808,251.7727111,-45.8612295,251.772682,-45.8612343,99.9999,9.9999,99.9999,9.9999,99.9999,9.9999,13.178999,0.039,11.998999,0.007,11.394,0.014999,1,0,5
5.94E+18,251.7569272,-45.85561224,18.453297,4.7876396,VARIABLE,5894,251.7570037,-45.8556393,251.7569748,-45.8556457,99.9999,9.9999,99.9999,9.9999,99.9999,9.9999,13.114999,0.052,11.987999,0.034,11.440999,0.064999,1,0,5
5.94E+18,251.7688821,-45.80683837,18.457064,2.059986,NOT_AVAILABLE,44688,251.768851,-45.80682854,251.7688658,-45.8068204,16.1973,0.044,15.7226,0.037,15.6087,0.046,99.9999,9.9999,99.9999,9.9999,99.9999,9.9999,0,0,5
5.94E+18,251.7175892,-45.84046534,18.458706,1.9834404,NOT_AVAILABLE,7066,251.7176587,-45.84045775,251.7176313,-45.8404678,16.0893,0.026,15.6466,0.036,15.5557,0.04,99.9999,9.9999,99.9999,9.9999,99.9999,9.9999,0,0,5
5.94E+18,251.7637676,-45.88570737,18.463606,1.8893261,NOT_AVAILABLE,18117,251.7637833,-45.88570161,251.7637314,-45.8857143,16.4083,0.051,15.7756,0.039,15.6247,0.039,16.298999,0.025,15.602999,0.023,15.303,0.054,0,0,5
5.94E+18,251.7439132,-45.87068639,18.465178,2.3552666,NOT_AVAILABLE,17643,251.7439383,-45.87066985,251.7438933,-45.8706825,15.7803,0.017,15.3946,0.034,15.1717,0.031,15.574999,0.024,14.765,0.028,14.404999,0.046,0,0,5
5.94E+18,251.7244505,-45.87217219,18.46904,4.0994034,NOT_AVAILABLE,4621,251.7245043,-45.8721499,251.7244526,-45.8721666,99.9999,9.9999,99.9999,9.9999,99.9999,9.9999,14.182,0.014999,13.244,0.012,12.758999,0.018999,0,0,5
5.94E+18,251.7067437,-45.84806129,18.469147,2.270712,NOT_AVAILABLE,5895,251.7067995,-45.84805279,251.7067627,-45.8480668,16.1163,0.035,15.7326,0.043,15.5357,0.042,99.9999,9.9999,99.9999,9.9999,99.9999,9.9999,0,0,5
5.94E+18,251.7428245,-45.81551405,18.473028,2.0260067,NOT_AVAILABLE,44615,251.742783,-45.81551614,251.7427833,-45.8155151,15.9523,0.046,15.5966,0.053,15.3837,0.056,99.9999,9.9999,99.9999,9.9999,99.9999,9.9999,0,0,5
5.94E+18,251.7939551,-45.83879856,18.48385,,NOT_AVAILABLE,27135,251.7939776,-45.83879281,251.793973,-45.8387879,16.0113,0.03,15.5516,0.034,15.3787,0.045,99.9999,9.9999,99.9999,9.9999,99.9999,9.9999,0,0,5
5.94E+18,251.8019824,-45.85720325,18.485367,3.9037971,NOT_AVAILABLE,26873,251.8020021,-45.85720749,251.8019845,-45.8572057,14.5463,0.031,14.1216,0.053,13.8467,0.032,14.555,0.009999,13.559,0.007,13.128999,0.012,0,0,5
5.94E+18,251.7882498,-45.82471906,18.486984,3.513876,NOT_AVAILABLE,44433,251.7882178,-45.82472583,251.7882232,-45.8247185,14.6943,0.043,14.2796,0.047,14.0327,0.04,14.75,0.012,13.833999,0.012,13.423999,0.017999,0,0,5
5.94E+18,251.7696525,-45.84808445,18.48759,,NOT_AVAILABLE,5073,251.7696703,-45.8480938,251.7696512,-45.8480959,99.9999,9.9999,99.9999,9.9999,99.9999,9.9999,13.725,0.019999,12.605999,0.017,12.064,0.024,1,0,5
5.94E+18,251.7929208,-45.81759764,18.48909,2.0639553,NOT_AVAILABLE,44609,251.792874,-45.81761193,251.7928866,-45.8176019,15.9243,0.043,15.5206,0.043,15.2467,0.038,16.108999,0.027,15.223999,0.123999,14.852,0.021999,0,0,5
5.94E+18,251.7256509,-45.84476219,18.490755,3.9879818,NOT_AVAILABLE,6452,251.7257157,-45.84475186,251.725687,-45.8447614,14.4613,0.037,13.9766,0.03,13.8637,0.053,14.397999,0.014,13.520999,0.012,13.055999,0.014,0,0,5
5.94E+18,251.7910783,-45.85665313,18.508286,2.444456,NOT_AVAILABLE,27065,251.7910971,-45.8566487,251.7910769,-45.8566489,15.7573,0.194,15.7016,0.171,15.2827,0.139,99.9999,9.9999,99.9999,9.9999,99.9999,9.9999,0,0,5
5.94E+18,251.7775028,-45.80979472,18.51353,2.0703983,NOT_AVAILABLE,44623,251.7774704,-45.80979968,251.7774851,-45.8097906,15.9713,0.03,15.5936,0.048,15.3817,0.048,99.9999,9.9999,99.9999,9.9999,99.9999,9.9999,0,0,5
5.94E+18,251.8209933,-45.88060626,18.514006,2.0883942,NOT_AVAILABLE,2604,251.821049,-45.8806072,251.8210174,-45.8806077,99.9999,9.9999,99.9999,9.9999,99.9999,9.9999,16.552999,0.054999,15.289999,0.039999,15.085,0.056,0,0,5
5.94E+18,251.7771377,-45.83162272,18.51565,3.9285755,NOT_AVAILABLE,2012,251.7771346,-45.8316301,251.7771312,-45.8316266,99.9999,9.9999,99.9999,9.9999,99.9999,9.9999,13.956999,0.013,12.881999,0.008999,12.383,0.013,0,0,5
5.94E+18,251.7341743,-45.85953916,18.517511,4.2465305,NOT_AVAILABLE,1005,251.7342186,-45.8595312,251.7341801,-45.8595429,99.9999,9.9999,99.9999,9.9999,99.9999,9.9999,14.057999,0.009999,13.048,0.006,12.548999,0.014999,0,0,5
5.94E+18,251.7160904,-45.84724128,18.52717,3.3238735,NOT_AVAILABLE,6022,251.7161535,-45.84723047,251.7161201,-45.8472425,15.0983,0.033,14.7096,0.036,14.5167,0.038,99.9999,9.9999,99.9999,9.9999,99.9999,9.9999,0,0,5
5.94E+18,251.7859773,-45.83810188,18.53566,,NOT_AVAILABLE,1773,251.7859739,-45.8381127,251.7859677,-45.8381092,99.9999,9.9999,99.9999,9.9999,99.9999,9.9999,13.685,0.014999,12.503,0.013,11.977999,0.016,0,0,5
5.94E+18,251.7741928,-45.86887598,18.537859,2.6007671,NOT_AVAILABLE,17924,251.7742268,-45.86886853,251.7741918,-45.868875,16.0443,0.037,15.6436,0.04,15.4217,0.037,99.9999,9.9999,99.9999,9.9999,99.9999,9.9999,0,0,5
5.94E+18,251.7359027,-45.88452571,18.546385,2.8058624,NOT_AVAILABLE,4224,251.7359684,-45.8844972,251.7359097,-45.8845148,99.9999,9.9999,99.9999,9.9999,99.9999,9.9999,14.628,0.013,13.81,0.008,13.35,0.018999,0,0,5
5.94E+18,251.7440932,-45.87342009,18.553005,4.1318874,NOT_AVAILABLE,17297,251.7441193,-45.87340524,251.7440721,-45.8734185,14.3293,0.034,13.9386,0.049,13.5867,0.056,14.324999,0.016,13.395,0.009999,12.906,0.021999,0,0,5
5.94E+18,251.8257375,-45.8414988,18.556816,2.2565575,NOT_AVAILABLE,27121,251.8257575,-45.84150205,251.8257596,-45.8414918,15.9573,0.055,15.3046,0.042,15.2017,0.05,99.9999,9.9999,99.9999,9.9999,99.9999,9.9999,0,0,5
5.94E+18,251.7580086,-45.85337415,18.557856,,NOT_AVAILABLE,9171,251.7580796,-45.8533749,251.7580529,-45.8533805,13.8683,0.027,13.4096,0.062,13.0327,0.043,13.944999,0.019999,12.843999,0.014999,12.288,0.034,1,0,5
5.94E+18,251.7650355,-45.86622489,18.558348,,NOT_AVAILABLE,18469,251.7650567,-45.86621677,251.7650213,-45.8662243,16.1613,0.033,15.7056,0.043,15.5527,0.041,99.9999,9.9999,99.9999,9.9999,99.9999,9.9999,0,0,5
5.94E+18,251.7866629,-45.85368544,18.567617,2.235756,NOT_AVAILABLE,27111,251.7866757,-45.85367975,251.7866568,-45.85368,15.9243,0.046,15.5066,0.042,15.2237,0.05,15.909999,0.068999,15.053,0.017,14.81,0.035,0,0,5
5.94E+18,251.7146787,-45.84122629,18.569006,1.8013897,NOT_AVAILABLE,6977,251.7147441,-45.84121476,251.7147152,-45.8412255,16.1423,0.038,15.8146,0.039,15.6307,0.037,99.9999,9.9999,99.9999,9.9999,99.9999,9.9999,0,0,5
5.94E+18,251.7867787,-45.82375109,18.5692,4.0642204,NOT_AVAILABLE,2276,251.7867743,-45.823745,251.7867802,-45.8237377,99.9999,9.9999,99.9999,9.9999,99.9999,9.9999,14.055,0.014,12.958,0.010999,12.473999,0.014999,0,0,5
5.94E+18,251.7380035,-45.86319394,18.574356,2.2574959,NOT_AVAILABLE,18890,251.7380331,-45.86317796,251.7379926,-45.8631898,15.8523,0.053,15.3966,0.05,15.1747,0.055,15.895999,0.013,15.076,0.010999,14.727999,0.021999,0,0,5
5.94E+18,251.7362964,-45.87168623,18.574411,2.3135319,NOT_AVAILABLE,17511,251.7363189,-45.87166937,251.736271,-45.8716837,15.9923,0.043,15.7636,0.054,15.4587,0.051,99.9999,9.9999,99.9999,9.9999,99.9999,9.9999,0,0,5
5.94E+18,251.7515705,-45.8359974,18.574438,,NOT_AVAILABLE,44520,251.7515231,-45.83600036,251.7515089,-45.8360028,15.4863,0.03,15.0406,0.052,14.8457,0.045,15.446999,0.016,14.604,0.016,14.305999,0.028,0,0,5
5.94E+18,251.7665382,-45.85049167,18.586126,4.329563,NOT_AVAILABLE,3403,251.7665594,-45.8504959,251.7665375,-45.8504992,99.9999,9.9999,99.9999,9.9999,99.9999,9.9999,13.708999,0.012,12.493,0.014,11.949,0.012,1,0,5
5.94E+18,251.7453755,-45.88283164,18.589733,1.7659245,NOT_AVAILABLE,2561,251.7454662,-45.8827923,251.7454116,-45.8828077,99.9999,9.9999,99.9999,9.9999,99.9999,9.9999,16.37,0.017,15.581999,0.014999,15.288999,0.032999,0,0,5
5.94E+18,251.7785596,-45.82975764,18.598253,,NOT_AVAILABLE,2074,251.7785544,-45.8297596,251.778553,-45.8297554,99.9999,9.9999,99.9999,9.9999,99.9999,9.9999,13.673999,0.012,12.487,0.008999,11.951,0.012,0,0,5
5.94E+18,251.8095768,-45.88196279,18.599186,2.1169815,NOT_AVAILABLE,4516,251.8096375,-45.8819674,251.8096016,-45.8819704,99.9999,9.9999,99.9999,9.9999,99.9999,9.9999,16.214,0.021999,15.262,0.023,14.831999,0.065999,0,0,5
5.94E+18,251.7620132,-45.83237185,18.601517,2.0616913,NOT_AVAILABLE,44686,251.7619761,-45.83237126,251.7619678,-45.8323708,16.1933,0.033,15.8116,0.039,15.5377,0.038,16.139999,0.023,15.239999,0.019999,14.928,0.027,0,0,5
5.94E+18,251.7585912,-45.86073316,18.601768,,NOT_AVAILABLE,957,251.758619,-45.8607327,251.7585864,-45.8607401,99.9999,9.9999,99.9999,9.9999,99.9999,9.9999,13.789999,0.010999,12.68,0.016,12.116999,0.018999,1,0,5
5.94E+18,251.7823025,-45.83009883,18.607456,4.264883,NOT_AVAILABLE,44388,251.7822665,-45.83010551,251.7822659,-45.8301007,13.9243,0.045,13.4046,0.053,13.0937,0.047,13.944,0.014,12.810999,0.012,12.317,0.013,0,0,5
5.94E+18,251.8131839,-45.84644154,18.61042,2.7757816,NOT_AVAILABLE,26993,251.8132028,-45.84644568,251.8131973,-45.8464391,15.4303,0.041,15.0746,0.055,14.8507,0.047,15.574,0.014999,14.751999,0.014999,14.395999,0.018999,0,0,5
5.94E+18,251.7486344,-45.81902536,18.614115,,NOT_AVAILABLE,44653,251.7485886,-45.81902524,251.7485876,-45.819024,16.0863,0.04,15.7646,0.062,15.4797,0.041,99.9999,9.9999,99.9999,9.9999,99.9999,9.9999,0,0,5
5.94E+18,251.753127,-45.87061751,18.615162,4.1267548,NOT_AVAILABLE,24867,251.7531631,-45.87060262,251.7531207,-45.8706135,14.1683,0.041,13.6336,0.046,13.1337,0.06,14.005,0.039,12.718,0.027,12.22,0.045,0,0,5
5.94E+18,251.7412409,-45.84164436,18.615686,3.000784,NOT_AVAILABLE,6923,251.7413182,-45.84163763,251.7412965,-45.8416435,15.7933,0.033,15.3876,0.047,15.2117,0.048,99.9999,9.9999,99.9999,9.9999,99.9999,9.9999,0,0,5
5.94E+18,251.7400985,-45.86320264,18.616224,3.3509274,NOT_AVAILABLE,26266,251.7401281,-45.86318771,251.7400882,-45.8631992,14.0323,0.046,13.6226,0.048,13.2487,0.042,14.081999,0.018999,13.045,0.013,12.562999,0.021999,0,0,5
5.94E+18,251.7954818,-45.8476798,18.61701,3.3652725,NOT_AVAILABLE,27013,251.7954961,-45.84768723,251.7954846,-45.8476843,15.5113,0.027,15.0566,0.037,14.8617,0.037,99.9999,9.9999,99.9999,9.9999,99.9999,9.9999,0,0,5
5.94E+18,251.7604292,-45.88573073,18.618246,3.2165356,NOT_AVAILABLE,18106,251.7604569,-45.8857213,251.760404,-45.8857346,15.0673,0.033,14.6706,0.045,14.4587,0.039,15.13,0.018999,14.244,0.012,13.815999,0.026,0,0,5
5.94E+18,251.7608824,-45.86966988,18.62024,3.4910908,NOT_AVAILABLE,17812,251.7609116,-45.86965542,251.7608722,-45.8696646,15.1103,0.036,14.6386,0.035,14.3587,0.031,15.177,0.017,14.104999,0.016,13.706999,0.029999,0,0,5
5.94E+18,251.709933,-45.84056567,18.631466,1.9395313,NOT_AVAILABLE,7051,251.7100069,-45.84055274,251.7099772,-45.8405642,16.2473,0.033,15.8276,0.046,15.6257,0.049,99.9999,9.9999,99.9999,9.9999,99.9999,9.9999,0,0,5
5.94E+18,251.7522195,-45.86979247,18.632296,1.9950199,NOT_AVAILABLE,17793,251.7522507,-45.86977814,251.7522087,-45.869789,16.1213,0.047,15.7346,0.046,15.5797,0.046,16.138,0.029999,15.321999,0.029999,15.065999,0.050999,0,0,5
5.94E+18,251.7945976,-45.8199875,18.634972,2.1019096,NOT_AVAILABLE,44648,251.7945682,-45.81999553,251.7945794,-45.8199858,16.0643,0.04,15.6896,0.043,15.5007,0.038,16.263999,0.023,15.515,0.025,15.17,0.037,0,0,5
5.94E+18,251.8012355,-45.88022318,18.642075,3.1685848,NOT_AVAILABLE,2613,251.8012886,-45.8802188,251.8012518,-45.880223,99.9999,9.9999,99.9999,9.9999,99.9999,9.9999,15.223999,0.018999,14.107,0.021999,13.723999,0.013,0,0,5
5.94E+18,251.7705208,-45.87775887,18.644129,2.071869,NOT_AVAILABLE,20379,251.7705388,-45.87774615,251.7704954,-45.8777555,16.2713,0.04,15.8356,0.044,15.8967,0.089,16.197,0.021999,15.423999,0.017999,15.149999,0.029999,0,0,5
5.94E+18,251.8180849,-45.83607067,18.645617,2.084568,NOT_AVAILABLE,27152,251.8181078,-45.83607257,251.8181123,-45.8360624,16.0843,0.045,15.6236,0.047,15.4277,0.045,16.235,0.019999,15.425,0.016,15.163999,0.029999,0,0,5
5.94E+18,251.7416638,-45.87518565,18.649515,2.1146889,NOT_AVAILABLE,17104,251.7416908,-45.87517357,251.7416414,-45.8751878,16.0643,0.025,15.6136,0.035,15.4087,0.043,16.031,0.017,15.248999,0.020999,14.838,0.029999,0,0,5
5.94E+18,251.7454412,-45.8208859,18.651602,1.9663658,NOT_AVAILABLE,44739,251.7454014,-45.8208845,251.745398,-45.8208843,16.3533,0.034,15.9016,0.029,15.8227,0.047,16.396999,0.032999,15.625,0.026,15.347,0.035,0,0,5
5.94E+18,251.7240439,-45.86939468,18.656656,2.6690884,NOT_AVAILABLE,4658,251.7240813,-45.8693855,251.7240318,-45.8694016,99.9999,9.9999,99.9999,9.9999,99.9999,9.9999,15.782999,0.020999,15.029,0.023,14.692,0.032999,0,0,5
5.94E+18,251.8163397,-45.88021103,18.657139,2.2577019,NOT_AVAILABLE,2619,251.8163689,-45.8802047,251.8163364,-45.880206,99.9999,9.9999,99.9999,9.9999,99.9999,9.9999,16.004999,0.021999,15.069,0.017,14.781999,0.021999,0,0,5
5.94E+18,251.748619,-45.85669322,18.65792,4.5606785,NOT_AVAILABLE,4902,251.7486639,-45.8566886,251.7486318,-45.8566968,99.9999,9.9999,99.9999,9.9999,99.9999,9.9999,13.975999,0.028999,12.881999,0.014999,12.347999,0.027,0,0,5
5.94E+18,251.8178206,-45.8453688,18.65901,2.0725193,NOT_AVAILABLE,27188,251.8178425,-45.84537456,251.8178392,-45.8453668,16.2023,0.031,15.7796,0.04,15.6137,0.038,16.292999,0.023,15.517999,0.017999,15.237,0.032,0,0,5
5.94E+18,251.7456627,-45.86958845,18.659824,,NOT_AVAILABLE,17823,251.7456884,-45.86957365,251.7456448,-45.8695857,16.2033,0.032,15.7846,0.038,15.6427,0.035,16.194999,0.018999,15.454,0.020999,15.149999,0.026,0,0,5
5.94E+18,251.7310702,-45.8811453,18.664259,3.1144543,NOT_AVAILABLE,2596,251.7311339,-45.8811152,251.7310766,-45.8811329,99.9999,9.9999,99.9999,9.9999,99.9999,9.9999,14.972,0.013,14.043999,0.008,13.600999,0.017999,0,0,5
5.94E+18,251.7312306,-45.85484594,18.667389,2.1849346,NOT_AVAILABLE,12130,251.7312936,-45.85484408,251.7312582,-45.8548551,16.2373,0.04,15.8346,0.049,15.6907,0.051,16.239999,0.017,15.506999,0.014,15.178999,0.021999,0,0,5
5.94E+18,251.7865363,-45.86876403,18.671627,2.396635,NOT_AVAILABLE,17965,251.7865663,-45.86875642,251.7865348,-45.8687605,15.9533,0.05,15.5316,0.051,15.3297,0.052,16.079999,0.017999,15.26,0.017,14.904,0.021999,0,0,5
5.94E+18,251.7604471,-45.83929835,18.67505,4.3285103,NOT_AVAILABLE,44402,251.7604089,-45.83929906,251.7603945,-45.8393007,14.2913,0.055,13.8436,0.069,13.5237,0.058,14.152999,0.014999,13.074,0.010999,12.571,0.014999,1,0,5
5.94E+18,251.7633594,-45.82561546,18.675339,2.0964012,NOT_AVAILABLE,44662,251.7633212,-45.82561796,251.7633189,-45.8256156,16.1263,0.047,15.7516,0.052,15.5037,0.059,16.277,0.017999,15.437999,0.020999,15.178,0.05,0,0,5
5.94E+18,251.7396975,-45.87388683,18.678883,2.2328663,NOT_AVAILABLE,17240,251.7397221,-45.87386521,251.7396732,-45.8738795,16.1903,0.037,15.7576,0.037,15.5127,0.033,16.224,0.018999,15.262999,0.014999,14.939999,0.029999,0,0,5
5.94E+18,251.7638792,-45.84700667,18.680275,,NOT_AVAILABLE,43304,251.7638939,-45.84700755,251.7638741,-45.8470105,13.9153,0.04,13.2856,0.06,13.0187,0.051,13.781999,0.034,12.680999,0.034,12.164999,0.054,1,0,5
5.94E+18,251.7408021,-45.84160062,18.680548,3.58329,NOT_AVAILABLE,4172,251.7408746,-45.84159182,251.7408528,-45.8415977,14.1353,0.027,13.5956,0.059,13.3087,0.044,14.152,0.026,13.105999,0.013,12.612,0.009999,0,0,5
5.94E+18,251.7554159,-45.85660889,18.68241,4.1468697,NOT_AVAILABLE,4903,251.7554463,-45.8566114,251.7554162,-45.8566183,99.9999,9.9999,99.9999,9.9999,99.9999,9.9999,13.932,0.012,12.76,0.008999,12.253999,0.013,1,0,5
5.94E+18,251.8014878,-45.84617434,18.682713,2.3564491,NOT_AVAILABLE,27089,251.8015029,-45.84617746,251.8014944,-45.846173,15.8473,0.042,15.3666,0.05,15.1237,0.047,15.930999,0.014999,15.029,0.014999,14.690999,0.020999,0,0,5
5.94E+18,251.7478679,-45.8406281,18.683878,4.10433,NOT_AVAILABLE,7045,251.7479399,-45.84062047,251.7479209,-45.8406248,14.5763,0.03,14.0226,0.05,13.7367,0.055,14.463999,0.012,13.519,0.007,13.062999,0.014999,1,0,5
5.94E+18,251.7455144,-45.87434138,18.683914,2.1088123,NOT_AVAILABLE,17202,251.745542,-45.87432426,251.7454944,-45.8743375,16.1773,0.038,15.7406,0.043,15.6677,0.04,16.160999,0.014,15.354,0.014999,14.89,0.039,0,0,5
5.94E+18,251.7780769,-45.88567913,18.692907,2.1033592,NOT_AVAILABLE,5762,251.7780832,-45.8856471,251.7780354,-45.8856571,99.9999,9.9999,99.9999,9.9999,99.9999,9.9999,16.080999,0.046999,15.102,0.029999,14.793,0.057999,0,0,5
5.94E+18,251.7513118,-45.8855001,18.695513,1.92276,NOT_AVAILABLE,4480,251.7513685,-45.8854565,251.7513133,-45.8854715,99.9999,9.9999,99.9999,9.9999,99.9999,9.9999,16.34,0.029999,15.449,0.023,15.199999,0.030999,0,0,5
5.94E+18,251.7953851,-45.84796908,18.69561,3.6518764,VARIABLE,26840,251.7954027,-45.84797243,251.795391,-45.8479696,14.0953,0.035,13.6996,0.046,13.4407,0.041,14.098999,0.037999,13.057999,0.023,12.618,0.018999,0,0,5
5.94E+18,251.7386579,-45.86494259,18.698948,3.9772358,NOT_AVAILABLE,26029,251.7386887,-45.8649244,251.7386469,-45.8649366,13.9973,0.052,13.3696,0.048,13.0467,0.048,13.979999,0.010999,12.854999,0.006,12.293,0.013,0,0,5
5.94E+18,251.7964757,-45.88215095,18.700575,3.2987556,NOT_AVAILABLE,191,251.7965036,-45.8821505,251.7964639,-45.8821561,99.9999,9.9999,99.9999,9.9999,99.9999,9.9999,14.470999,0.013,13.428999,0.008,12.914999,0.014,0,0,5
5.94E+18,251.7663358,-45.85389444,18.702255,2.7931252,NOT_AVAILABLE,22899,251.766367,-45.85388395,251.7663422,-45.8538881,16.0103,0.073,15.5986,0.126,15.3307,0.129,14.765999,0.046,13.746,0.032999,13.201,0.054999,1,0,5
5.94E+18,251.7464588,-45.84985691,18.70782,2.837841,NOT_AVAILABLE,3792,251.7465327,-45.84984607,251.7465057,-45.849853,15.6853,0.035,15.2056,0.041,14.9737,0.041,15.619999,0.013,14.748,0.009999,14.397,0.017999,1,0,5
5.94E+18,251.7734539,-45.85083446,18.710184,,NOT_AVAILABLE,1335,251.7734656,-45.8508392,251.7734453,-45.8508413,99.9999,9.9999,99.9999,9.9999,99.9999,9.9999,13.413999,0.012,12.159,0.014999,11.564,0.018999,1,0,5
5.94E+18,251.7803013,-45.82216149,18.713587,2.8248692,NOT_AVAILABLE,44513,251.7802687,-45.82216651,251.780274,-45.82216,15.4273,0.028,15.0406,0.042,14.8877,0.043,99.9999,9.9999,99.9999,9.9999,99.9999,9.9999,0,0,5
5.94E+18,251.7517322,-45.84220484,18.714432,4.5002155,VARIABLE,6840,251.7518036,-45.84220036,251.7517843,-45.8422043,14.2623,0.032,13.7936,0.038,13.4987,0.037,13.961,0.063,12.918,0.048999,12.270999,0.097,1,0,5
5.94E+18,251.7691848,-45.86831899,18.714592,,NOT_AVAILABLE,18071,251.769226,-45.86829885,251.7691901,-45.8683061,16.1083,0.054,15.7066,0.044,15.4937,0.044,99.9999,9.9999,99.9999,9.9999,99.9999,9.9999,0,0,5
5.94E+18,251.8175316,-45.86717136,18.721264,2.153635,NOT_AVAILABLE,2920,251.8175637,-45.8671688,251.8175423,-45.8671666,99.9999,9.9999,99.9999,9.9999,99.9999,9.9999,16.260999,0.026,15.402,0.018999,15.138999,0.019999,0,0,5
5.94E+18,251.786223,-45.83542663,18.723097,2.0493813,NOT_AVAILABLE,27241,251.7862471,-45.83542788,251.7862432,-45.8354236,16.3083,0.03,15.8766,0.039,15.7297,0.036,99.9999,9.9999,99.9999,9.9999,99.9999,9.9999,0,0,5
5.94E+18,251.7645927,-45.87944323,18.724556,4.125244,VARIABLE,311,251.7646369,-45.8794265,251.7645905,-45.8794374,99.9999,9.9999,99.9999,9.9999,99.9999,9.9999,14.135999,0.018999,13.022,0.013,12.510999,0.018999,0,0,5
5.94E+18,251.755337,-45.86384643,18.724699,,NOT_AVAILABLE,5781,251.7553682,-45.8638347,251.7553321,-45.8638435,99.9999,9.9999,99.9999,9.9999,99.9999,9.9999,14.168999,0.023,13.175999,0.035999,12.583999,0.032999,1,0,5
5.94E+18,251.7905914,-45.8568503,18.731405,,NOT_AVAILABLE,4896,251.7905998,-45.8568579,251.7905793,-45.8568582,99.9999,9.9999,99.9999,9.9999,99.9999,9.9999,13.512999,0.008999,12.187,0.007,11.604,0.013,0,0,5
5.94E+18,251.7415209,-45.82674007,18.732544,2.2007465,NOT_AVAILABLE,44713,251.7414738,-45.82673783,251.7414644,-45.8267399,16.2633,0.041,15.9016,0.045,15.7067,0.054,99.9999,9.9999,99.9999,9.9999,99.9999,9.9999,0,0,5
5.94E+18,251.8101826,-45.84228377,18.736189,2.0093536,NOT_AVAILABLE,27189,251.8102038,-45.84229406,251.8102009,-45.842287,16.2043,0.035,15.8276,0.043,15.6807,0.031,16.350999,0.018999,15.531999,0.023,15.265,0.025,0,0,5
5.94E+18,251.7436044,-45.8833684,18.742756,3.0261765,NOT_AVAILABLE,120,251.743661,-45.88335,251.7436054,-45.8833659,99.9999,9.9999,99.9999,9.9999,99.9999,9.9999,15.281999,0.013,14.482999,0.009999,14.046999,0.024,0,0,5
5.94E+18,251.7860468,-45.86999943,18.748299,2.603325,NOT_AVAILABLE,22702,251.7860963,-45.86998538,251.7860637,-45.8699899,15.4723,0.1,15.0436,0.107,14.7997,0.09,15.355999,0.032999,14.319,0.032999,13.897999,0.054,0,0,5
5.94E+18,251.7427876,-45.84731932,18.748308,2.1523647,NOT_AVAILABLE,6005,251.7428439,-45.84730922,251.7428179,-45.8473162,15.8873,0.049,15.4946,0.049,15.2527,0.049,16.038,0.016,15.177,0.018999,14.81,0.020999,0,0,5
5.94E+18,251.7692984,-45.85908988,18.74953,4.5168247,NOT_AVAILABLE,5887,251.7693289,-45.859083,251.7693006,-45.8590879,99.9999,9.9999,99.9999,9.9999,99.9999,9.9999,13.053999,0.023,11.656999,0.016,11.015999,0.035,1,0,5
5.94E+18,251.7867796,-45.87814754,18.754566,3.7015839,NOT_AVAILABLE,354,251.7868046,-45.8781473,251.7867655,-45.8781537,99.9999,9.9999,99.9999,9.9999,99.9999,9.9999,15.102999,0.014999,14.217,0.008,13.774999,0.013,0,0,5
5.94E+18,251.7077771,-45.8481374,18.76242,2.2707462,NOT_AVAILABLE,5844,251.7078466,-45.8481211,251.7078101,-45.8481349,16.3473,0.027,15.9726,0.046,15.8657,0.04,99.9999,9.9999,99.9999,9.9999,99.9999,9.9999,0,0,5
5.94E+18,251.7583171,-45.83655958,18.762506,4.354624,NOT_AVAILABLE,44409,251.7582709,-45.83656227,251.7582582,-45.8365636,14.3853,0.045,13.8536,0.042,13.5747,0.039,14.097,0.030999,13.043,0.029999,12.574,0.017,1,0,5
5.94E+18,251.7795731,-45.83380287,18.767279,2.2438145,NOT_AVAILABLE,27169,251.7795859,-45.83380296,251.7795814,-45.8337996,16.1543,0.052,15.6356,0.044,15.4287,0.044,99.9999,9.9999,99.9999,9.9999,99.9999,9.9999,0,0,5
5.94E+18,251.7644404,-45.82661489,18.767546,3.724535,NOT_AVAILABLE,44421,251.7644108,-45.82661488,251.764408,-45.8266126,14.5343,0.032,13.8956,0.044,13.4857,0.049,14.553,0.007,13.251,0.008999,12.776,0.014,0,0,5
5.94E+18,251.755825,-45.87703845,18.772028,,NOT_AVAILABLE,15719,251.7558519,-45.87702668,251.755805,-45.8770387,14.6533,0.044,14.2106,0.073,13.9797,0.068,14.911999,0.012,13.463,0.027,13.230999,0.029999,0,0,5
5.94E+18,251.7922244,-45.86706145,18.773085,2.1203728,NOT_AVAILABLE,27197,251.7922375,-45.8670702,251.7922091,-45.8670728,16.2243,0.042,15.7146,0.054,15.4807,0.053,16.218999,0.016,15.317999,0.012,15.013999,0.023,0,0,5
5.94E+18,251.8161549,-45.81821031,18.773924,2.2879581,NOT_AVAILABLE,4463,251.8161439,-45.8181818,251.8161626,-45.8181675,99.9999,9.9999,99.9999,9.9999,99.9999,9.9999,16.349,0.05,15.255999,0.043999,14.967,0.086999,0,0,5
5.94E+18,251.75857,-45.85783111,18.777212,,NOT_AVAILABLE,16343,251.7586052,-45.8578155,251.758575,-45.8578221,13.8713,0.051,13.2856,0.046,13.0287,0.042,13.887,0.018999,12.588999,0.052999,12.303999,0.046999,1,0,5
5.94E+18,251.7325087,-45.87648777,18.781897,2.8505383,NOT_AVAILABLE,5508,251.7325477,-45.8764568,251.7324947,-45.8764731,99.9999,9.9999,99.9999,9.9999,99.9999,9.9999,14.663999,0.059,13.649,0.029999,13.189,0.039,0,0,5
5.94E+18,251.7694398,-45.80693566,18.782406,,NOT_AVAILABLE,44764,251.7693929,-45.80694592,251.7694078,-45.8069377,16.4213,0.043,15.9786,0.031,15.7497,0.035,99.9999,9.9999,99.9999,9.9999,99.9999,9.9999,0,0,5
5.94E+18,251.764318,-45.87589458,18.785591,2.0077114,NOT_AVAILABLE,16986,251.7643342,-45.87588381,251.7642906,-45.8758939,16.2073,0.045,15.7856,0.049,15.6197,0.051,99.9999,9.9999,99.9999,9.9999,99.9999,9.9999,0,0,5
5.94E+18,251.7791355,-45.84278128,18.788252,3.8225956,NOT_AVAILABLE,26857,251.7791497,-45.84277961,251.7791377,-45.8427786,14.3823,0.042,13.8216,0.05,13.4157,0.049,14.411999,0.021999,12.937999,0.028,12.361,0.061,1,0,5
5.94E+18,251.8141915,-45.87344248,18.790155,2.060976,NOT_AVAILABLE,511,251.8142266,-45.8734391,251.8141991,-45.8734391,99.9999,9.9999,99.9999,9.9999,99.9999,9.9999,16.191999,0.019999,15.338,0.019999,15.050999,0.021999,0,0,5
5.94E+18,251.7854973,-45.83676837,18.792383,4.2550564,NOT_AVAILABLE,1809,251.7854945,-45.8367789,251.7854892,-45.8367751,99.9999,9.9999,99.9999,9.9999,99.9999,9.9999,13.817999,0.014999,12.579999,0.012,12.034,0.017999,0,0,5
5.94E+18,251.7842521,-45.88187434,18.792992,2.0550365,NOT_AVAILABLE,211,251.784285,-45.881872,251.7842421,-45.8818798,99.9999,9.9999,99.9999,9.9999,99.9999,9.9999,16.437,0.018999,15.711,0.020999,15.390999,0.026,0,0,5
5.94E+18,251.7536894,-45.86328502,18.79411,,NOT_AVAILABLE,26253,251.7537203,-45.86326778,251.7536842,-45.8632767,15.7893,0.038,15.3976,0.047,15.1787,0.044,15.758999,0.021999,14.979999,0.023,14.534999,0.050999,1,0,5
5.94E+18,251.7620341,-45.85947425,18.794497,4.0026627,NOT_AVAILABLE,3168,251.762064,-45.8594738,251.7620334,-45.8594802,99.9999,9.9999,99.9999,9.9999,99.9999,9.9999,14.092,0.010999,13.003,0.008999,12.520999,0.017,1,0,5
5.94E+18,251.7774516,-45.85593964,18.798101,2.4354515,NOT_AVAILABLE,27112,251.7774558,-45.85594228,251.7774325,-45.8559449,15.9263,0.055,15.5126,0.041,15.2967,0.045,15.947999,0.016,14.822999,0.023,14.734999,0.052999,1,0,5
5.94E+18,251.7507913,-45.83890233,18.799759,4.054943,NOT_AVAILABLE,44406,251.7507479,-45.83890297,251.7507311,-45.8389063,14.3573,0.033,13.8826,0.036,13.5927,0.037,14.38,0.012,13.342,0.006,12.861,0.017,1,0,5
5.94E+18,251.7356378,-45.87416288,18.800245,3.595501,NOT_AVAILABLE,480,251.7356929,-45.874143,251.7356427,-45.8741581,99.9999,9.9999,99.9999,9.9999,99.9999,9.9999,14.77,0.012,13.869,0.008,13.394,0.014999,0,0,5
5.94E+18,251.7601995,-45.84088183,18.800873,3.351284,NOT_AVAILABLE,44403,251.7601539,-45.84088714,251.7601381,-45.8408892,14.2913,0.029,13.8276,0.047,13.5427,0.043,14.081999,0.064999,13.008999,0.046999,12.463999,0.074,1,0,5
5.94E+18,251.7553722,-45.87913802,18.801647,4.1882267,NOT_AVAILABLE,24894,251.7553969,-45.87912623,251.7553482,-45.8791388,14.2373,0.031,13.8516,0.061,13.5997,0.052,14.331,0.008999,13.267,0.008,12.77,0.016,0,0,5
5.94E+18,251.7256078,-45.86361515,18.80381,3.9846516,NOT_AVAILABLE,3296,251.7256712,-45.86361037,251.7256269,-45.8636247,14.5233,0.036,14.0626,0.044,13.8067,0.038,99.9999,9.9999,99.9999,9.9999,99.9999,9.9999,0,0,5
5.94E+18,251.7351773,-45.84550241,18.804031,2.5157108,NOT_AVAILABLE,6313,251.7352395,-45.84549552,251.7352129,-45.8455035,15.9393,0.031,15.4156,0.063,15.1887,0.068,15.93,0.024,15.076,0.023,14.836,0.019999,0,0,5
5.94E+18,251.7565252,-45.82651126,18.806599,,NOT_AVAILABLE,5983,251.7565287,-45.826511,251.7565238,-45.8265101,99.9999,9.9999,99.9999,9.9999,99.9999,9.9999,13.640999,0.026,12.472,0.014999,11.885,0.026,0,0,5
5.94E+18,251.7561788,-45.84814692,18.807215,,NOT_AVAILABLE,1421,251.7562033,-45.8481537,251.7561804,-45.8481584,99.9999,9.9999,99.9999,9.9999,99.9999,9.9999,14.071,0.013,12.973999,0.014999,12.444,0.017,1,0,5
5.94E+18,251.7428178,-45.8527448,18.80747,,NOT_AVAILABLE,9261,251.7428863,-45.85273912,251.7428558,-45.8527475,14.4883,0.053,14.0126,0.065,13.7617,0.053,14.435999,0.013,13.423,0.009999,12.921999,0.016,0,0,5
5.94E+18,251.7922292,-45.84657866,18.807678,2.2873936,NOT_AVAILABLE,27205,251.792242,-45.84658304,251.7922306,-45.8465805,16.2533,0.039,15.7556,0.059,15.5797,0.059,16.202999,0.019999,15.342,0.026,15.142999,0.029999,0,0,5
5.94E+18,251.8039558,-45.84119128,18.808973,2.3018856,NOT_AVAILABLE,27209,251.8039775,-45.84119302,251.8039738,-45.8411868,16.2603,0.03,15.8356,0.04,15.7067,0.038,16.198999,0.057999,15.414999,0.163,14.925,0.065999,0,0,5
5.94E+18,251.7853054,-45.83482985,18.815567,4.224493,NOT_AVAILABLE,1891,251.785306,-45.8348375,251.7853023,-45.8348333,99.9999,9.9999,99.9999,9.9999,99.9999,9.9999,13.605999,0.013,12.284,0.009999,11.689,0.016,0,0,5
5.94E+18,251.7561643,-45.80626581,18.8185,,NOT_AVAILABLE,44716,251.7561331,-45.80625581,251.7561448,-45.8062499,16.2803,0.046,15.9046,0.05,15.6977,0.049,99.9999,9.9999,99.9999,9.9999,99.9999,9.9999,0,0,5
5.94E+18,251.7715266,-45.82025111,18.821238,2.0450058,NOT_AVAILABLE,44663,251.7714895,-45.82025266,251.771494,-45.8202474,16.1273,0.057,15.7886,0.046,15.5477,0.05,16.264999,0.017,15.411999,0.014,15.182,0.023,0,0,5
5.94E+18,251.7959021,-45.85939416,18.822624,2.2000694,NOT_AVAILABLE,27146,251.795916,-45.85940177,251.795895,-45.8594017,16.0643,0.046,15.6926,0.039,15.4997,0.041,16.186,0.020999,15.340999,0.017999,14.998,0.029999,0,0,5
5.94E+18,251.7353416,-45.87837514,18.824038,3.123392,NOT_AVAILABLE,5846,251.7354224,-45.8783707,251.7353686,-45.8783869,99.9999,9.9999,99.9999,9.9999,99.9999,9.9999,15.269,0.023,14.392,0.018999,13.743,0.028,0,0,5
5.94E+18,251.7887458,-45.87588018,18.825739,2.1452255,NOT_AVAILABLE,16997,251.7887734,-45.87587205,251.7887367,-45.8758775,16.2633,0.037,15.7996,0.058,15.5877,0.055,16.354,0.023,15.548999,0.020999,15.208999,0.026,0,0,5
5.94E+18,251.7604961,-45.84547646,18.825909,4.202482,NOT_AVAILABLE,44396,251.7604468,-45.84548211,251.7604273,-45.8454853,14.1893,0.038,13.5486,0.045,13.1937,0.059,14.161999,0.017,13.152999,0.026,12.567999,0.020999,1,0,5
5.94E+18,251.7449642,-45.84702773,18.827423,4.1146336,NOT_AVAILABLE,6055,251.7450343,-45.84702221,251.7450092,-45.8470287,14.1903,0.039,13.7546,0.047,13.4877,0.041,14.310999,0.012,13.248999,0.008999,12.739999,0.014999,0,0,5
5.94E+18,251.7935312,-45.8461996,18.828915,,NOT_AVAILABLE,27085,251.7935545,-45.84619846,251.7935437,-45.8461955,15.8353,0.045,15.4476,0.046,15.2037,0.041,15.937,0.020999,15.149999,0.021999,14.899999,0.028999,0,0,5
5.94E+18,251.7873437,-45.84281232,18.832115,2.023615,NOT_AVAILABLE,27242,251.7873556,-45.84281653,251.7873458,-45.8428139,16.3093,0.029,15.8766,0.042,15.7127,0.034,16.27,0.021999,15.477999,0.025,15.149,0.046,0,0,5
5.94E+18,251.7428608,-45.83719364,18.838037,2.4597454,NOT_AVAILABLE,7457,251.7429325,-45.83718843,251.7429149,-45.8371928,16.3343,0.035,15.9046,0.041,15.7127,0.036,16.309,0.020999,15.590999,0.019999,15.291999,0.028999,0,0,5
5.94E+18,251.8096734,-45.86184129,18.840261,3.1412296,NOT_AVAILABLE,3084,251.8096765,-45.8618569,251.8096573,-45.8618549,99.9999,9.9999,99.9999,9.9999,99.9999,9.9999,15.479,0.014,14.51,0.012,14.105999,0.018999,0,0,5
5.94E+18,251.802634,-45.86480795,18.840536,3.144785,NOT_AVAILABLE,27000,251.8026455,-45.86481958,251.8026218,-45.8648196,15.4803,0.063,15.0916,0.055,14.8477,0.059,15.704999,0.012,14.755999,0.009999,14.404,0.013,0,0,5
5.94E+18,251.7641544,-45.82041381,18.84281,2.0651932,NOT_AVAILABLE,44711,251.7641293,-45.82040302,251.7641316,-45.8203992,16.2583,0.044,15.9046,0.045,15.6717,0.049,16.306999,0.026,15.399,0.035,15.173,0.030999,0,0,5
5.94E+18,251.7927622,-45.87793316,18.848186,1.8351135,NOT_AVAILABLE,364,251.7927977,-45.8779352,251.7927604,-45.8779404,99.9999,9.9999,99.9999,9.9999,99.9999,9.9999,16.444999,0.018999,15.635999,0.017,15.352999,0.029999,0,0,5
5.94E+18,251.7666401,-45.84819603,18.850851,,NOT_AVAILABLE,43305,251.7666547,-45.84819485,251.7666347,-45.8481975,13.9933,0.036,13.3556,0.041,13.0597,0.037,14.029,0.029999,12.967,0.043999,12.392,0.043999,1,0,5
5.94E+18,251.7873718,-45.82177806,18.853235,3.548769,VARIABLE,44454,251.7873381,-45.82178492,251.7873457,-45.821777,14.9723,0.048,14.5686,0.052,14.3217,0.05,15.074999,0.023,14.118,0.020999,13.72,0.039999,0,0,5
5.94E+18,251.7617566,-45.866192,18.857866,4.087307,NOT_AVAILABLE,25779,251.7617869,-45.86618017,251.7617506,-45.8661883,14.2233,0.046,13.7406,0.045,13.4477,0.045,14.317,0.013,13.123999,0.021999,12.652999,0.032999,0,0,5
5.94E+18,251.7673535,-45.87244088,18.859232,2.2267342,NOT_AVAILABLE,17423,251.7673882,-45.87242791,251.7673483,-45.8724366,16.2883,0.05,15.8846,0.051,15.6707,0.061,99.9999,9.9999,99.9999,9.9999,99.9999,9.9999,0,0,5
5.94E+18,251.7644585,-45.8610998,18.859869,3.2425423,NOT_AVAILABLE,16002,251.7644914,-45.86108569,251.7644601,-45.861092,14.1323,0.03,13.5406,0.044,13.2237,0.049,14.177,0.010999,13.060999,0.009999,12.512,0.017,1,0,5
5.94E+18,251.7824004,-45.83186207,18.864489,4.0480824,NOT_AVAILABLE,44401,251.7823679,-45.83186591,251.7823658,-45.8318615,14.2873,0.066,13.5576,0.043,13.2897,0.044,14.197999,0.014999,13.001,0.013,12.548,0.017,0,0,5
5.94E+18,251.7636268,-45.85013568,18.875818,,NOT_AVAILABLE,5919,251.7636535,-45.850138,251.763631,-45.8501417,99.9999,9.9999,99.9999,9.9999,99.9999,9.9999,13.767,0.023,12.524,0.016,11.982999,0.020999,1,0,5
5.94E+18,251.8204859,-45.8494717,18.87718,2.697094,NOT_AVAILABLE,27073,251.8205236,-45.8494589,251.8205177,-45.8494517,15.7943,0.048,15.3376,0.048,15.0827,0.046,15.998,0.030999,14.836,0.028,14.578,0.030999,0,0,5
5.94E+18,251.7461376,-45.88330949,18.880907,2.3856907,NOT_AVAILABLE,140,251.7462041,-45.8832705,251.7461493,-45.8832859,99.9999,9.9999,99.9999,9.9999,99.9999,9.9999,16.002,0.017,15.239,0.013,14.876,0.026,0,0,5
5.94E+18,251.7194239,-45.8493049,18.882692,2.580286,NOT_AVAILABLE,4625,251.7194903,-45.84929564,251.7194561,-45.8493075,15.9073,0.044,15.5196,0.055,15.3067,0.057,99.9999,9.9999,99.9999,9.9999,99.9999,9.9999,0,0,5
5.94E+18,251.7860187,-45.87456214,18.882921,,NOT_AVAILABLE,17180,251.7860499,-45.87455408,251.7860135,-45.8745597,16.0623,0.057,15.6776,0.053,15.4137,0.058,99.9999,9.9999,99.9999,9.9999,99.9999,9.9999,0,0,5
5.94E+18,251.7597997,-45.84767642,18.886213,,NOT_AVAILABLE,15269,251.7598368,-45.84766229,251.7598153,-45.8476661,14.0143,0.037,13.6176,0.085,13.1297,0.04,14.079,0.024,12.923999,0.026,12.277999,0.035999,1,0,5
5.94E+18,251.7400982,-45.85247718,18.894136,3.605772,NOT_AVAILABLE,15084,251.7401655,-45.85247182,251.7401345,-45.8524806,14.4323,0.048,13.9516,0.045,13.7127,0.039,14.520999,0.010999,13.51,0.008,13.012,0.013,0,0,5
5.94E+18,251.7657903,-45.8714612,18.894913,4.6252594,NOT_AVAILABLE,17519,251.7658186,-45.87145067,251.7657791,-45.8714594,14.3763,0.038,13.8656,0.035,13.8947,0.076,13.661999,0.063,12.553,0.079,11.842,0.118,0,0,5
5.94E+18,251.7590705,-45.85847178,18.895325,,NOT_AVAILABLE,26635,251.7591048,-45.85845704,251.7590741,-45.8584637,14.1063,0.033,13.6476,0.051,13.3117,0.045,14.138999,0.014,13.050999,0.008999,12.534999,0.018999,1,0,5
5.94E+18,251.8172203,-45.86529937,18.89569,2.4788742,NOT_AVAILABLE,4725,251.8172583,-45.8653098,251.8172383,-45.8653072,99.9999,9.9999,99.9999,9.9999,99.9999,9.9999,16.12,0.048999,15.230999,0.034,15.027999,0.019999,0,0,5
5.94E+18,251.7092566,-45.84354442,18.896606,1.9913902,NOT_AVAILABLE,6634,251.7093292,-45.84353154,251.7092969,-45.8435439,16.4003,0.038,15.9736,0.041,15.7647,0.038,99.9999,9.9999,99.9999,9.9999,99.9999,9.9999,0,0,5
5.94E+18,251.7659816,-45.86696427,18.90045,3.874485,NOT_AVAILABLE,18335,251.7660161,-45.86695187,251.7659804,-45.8669594,14.7033,0.07,14.0856,0.062,13.8467,0.053,14.479,0.010999,13.435,0.008,12.909999,0.034,0,0,5
5.94E+18,251.750485,-45.88269376,18.903809,3.869421,NOT_AVAILABLE,19964,251.750511,-45.88268486,251.7504579,-45.8826993,14.5673,0.06,14.0296,0.071,13.7877,0.065,14.682999,0.009999,13.744,0.007,13.246,0.017999,0,0,5
5.94E+18,251.7641949,-45.85286927,18.91078,4.189354,NOT_AVAILABLE,1246,251.7642164,-45.8528712,251.7641918,-45.8528755,99.9999,9.9999,99.9999,9.9999,99.9999,9.9999,13.888999,0.010999,12.654,0.010999,12.086999,0.014999,1,0,5
5.94E+18,251.7378024,-45.86732873,18.912241,4.2019176,NOT_AVAILABLE,18270,251.7378299,-45.86731259,251.737786,-45.8673255,14.6213,0.026,14.1576,0.035,13.8747,0.031,14.697999,0.012,13.753,0.009999,13.262,0.017999,0,0,5
5.94E+18,251.8161995,-45.85016487,18.912848,2.2248268,NOT_AVAILABLE,27311,251.8162216,-45.85017299,251.8162138,-45.8501668,16.4683,0.034,15.9976,0.048,15.7637,0.043,99.9999,9.9999,99.9999,9.9999,99.9999,9.9999,0,0,5
5.94E+18,251.7925309,-45.84200221,18.913288,2.1935043,NOT_AVAILABLE,27178,251.7925476,-45.84200989,251.7925399,-45.8420061,16.1733,0.047,15.7556,0.052,15.5907,0.05,16.194999,0.016,15.428,0.023,15.119999,0.028,0,0,5
5.94E+18,251.805686,-45.88469646,18.920341,2.1057568,NOT_AVAILABLE,4489,251.805733,-45.8846814,251.8056938,-45.8846859,99.9999,9.9999,99.9999,9.9999,99.9999,9.9999,16.507999,0.025,15.692999,0.019999,15.348999,0.035,0,0,5
5.94E+18,251.8157068,-45.83490194,18.922464,2.1073952,NOT_AVAILABLE,27262,251.815729,-45.83490642,251.8157338,-45.8348964,16.3423,0.044,15.7686,0.043,15.5157,0.039,16.364,0.023,15.354999,0.013,15.031,0.024,0,0,5
5.94E+18,251.7496411,-45.85498407,18.926842,4.0901737,NOT_AVAILABLE,19445,251.749673,-45.85496656,251.7496426,-45.8549742,14.3233,0.055,13.7986,0.067,13.5767,0.077,14.298999,0.010999,13.187999,0.008,12.663999,0.013,0,0,5
5.94E+18,251.7609305,-45.81583437,18.92791,2.6606178,NOT_AVAILABLE,44618,251.7608912,-45.81583732,251.7608963,-45.8158329,15.9633,0.038,15.4836,0.042,15.2637,0.036,99.9999,9.9999,99.9999,9.9999,99.9999,9.9999,0,0,5
5.94E+18,251.738777,-45.82610364,18.928375,2.230629,NOT_AVAILABLE,44748,251.7387319,-45.82610233,251.7387223,-45.8261048,16.3683,0.038,15.9896,0.05,15.9027,0.048,16.389999,0.029999,15.609,0.024,15.329999,0.032999,0,0,5
5.94E+18,251.7535788,-45.87807746,18.931519,3.8750343,NOT_AVAILABLE,26260,251.7536035,-45.87806582,251.7535551,-45.8780785,14.8373,0.038,14.2706,0.04,14.0747,0.031,14.755,0.014999,13.781,0.010999,13.309,0.018999,0,0,5
5.94E+18,251.7676407,-45.87135542,18.933641,2.8458385,NOT_AVAILABLE,17549,251.7676692,-45.87134427,251.7676303,-45.8713526,15.7353,0.034,15.3166,0.041,15.1187,0.042,99.9999,9.9999,99.9999,9.9999,99.9999,9.9999,0,0,5
5.94E+18,251.7630681,-45.83377292,18.934948,3.9891605,NOT_AVAILABLE,44393,251.7630189,-45.83377614,251.7630098,-45.8337759,14.1353,0.065,13.3706,0.041,13.0587,0.041,13.949999,0.012,12.706,0.009999,12.159999,0.014999,0,0,5
5.94E+18,251.7766826,-45.88217419,18.936852,1.9997005,NOT_AVAILABLE,21050,251.7767044,-45.88217265,251.776659,-45.882182,16.5453,0.033,16.1046,0.052,15.8627,0.048,16.61,0.021999,15.659,0.020999,15.335,0.028,0,0,5
5.94E+18,251.7369598,-45.87659848,18.947681,3.4473515,NOT_AVAILABLE,2703,251.7370153,-45.8765844,251.7369634,-45.8765998,99.9999,9.9999,99.9999,9.9999,99.9999,9.9999,13.994999,0.009999,12.545999,0.007,11.949,0.017999,0,0,5
5.94E+18,251.7373848,-45.88342322,18.952583,1.7717419,NOT_AVAILABLE,137,251.7374575,-45.8833936,251.7374001,-45.8834107,99.9999,9.9999,99.9999,9.9999,99.9999,9.9999,16.45,0.017,15.697999,0.017999,15.343999,0.028,0,0,5
5.94E+18,251.7591087,-45.86320318,18.955496,3.9890137,NOT_AVAILABLE,18889,251.75914,-45.86318947,251.7591055,-45.8631974,14.4663,0.042,14.0366,0.056,13.7077,0.041,14.494999,0.010999,13.418999,0.009999,12.927,0.020999,1,0,5
5.94E+18,251.764562,-45.8858842,18.957087,3.307848,NOT_AVAILABLE,17984,251.7645869,-45.88587467,251.7645351,-45.8858872,15.2313,0.034,14.8256,0.046,14.6367,0.044,15.190999,0.034,14.267,0.027,13.762,0.05,0,0,5
5.94E+18,251.7424533,-45.84394375,18.958092,2.520876,NOT_AVAILABLE,6570,251.7425216,-45.84394052,251.7424984,-45.8439467,16.0143,0.059,15.6166,0.043,15.3687,0.05,16.111999,0.017,15.284999,0.016,14.899999,0.024,0,0,5
5.94E+18,251.7294781,-45.8363157,18.960218,2.2195415,NOT_AVAILABLE,7529,251.7295455,-45.83629789,251.7295249,-45.8363046,16.3323,0.026,15.8416,0.042,15.6577,0.04,16.281,0.032,15.418999,0.032999,15.088,0.048999,0,0,5
5.94E+18,251.7307567,-45.85964781,18.961126,,NOT_AVAILABLE,12700,251.7308233,-45.85963717,251.7307837,-45.8596495,16.2413,0.058,15.7596,0.07,15.5437,0.052,99.9999,9.9999,99.9999,9.9999,99.9999,9.9999,0,0,5
5.94E+18,251.7954332,-45.82494399,18.961199,3.404602,NOT_AVAILABLE,44392,251.7954025,-45.8249497,251.7954098,-45.8249411,14.0783,0.053,13.7276,0.094,13.3457,0.047,14.154999,0.010999,12.998,0.010999,12.491999,0.016,0,0,5
5.94E+18,251.7864717,-45.81206587,18.962454,2.2610111,NOT_AVAILABLE,44667,251.7864441,-45.8120727,251.7864596,-45.8120625,16.1523,0.029,15.7576,0.038,15.6667,0.031,99.9999,9.9999,99.9999,9.9999,99.9999,9.9999,0,0,5
5.94E+18,251.7735644,-45.8453902,18.96292,,NOT_AVAILABLE,26864,251.7735799,-45.84538783,251.7735641,-45.8453885,14.4653,0.067,14.0736,0.046,13.7777,0.048,14.307,0.039,13.513999,0.046999,13.204999,0.082,1,0,5
5.94E+18,251.8102462,-45.84109118,18.963436,2.0736961,NOT_AVAILABLE,27309,251.8102676,-45.84109889,251.8102657,-45.8410915,16.4623,0.026,16.0386,0.036,15.8707,0.031,16.497999,0.018999,15.692,0.025,15.425999,0.029999,0,0,5
5.94E+18,251.766037,-45.84999581,18.9663,,NOT_AVAILABLE,26830,251.7660462,-45.84999493,251.7660245,-45.8499982,13.8873,0.039,13.4006,0.072,13.0757,0.061,13.850999,0.013,12.649999,0.030999,12.185999,0.018999,1,0,5
5.94E+18,251.8228151,-45.84394518,18.967937,2.7150269,NOT_AVAILABLE,27100,251.8228349,-45.84395143,251.8228341,-45.8439424,15.8983,0.037,15.4536,0.038,15.3197,0.037,99.9999,9.9999,99.9999,9.9999,99.9999,9.9999,0,0,5
5.94E+18,251.8208896,-45.83565426,18.968395,2.3629189,NOT_AVAILABLE,27174,251.8209178,-45.83565641,251.8209234,-45.8356456,16.1643,0.036,15.6736,0.045,15.4517,0.048,16.607999,0.032,15.359,0.014999,15.119,0.028,0,0,5
5.94E+18,251.7799486,-45.82258439,18.96992,,NOT_AVAILABLE,44736,251.7799184,-45.82258236,251.7799233,-45.8225761,16.3453,0.031,15.8486,0.042,15.6277,0.038,99.9999,9.9999,99.9999,9.9999,99.9999,9.9999,0,0,5
5.94E+18,251.7531332,-45.83819194,18.97239,,NOT_AVAILABLE,44757,251.7530906,-45.8381873,251.753075,-45.83819,16.3873,0.035,15.9816,0.049,15.7987,0.064,16.329999,0.020999,15.541999,0.021999,15.175,0.029999,1,0,5
5.94E+18,251.7134874,-45.85351018,18.974785,1.8898506,NOT_AVAILABLE,13740,251.7135447,-45.85349967,251.7135053,-45.8535138,16.7143,0.059,16.1576,0.043,15.9547,0.046,99.9999,9.9999,99.9999,9.9999,99.9999,9.9999,0,0,5
5.94E+18,251.8294651,-45.83906947,18.980095,2.078106,NOT_AVAILABLE,27266,251.8294905,-45.83907423,251.8294957,-45.8390627,16.3513,0.081,15.9356,0.08,15.7337,0.081,99.9999,9.9999,99.9999,9.9999,99.9999,9.9999,0,0,5
5.94E+18,251.7907103,-45.84248991,18.980362,2.3709965,NOT_AVAILABLE,27268,251.7907276,-45.84249125,251.7907191,-45.8424879,16.3533,0.047,15.9366,0.048,15.7167,0.042,99.9999,9.9999,99.9999,9.9999,99.9999,9.9999,0,0,5
5.94E+18,251.7881886,-45.86219789,18.983553,2.5072498,NOT_AVAILABLE,27160,251.788197,-45.86220505,251.7881715,-45.8622072,16.1093,0.051,15.6736,0.057,15.4947,0.049,99.9999,9.9999,99.9999,9.9999,99.9999,9.9999,0,0,5
5.94E+18,251.8035545,-45.86057532,18.99053,2.8072643,NOT_AVAILABLE,27093,251.8035668,-45.86058177,251.8035469,-45.8605806,15.8633,0.044,15.3106,0.039,15.1007,0.034,15.788999,0.024,14.850999,0.018999,14.498999,0.032,0,0,5
5.94E+18,251.7609303,-45.84018806,18.995337,,NOT_AVAILABLE,7107,251.7610107,-45.84018502,251.7609957,-45.8401868,14.4623,0.028,14.0096,0.047,13.6917,0.027,14.425,0.050999,13.454999,0.041999,12.973999,0.046,1,0,5
5.94E+18,251.7851627,-45.84788313,19.00026,3.9357433,NOT_AVAILABLE,27219,251.7851841,-45.84788419,251.7851695,-45.8478833,16.2723,0.051,15.8656,0.047,15.4417,0.064,99.9999,9.9999,99.9999,9.9999,99.9999,9.9999,0,0,5
5.94E+18,251.7747256,-45.82697986,19.000381,2.797083,NOT_AVAILABLE,44569,251.7746872,-45.82698567,251.774687,-45.8269815,15.7753,0.065,15.4126,0.049,15.2187,0.053,15.906999,0.014999,15.055,0.012,14.744,0.019999,0,0,5
5.94E+18,251.7607714,-45.83296414,19.000582,2.391613,NOT_AVAILABLE,44691,251.7607339,-45.83296566,251.7607248,-45.8329656,16.2133,0.058,15.8716,0.044,15.6597,0.052,16.28,0.028,15.529999,0.030999,15.147,0.037,0,0,5
5.94E+18,251.7959335,-45.85257616,19.004364,4.258356,NOT_AVAILABLE,26863,251.7959495,-45.852581,251.7959341,-45.8525792,14.4273,0.034,13.9656,0.044,13.6887,0.036,14.5,0.009999,13.378999,0.009999,12.885999,0.019999,0,0,5
5.94E+18,251.7596883,-45.80912197,19.007767,3.1859512,NOT_AVAILABLE,44499,251.7596619,-45.80911887,251.7596723,-45.809113,15.3613,0.03,14.9496,0.052,14.7957,0.049,99.9999,9.9999,99.9999,9.9999,99.9999,9.9999,0,0,5
5.94E+18,251.7393245,-45.84749545,19.011272,4.24271,NOT_AVAILABLE,3478,251.7393556,-45.8474978,251.7393285,-45.8475055,99.9999,9.9999,99.9999,9.9999,99.9999,9.9999,14.048,0.013,12.883,0.006,12.309,0.014,0,0,5
5.94E+18,251.7477673,-45.87039302,19.016167,3.786337,NOT_AVAILABLE,17698,251.7477969,-45.87037813,251.7477533,-45.87039,14.7973,0.029,14.4236,0.057,14.0447,0.047,14.776,0.013,13.809,0.012,13.324999,0.017,0,0,5
5.94E+18,251.8018406,-45.84574138,19.018847,,NOT_AVAILABLE,27286,251.8018446,-45.84572535,251.8018365,-45.8457207,16.3983,0.034,16.0546,0.04,15.8927,0.032,16.485,0.016,15.666,0.020999,15.357999,0.027,0,0,5
5.94E+18,251.7084519,-45.84683808,19.01913,2.2222214,NOT_AVAILABLE,6080,251.708511,-45.84682719,251.7084758,-45.8468406,16.5953,0.028,16.0786,0.047,15.7777,0.055,99.9999,9.9999,99.9999,9.9999,99.9999,9.9999,0,0,5
5.94E+18,251.7790977,-45.84381819,19.02013,,NOT_AVAILABLE,26839,251.7791154,-45.84381751,251.7791025,-45.8438167,14.0743,0.04,13.6116,0.052,13.2967,0.04,14.218999,0.023,12.836,0.019999,12.378,0.025,1,0,5
5.94E+18,251.8063397,-45.83850699,19.021387,2.6821518,NOT_AVAILABLE,1755,251.8063314,-45.8384996,251.8063306,-45.8384923,99.9999,9.9999,99.9999,9.9999,99.9999,9.9999,16.059,0.016,15.130999,0.012,14.833,0.020999,0,0,5
5.94E+18,251.7479313,-45.83705753,19.022097,2.3106117,NOT_AVAILABLE,44676,251.7478822,-45.83706437,251.7478661,-45.8370678,16.1753,0.038,15.7266,0.048,15.4707,0.057,16.11,0.035999,15.182,0.027,14.852999,0.035999,1,0,5
5.94E+18,251.7918771,-45.87895983,19.025156,1.799881,NOT_AVAILABLE,341,251.7918995,-45.878958,251.7918611,-45.8789636,99.9999,9.9999,99.9999,9.9999,99.9999,9.9999,16.232,0.034,15.196,0.023,14.772,0.046,0,0,5
5.94E+18,251.7062454,-45.8479561,19.025938,,NOT_AVAILABLE,5911,251.7063052,-45.84794783,251.7062684,-45.8479619,15.1383,0.027,14.6506,0.042,14.3907,0.044,99.9999,9.9999,99.9999,9.9999,99.9999,9.9999,0,0,5
5.94E+18,251.8137873,-45.83383763,19.026297,2.3443832,NOT_AVAILABLE,27177,251.8138075,-45.83384334,251.8138126,-45.8338334,16.1723,0.048,15.7476,0.053,15.5607,0.054,16.319,0.026,15.489999,0.014,15.222999,0.026,0,0,5
5.94E+18,251.7708891,-45.87229086,19.02882,2.4227562,NOT_AVAILABLE,17437,251.7709171,-45.87228208,251.7708784,-45.87229,16.4983,0.043,16.0086,0.053,15.8287,0.052,99.9999,9.9999,99.9999,9.9999,99.9999,9.9999,0,0,5
5.94E+18,251.79213,-45.82632746,19.030785,2.004942,NOT_AVAILABLE,43400,251.7921517,-45.82633637,251.7921569,-45.8263287,16.4013,0.054,16.0586,0.06,15.8887,0.048,99.9999,9.9999,99.9999,9.9999,99.9999,9.9999,0,0,5
5.94E+18,251.7533401,-45.82071946,19.031008,,NOT_AVAILABLE,44543,251.7533059,-45.82071949,251.7533048,-45.8207178,15.6323,0.045,15.1496,0.04,14.9157,0.028,15.534,0.019999,14.677,0.017999,14.262999,0.020999,0,0,5
5.94E+18,251.7797442,-45.88577469,19.03344,2.046976,NOT_AVAILABLE,2481,251.7798386,-45.885763,251.7797912,-45.8857726,99.9999,9.9999,99.9999,9.9999,99.9999,9.9999,16.718,0.027,15.782999,0.019999,15.505,0.034,0,0,5
5.94E+18,251.7991262,-45.85990516,19.034258,2.328331,NOT_AVAILABLE,27200,251.7991336,-45.85991671,251.799113,-45.8599162,16.2383,0.031,15.8616,0.036,15.6287,0.036,16.309999,0.017,15.395999,0.013,15.055999,0.021999,0,0,5
5.94E+18,251.7248377,-45.87119956,19.035023,2.3326435,NOT_AVAILABLE,585,251.7248806,-45.8711858,251.7248298,-45.8712022,99.9999,9.9999,99.9999,9.9999,99.9999,9.9999,16.108999,0.014,15.342,0.017999,14.965,0.025,0,0,5
5.94E+18,251.8046391,-45.84859754,19.039566,2.230402,NOT_AVAILABLE,27291,251.8046633,-45.84859482,251.8046536,-45.8485904,16.4133,0.025,15.9526,0.039,15.8027,0.029,16.472,0.017999,15.6,0.018999,15.272,0.024,0,0,5
5.94E+18,251.7628364,-45.86310383,19.04438,3.505125,NOT_AVAILABLE,18903,251.7628688,-45.86308982,251.7628354,-45.863097,14.5733,0.03,14.1376,0.057,13.7707,0.036,14.640999,0.009999,13.586999,0.010999,13.083,0.014999,1,0,5
5.94E+18,251.7922796,-45.85182466,19.045923,2.1581726,NOT_AVAILABLE,27267,251.7922971,-45.85182756,251.7922813,-45.8518263,16.3523,0.035,15.9796,0.039,15.8617,0.045,16.419,0.018999,15.442999,0.018999,14.862,0.032,0,0,5
5.94E+18,251.7437993,-45.84016946,19.04916,2.617033,NOT_AVAILABLE,7076,251.7438739,-45.84016381,251.7438541,-45.8401688,16.0803,0.05,15.6876,0.054,15.4837,0.057,16.122999,0.028,15.303,0.035,14.968999,0.045,0,0,5
5.94E+18,251.7423951,-45.85496909,19.056568,4.3269653,NOT_AVAILABLE,12008,251.7424573,-45.85496477,251.7424249,-45.8549738,14.6533,0.031,14.1076,0.042,13.8597,0.04,14.609,0.014999,13.578,0.009999,13.078,0.016,0,0,5
5.94E+18,251.8260742,-45.83867204,19.057144,2.2912922,NOT_AVAILABLE,27143,251.8260964,-45.83868222,251.826101,-45.8386712,16.0403,0.055,15.6626,0.073,15.4517,0.069,99.9999,9.9999,99.9999,9.9999,99.9999,9.9999,0,0,5
5.94E+18,251.7356709,-45.87674265,19.058586,3.414238,NOT_AVAILABLE,2699,251.7357245,-45.876721,251.7356722,-45.8767367,99.9999,9.9999,99.9999,9.9999,99.9999,9.9999,14.256999,0.013,12.906,0.008,12.322999,0.017,0,0,5
5.94E+18,251.7421116,-45.83595896,19.07033,3.7973747,NOT_AVAILABLE,7562,251.7421848,-45.83595329,251.7421681,-45.8359575,14.4233,0.046,13.9866,0.057,13.7487,0.052,14.609999,0.008999,13.588,0.008,13.09,0.010999,0,0,5
5.94E+18,251.7837956,-45.83463399,19.073227,3.9562912,NOT_AVAILABLE,1896,251.7837945,-45.8346431,251.7837905,-45.8346391,99.9999,9.9999,99.9999,9.9999,99.9999,9.9999,13.878999,0.014999,12.576,0.013,11.993,0.016,0,0,5
5.94E+18,251.7728159,-45.8261787,19.078901,3.136322,NOT_AVAILABLE,44506,251.7727811,-45.82618349,251.772781,-45.8261795,15.3813,0.06,14.9816,0.054,14.7937,0.053,15.491999,0.013,14.635999,0.010999,14.234999,0.016,0,0,5
5.94E+18,251.720699,-45.8424216,19.081882,3.8386307,NOT_AVAILABLE,6809,251.7207657,-45.84241263,251.7207375,-45.8424226,14.7233,0.032,14.4126,0.085,14.1997,0.073,99.9999,9.9999,99.9999,9.9999,99.9999,9.9999,0,0,5
5.94E+18,251.7951311,-45.82279464,19.08341,4.0777245,NOT_AVAILABLE,43308,251.7951555,-45.82279217,251.7951645,-45.822783,14.0073,0.045,13.4146,0.045,13.1017,0.065,14.14,0.012,12.899999,0.008999,12.369,0.017999,0,0,5
5.94E+18,251.7300729,-45.83200447,19.085127,2.2037716,NOT_AVAILABLE,7902,251.7301432,-45.831997,251.7301263,-45.8320025,16.2923,0.05,15.8316,0.066,15.6647,0.059,16.465999,0.035,15.633,0.041,15.317,0.052999,0,0,5
5.94E+18,251.8141455,-45.82986976,19.094976,4.432104,NOT_AVAILABLE,3932,251.8141626,-45.8298601,251.8141711,-45.8298491,99.9999,9.9999,99.9999,9.9999,99.9999,9.9999,13.461999,0.014,11.965,0.008,11.305,0.020999,0,0,5
5.94E+18,251.72786,-45.86678478,19.09918,2.353979,NOT_AVAILABLE,8154,251.7279162,-45.86678119,251.7278699,-45.8667959,16.3813,0.095,15.9846,0.077,15.7857,0.079,16.44,0.028,15.635,0.034,15.347999,0.056,0,0,5
5.94E+18,251.7450626,-45.81453209,19.10264,3.0768585,NOT_AVAILABLE,44532,251.7450273,-45.81452818,251.7450291,-45.8145265,15.5723,0.054,15.0986,0.069,14.9447,0.059,99.9999,9.9999,99.9999,9.9999,99.9999,9.9999,0,0,5
5.94E+18,251.7588983,-45.81939291,19.107569,4.42647,NOT_AVAILABLE,4449,251.7588962,-45.8193801,251.7588978,-45.819377,99.9999,9.9999,99.9999,9.9999,99.9999,9.9999,13.984,0.016,12.677,0.016,12.053999,0.020999,0,0,5
5.94E+18,251.7312667,-45.84155706,19.111364,2.3254585,NOT_AVAILABLE,6939,251.7313373,-45.84154931,251.7313128,-45.841557,16.3223,0.027,15.9366,0.033,15.7087,0.034,16.378,0.018999,15.522,0.019999,15.182,0.026,0,0,5
5.94E+18,251.7926399,-45.88531502,19.115465,3.7513447,NOT_AVAILABLE,45,251.7926729,-45.8853101,251.7926295,-45.8853172,99.9999,9.9999,99.9999,9.9999,99.9999,9.9999,15.237,0.032,14.223999,0.009999,13.758999,0.024,0,0,5
5.94E+18,251.7512205,-45.83234629,19.11858,3.90205,NOT_AVAILABLE,44418,251.7511784,-45.83234614,251.7511671,-45.8323478,14.4933,0.031,13.9606,0.048,13.6867,0.05,14.55,0.009999,13.475,0.007,12.977,0.013,0,0,5
5.94E+18,251.7268216,-45.82307585,19.118896,3.8154716,NOT_AVAILABLE,5425,251.726817,-45.8230553,251.7268066,-45.8230592,99.9999,9.9999,99.9999,9.9999,99.9999,9.9999,14.496999,0.032999,13.458,0.029999,12.89,0.037999,0,0,5
5.94E+18,251.7926705,-45.8166025,19.123877,2.1543217,NOT_AVAILABLE,44799,251.7926406,-45.81661131,251.792654,-45.8166011,16.5103,0.038,16.1076,0.038,15.9907,0.048,99.9999,9.9999,99.9999,9.9999,99.9999,9.9999,0,0,5
5.94E+18,251.7652143,-45.83286905,19.12422,,NOT_AVAILABLE,44631,251.7651709,-45.83287539,251.7651631,-45.8328745,16.0123,0.039,15.6296,0.043,15.4067,0.043,15.982,0.020999,15.142,0.025,14.819999,0.028,0,0,5
5.94E+18,251.7965753,-45.83510102,19.12501,2.1416092,NOT_AVAILABLE,27270,251.7966028,-45.83509694,251.796602,-45.8350906,16.3613,0.029,15.8676,0.036,15.7517,0.037,16.402999,0.019999,15.593999,0.030999,15.286,0.035999,0,0,5
5.94E+18,251.7651747,-45.81326129,19.140957,3.133215,NOT_AVAILABLE,44556,251.7651443,-45.81326339,251.7651528,-45.8132576,15.7063,0.046,15.2066,0.037,14.9817,0.032,99.9999,9.9999,99.9999,9.9999,99.9999,9.9999,0,0,5
5.94E+18,251.7945464,-45.82575149,19.141111,2.426672,NOT_AVAILABLE,43386,251.7945663,-45.825753,251.7945727,-45.8257447,16.1193,0.029,15.6376,0.046,15.4737,0.048,16.304,0.027,15.439,0.027,15.142999,0.028,0,0,5
5.94E+18,251.8033736,-45.83975893,19.141817,2.4954815,NOT_AVAILABLE,27252,251.8033951,-45.83976182,251.8033924,-45.8397554,16.3233,0.04,15.8446,0.045,15.6717,0.034,16.37,0.023,15.501999,0.014999,15.168,0.025,0,0,5
5.94E+18,251.7320593,-45.84163438,19.141932,2.213276,NOT_AVAILABLE,4168,251.7321266,-45.84162454,251.7321023,-45.8416321,16.3643,0.046,15.9106,0.063,15.6137,0.104,16.339,0.023,15.213,0.045,14.506999,0.050999,0,0,5
5.94E+18,251.7730191,-45.84100517,19.148733,3.9029045,NOT_AVAILABLE,43318,251.7730345,-45.84100452,251.7730223,-45.8410042,14.6233,0.05,14.2306,0.048,13.9207,0.05,14.642,0.020999,13.817,0.048,13.234999,0.052999,1,0,5
5.94E+18,251.7595466,-45.84197025,19.15136,2.1506138,NOT_AVAILABLE,44750,251.7594989,-45.84197668,251.759482,-45.8419792,16.3703,0.024,15.9416,0.04,15.6737,0.038,16.413999,0.028,15.569999,0.030999,15.156999,0.039,1,0,5
5.94E+18,251.7367207,-45.88271909,19.152117,3.3356628,NOT_AVAILABLE,2562,251.7367822,-45.8826964,251.7367252,-45.8827134,99.9999,9.9999,99.9999,9.9999,99.9999,9.9999,14.989999,0.014,14.055999,0.008,13.557,0.014999,0,0,5
5.94E+18,251.7498362,-45.85042223,19.158129,3.9688015,NOT_AVAILABLE,2980,251.7499023,-45.85041802,251.7498757,-45.8504244,14.5573,0.029,14.0486,0.037,13.8977,0.054,14.588999,0.012,13.508999,0.008,12.984,0.013,1,0,5
5.94E+18,251.7255323,-45.82811405,19.159098,,NOT_AVAILABLE,8080,251.7256115,-45.82809852,251.7255966,-45.8281039,16.1713,0.045,15.7216,0.052,15.5057,0.051,99.9999,9.9999,99.9999,9.9999,99.9999,9.9999,0,0,5
5.94E+18,251.7536002,-45.84707455,19.160284,,NOT_AVAILABLE,6042,251.7536707,-45.847071,251.753648,-45.8470759,14.5413,0.031,14.0296,0.052,13.6827,0.042,14.534,0.016,13.472999,0.013,12.949,0.018999,1,0,5
5.94E+18,251.795996,-45.8733008,19.163063,4.165285,NOT_AVAILABLE,513,251.7960227,-45.8733024,251.7959902,-45.8733058,99.9999,9.9999,99.9999,9.9999,99.9999,9.9999,13.805999,0.008999,12.413999,0.006,11.777,0.016,0,0,5
5.94E+18,251.7050269,-45.84906482,19.170837,2.4616394,NOT_AVAILABLE,5225,251.7050884,-45.84905172,251.7050503,-45.8490663,16.3293,0.035,15.8806,0.034,15.6737,0.037,99.9999,9.9999,99.9999,9.9999,99.9999,9.9999,0,0,5
5.94E+18,251.7465117,-45.82688554,19.170862,3.2656689,NOT_AVAILABLE,44411,251.7464724,-45.82688534,251.7464644,-45.8268865,14.4073,0.026,13.8416,0.038,13.5147,0.035,14.401,0.010999,13.293999,0.012,12.767,0.014999,0,0,5
5.94E+18,251.7810744,-45.88436899,19.172436,2.1518784,NOT_AVAILABLE,82,251.7811132,-45.8843785,251.7810673,-45.8843876,99.9999,9.9999,99.9999,9.9999,99.9999,9.9999,16.649999,0.018999,16.023,0.028999,15.640999,0.037999,0,0,5
5.94E+18,251.7274912,-45.85288205,19.174498,2.6192398,NOT_AVAILABLE,14685,251.7275693,-45.85287068,251.7275344,-45.852882,16.0793,0.039,15.6116,0.054,15.3797,0.052,16.097,0.016,15.194999,0.013,14.868,0.018999,0,0,5
5.94E+18,251.7423197,-45.82825324,19.176556,2.2590427,NOT_AVAILABLE,44836,251.7422736,-45.8282489,251.7422633,-45.8282512,16.5913,0.031,16.0816,0.038,15.9767,0.031,16.701999,0.018999,15.854999,0.024,15.541999,0.028,0,0,5
5.94E+18,251.7446013,-45.85727191,19.178232,2.297041,NOT_AVAILABLE,8587,251.7446597,-45.85727181,251.744626,-45.8572809,16.4523,0.037,16.0046,0.038,15.9567,0.073,16.330999,0.028,15.494999,0.026,15.05,0.046,0,0,5
5.94E+18,251.8126661,-45.84788969,19.180395,2.7714672,NOT_AVAILABLE,27131,251.8126826,-45.84790405,251.8126758,-45.8478979,15.9993,0.035,15.5416,0.053,15.2287,0.038,16.045999,0.016,14.906,0.010999,14.392,0.013,0,0,5
5.94E+18,251.7780857,-45.82956272,19.182373,,NOT_AVAILABLE,44873,251.7780563,-45.82957417,251.7780549,-45.82957,16.6903,0.033,16.2366,0.037,15.9347,0.04,99.9999,9.9999,99.9999,9.9999,99.9999,9.9999,0,0,5
5.94E+18,251.7473944,-45.87208403,19.182798,3.294838,NOT_AVAILABLE,17454,251.7474211,-45.87207064,251.7473759,-45.872083,15.5573,0.034,15.1636,0.058,14.9737,0.054,15.517999,0.014999,14.673,0.010999,14.213,0.019999,0,0,5
5.94E+18,251.7818475,-45.86237348,19.183487,2.723135,NOT_AVAILABLE,22815,251.7818837,-45.86236854,251.7818563,-45.8623719,16.0433,0.055,15.6756,0.04,15.4677,0.045,16.058,0.026,15.086,0.032,14.663999,0.061,0,0,5
5.94E+18,251.8113818,-45.84402474,19.18377,3.4959145,NOT_AVAILABLE,26994,251.8114013,-45.84402833,251.8113973,-45.8440215,15.4643,0.037,14.9486,0.034,14.8837,0.067,15.446999,0.014,14.515,0.010999,14.116,0.016,0,0,5
5.94E+18,251.7418061,-45.87057886,19.185818,3.9736595,NOT_AVAILABLE,17674,251.741833,-45.87056234,251.7417875,-45.8705754,14.9473,0.025,14.4796,0.029,14.1687,0.046,14.979999,0.012,14.048,0.013,13.579999,0.027,0,0,5
5.94E+18,251.753598,-45.88374375,19.188314,2.441122,NOT_AVAILABLE,19850,251.7536189,-45.88373551,251.7535658,-45.8837496,16.3093,0.048,15.8956,0.049,15.7197,0.053,16.377,0.014,15.607,0.017999,15.222,0.027,0,0,5
5.94E+18,251.7482698,-45.85290974,19.188364,3.938612,NOT_AVAILABLE,9232,251.7483315,-45.85290643,251.7483025,-45.8529138,14.4493,0.03,13.8636,0.049,13.6847,0.041,14.463999,0.013,13.335,0.008999,12.8,0.012,1,0,5
5.94E+18,251.7490822,-45.88357875,19.189219,3.205412,NOT_AVAILABLE,2534,251.7491369,-45.883549,251.7490827,-45.8835639,99.9999,9.9999,99.9999,9.9999,99.9999,9.9999,15.43,0.013,14.522999,0.008999,14.067,0.016,0,0,5
5.94E+18,251.7571193,-45.81694151,19.189644,2.572424,NOT_AVAILABLE,44724,251.7570841,-45.81694508,251.7570872,-45.8169417,16.3063,0.037,15.7596,0.039,15.6757,0.046,99.9999,9.9999,99.9999,9.9999,99.9999,9.9999,0,0,5
5.94E+18,251.7628961,-45.85376099,19.191711,,NOT_AVAILABLE,19499,251.7629247,-45.8537436,251.762899,-45.8537484,16.4883,0.037,16.0456,0.042,15.7887,0.04,16.54,0.048,15.727,0.07,15.289999,0.071999,1,0,5
5.94E+18,251.8127241,-45.86576454,19.194712,2.9212933,NOT_AVAILABLE,799,251.8127317,-45.8657725,251.8127101,-45.8657709,99.9999,9.9999,99.9999,9.9999,99.9999,9.9999,15.786,0.014999,14.753,0.010999,14.357,0.013,0,0,5
5.94E+18,251.744407,-45.87249734,19.194855,,NOT_AVAILABLE,17418,251.7444258,-45.87248251,251.7443794,-45.8724955,16.5823,0.036,16.0676,0.032,15.8577,0.04,99.9999,9.9999,99.9999,9.9999,99.9999,9.9999,0,0,5
5.94E+18,251.8001112,-45.87419488,19.196218,2.3162098,NOT_AVAILABLE,483,251.8001597,-45.8741822,251.8001276,-45.8741851,99.9999,9.9999,99.9999,9.9999,99.9999,9.9999,16.597,0.020999,15.701,0.016,15.364999,0.027,0,0,5
5.94E+18,251.8137842,-45.81849513,19.196499,2.1606941,NOT_AVAILABLE,4188,251.8138092,-45.8184679,251.813827,-45.8184541,99.9999,9.9999,99.9999,9.9999,99.9999,9.9999,16.569999,0.035999,15.661,0.023,15.402999,0.052999,0,0,5
5.94E+18,251.7761305,-45.86950219,19.19737,,NOT_AVAILABLE,25070,251.7761703,-45.8694965,251.7761353,-45.8695027,14.2373,0.094,13.7676,0.104,13.4487,0.092,14.314999,0.019999,13.149999,0.010999,12.63,0.024,0,0,5
5.94E+18,251.7481597,-45.83868373,19.197445,2.3491821,NOT_AVAILABLE,7278,251.748231,-45.8386786,251.7482136,-45.8386824,16.7013,0.042,16.2236,0.05,16.0627,0.048,16.53,0.030999,15.725,0.020999,15.381999,0.032,1,0,5
5.94E+18,251.8118334,-45.83858136,19.201187,2.006321,NOT_AVAILABLE,27400,251.8118651,-45.83858519,251.8118657,-45.8385769,16.6793,0.033,16.1876,0.043,15.9577,0.043,99.9999,9.9999,99.9999,9.9999,99.9999,9.9999,0,0,5
5.94E+18,251.7551659,-45.81243816,19.203917,2.3237476,NOT_AVAILABLE,44784,251.7551271,-45.81243729,251.7551335,-45.8124332,16.4713,0.044,16.0966,0.043,15.8707,0.048,99.9999,9.9999,99.9999,9.9999,99.9999,9.9999,0,0,5
5.94E+18,251.8114171,-45.83100017,19.204557,4.0733376,NOT_AVAILABLE,3902,251.8114304,-45.8309939,251.8114372,-45.8309837,99.9999,9.9999,99.9999,9.9999,99.9999,9.9999,13.539999,0.013,12.046999,0.008,11.397999,0.018999,0,0,5
5.94E+18,251.7624373,-45.86131203,19.209824,3.9047527,NOT_AVAILABLE,19079,251.7624724,-45.86129826,251.7624404,-45.861305,14.6973,0.036,14.1196,0.044,13.7757,0.04,14.593999,0.024,13.501,0.018999,12.991,0.025,1,0,5
5.94E+18,251.7401624,-45.86334098,19.22335,,NOT_AVAILABLE,16308,251.7401844,-45.86333475,251.7401444,-45.8633463,16.4963,0.055,15.9986,0.057,15.8217,0.049,99.9999,9.9999,99.9999,9.9999,99.9999,9.9999,0,0,5
5.94E+18,251.7607369,-45.84179416,19.229376,3.3246727,NOT_AVAILABLE,44424,251.7606933,-45.84179717,251.7606769,-45.8417994,14.5583,0.042,13.9176,0.043,13.6077,0.05,14.583999,0.014,13.484999,0.016,12.958,0.018999,1,0,5
5.94E+18,251.7721097,-45.84859115,19.23166,,NOT_AVAILABLE,26855,251.7721211,-45.84859122,251.7721023,-45.848593,14.3203,0.029,13.6576,0.042,13.3527,0.039,13.781999,0.061999,12.668999,0.043999,12.529999,0.048999,1,0,5
5.94E+18,251.7401376,-45.85888804,19.232716,2.3424797,NOT_AVAILABLE,8141,251.7402046,-45.85888525,251.7401683,-45.8588956,14.7403,0.053,14.2486,0.076,13.8297,0.053,14.696999,0.013,13.600999,0.007,13.074,0.014999,0,0,5
5.94E+18,251.8134003,-45.83115923,19.237812,2.099245,NOT_AVAILABLE,27319,251.813428,-45.83116,251.8134352,-45.8311495,16.4973,0.052,16.0926,0.051,15.8827,0.061,16.590999,0.027,15.656999,0.027,15.395999,0.037,0,0,5
5.94E+18,251.79128,-45.82766327,19.24152,2.0027294,NOT_AVAILABLE,43422,251.7912995,-45.82766732,251.7913034,-45.8276601,16.6733,0.03,16.1676,0.039,16.0957,0.053,16.67,0.020999,15.8,0.017999,15.475999,0.035999,0,0,5
5.94E+18,251.7954786,-45.84523566,19.24187,4.297207,NOT_AVAILABLE,26872,251.7954897,-45.84523941,251.7954802,-45.8452359,14.5453,0.09,14.0046,0.109,13.6117,0.058,14.394,0.010999,13.201999,0.010999,12.694999,0.019999,0,0,5
5.94E+18,251.7926455,-45.85991084,19.24289,4.178694,NOT_AVAILABLE,991,251.7926565,-45.859916,251.7926341,-45.8599167,99.9999,9.9999,99.9999,9.9999,99.9999,9.9999,13.902999,0.008999,12.543,0.008,11.93,0.016,0,0,5
5.94E+18,251.7782545,-45.83559944,19.245508,4.376848,NOT_AVAILABLE,43315,251.7782732,-45.83559773,251.7782669,-45.835595,14.4833,0.056,14.2566,0.073,13.8777,0.053,14.654999,0.017999,13.560999,0.014,13.076999,0.018999,0,0,5
5.94E+18,251.8163407,-45.83250537,19.246265,3.3166618,NOT_AVAILABLE,26982,251.8163668,-45.83251012,251.8163737,-45.8324994,15.3413,0.044,15.0266,0.052,14.7837,0.04,15.52,0.017,14.564,0.010999,14.180999,0.023,0,0,5
5.94E+18,251.7599072,-45.80647988,19.24837,2.4749718,NOT_AVAILABLE,44683,251.7598756,-45.80647821,251.7598882,-45.8064717,16.1853,0.037,15.7626,0.043,15.5227,0.045,99.9999,9.9999,99.9999,9.9999,99.9999,9.9999,0,0,5
5.94E+18,251.773529,-45.80474538,19.25389,2.3674793,NOT_AVAILABLE,44837,251.7735033,-45.8047433,251.7735211,-45.8047337,16.5943,0.032,16.1666,0.037,15.9337,0.045,99.9999,9.9999,99.9999,9.9999,99.9999,9.9999,0,0,5
5.94E+18,251.7763905,-45.80730632,19.254814,2.6508255,VARIABLE,44674,251.776365,-45.80730619,251.7763815,-45.8072967,16.1713,0.044,15.6836,0.05,15.4057,0.042,99.9999,9.9999,99.9999,9.9999,99.9999,9.9999,0,0,5
5.94E+18,251.7771026,-45.86544666,19.256807,3.8879852,NOT_AVAILABLE,21747,251.7771386,-45.86543617,251.7771072,-45.8654412,14.5553,0.02,14.0996,0.044,13.8397,0.046,14.536999,0.030999,13.447999,0.014999,12.92,0.028999,0,0,5
5.94E+18,251.7924301,-45.84268593,19.257612,,NOT_AVAILABLE,26851,251.7924503,-45.84268808,251.7924421,-45.8426845,14.2903,0.029,13.7536,0.052,13.3937,0.039,14.298,0.012,13.057,0.009999,12.510999,0.014999,0,0,5
5.94E+18,251.7371136,-45.84540269,19.257696,2.221056,NOT_AVAILABLE,6334,251.7371826,-45.84539273,251.7371566,-45.8454003,16.3653,0.031,15.9826,0.033,15.8497,0.049,99.9999,9.9999,99.9999,9.9999,99.9999,9.9999,0,0,5
5.94E+18,251.7660293,-45.88825486,19.259428,4.1775494,NOT_AVAILABLE,15208,251.7660554,-45.88824672,251.7660021,-45.8882596,14.4873,0.039,13.9186,0.061,13.5437,0.051,99.9999,9.9999,99.9999,9.9999,99.9999,9.9999,0,0,5
5.94E+18,251.7295388,-45.83702352,19.260008,3.4846344,NOT_AVAILABLE,12899,251.7296087,-45.83701507,251.7295875,-45.837022,14.5213,0.031,14.0896,0.065,13.8837,0.063,14.524999,0.017,13.458,0.014,12.881999,0.016,0,0,5
5.94E+18,251.7978382,-45.82167382,19.26256,2.5093536,NOT_AVAILABLE,46028,251.7978734,-45.82169199,251.7978841,-45.8216821,18.7673,0.254,18.1136,0.156,17.3127,0.13,99.9999,9.9999,99.9999,9.9999,99.9999,9.9999,0,0,5
5.94E+18,251.7604178,-45.84373404,19.26564,3.9829998,NOT_AVAILABLE,44422,251.760374,-45.84373818,251.7603559,-45.8437409,14.5363,0.034,14.0276,0.054,13.7707,0.043,14.677,0.016,13.718999,0.034,13.123,0.029999,1,0,5
5.94E+18,251.7540823,-45.85132048,19.271614,3.8174477,NOT_AVAILABLE,19555,251.7541162,-45.8513036,251.7540901,-45.8513094,14.5813,0.043,14.0356,0.045,13.7067,0.04,14.6,0.014,13.475,0.009999,12.951,0.017,1,0,5
5.94E+18,251.765568,-45.87358248,19.279268,4.219139,NOT_AVAILABLE,17280,251.7655967,-45.87357088,251.7655554,-45.8735802,14.6333,0.031,14.1656,0.066,13.7957,0.044,14.569,0.013,13.557,0.024,12.888999,0.046,0,0,5
5.94E+18,251.7397807,-45.87324953,19.279898,,NOT_AVAILABLE,17323,251.7398053,-45.87323342,251.739757,-45.8732475,15.1363,0.046,14.6476,0.056,14.3637,0.048,15.074999,0.009999,14.102,0.009999,13.630999,0.014999,0,0,5
5.94E+18,251.795977,-45.86018967,19.28048,0.9819088,NOT_AVAILABLE,27382,251.7959855,-45.8601978,251.7959638,-45.8601979,16.6263,0.037,16.1956,0.049,15.9867,0.043,16.486,0.018999,15.642,0.026,15.237,0.037,0,0,5
5.94E+18,251.7668782,-45.84855829,19.282726,,NOT_AVAILABLE,26860,251.7668893,-45.84855683,251.766869,-45.8485596,14.4173,0.049,13.7956,0.053,13.4687,0.042,14.387,0.028,13.385999,0.043999,12.793,0.048,1,0,5
5.94E+18,251.7324575,-45.83847411,19.285109,4.2615585,NOT_AVAILABLE,7320,251.7325283,-45.83846751,251.7325067,-45.8384742,14.3243,0.044,13.8126,0.056,13.4557,0.044,14.319,0.014999,13.206999,0.007,12.586,0.017,0,0,5
5.94E+18,251.7526264,-45.86766388,19.289553,,NOT_AVAILABLE,18207,251.7526574,-45.86764938,251.7526174,-45.8676596,14.8863,0.034,14.5656,0.057,14.1657,0.041,14.954999,0.013,13.979,0.009999,13.468,0.017999,0,0,5
5.94E+18,251.8169063,-45.8813802,19.28969,2.0563622,NOT_AVAILABLE,5496,251.816949,-45.8813597,251.8169157,-45.8813612,99.9999,9.9999,99.9999,9.9999,99.9999,9.9999,16.722,0.046,15.850999,0.026,15.479,0.037,0,0,5
5.94E+18,251.7598992,-45.83220563,19.290268,,NOT_AVAILABLE,44408,251.7598594,-45.83220872,251.7598507,-45.8322087,14.3843,0.041,13.9806,0.051,13.6457,0.041,14.496,0.014999,13.371,0.009999,12.838,0.017,0,0,5
5.94E+18,251.7665054,-45.86185965,19.292168,,NOT_AVAILABLE,19020,251.7665397,-45.86184703,251.7665083,-45.8618532,14.6093,0.04,14.1606,0.06,13.8117,0.036,14.581,0.037999,13.524,0.023,12.932,0.064,1,0,5
5.94E+18,251.7675978,-45.80628012,19.292326,2.0487747,NOT_AVAILABLE,44907,251.7675732,-45.80627337,251.7675881,-45.8062653,16.7653,0.037,16.2406,0.048,16.0527,0.053,99.9999,9.9999,99.9999,9.9999,99.9999,9.9999,0,0,5
5.94E+18,251.7581841,-45.86616676,19.294106,4.4117775,NOT_AVAILABLE,18475,251.7582132,-45.86615194,251.758176,-45.8661607,14.9983,0.067,14.4126,0.047,14.2127,0.066,14.854,0.014999,13.815999,0.010999,13.314,0.024,0,0,5
5.94E+18,251.7379627,-45.84263591,19.294437,3.5525742,NOT_AVAILABLE,11149,251.7380324,-45.84262878,251.738009,-45.8426355,14.7443,0.027,14.3726,0.073,14.0757,0.053,14.774,0.010999,13.741999,0.007,13.218999,0.012,0,0,5
5.94E+18,251.811351,-45.83259321,19.296738,3.1198368,NOT_AVAILABLE,27196,251.8113693,-45.83259119,251.8113748,-45.8325814,16.2213,0.052,15.6326,0.044,15.5167,0.038,99.9999,9.9999,99.9999,9.9999,99.9999,9.9999,0,0,5
5.94E+18,251.7553799,-45.85173833,19.297358,,NOT_AVAILABLE,19546,251.7554126,-45.85172351,251.7553865,-45.8517292,15.2943,0.037,14.9196,0.075,14.6277,0.062,15.284999,0.019999,14.258999,0.023,13.824999,0.017999,1,0,5
5.94E+18,251.7245031,-45.85552849,19.298145,2.7688217,NOT_AVAILABLE,11341,251.7245617,-45.85552266,251.7245238,-45.8555352,15.7313,0.033,15.3106,0.045,15.1497,0.037,15.723999,0.014999,14.887999,0.014999,14.444,0.020999,0,0,5
5.94E+18,251.75141,-45.84150791,19.299067,4.251293,NOT_AVAILABLE,6936,251.7514835,-45.8415032,251.7514648,-45.8415071,14.9313,0.034,14.4446,0.044,14.2447,0.043,14.914999,0.013,13.899,0.012,13.394,0.017,1,0,5
5.94E+18,251.7315357,-45.83270965,19.306244,2.2190838,NOT_AVAILABLE,7851,251.7316045,-45.83270338,251.7315874,-45.8327088,16.5343,0.033,16.1166,0.043,15.9197,0.035,99.9999,9.9999,99.9999,9.9999,99.9999,9.9999,0,0,5
5.94E+18,251.7599693,-45.83628109,19.31148,4.358658,NOT_AVAILABLE,44442,251.7599275,-45.83628362,251.7599154,-45.8362846,14.7703,0.033,14.3516,0.047,14.0607,0.04,14.555999,0.043999,13.468,0.043999,12.942,0.083999,1,0,5
5.94E+18,251.7688985,-45.85058333,19.315876,,NOT_AVAILABLE,26849,251.7689098,-45.85058317,251.7688884,-45.850586,14.2343,0.032,13.6656,0.042,13.3357,0.043,14.118,0.028999,12.998999,0.021999,12.605999,0.093,1,0,5
5.94E+18,251.7619007,-45.81044544,19.316767,2.1455288,NOT_AVAILABLE,44847,251.7618683,-45.81044805,251.7618781,-45.8104421,16.6253,0.036,16.1826,0.047,16.0157,0.048,99.9999,9.9999,99.9999,9.9999,99.9999,9.9999,0,0,5
5.94E+18,251.7853626,-45.88031803,19.317669,3.7478008,NOT_AVAILABLE,2605,251.7853983,-45.8803099,251.785357,-45.8803171,99.9999,9.9999,99.9999,9.9999,99.9999,9.9999,14.76,0.016,13.680999,0.008999,13.147,0.014,0,0,5
5.94E+18,251.8039446,-45.87506084,19.319185,1.9969044,NOT_AVAILABLE,458,251.8039745,-45.8750382,251.8039428,-45.8750406,99.9999,9.9999,99.9999,9.9999,99.9999,9.9999,16.836,0.020999,15.968999,0.017,15.678,0.032999,0,0,5
5.94E+18,251.7274867,-45.84947014,19.320978,2.6520767,NOT_AVAILABLE,4525,251.7275507,-45.84946254,251.7275187,-45.849473,16.2793,0.038,15.8446,0.038,15.6357,0.049,16.301,0.018999,15.534999,0.016,15.213999,0.024,0,0,5
5.94E+18,251.7837708,-45.87271633,19.327272,3.908987,NOT_AVAILABLE,17399,251.7838032,-45.87270545,251.7837678,-45.8727111,15.0443,0.03,14.5136,0.041,14.2037,0.047,15.102999,0.014999,14.039999,0.008999,13.567999,0.014999,0,0,5
5.94E+18,251.7739339,-45.86510334,19.328163,,NOT_AVAILABLE,18644,251.7739685,-45.86508855,251.7739366,-45.8650941,14.6193,0.047,14.0236,0.048,13.7077,0.028,99.9999,9.9999,99.9999,9.9999,99.9999,9.9999,0,0,5
5.94E+18,251.7262454,-45.8766804,19.329777,3.2913322,NOT_AVAILABLE,4561,251.7263035,-45.876656,251.7262486,-45.8766735,99.9999,9.9999,99.9999,9.9999,99.9999,9.9999,15.229999,0.014999,14.333,0.012,13.810999,0.017999,0,0,5
5.94E+18,251.8199293,-45.86624263,19.334505,3.6735706,NOT_AVAILABLE,2956,251.8199602,-45.8662481,251.8199402,-45.8662452,99.9999,9.9999,99.9999,9.9999,99.9999,9.9999,12.821999,0.012,10.744,0.008999,9.8859996,0.012,0,0,5
5.94E+18,251.766429,-45.83074871,19.340275,4.3785095,NOT_AVAILABLE,2040,251.7664291,-45.830754,251.7664234,-45.8307523,99.9999,9.9999,99.9999,9.9999,99.9999,9.9999,13.062999,0.008999,11.347,0.007,10.546999,0.008,0,0,5
5.94E+18,251.7633807,-45.82784277,19.341002,,NOT_AVAILABLE,5370,251.7633646,-45.8278402,251.7633605,-45.8278384,99.9999,9.9999,99.9999,9.9999,99.9999,9.9999,13.765,0.014,12.201,0.043999,11.623999,0.065999,0,0,5
5.94E+18,251.7804164,-45.84839342,19.341465,4.464823,NOT_AVAILABLE,26848,251.7804307,-45.84839451,251.7804144,-45.8483946,14.2313,0.029,13.6986,0.048,13.4097,0.051,14.194,0.014,12.939999,0.013,12.312999,0.020999,1,0,5
5.94E+18,251.8010655,-45.84452315,19.350605,1.9900513,NOT_AVAILABLE,27468,251.8010857,-45.84452697,251.8010784,-45.8445222,16.8133,0.029,16.2896,0.042,16.1247,0.025,16.830999,0.024,15.984,0.029999,15.727999,0.039999,0,0,5
5.94E+18,251.8003357,-45.84497348,19.351763,2.2715988,NOT_AVAILABLE,27328,251.8003492,-45.84497866,251.8003414,-45.8449741,16.5113,0.036,16.1246,0.039,15.9177,0.042,16.545,0.018999,15.717,0.028,15.284,0.037999,0,0,5
5.94E+18,251.7540409,-45.8745002,19.352127,3.756998,NOT_AVAILABLE,17185,251.754068,-45.87448735,251.7540227,-45.874499,15.0623,0.035,14.5586,0.04,14.3207,0.045,15.083999,0.020999,14.074999,0.016,13.595,0.021999,0,0,5
5.94E+18,251.7842915,-45.86849604,19.352232,4.869053,VARIABLE,4676,251.7843221,-45.8684857,251.7842903,-45.8684901,99.9999,9.9999,99.9999,9.9999,99.9999,9.9999,13.463,0.037999,11.751,0.019999,11.022999,0.028999,0,0,5
5.94E+18,251.7446406,-45.85302085,19.355633,4.0480824,NOT_AVAILABLE,14430,251.7447053,-45.8530183,251.7446751,-45.8530264,14.9013,0.048,14.4676,0.047,14.1907,0.05,14.998999,0.012,13.956999,0.008,13.451,0.014999,0,0,5
5.94E+18,251.7640654,-45.83566693,19.364538,4.2210426,NOT_AVAILABLE,44436,251.764025,-45.83566918,251.7640146,-45.8356692,14.7173,0.043,14.1596,0.047,13.8847,0.051,14.654,0.016,13.545,0.013,13.050999,0.023,0,0,5
5.94E+18,251.755594,-45.81384516,19.369604,2.6886253,NOT_AVAILABLE,44752,251.7555573,-45.81384192,251.7555625,-45.8138381,16.3723,0.027,15.9196,0.034,15.6267,0.037,99.9999,9.9999,99.9999,9.9999,99.9999,9.9999,0,0,5
5.94E+18,251.7465805,-45.88417639,19.370144,3.4686012,NOT_AVAILABLE,2523,251.7466327,-45.8841546,251.7465773,-45.8841701,99.9999,9.9999,99.9999,9.9999,99.9999,9.9999,14.928,0.026,13.901,0.012,13.361,0.021999,0,0,5
5.94E+18,251.7918694,-45.86488673,19.371208,4.3816967,NOT_AVAILABLE,26858,251.7918838,-45.86489216,251.791857,-45.8648943,14.3853,0.046,13.9596,0.054,13.5867,0.045,14.548,0.010999,13.336999,0.008999,12.779999,0.014,0,0,5
5.94E+18,251.7551905,-45.8684847,19.371847,4.0095215,NOT_AVAILABLE,18027,251.7552202,-45.86847198,251.7551802,-45.8684819,14.8403,0.042,14.3206,0.045,14.0157,0.048,14.854,0.009999,13.758,0.009999,13.244999,0.017,0,0,5
5.94E+18,251.7358632,-45.85744528,19.375404,2.5232944,NOT_AVAILABLE,8579,251.7359357,-45.85743133,251.7358994,-45.8574422,16.3243,0.045,15.8916,0.038,15.6277,0.046,16.327999,0.019999,15.480999,0.020999,15.072999,0.034,0,0,5
5.94E+18,251.8193431,-45.85679095,19.375868,4.1780434,NOT_AVAILABLE,1104,251.8193682,-45.8567947,251.8193559,-45.8567895,99.9999,9.9999,99.9999,9.9999,99.9999,9.9999,14.116999,0.010999,12.708,0.008999,12.102,0.008999,0,0,5
5.94E+18,251.7486265,-45.85912978,19.376383,3.9204712,NOT_AVAILABLE,22276,251.7486612,-45.85911447,251.7486271,-45.8591233,14.7003,0.039,14.3296,0.063,14.1447,0.062,14.782999,0.013,13.675,0.008,13.142999,0.012,0,0,5
5.94E+18,251.7395205,-45.86689304,19.376652,3.9878674,NOT_AVAILABLE,18353,251.7395477,-45.86687896,251.7395046,-45.8668915,15.1393,0.045,14.6636,0.051,14.4097,0.039,15.105999,0.009999,14.185999,0.008999,13.715,0.017999,0,0,5
5.94E+18,251.8227667,-45.85887938,19.377447,2.6063519,NOT_AVAILABLE,3183,251.8227913,-45.8588909,251.8227782,-45.8588856,99.9999,9.9999,99.9999,9.9999,99.9999,9.9999,16.629999,0.028,15.42,0.019999,15.069999,0.020999,0,0,5
5.94E+18,251.8200266,-45.82863937,19.379208,2.5703468,NOT_AVAILABLE,5364,251.8200689,-45.8286412,251.8200801,-45.8286288,99.9999,9.9999,99.9999,9.9999,99.9999,9.9999,16.332,0.041,15.333999,0.030999,15.012999,0.056,0,0,5
5.94E+18,251.7316978,-45.85340108,19.380377,3.842577,NOT_AVAILABLE,13874,251.7317609,-45.85339917,251.7317267,-45.8534098,14.9873,0.055,14.4306,0.06,14.1987,0.077,14.812,0.008999,13.807999,0.004999,13.307999,0.013,0,0,5
5.94E+18,251.7882352,-45.84712865,19.38183,,NOT_AVAILABLE,26850,251.7882536,-45.8471316,251.7882406,-45.8471299,14.2743,0.048,13.5606,0.053,13.1207,0.057,99.9999,9.9999,99.9999,9.9999,99.9999,9.9999,0,0,5
5.94E+18,251.7732082,-45.8192755,19.382359,2.2699814,NOT_AVAILABLE,44878,251.7731806,-45.81926969,251.7731863,-45.8192638,16.7013,0.034,16.1416,0.048,15.9817,0.043,16.617,0.025,15.751,0.037,15.414999,0.035,0,0,5
5.94E+18,251.7535154,-45.85812829,19.385914,,NOT_AVAILABLE,19304,251.7535476,-45.85811207,251.7535157,-45.8581197,14.3923,0.028,13.8406,0.052,13.5507,0.048,14.446999,0.014,13.248,0.012,12.668,0.024,1,0,5
5.94E+18,251.7383702,-45.8467446,19.391386,3.7526531,NOT_AVAILABLE,6092,251.7384367,-45.8467395,251.7384099,-45.8467472,15.2003,0.028,14.6516,0.04,14.4327,0.044,15.175,0.010999,14.163999,0.008,13.675999,0.012,0,0,5
5.94E+18,251.7225447,-45.85818199,19.394014,3.1200523,NOT_AVAILABLE,8708,251.7226094,-45.85817465,251.7225687,-45.8581882,15.8113,0.048,15.4076,0.071,15.1917,0.077,99.9999,9.9999,99.9999,9.9999,99.9999,9.9999,0,0,5
5.94E+18,251.7353547,-45.82896626,19.400127,,NOT_AVAILABLE,8056,251.735426,-45.82896165,251.7354131,-45.8289654,16.8733,0.062,16.4346,0.117,16.3127,0.175,99.9999,9.9999,99.9999,9.9999,99.9999,9.9999,0,0,5
5.94E+18,251.7707559,-45.85181851,19.401186,,NOT_AVAILABLE,16147,251.7707937,-45.8518043,251.7707719,-45.8518071,13.9023,0.029,13.2876,0.03,12.9137,0.042,13.963,0.009999,12.6,0.012,11.92,0.032,1,0,5
5.94E+18,251.7855762,-45.82787242,19.402605,2.8561745,NOT_AVAILABLE,43320,251.7855978,-45.82787099,251.7855999,-45.827865,14.6643,0.069,14.1736,0.08,13.8827,0.078,14.845,0.016,13.748,0.010999,13.09,0.043,0,0,5
5.94E+18,251.7997236,-45.86030494,19.40429,2.6868362,NOT_AVAILABLE,27344,251.799728,-45.86031676,251.7997073,-45.8603162,16.5483,0.03,15.9846,0.047,15.7847,0.035,99.9999,9.9999,99.9999,9.9999,99.9999,9.9999,0,0,5
5.94E+18,251.7791384,-45.80745551,19.407454,2.3680782,NOT_AVAILABLE,44876,251.7791162,-45.80745158,251.7791334,-45.8074416,16.7013,0.042,16.1616,0.035,15.9877,0.029,99.9999,9.9999,99.9999,9.9999,99.9999,9.9999,0,0,5
5.94E+18,251.7515953,-45.84366546,19.408382,4.508955,NOT_AVAILABLE,10953,251.7516678,-45.84367924,251.7516473,-45.8436836,14.1933,0.081,13.6906,0.119,13.3287,0.098,14.276,0.018999,13.289999,0.014999,12.737,0.017,1,0,5
5.94E+18,251.7292098,-45.85679966,19.414536,3.2783566,NOT_AVAILABLE,9886,251.7292733,-45.85679226,251.7292357,-45.8568042,15.0523,0.036,14.5066,0.046,14.2117,0.053,15.031999,0.009999,14.065999,0.007,13.564,0.017,0,0,5
5.94E+18,251.7486762,-45.83457249,19.42346,,NOT_AVAILABLE,44826,251.7486262,-45.83457125,251.7486123,-45.8345739,16.5703,0.042,16.1366,0.046,15.9357,0.059,99.9999,9.9999,99.9999,9.9999,99.9999,9.9999,0,0,5
5.94E+18,251.7764477,-45.8315398,19.427011,,NOT_AVAILABLE,44554,251.7764128,-45.83154462,251.7764093,-45.8315413,15.6923,0.04,15.1576,0.042,14.9577,0.04,15.657999,0.014999,14.68,0.013,14.303,0.020999,0,0,5
5.94E+18,251.7745587,-45.81280825,19.427414,3.4681587,NOT_AVAILABLE,44412,251.774531,-45.81280853,251.7745425,-45.8128008,14.4073,0.045,13.7546,0.042,13.3227,0.039,99.9999,9.9999,99.9999,9.9999,99.9999,9.9999,0,0,5
5.94E+18,251.7523479,-45.87482944,19.428396,,NOT_AVAILABLE,17147,251.7523748,-45.87481702,251.7523288,-45.8748291,15.2513,0.033,14.7706,0.036,14.5467,0.04,15.281,0.010999,14.317999,0.008999,13.852,0.019999,0,0,5
5.94E+18,251.7953242,-45.8433502,19.430462,3.6506805,NOT_AVAILABLE,26906,251.7953427,-45.84335121,251.7953348,-45.8433472,14.8253,0.027,14.2526,0.032,13.9297,0.032,14.843999,0.014,13.689999,0.012,13.131999,0.048,0,0,5
5.94E+18,251.7375797,-45.86916181,19.43104,3.222042,NOT_AVAILABLE,17896,251.7376047,-45.869146,251.7375592,-45.8691595,15.2093,0.029,14.7346,0.045,14.5107,0.048,15.248999,0.010999,14.284999,0.008999,13.769,0.014,0,0,5
5.94E+18,251.7459251,-45.86695051,19.431465,2.352293,NOT_AVAILABLE,18338,251.7459503,-45.86693361,251.745909,-45.8669449,16.7383,0.03,16.2016,0.045,15.9727,0.041,16.714,0.021999,15.786999,0.020999,15.501,0.041999,0,0,5
5.94E+18,251.7729391,-45.84960835,19.433111,,NOT_AVAILABLE,26866,251.7729511,-45.84960575,251.7729316,-45.8496076,14.4903,0.037,13.8686,0.049,13.5657,0.041,14.442,0.019999,13.397999,0.025,12.838,0.023,1,0,5
5.94E+18,251.731973,-45.85512065,19.442034,2.9579353,NOT_AVAILABLE,11851,251.7320332,-45.8551161,251.7319977,-45.8551271,16.5193,0.032,16.0376,0.043,15.7617,0.04,99.9999,9.9999,99.9999,9.9999,99.9999,9.9999,0,0,5
5.94E+18,251.7595482,-45.86816482,19.445278,,NOT_AVAILABLE,18104,251.7595795,-45.86815253,251.7595409,-45.8681616,14.9333,0.022,14.5396,0.048,14.1297,0.041,15.045,0.014,13.942,0.010999,13.472999,0.017999,0,0,5
5.94E+18,251.7305272,-45.84440719,19.449669,3.5850487,NOT_AVAILABLE,6506,251.7305968,-45.84439886,251.7305698,-45.8444074,15.2133,0.046,14.5586,0.038,14.2987,0.033,15.119999,0.009999,14.147999,0.010999,13.654,0.010999,0,0,5
5.94E+18,251.725967,-45.84864994,19.452274,3.5251427,VARIABLE,5803,251.7260326,-45.84864109,251.7260008,-45.8486516,14.7173,0.032,14.2046,0.047,13.8537,0.039,14.692,0.017,13.657999,0.008,12.993,0.052,0,0,5
5.94E+18,251.7612982,-45.85774772,19.454372,4.212101,NOT_AVAILABLE,22868,251.7613306,-45.85773599,251.7613012,-45.8577421,14.5853,0.026,14.1776,0.059,13.8497,0.052,14.52,0.013,13.373999,0.014999,12.711999,0.027,1,0,5
5.94E+18,251.7794798,-45.8641612,19.454546,3.54286,NOT_AVAILABLE,21898,251.7795157,-45.86414725,251.7794861,-45.8641515,14.5133,0.035,14.0236,0.052,13.6697,0.038,14.527999,0.009999,13.312999,0.008999,12.744,0.019999,0,0,5
5.94E+18,251.72934,-45.85733173,19.457298,2.5964737,NOT_AVAILABLE,3391,251.7293987,-45.85732279,251.7293606,-45.8573348,17.0303,0.037,16.5166,0.05,16.3147,0.048,99.9999,9.9999,99.9999,9.9999,99.9999,9.9999,0,0,5
5.94E+18,251.743814,-45.88459746,19.458557,3.0587826,NOT_AVAILABLE,50,251.7438732,-45.8845726,251.7438167,-45.8845888,99.9999,9.9999,99.9999,9.9999,99.9999,9.9999,15.600999,0.017,14.782999,0.014,14.300999,0.021999,0,0,5
5.94E+18,251.7770915,-45.86496309,19.459795,,NOT_AVAILABLE,18666,251.7771262,-45.86495142,251.7770953,-45.8649563,14.5633,0.037,14.0356,0.04,13.6687,0.042,14.515,0.041,13.376999,0.027,12.807,0.043,0,0,5
5.94E+18,251.7727657,-45.83881874,19.460205,4.218239,NOT_AVAILABLE,43319,251.7727847,-45.83881808,251.7727742,-45.8388172,14.6253,0.031,14.1076,0.061,13.8127,0.062,14.687999,0.019999,13.574,0.017999,13.024999,0.024,1,0,5
5.94E+18,251.7800128,-45.84197884,19.46164,3.4137115,NOT_AVAILABLE,26916,251.7800318,-45.84197813,251.7800207,-45.8419767,14.9193,0.039,14.4856,0.068,14.1827,0.055,14.767,0.030999,13.689999,0.018999,13.262999,0.041,1,0,5
5.94E+18,251.7946289,-45.87611861,19.462723,2.4233322,NOT_AVAILABLE,427,251.7946546,-45.8761115,251.7946194,-45.8761159,99.9999,9.9999,99.9999,9.9999,99.9999,9.9999,16.815999,0.030999,16.034,0.026,15.652999,0.037,0,0,5
5.94E+18,251.7298223,-45.84013294,19.46773,2.8628922,NOT_AVAILABLE,7109,251.7298809,-45.8401217,251.7298572,-45.8401293,15.9353,0.038,15.4076,0.044,15.1257,0.041,99.9999,9.9999,99.9999,9.9999,99.9999,9.9999,0,0,5
5.94E+18,251.7739658,-45.87728839,19.468704,3.4346046,NOT_AVAILABLE,15419,251.7739987,-45.87728017,251.7739566,-45.8772888,14.7153,0.035,14.2366,0.039,13.8757,0.032,14.685,0.023,13.564999,0.016,13.017,0.026,0,0,5
5.94E+18,251.7618886,-45.85034705,19.469294,,NOT_AVAILABLE,5036,251.7619097,-45.8503494,251.7618866,-45.8503535,99.9999,9.9999,99.9999,9.9999,99.9999,9.9999,13.968999,0.014,12.399999,0.014,11.640999,0.019999,1,0,5
5.94E+18,251.8011721,-45.83504895,19.47084,4.0675316,NOT_AVAILABLE,26842,251.8011943,-45.83505136,251.8011948,-45.8350442,14.1163,0.031,13.5716,0.047,13.2847,0.045,14.267,0.021999,12.923999,0.023,12.425999,0.018999,0,0,5
5.94E+18,251.7512828,-45.85736644,19.475708,4.268505,NOT_AVAILABLE,19337,251.751314,-45.85734955,251.7512821,-45.8573574,14.6283,0.044,14.0596,0.049,13.7557,0.046,14.623,0.010999,13.456999,0.009999,12.852999,0.010999,0,0,5
5.94E+18,251.7939607,-45.82696342,19.476173,2.0734882,NOT_AVAILABLE,43421,251.793986,-45.82696652,251.7939913,-45.8269587,16.6643,0.035,16.2646,0.038,16.0517,0.039,16.788999,0.018999,15.980999,0.026,15.668999,0.034,0,0,5
5.94E+18,251.7460216,-45.8503696,19.477198,,NOT_AVAILABLE,3025,251.74609,-45.85036508,251.7460624,-45.8503722,14.8013,0.042,14.2826,0.039,14.0117,0.045,14.850999,0.016,13.781,0.012,13.248,0.020999,1,0,5
5.94E+18,251.787698,-45.84828707,19.478302,4.5717983,NOT_AVAILABLE,26885,251.7877133,-45.84829171,251.7876992,-45.8482904,14.6573,0.037,14.2156,0.079,13.8667,0.067,14.317,0.043999,13.168999,0.032,12.562,0.057999,0,0,5
5.94E+18,251.770894,-45.84805288,19.482033,,NOT_AVAILABLE,26881,251.7709084,-45.84805162,251.7708897,-45.8480535,14.5993,0.033,14.1096,0.047,13.8047,0.038,14.692,0.028,13.718,0.046999,13.142,0.056,1,0,5
5.94E+18,251.7377742,-45.82057896,19.483541,3.012436,NOT_AVAILABLE,44761,251.7377372,-45.82057379,251.7377319,-45.820575,16.4023,0.041,15.9826,0.054,15.8197,0.062,99.9999,9.9999,99.9999,9.9999,99.9999,9.9999,0,0,5
5.94E+18,251.7486613,-45.8584374,19.487415,4.1473064,NOT_AVAILABLE,19292,251.7486936,-45.8584216,251.7486601,-45.8584303,14.5403,0.051,14.0636,0.04,13.7397,0.045,14.692,0.014,13.548999,0.017,13.020999,0.014999,0,0,5
5.94E+18,251.7509017,-45.85837477,19.494858,4.3022957,NOT_AVAILABLE,19294,251.7509343,-45.85835886,251.7509014,-45.8583671,14.4923,0.031,13.9326,0.038,13.6147,0.035,14.564,0.014999,13.449999,0.025,12.807999,0.028,0,0,5
5.94E+18,251.7804997,-45.88017899,19.49509,,NOT_AVAILABLE,5844,251.7805646,-45.8801465,251.780522,-45.8801546,99.9999,9.9999,99.9999,9.9999,99.9999,9.9999,14.237999,0.019999,13.161,0.014,12.63,0.025,0,0,5
5.94E+18,251.7654385,-45.8904739,19.501907,3.4123554,NOT_AVAILABLE,18383,251.7654658,-45.89046636,251.7654104,-45.8904799,14.8473,0.05,14.3966,0.049,14.0997,0.045,99.9999,9.9999,99.9999,9.9999,99.9999,9.9999,0,0,5
5.94E+18,251.7706718,-45.85901368,19.502802,4.088537,NOT_AVAILABLE,4859,251.7706919,-45.8590105,251.7706641,-45.8590151,99.9999,9.9999,99.9999,9.9999,99.9999,9.9999,13.574,0.012,12.053999,0.009999,11.364,0.023,1,0,5
5.94E+18,251.731565,-45.88534163,19.516554,1.8147926,NOT_AVAILABLE,4223,251.7316224,-45.8853111,251.7315618,-45.8853298,99.9999,9.9999,99.9999,9.9999,99.9999,9.9999,15.069,0.021999,13.989999,0.010999,13.449,0.017999,0,0,5
5.94E+18,251.7986886,-45.83596987,19.516563,2.0866432,NOT_AVAILABLE,27549,251.7987124,-45.83597536,251.7987115,-45.8359689,16.9643,0.053,16.4076,0.04,16.2277,0.03,16.879999,0.020999,16.089,0.028999,15.788,0.039999,0,0,5
5.94E+18,251.7244502,-45.83075435,19.517773,2.7716522,NOT_AVAILABLE,7983,251.7245214,-45.83074627,251.7245039,-45.8307526,16.2773,0.027,15.7216,0.058,15.4967,0.052,16.468,0.032999,15.581,0.027,15.175999,0.039999,0,0,5
5.94E+18,251.8086586,-45.83524034,19.518955,3.697897,NOT_AVAILABLE,1867,251.8086698,-45.8352409,251.8086723,-45.8352323,99.9999,9.9999,99.9999,9.9999,99.9999,9.9999,14.128,0.012,12.732,0.008999,12.116999,0.016,0,0,5
5.94E+18,251.7373891,-45.85621129,19.519764,3.0153694,NOT_AVAILABLE,10629,251.7374527,-45.85620567,251.7374178,-45.8562159,15.7673,0.053,15.3906,0.042,15.1677,0.049,15.814,0.020999,14.921999,0.019999,14.470999,0.039999,0,0,5
5.94E+18,251.8161724,-45.88542805,19.5206,3.6745167,NOT_AVAILABLE,44,251.8162092,-45.8854172,251.8161723,-45.8854199,99.9999,9.9999,99.9999,9.9999,99.9999,9.9999,14.543999,0.025,13.149999,0.009999,12.557,0.021999,0,0,5
5.94E+18,251.7178929,-45.84129283,19.521196,2.6303558,NOT_AVAILABLE,6960,251.717951,-45.84128235,251.717923,-45.8412925,16.8043,0.036,16.2706,0.035,16.1567,0.035,99.9999,9.9999,99.9999,9.9999,99.9999,9.9999,0,0,5
5.94E+18,251.7732756,-45.82671912,19.522186,1.7723541,NOT_AVAILABLE,44877,251.7732421,-45.8267238,251.7732417,-45.8267198,16.7013,0.04,16.2976,0.049,16.0957,0.053,16.806999,0.020999,16.086,0.032999,15.786999,0.039999,0,0,5
5.94E+18,251.7303926,-45.86622008,19.523867,2.2922401,NOT_AVAILABLE,7096,251.7304599,-45.86621165,251.7304147,-45.8662257,16.7413,0.045,16.2496,0.063,16.0257,0.067,16.694999,0.023,15.81,0.025,15.416999,0.035999,0,0,5
5.94E+18,251.7778189,-45.85523632,19.528185,2.8148327,NOT_AVAILABLE,27417,251.7778255,-45.85523656,251.7778028,-45.8552389,16.7053,0.042,16.2826,0.057,16.0487,0.052,16.812,0.028999,15.958999,0.037,15.461,0.089,1,0,5
5.94E+18,251.7379364,-45.86501388,19.530355,,NOT_AVAILABLE,18657,251.7379611,-45.86499717,251.7379191,-45.8650095,14.8483,0.03,14.3496,0.041,14.0517,0.035,14.89,0.014999,13.822999,0.007,13.272999,0.014999,0,0,5
5.94E+18,251.7946076,-45.83021668,19.531149,,NOT_AVAILABLE,26893,251.794633,-45.83021562,251.7946357,-45.8302085,14.7693,0.045,14.1486,0.043,13.8057,0.043,99.9999,9.9999,99.9999,9.9999,99.9999,9.9999,0,0,5
5.94E+18,251.7277067,-45.83471231,19.533525,3.2638054,NOT_AVAILABLE,4384,251.7277198,-45.834694,251.7277,-45.8347007,99.9999,9.9999,99.9999,9.9999,99.9999,9.9999,13.765999,0.024,12.029999,0.017,11.239999,0.021999,0,0,5
5.94E+18,251.7327642,-45.872616,19.538038,2.3955173,NOT_AVAILABLE,531,251.7328158,-45.8725975,251.7327661,-45.8726127,99.9999,9.9999,99.9999,9.9999,99.9999,9.9999,15.395,0.017,14.329999,0.010999,13.892999,0.019999,0,0,5
5.94E+18,251.7668464,-45.80654036,19.539202,2.016611,NOT_AVAILABLE,44918,251.7668106,-45.80654212,251.766825,-45.8065343,16.7913,0.027,16.3546,0.036,16.0457,0.043,99.9999,9.9999,99.9999,9.9999,99.9999,9.9999,0,0,5
5.94E+18,251.7440918,-45.82488112,19.542576,,NOT_AVAILABLE,12968,251.7441643,-45.82487294,251.7441572,-45.824874,16.0073,0.046,15.5886,0.072,15.4097,0.076,99.9999,9.9999,99.9999,9.9999,99.9999,9.9999,0,0,5
5.94E+18,251.7578568,-45.86067674,19.54434,,NOT_AVAILABLE,19141,251.7578882,-45.86066231,251.7578554,-45.8606698,14.6123,0.046,14.1646,0.042,13.7657,0.041,14.753,0.016,13.619,0.019999,13.045,0.028,1,0,5
5.94E+18,251.7539727,-45.8723353,19.552347,3.398264,NOT_AVAILABLE,17434,251.7539997,-45.87232027,251.7539561,-45.8723314,15.2243,0.039,14.6926,0.039,14.4387,0.038,15.14,0.017,14.196,0.010999,13.663,0.016,0,0,5
5.94E+18,251.7281242,-45.87317679,19.553415,3.4642525,NOT_AVAILABLE,521,251.7281774,-45.8731567,251.7281259,-45.873173,99.9999,9.9999,99.9999,9.9999,99.9999,9.9999,15.288999,0.009999,14.373,0.007,13.847999,0.017,0,0,5
5.94E+18,251.7315616,-45.85529333,19.553852,,NOT_AVAILABLE,11707,251.7316243,-45.85528761,251.7315886,-45.8552987,14.8883,0.038,14.4006,0.047,14.1297,0.046,14.934,0.010999,13.880999,0.013,13.380999,0.014,0,0,5
5.94E+18,251.7243307,-45.86942333,19.555597,,NOT_AVAILABLE,4657,251.7243744,-45.8694194,251.7243249,-45.8694354,99.9999,9.9999,99.9999,9.9999,99.9999,9.9999,15.696,0.018999,14.819,0.021999,14.381999,0.029999,0,0,5
5.94E+18,251.747831,-45.82359098,19.559101,2.358635,NOT_AVAILABLE,44833,251.7477908,-45.82358799,251.7477859,-45.8235881,16.5803,0.025,16.0906,0.038,15.8977,0.039,16.603,0.019999,15.871,0.017999,15.527,0.027,0,0,5
5.94E+18,251.813065,-45.8353633,19.56126,2.7506676,NOT_AVAILABLE,27202,251.8130903,-45.83537041,251.8130939,-45.835361,16.2443,0.053,15.8386,0.055,15.5997,0.052,16.427999,0.023,15.479,0.016,15.159999,0.028,0,0,5
5.94E+18,251.7495973,-45.87249495,19.57996,2.48814,NOT_AVAILABLE,17419,251.749637,-45.87248162,251.7495921,-45.8724936,16.3793,0.029,15.9546,0.036,15.7557,0.037,16.437,0.021999,15.598999,0.019999,15.182999,0.025,0,0,5
5.94E+18,251.7298249,-45.88458266,19.583189,2.9501266,NOT_AVAILABLE,2514,251.7298939,-45.8845406,251.7298334,-45.8845594,99.9999,9.9999,99.9999,9.9999,99.9999,9.9999,15.324999,0.014,14.444999,0.008999,13.975999,0.021999,0,0,5
5.94E+18,251.7567867,-45.84630377,19.584671,3.6218815,NOT_AVAILABLE,6170,251.7568576,-45.84630074,251.7568364,-45.8463048,14.9093,0.033,14.4236,0.039,14.1757,0.047,15.020999,0.025,13.833,0.021999,13.029,0.048,1,0,5
5.94E+18,251.7851015,-45.86832479,19.585358,3.8189716,NOT_AVAILABLE,18065,251.7851353,-45.86831187,251.7851038,-45.8683161,14.9313,0.052,14.2566,0.048,13.9007,0.058,14.84,0.043,13.717,0.021999,13.21,0.024,0,0,5
5.94E+18,251.7311124,-45.85257468,19.591608,2.2316513,NOT_AVAILABLE,14985,251.7311849,-45.85257228,251.7311513,-45.8525828,16.9133,0.037,16.5146,0.044,16.2697,0.047,17.024,0.025,16.25,0.027,15.902,0.041,0,0,5
5.94E+18,251.7376493,-45.82165203,19.591982,2.7495575,NOT_AVAILABLE,44850,251.7376038,-45.82164561,251.7375976,-45.8216471,16.6353,0.03,16.1996,0.042,16.1387,0.063,16.628,0.041,15.727999,0.05,15.418999,0.059999,0,0,5
5.94E+18,251.7608662,-45.82869976,19.59526,3.0348778,NOT_AVAILABLE,44804,251.7608598,-45.82868907,251.7608543,-45.8286879,16.5283,0.037,16.1276,0.05,16.1217,0.072,99.9999,9.9999,99.9999,9.9999,99.9999,9.9999,0,0,5
5.94E+18,251.7872531,-45.85070036,19.595774,3.9460678,NOT_AVAILABLE,26907,251.7872667,-45.85070168,251.7872504,-45.8507011,14.8463,0.052,14.3076,0.046,14.0077,0.048,14.937,0.014,13.812,0.016,13.291,0.023,0,0,5
5.94E+18,251.768954,-45.86134995,19.59632,2.4504547,NOT_AVAILABLE,19075,251.7689815,-45.86133278,251.7689512,-45.8613383,16.7603,0.037,16.0996,0.052,15.7897,0.065,16.448999,0.030999,15.390999,0.035999,15.074,0.07,1,0,5
5.94E+18,251.7869838,-45.86007798,19.601713,2.729498,NOT_AVAILABLE,27347,251.7869959,-45.86008386,251.7869718,-45.8600857,16.5533,0.039,16.0806,0.061,15.8727,0.062,99.9999,9.9999,99.9999,9.9999,99.9999,9.9999,0,0,5
5.94E+18,251.7559901,-45.83208641,19.605543,3.8362045,NOT_AVAILABLE,44565,251.7559481,-45.83208691,251.7559384,-45.8320876,15.7483,0.034,15.2596,0.05,15.0627,0.047,99.9999,9.9999,99.9999,9.9999,99.9999,9.9999,0,0,5
5.94E+18,251.7448899,-45.86750264,19.609879,1.508894,NOT_AVAILABLE,18230,251.7449234,-45.86748243,251.7448813,-45.8674941,15.4403,0.032,14.8966,0.049,14.4967,0.032,99.9999,9.9999,99.9999,9.9999,99.9999,9.9999,0,0,5
5.94E+18,251.7708823,-45.88273718,19.60991,4.349249,NOT_AVAILABLE,163,251.7709244,-45.8827269,251.770877,-45.8827375,99.9999,9.9999,99.9999,9.9999,99.9999,9.9999,13.954999,0.013,12.369999,0.006,11.649,0.014999,0,0,5
5.94E+18,251.7317154,-45.87484587,19.611664,3.2302303,NOT_AVAILABLE,5856,251.7317657,-45.8748261,251.7317138,-45.8748421,99.9999,9.9999,99.9999,9.9999,99.9999,9.9999,15.539999,0.014,14.574,0.017,14.154999,0.018999,0,0,5
5.94E+18,251.7317625,-45.87123707,19.612455,3.4456825,NOT_AVAILABLE,2828,251.7318053,-45.87122,251.7317564,-45.8712351,99.9999,9.9999,99.9999,9.9999,99.9999,9.9999,15.312,0.008999,14.244,0.007,13.744999,0.014999,0,0,5
5.94E+18,251.754235,-45.8472721,19.619343,,NOT_AVAILABLE,6016,251.7543067,-45.84726919,251.754284,-45.847274,14.7673,0.037,14.2576,0.034,13.9417,0.042,14.935999,0.014,13.798999,0.010999,13.213,0.014999,1,0,5
5.94E+18,251.763336,-45.86116604,19.61969,,NOT_AVAILABLE,19089,251.7633665,-45.86115234,251.7633349,-45.8611589,15.8063,0.041,15.3266,0.043,15.0657,0.045,15.946999,0.017999,14.994,0.023,14.489,0.023,1,0,5
5.94E+18,251.7439481,-45.84389911,19.620167,2.5653572,NOT_AVAILABLE,5300,251.7440184,-45.8438977,251.7439956,-45.8439036,16.6453,0.045,16.2726,0.057,16.0577,0.066,16.684999,0.024,15.812999,0.027,15.394,0.032,0,0,5
5.94E+18,251.7588619,-45.85563044,19.621187,3.1598682,NOT_AVAILABLE,19416,251.7588962,-45.85561568,251.7588679,-45.8556217,14.8843,0.032,14.4056,0.05,14.1537,0.042,15.022999,0.017,13.904999,0.016,13.342,0.017,1,0,5
5.94E+18,251.816813,-45.86445396,19.622147,2.5772133,NOT_AVAILABLE,847,251.8168767,-45.8644538,251.8168573,-45.8644511,99.9999,9.9999,99.9999,9.9999,99.9999,9.9999,16.909,0.028,16.003999,0.025,15.704,0.041,0,0,5
5.94E+18,251.7258442,-45.8432363,19.625296,1.9956169,NOT_AVAILABLE,6684,251.7259073,-45.84323096,251.7258799,-45.8432401,16.8643,0.025,16.4046,0.041,16.1027,0.042,16.840999,0.032999,15.857999,0.032,15.498999,0.05,0,0,5
5.94E+18,251.7700071,-45.82940788,19.626667,,NOT_AVAILABLE,44782,251.7699744,-45.82941,251.7699708,-45.8294073,16.4653,0.037,16.0456,0.038,15.8377,0.039,99.9999,9.9999,99.9999,9.9999,99.9999,9.9999,0,0,5
5.94E+18,251.761115,-45.85945142,19.6318,2.5727577,NOT_AVAILABLE,19242,251.7611364,-45.85943982,251.7611055,-45.8594464,16.9583,0.039,16.5516,0.044,16.3717,0.042,16.923999,0.059999,16.072,0.052999,16.079,0.115,1,0,5
5.94E+18,251.759345,-45.82129083,19.63232,2.4153595,NOT_AVAILABLE,44828,251.7593094,-45.82128218,251.7593096,-45.8212795,16.5723,0.05,16.0596,0.046,15.8437,0.047,16.544,0.027,15.64,0.027,15.310999,0.043999,0,0,5
5.94E+18,251.7725471,-45.88139242,19.63476,2.4439964,NOT_AVAILABLE,22072,251.7725764,-45.88139176,251.7725306,-45.8814017,16.8463,0.031,16.4016,0.04,16.1467,0.042,16.889999,0.046999,15.918999,0.029999,15.557,0.050999,0,0,5
5.94E+18,251.7498414,-45.88327353,19.640047,2.2428055,NOT_AVAILABLE,4509,251.7498554,-45.8832342,251.7498017,-45.8832489,99.9999,9.9999,99.9999,9.9999,99.9999,9.9999,16.486,0.07,15.56,0.057,15.123999,0.085,0,0,5
5.94E+18,251.8086937,-45.86849639,19.642477,2.6476688,NOT_AVAILABLE,695,251.8087503,-45.8685136,251.8087253,-45.8685134,99.9999,9.9999,99.9999,9.9999,99.9999,9.9999,16.236999,0.030999,15.175,0.021999,14.807999,0.037999,0,0,5
5.94E+18,251.7689557,-45.88777016,19.643814,2.6357136,NOT_AVAILABLE,16874,251.7689876,-45.88775908,251.7689355,-45.8877713,16.6053,0.029,16.1346,0.043,15.9097,0.054,99.9999,9.9999,99.9999,9.9999,99.9999,9.9999,0,0,5
5.94E+18,251.751432,-45.86098905,19.6484,3.916216,NOT_AVAILABLE,19113,251.7514641,-45.86097185,251.7514292,-45.8609806,14.8783,0.032,14.4116,0.047,14.1347,0.045,14.918999,0.014,13.803999,0.013,13.25,0.019999,0,0,5
5.94E+18,251.737687,-45.86221477,19.648575,3.8297138,NOT_AVAILABLE,13158,251.7377389,-45.86221451,251.7376991,-45.8622262,14.9213,0.041,14.3576,0.098,13.7847,0.062,14.652,0.012,13.444,0.006,12.864999,0.010999,0,0,5
5.94E+18,251.7352813,-45.84149517,19.650206,2.1041908,NOT_AVAILABLE,6946,251.735345,-45.84149258,251.7353217,-45.8414995,17.0023,0.027,16.5316,0.038,16.2527,0.043,17.108999,0.026,16.173999,0.021999,15.838,0.035,0,0,5
5.94E+18,251.7896742,-45.84968253,19.651583,3.603281,NOT_AVAILABLE,26918,251.78969,-45.84968496,251.7896752,-45.8496837,14.9233,0.06,14.4776,0.051,14.2317,0.041,14.914999,0.041999,13.744,0.037,13.206999,0.061,0,0,5
5.94E+18,251.7107148,-45.84269552,19.65193,3.193674,NOT_AVAILABLE,12856,251.7107801,-45.84268372,251.7107489,-45.8426956,15.1303,0.033,14.7026,0.046,14.4307,0.039,99.9999,9.9999,99.9999,9.9999,99.9999,9.9999,0,0,5
5.94E+18,251.7974164,-45.86645893,19.652412,2.3782558,NOT_AVAILABLE,27520,251.7974261,-45.86646946,251.7973996,-45.8664709,16.9093,0.036,16.3636,0.05,16.0957,0.054,16.864999,0.028999,15.866,0.027,15.532999,0.041999,0,0,5
5.94E+18,251.7283842,-45.84416733,19.653456,3.359888,NOT_AVAILABLE,6522,251.7284504,-45.84415604,251.728423,-45.844165,15.4213,0.039,14.8836,0.041,14.6107,0.044,15.284999,0.017,14.203,0.018999,13.6,0.026,0,0,5
5.94E+18,251.8226009,-45.868325,19.656452,2.408371,NOT_AVAILABLE,704,251.8226282,-45.8683299,251.8226072,-45.868327,99.9999,9.9999,99.9999,9.9999,99.9999,9.9999,17.180999,0.052,15.847,0.024,15.503999,0.023,0,0,5
5.94E+18,251.735951,-45.84875488,19.65656,4.038494,NOT_AVAILABLE,5781,251.7360184,-45.84874805,251.7359893,-45.8487567,14.9513,0.031,14.4656,0.045,14.1437,0.038,14.934,0.009999,13.828,0.010999,13.307,0.026,0,0,5
5.94E+18,251.7241501,-45.82439823,19.659338,2.2121449,NOT_AVAILABLE,2252,251.7241411,-45.8243878,251.7241288,-45.8243926,99.9999,9.9999,99.9999,9.9999,99.9999,9.9999,17.075,0.048999,16.330999,0.043,16.087999,0.052999,0,0,5
5.94E+18,251.7980868,-45.86027451,19.659542,3.3236542,NOT_AVAILABLE,26986,251.7980977,-45.86028386,251.7980766,-45.8602836,15.3843,0.024,14.8216,0.037,14.5227,0.048,15.47,0.013,14.348999,0.009999,13.871,0.014,0,0,5
5.94E+18,251.7434573,-45.85414181,19.660599,2.8116474,NOT_AVAILABLE,12896,251.7435201,-45.8541375,251.7434887,-45.8541461,16.7643,0.034,16.2856,0.045,16.0267,0.043,99.9999,9.9999,99.9999,9.9999,99.9999,9.9999,0,0,5
5.94E+18,251.7777654,-45.87174795,19.66236,4.097742,NOT_AVAILABLE,17503,251.7777988,-45.87173964,251.7777624,-45.8717461,14.9693,0.044,14.4556,0.067,14.1237,0.057,14.928,0.012,13.805,0.008999,13.288,0.017999,0,0,5
5.94E+18,251.7729761,-45.84762089,19.668896,,NOT_AVAILABLE,26926,251.772991,-45.84762162,251.7729732,-45.847623,14.9823,0.045,14.3806,0.044,14.0677,0.047,14.63,0.039999,13.739,0.041999,13.442,0.046,1,0,5
5.94E+18,251.7834098,-45.8414806,19.670725,,NOT_AVAILABLE,1644,251.7833998,-45.8415052,251.78339,-45.841503,99.9999,9.9999,99.9999,9.9999,99.9999,9.9999,13.906999,0.014999,12.079,0.013,11.383999,0.019999,0,0,5
5.94E+18,251.7800272,-45.83661886,19.674652,,NOT_AVAILABLE,43323,251.7800445,-45.83661767,251.7800379,-45.8366149,14.9673,0.036,14.4686,0.04,14.1547,0.04,15.041,0.030999,14.076999,0.045,13.51,0.043999,1,0,5
5.94E+18,251.7524676,-45.87195486,19.675589,,NOT_AVAILABLE,17478,251.7524968,-45.87194068,251.7524531,-45.871952,15.3363,0.034,14.7786,0.044,14.5097,0.034,15.399999,0.012,14.383,0.016,13.821999,0.021999,0,0,5
5.94E+18,251.8292505,-45.84442973,19.683172,2.4198666,NOT_AVAILABLE,27410,251.8292803,-45.84443317,251.829281,-45.844423,16.6913,0.041,16.2846,0.045,16.0037,0.037,99.9999,9.9999,99.9999,9.9999,99.9999,9.9999,0,0,5
5.94E+18,251.7580398,-45.84055484,19.68351,3.726902,NOT_AVAILABLE,44461,251.757995,-45.84055862,251.7579789,-45.840561,15.0083,0.042,14.4286,0.061,14.1007,0.053,14.961999,0.017,13.833999,0.013,13.291,0.017999,1,0,5
5.94E+18,251.7749591,-45.80657667,19.684402,2.5655422,NOT_AVAILABLE,44744,251.7749209,-45.80658172,251.7749376,-45.8065723,16.3613,0.032,15.9336,0.039,15.7167,0.04,99.9999,9.9999,99.9999,9.9999,99.9999,9.9999,0,0,5
5.94E+18,251.7790723,-45.85663826,19.68465,4.0617447,NOT_AVAILABLE,26867,251.7790862,-45.85663974,251.7790627,-45.8566422,14.4953,0.049,13.8996,0.063,13.5777,0.07,14.472,0.012,13.18,0.008999,12.593,0.017999,1,0,5
5.94E+18,251.74412,-45.85369801,19.690588,,NOT_AVAILABLE,13485,251.7441852,-45.85369226,251.7441543,-45.8537006,15.2033,0.029,14.5696,0.052,14.2547,0.055,99.9999,9.9999,99.9999,9.9999,99.9999,9.9999,0,0,5
5.94E+18,251.7486996,-45.87861175,19.690945,2.2460918,NOT_AVAILABLE,25482,251.7487228,-45.87860182,251.7486726,-45.8786156,16.6193,0.023,16.2156,0.033,16.0307,0.041,16.594999,0.019999,15.746,0.025,15.362999,0.035,0,0,5
5.94E+18,251.7711076,-45.85344886,19.6931,,NOT_AVAILABLE,4975,251.771129,-45.8534495,251.7711059,-45.8534527,99.9999,9.9999,99.9999,9.9999,99.9999,9.9999,13.678,0.014999,12.100999,0.012,11.394,0.025,1,0,5
5.94E+18,251.8010742,-45.82093325,19.696661,3.763052,NOT_AVAILABLE,43314,251.8011038,-45.82093273,251.801116,-45.820922,14.4673,0.044,13.9876,0.053,13.6687,0.043,14.708,0.017,13.463,0.008999,12.906999,0.023,0,0,5
5.94E+18,251.751135,-45.85542391,19.700254,2.8814983,NOT_AVAILABLE,22390,251.7511683,-45.85541021,251.751138,-45.8554176,15.0293,0.038,14.5476,0.061,14.2867,0.056,14.980999,0.020999,13.871,0.008999,13.314999,0.014999,0,0,5
5.94E+18,251.8054868,-45.82776925,19.70244,2.2870655,NOT_AVAILABLE,27403,251.8055158,-45.82777215,251.8055236,-45.8277623,16.6863,0.027,16.2076,0.037,15.9527,0.036,99.9999,9.9999,99.9999,9.9999,99.9999,9.9999,0,0,5
5.94E+18,251.7823773,-45.82517887,19.704174,2.509138,NOT_AVAILABLE,44866,251.7823414,-45.82517928,251.7823448,-45.8251732,16.6773,0.027,16.1806,0.038,15.8957,0.039,16.726999,0.025,15.631999,0.029999,15.319,0.024,0,0,5
5.94E+18,251.756518,-45.85402086,19.70483,,NOT_AVAILABLE,19490,251.7565493,-45.85400498,251.7565216,-45.854011,14.8273,0.049,14.1666,0.047,13.8317,0.051,14.838,0.018999,13.619999,0.014999,13.062,0.032999,1,0,5
5.94E+18,251.7570673,-45.88542244,19.705618,,NOT_AVAILABLE,19793,251.757094,-45.88541125,251.7570405,-45.8854251,16.9703,0.05,16.6276,0.047,16.4147,0.032,99.9999,9.9999,99.9999,9.9999,99.9999,9.9999,0,0,5
5.94E+18,251.8037377,-45.88632454,19.706045,3.65201,NOT_AVAILABLE,14,251.8037757,-45.8863194,251.8037346,-45.8863247,99.9999,9.9999,99.9999,9.9999,99.9999,9.9999,14.123999,0.028999,12.536,0.010999,11.829999,0.024,0,0,5
5.94E+18,251.780066,-45.83437312,19.706114,2.6305466,NOT_AVAILABLE,26831,251.7800853,-45.83437287,251.7800805,-45.8343695,13.9933,0.041,13.3656,0.057,12.7827,0.06,14.152999,0.014999,12.52,0.009999,11.852,0.017,0,0,5
5.94E+18,251.7244906,-45.81828349,19.70616,2.2078838,NOT_AVAILABLE,2451,251.7244822,-45.8182576,251.7244751,-45.8182608,99.9999,9.9999,99.9999,9.9999,99.9999,9.9999,17.174999,0.028,16.424999,0.046,16.128999,0.057999,0,0,5
5.94E+18,251.7353276,-45.82478731,19.706202,2.7508202,NOT_AVAILABLE,44605,251.7352819,-45.8247818,251.7352725,-45.8247845,15.9193,0.049,15.4076,0.054,15.1417,0.059,16.190999,0.027,15.218999,0.025,14.798999,0.028999,0,0,5
5.94E+18,251.7739644,-45.88007161,19.706251,3.0961094,NOT_AVAILABLE,23739,251.7739901,-45.88006291,251.7739458,-45.8800722,15.7643,0.042,15.3216,0.059,15.0247,0.057,15.907999,0.017,14.888999,0.013,14.397999,0.023,0,0,5
5.94E+18,251.7104606,-45.85312351,19.711369,2.1454048,NOT_AVAILABLE,14263,251.7104978,-45.8531201,251.7104579,-45.8531347,16.8753,0.04,16.4776,0.043,16.2867,0.039,99.9999,9.9999,99.9999,9.9999,99.9999,9.9999,0,0,5
5.94E+18,251.7760946,-45.84425265,19.712822,4.695711,NOT_AVAILABLE,26942,251.7761072,-45.84425241,251.7760931,-45.8442523,15.0923,0.045,14.5706,0.065,14.2967,0.045,14.873999,0.028999,13.657999,0.079999,13.265999,0.043,1,0,5
5.94E+18,251.7768852,-45.84246947,19.71303,4.4576035,NOT_AVAILABLE,26891,251.7768992,-45.84247006,251.7768868,-45.8424694,14.7513,0.033,14.4306,0.087,14.1087,0.078,14.772,0.017999,13.501,0.046,13.057,0.041999,1,0,5
5.94E+18,251.7757958,-45.84204583,19.714266,3.88134,NOT_AVAILABLE,26911,251.7758155,-45.84204335,251.7758031,-45.8420427,14.8843,0.049,14.1836,0.042,13.8187,0.033,14.760999,0.020999,13.621999,0.023,12.991999,0.035999,1,0,5
5.94E+18,251.7694304,-45.83388304,19.715714,,NOT_AVAILABLE,44434,251.7693916,-45.83388712,251.7693842,-45.8338857,14.7083,0.037,14.2536,0.038,13.9867,0.038,14.77,0.014999,13.649,0.013,13.069999,0.025,0,0,5
5.94E+18,251.7274181,-45.86710712,19.719604,,NOT_AVAILABLE,4286,251.7274785,-45.8670866,251.7274318,-45.8671015,99.9999,9.9999,99.9999,9.9999,99.9999,9.9999,15.125,0.017999,14.057999,0.013,13.51,0.025,0,0,5
5.94E+18,251.7858529,-45.88414633,19.720364,3.570465,NOT_AVAILABLE,100,251.7858862,-45.8841384,251.7858418,-45.8841465,99.9999,9.9999,99.9999,9.9999,99.9999,9.9999,16.01,0.020999,15.168,0.014,14.708999,0.019999,0,0,5
5.94E+18,251.7094213,-45.84197632,19.723518,2.5224571,NOT_AVAILABLE,6871,251.709489,-45.84195825,251.7094581,-45.8419702,16.6963,0.047,16.3066,0.056,16.0207,0.058,99.9999,9.9999,99.9999,9.9999,99.9999,9.9999,0,0,5
5.94E+18,251.7265685,-45.8318722,19.724455,2.4445763,NOT_AVAILABLE,7912,251.7266391,-45.83186264,251.7266213,-45.8318688,16.8883,0.021,16.3896,0.037,16.2127,0.035,16.927,0.039999,16.131999,0.046999,15.715999,0.046999,0,0,5
5.94E+18,251.8189529,-45.84943223,19.725813,3.6478481,NOT_AVAILABLE,27021,251.8189753,-45.84943933,251.8189689,-45.8494324,15.5423,0.041,15.1006,0.051,14.8337,0.049,15.708999,0.025,15.114999,0.074,14.798,0.079999,0,0,5
5.94E+18,251.7363138,-45.83115436,19.726381,2.5647907,NOT_AVAILABLE,7954,251.7363896,-45.83114519,251.7363752,-45.8311493,16.6303,0.03,16.1986,0.036,16.0127,0.038,99.9999,9.9999,99.9999,9.9999,99.9999,9.9999,0,0,5
5.94E+18,251.7256412,-45.88455769,19.727274,,NOT_AVAILABLE,71,251.7257115,-45.8845121,251.7256499,-45.8845317,99.9999,9.9999,99.9999,9.9999,99.9999,9.9999,15.967,0.023,15.326999,0.027,14.786,0.029999,0,0,5
5.94E+18,251.7075698,-45.84632549,19.72948,2.1541138,NOT_AVAILABLE,6164,251.7076301,-45.84631312,251.7075951,-45.8463265,17.2173,0.111,16.7516,0.118,16.3537,0.198,99.9999,9.9999,99.9999,9.9999,99.9999,9.9999,0,0,5
5.94E+18,251.7243719,-45.82924354,19.730295,2.3939972,NOT_AVAILABLE,3951,251.7243627,-45.8292185,251.7243465,-45.8292244,99.9999,9.9999,99.9999,9.9999,99.9999,9.9999,16.502,0.052,15.656,0.052999,15.347,0.065999,0,0,5
5.94E+18,251.7639866,-45.86050964,19.730497,,NOT_AVAILABLE,19155,251.7640231,-45.8604959,251.7639922,-45.8605022,15.1403,0.048,14.4906,0.039,14.1897,0.031,14.581,0.104999,13.913999,0.014,13.001999,0.127,1,0,5
5.94E+18,251.774045,-45.83795131,19.731428,,NOT_AVAILABLE,43329,251.7740645,-45.83795062,251.774055,-45.8379493,15.1123,0.041,14.6206,0.052,14.4447,0.074,15.090999,0.014999,14.029999,0.009999,13.52,0.014999,1,0,5
5.94E+18,251.8052885,-45.82393331,19.734514,2.7289238,NOT_AVAILABLE,27217,251.8053152,-45.82394007,251.8053261,-45.8239293,16.2723,0.036,15.8026,0.05,15.6547,0.047,16.461999,0.020999,15.505999,0.020999,15.147999,0.026,0,0,5
5.94E+18,251.7332802,-45.84922553,19.735254,3.9017315,NOT_AVAILABLE,4880,251.7333462,-45.8492197,251.733316,-45.849229,14.9933,0.039,14.5146,0.051,14.1827,0.047,15.029999,0.016,13.901,0.008,13.343999,0.010999,0,0,5
5.94E+18,251.7815988,-45.85898267,19.736498,2.9601994,NOT_AVAILABLE,26868,251.7816138,-45.85898497,251.781589,-45.8589875,14.5073,0.049,13.8406,0.052,13.5247,0.045,14.204,0.017999,12.888999,0.010999,12.241999,0.023,1,0,5
5.94E+18,251.7440466,-45.8600941,19.738739,,NOT_AVAILABLE,19191,251.7440798,-45.86007657,251.7440436,-45.8600865,15.0223,0.039,14.5136,0.044,14.1397,0.043,15.109999,0.016,13.989,0.021999,13.416,0.017999,0,0,5
5.94E+18,251.7669159,-45.81624826,19.74077,2.1903706,NOT_AVAILABLE,44948,251.7668807,-45.81624947,251.7668872,-45.8162441,16.8743,0.033,16.3436,0.043,16.1817,0.036,99.9999,9.9999,99.9999,9.9999,99.9999,9.9999,0,0,5
5.94E+18,251.7072104,-45.85192444,19.74083,2.216299,NOT_AVAILABLE,681,251.7072724,-45.85191148,251.7072326,-45.8519264,16.9793,0.063,16.6416,0.047,16.3947,0.055,99.9999,9.9999,99.9999,9.9999,99.9999,9.9999,0,0,5
5.94E+18,251.7467805,-45.856952,19.741615,3.3138237,NOT_AVAILABLE,19355,251.7468139,-45.85693636,251.7467811,-45.856945,14.8503,0.042,14.3856,0.046,14.0457,0.043,15.038,0.012,13.906,0.009999,13.348999,0.013,0,0,5
5.94E+18,251.784609,-45.86832993,19.74264,,NOT_AVAILABLE,18061,251.784642,-45.86831907,251.7846104,-45.8683234,14.8903,0.045,14.4236,0.041,14.1607,0.035,99.9999,9.9999,99.9999,9.9999,99.9999,9.9999,0,0,5
5.94E+18,251.8016318,-45.84382654,19.74278,2.4745064,NOT_AVAILABLE,27507,251.8016468,-45.84383012,251.8016402,-45.8438251,16.8893,0.027,16.4196,0.045,16.3107,0.032,16.902999,0.020999,15.939999,0.020999,15.586,0.039,0,0,5
5.94E+18,251.7379653,-45.87512153,19.74398,2.17733,NOT_AVAILABLE,4595,251.7379918,-45.8751128,251.7379414,-45.8751277,99.9999,9.9999,99.9999,9.9999,99.9999,9.9999,16.632999,0.039,15.8,0.043999,15.366,0.065999,0,0,5
5.94E+18,251.8053815,-45.83202992,19.746817,1.9677582,NOT_AVAILABLE,27603,251.805413,-45.83203838,251.8054173,-45.8320296,17.0503,0.05,16.4506,0.048,16.2127,0.043,16.961999,0.028999,15.987,0.026,15.720999,0.041,0,0,5
5.94E+18,251.7882641,-45.87650524,19.747866,5.870764,NOT_AVAILABLE,16353,251.7883006,-45.8765001,251.7882632,-45.8765058,14.5913,0.064,14.0536,0.053,13.6947,0.056,14.848999,0.012,13.631999,0.009999,13.055,0.017,0,0,5
5.94E+18,251.7524809,-45.81380725,19.749023,,NOT_AVAILABLE,45049,251.7524523,-45.81380293,251.7524568,-45.8137997,17.1693,0.047,16.6516,0.036,16.4087,0.04,99.9999,9.9999,99.9999,9.9999,99.9999,9.9999,0,0,5
5.94E+18,251.7824857,-45.83826773,19.751328,,NOT_AVAILABLE,27392,251.7824992,-45.83826564,251.7824918,-45.8382628,16.6523,0.035,16.1486,0.041,15.9007,0.037,99.9999,9.9999,99.9999,9.9999,99.9999,9.9999,0,0,5
5.94E+18,251.7525758,-45.85677373,19.753036,,NOT_AVAILABLE,19367,251.752609,-45.85675703,251.752578,-45.8567645,14.8193,0.036,14.2906,0.052,13.9267,0.049,14.913,0.014999,13.784,0.017999,13.204999,0.023,1,0,5
5.94E+18,251.7605875,-45.82725147,19.753447,2.823038,NOT_AVAILABLE,44599,251.7605475,-45.82725055,251.7605431,-45.8272491,15.8833,0.026,15.3226,0.059,15.0917,0.053,15.89,0.016,14.824,0.016,14.201999,0.057,0,0,5
5.94E+18,251.7707355,-45.84553665,19.753935,5.009371,NOT_AVAILABLE,26921,251.7707499,-45.84553607,251.7707333,-45.8455373,14.9353,0.025,14.4256,0.054,14.1587,0.036,15.001999,0.024,14.005,0.045,13.51,0.041,1,0,5
5.94E+18,251.7766727,-45.87715604,19.75406,3.0976048,NOT_AVAILABLE,15575,251.7767067,-45.87714504,251.7766655,-45.8771531,15.9103,0.04,15.4416,0.059,15.0987,0.05,15.96,0.017,14.831999,0.012,14.385999,0.018999,0,0,5
5.94E+18,251.7695448,-45.82745236,19.76222,,NOT_AVAILABLE,44689,251.7695102,-45.8274527,251.7695081,-45.8274496,16.1983,0.036,15.7286,0.029,15.6097,0.046,16.059999,0.021999,15.227,0.039,13.402999,0.019999,0,0,5
5.94E+18,251.7542894,-45.8230554,19.764078,3.1884537,NOT_AVAILABLE,44466,251.7542518,-45.82305475,251.7542491,-45.8230535,15.0873,0.036,14.6226,0.05,14.3217,0.044,15.156999,0.013,14.098999,0.010999,13.576,0.016,0,0,5
5.94E+18,251.7579845,-45.84487666,19.768291,4.3413143,NOT_AVAILABLE,44476,251.7579421,-45.84488306,251.7579224,-45.8448866,15.1893,0.044,14.6656,0.058,14.3407,0.057,14.838999,0.039999,13.755999,0.030999,13.239999,0.052999,1,0,5
5.94E+18,251.8089624,-45.88404926,19.770714,2.0369968,NOT_AVAILABLE,105,251.8089841,-45.8840431,251.8089463,-45.8840468,99.9999,9.9999,99.9999,9.9999,99.9999,9.9999,17.156,0.028999,16.281999,0.024,15.97,0.032,0,0,5
5.94E+18,251.7601262,-45.88022711,19.772217,2.2591133,NOT_AVAILABLE,23427,251.7601483,-45.8802211,251.7600999,-45.8802331,16.7803,0.029,16.2596,0.04,16.1297,0.031,16.708,0.027,15.802,0.028,15.465999,0.056,0,0,5
5.94E+18,251.7431798,-45.82190659,19.77229,2.3450642,NOT_AVAILABLE,44858,251.7431337,-45.82190673,251.7431288,-45.8219073,16.6543,0.041,16.2776,0.033,15.9947,0.029,16.774,0.039999,15.876,0.029999,15.501999,0.037999,0,0,5
5.94E+18,251.7741647,-45.85501072,19.772686,3.0402699,NOT_AVAILABLE,26856,251.7741777,-45.85501032,251.7741542,-45.8550133,14.3593,0.065,13.6936,0.052,13.3167,0.058,14.395,0.016,13.093999,0.012,12.456,0.017999,1,0,5
5.94E+18,251.7297456,-45.84603291,19.77322,2.3125591,NOT_AVAILABLE,6226,251.7298153,-45.84602535,251.7297867,-45.8460345,16.9443,0.048,16.5686,0.049,16.3157,0.052,16.76,0.028,15.894,0.027,15.567999,0.037999,0,0,5
5.94E+18,251.8102086,-45.88045524,19.773699,2.46805,NOT_AVAILABLE,4238,251.8102237,-45.8804148,251.8101893,-45.8804173,99.9999,9.9999,99.9999,9.9999,99.9999,9.9999,16.954,0.056,16.004999,0.048999,15.623,0.086,0,0,5
5.94E+18,251.7935891,-45.85259127,19.774239,2.4211674,NOT_AVAILABLE,27293,251.7936085,-45.8525947,251.7935925,-45.8525934,16.4173,0.072,16.1056,0.135,15.8867,0.245,99.9999,9.9999,99.9999,9.9999,99.9999,9.9999,0,0,5
5.94E+18,251.7229576,-45.87583499,19.774555,2.3841667,NOT_AVAILABLE,435,251.7230357,-45.8758175,251.7229805,-45.8758354,99.9999,9.9999,99.9999,9.9999,99.9999,9.9999,16.149,0.032999,15.388999,0.026,14.92,0.037,0,0,5
5.94E+18,251.7624237,-45.88269046,19.779469,3.3146133,NOT_AVAILABLE,20617,251.7624493,-45.88268142,251.7623996,-45.8826936,15.1163,0.022,14.5306,0.038,14.2277,0.045,15.128999,0.017999,14.036999,0.013,13.522999,0.020999,0,0,5
5.94E+18,251.8228051,-45.86678539,19.781681,2.236683,NOT_AVAILABLE,755,251.8228085,-45.8668108,251.8227889,-45.8668075,99.9999,9.9999,99.9999,9.9999,99.9999,9.9999,17.156,0.034,15.774999,0.023,15.421999,0.029999,0,0,5
5.94E+18,251.7372541,-45.81885463,19.78204,2.400772,NOT_AVAILABLE,44947,251.7372159,-45.81884905,251.7372119,-45.8188499,16.8723,0.051,16.3376,0.065,16.0727,0.053,16.993,0.056,15.961999,0.063,15.711,0.064,0,0,5
5.94E+18,251.7283535,-45.81940659,19.782934,3.558199,NOT_AVAILABLE,5462,251.7283356,-45.8193967,251.7283286,-45.8193994,99.9999,9.9999,99.9999,9.9999,99.9999,9.9999,14.519,0.030999,12.965999,0.028,12.265999,0.039999,0,0,5
5.94E+18,251.7590489,-45.8393181,19.783302,,NOT_AVAILABLE,44481,251.7590028,-45.83931945,251.758988,-45.8393213,15.2343,0.06,14.5456,0.05,14.3427,0.049,15.130999,0.017999,14.048999,0.017999,13.446,0.017999,1,0,5
5.94E+18,251.7925956,-45.87996923,19.783743,,NOT_AVAILABLE,279,251.7926314,-45.8799653,251.7925924,-45.8799711,99.9999,9.9999,99.9999,9.9999,99.9999,9.9999,14.725999,0.014999,13.480999,0.008,12.895,0.018999,0,0,5
5.94E+18,251.7229358,-45.8618747,19.78588,1.6347542,NOT_AVAILABLE,6052,251.7229999,-45.8618631,251.7229563,-45.8618775,16.8913,0.05,16.4496,0.051,16.2177,0.055,16.878,0.027,16.295999,0.029999,15.899,0.037999,0,0,5
5.94E+18,251.7171336,-45.8371489,19.787132,2.729496,NOT_AVAILABLE,7465,251.7172012,-45.83713598,251.7171765,-45.8371453,15.2003,0.031,14.7086,0.047,14.4127,0.042,99.9999,9.9999,99.9999,9.9999,99.9999,9.9999,0,0,5
5.94E+18,251.7377228,-45.85306741,19.788036,3.4235554,NOT_AVAILABLE,3566,251.7377893,-45.85306335,251.7377571,-45.8530727,14.2813,0.034,13.5366,0.056,13.0097,0.039,14.218,0.009999,12.555,0.004999,11.847,0.012,0,0,5
5.94E+18,251.7472977,-45.85835192,19.789797,3.5551758,NOT_AVAILABLE,19298,251.7473315,-45.8583369,251.7472976,-45.8583458,14.9433,0.046,14.4576,0.058,14.1747,0.05,14.998999,0.013,13.862,0.008999,13.310999,0.016,0,0,5
5.94E+18,251.7683501,-45.84578236,19.803053,,NOT_AVAILABLE,43325,251.7683632,-45.84578132,251.7683457,-45.8457831,15.0423,0.056,14.5186,0.059,14.2337,0.063,15.279,0.071,14.781,0.184,13.671999,0.082,1,0,5
5.94E+18,251.7090309,-45.84409103,19.80489,,NOT_AVAILABLE,6550,251.7090982,-45.8440793,251.7090654,-45.8440919,16.0523,0.032,15.5086,0.036,15.2297,0.044,99.9999,9.9999,99.9999,9.9999,99.9999,9.9999,0,0,5
5.94E+18,251.7606458,-45.86730127,19.805199,4.1001186,NOT_AVAILABLE,18262,251.7606779,-45.86728666,251.7606404,-45.8672953,15.1873,0.029,14.6456,0.051,14.3067,0.054,15.218999,0.014999,14.166999,0.013,13.614999,0.027,0,0,5
5.94E+18,251.7808884,-45.87311291,19.81093,4.136738,NOT_AVAILABLE,17344,251.7809228,-45.87310347,251.7808862,-45.8731097,14.8533,0.022,14.3596,0.044,13.9917,0.046,99.9999,9.9999,99.9999,9.9999,99.9999,9.9999,0,0,5
5.94E+18,251.7245105,-45.84963619,19.811049,3.025896,NOT_AVAILABLE,4158,251.7245748,-45.8496284,251.7245417,-45.8496394,16.3643,0.034,15.8406,0.048,15.5787,0.053,16.26,0.032999,15.342,0.034,14.899,0.071,0,0,5
5.94E+18,251.7971472,-45.88390198,19.81269,2.617817,NOT_AVAILABLE,2530,251.7971838,-45.8839128,251.7971428,-45.8839187,99.9999,9.9999,99.9999,9.9999,99.9999,9.9999,16.618,0.032,15.723999,0.021999,15.295999,0.043,0,0,5
5.94E+18,251.7750553,-45.84222455,19.813606,,NOT_AVAILABLE,26930,251.7750717,-45.84222427,251.775059,-45.8422239,14.9923,0.035,14.5076,0.048,14.1087,0.047,14.982999,0.032,13.760999,0.046999,13.130999,0.057999,1,0,5
5.94E+18,251.7596629,-45.86320026,19.81562,,NOT_AVAILABLE,18888,251.7596995,-45.86318381,251.7596651,-45.8631916,16.6963,0.04,16.2966,0.042,16.0017,0.041,16.690999,0.043,16.329999,0.094999,15.529999,0.123999,1,0,5
5.94E+18,251.7339208,-45.86739979,19.8159,2.9223614,NOT_AVAILABLE,18257,251.7339383,-45.86738593,251.7338932,-45.8673996,16.8323,0.073,16.1476,0.052,16.0027,0.052,99.9999,9.9999,99.9999,9.9999,99.9999,9.9999,0,0,5
5.94E+18,251.7815487,-45.84031983,19.816702,3.6184788,NOT_AVAILABLE,26984,251.781565,-45.84031926,251.7815557,-45.8403171,15.3733,0.037,14.8346,0.048,14.5957,0.043,15.425,0.017,14.399999,0.017,13.883999,0.026,1,0,5
5.94E+18,251.7870582,-45.87333929,19.817074,2.6731339,NOT_AVAILABLE,17312,251.7870915,-45.87332937,251.7870565,-45.8733345,16.9943,0.053,16.5316,0.06,16.2527,0.063,17.048,0.025,16.083,0.028,15.77,0.032,0,0,5
5.94E+18,251.8184632,-45.8383641,19.821012,2.2798462,NOT_AVAILABLE,27536,251.8184899,-45.83836698,251.8184926,-45.8383573,16.9413,0.032,16.4286,0.046,16.2077,0.041,17.025999,0.032,16.024,0.019999,15.612,0.028999,0,0,5
5.94E+18,251.7485537,-45.86387438,19.821447,2.2273502,NOT_AVAILABLE,26177,251.748585,-45.86386241,251.7485469,-45.8638725,17.2793,0.037,16.7216,0.055,16.5807,0.039,17.201999,0.028,16.37,0.041,15.923,0.043999,0,0,5
5.94E+18,251.7718751,-45.83586088,19.822853,2.6280766,NOT_AVAILABLE,44867,251.7718334,-45.83586766,251.771825,-45.8358662,16.6793,0.043,16.2326,0.051,16.0757,0.047,99.9999,9.9999,99.9999,9.9999,99.9999,9.9999,0,0,5
5.94E+18,251.7621769,-45.83641886,19.823046,3.7683372,NOT_AVAILABLE,44475,251.7621396,-45.83642208,251.7621281,-45.8364227,15.1663,0.041,14.5236,0.048,14.2527,0.041,15.085,0.013,14.029999,0.014999,13.454999,0.014,1,0,5
5.94E+18,251.7855425,-45.87751828,19.82541,2.4230404,NOT_AVAILABLE,26793,251.7855788,-45.87751905,251.7855399,-45.8775255,17.0883,0.071,16.7146,0.058,16.4487,0.063,16.764999,0.046,15.829,0.043999,15.527999,0.05,0,0,5
5.94E+18,251.746031,-45.8752515,19.825788,,NOT_AVAILABLE,17097,251.7460561,-45.87523707,251.7460079,-45.8752505,15.5023,0.03,15.0696,0.035,14.9467,0.053,15.501999,0.013,14.512,0.008999,14.010999,0.017,0,0,5
5.94E+18,251.7607265,-45.84623278,19.827457,,NOT_AVAILABLE,43345,251.7607416,-45.84623409,251.7607216,-45.8462374,15.5743,0.121,15.0216,0.088,14.7117,0.105,15.657999,0.105999,14.385,0.081,13.362999,0.103,1,0,5
5.94E+18,251.7697246,-45.80487111,19.828138,3.254919,NOT_AVAILABLE,44448,251.7696966,-45.8048704,251.7697133,-45.8048616,14.9023,0.024,14.3126,0.04,13.9807,0.034,99.9999,9.9999,99.9999,9.9999,99.9999,9.9999,0,0,5
5.94E+18,251.8137234,-45.87450449,19.828627,2.018341,NOT_AVAILABLE,5993,251.8137615,-45.8745137,251.8137329,-45.8745141,99.9999,9.9999,99.9999,9.9999,99.9999,9.9999,17.006999,0.030999,16.014999,0.028,15.692999,0.048,0,0,5
5.94E+18,251.7271442,-45.87882428,19.82974,2.8430786,NOT_AVAILABLE,4245,251.7272114,-45.8787915,251.727155,-45.8788094,99.9999,9.9999,99.9999,9.9999,99.9999,9.9999,15.017999,0.013,13.569,0.024,13.022999,0.019999,0,0,5
5.94E+18,251.7915008,-45.85457063,19.830978,2.5700092,NOT_AVAILABLE,27456,251.7915113,-45.8545804,251.791493,-45.85458,16.7853,0.035,16.3396,0.047,16.1607,0.04,16.879999,0.021999,15.859,0.025,15.536,0.030999,0,0,5
5.94E+18,251.7456273,-45.8394791,19.831573,3.325426,NOT_AVAILABLE,7202,251.7456996,-45.83947301,251.7456809,-45.8394775,15.0853,0.032,14.5556,0.043,14.2457,0.035,15.182,0.014999,14.093,0.008999,13.562,0.014999,1,0,5
5.94E+18,251.7521201,-45.86018654,19.832077,2.819109,NOT_AVAILABLE,19185,251.7521479,-45.86016771,251.7521139,-45.8601762,15.8623,0.037,15.4166,0.05,15.1607,0.049,15.932,0.028,15.069,0.025,14.491,0.039,1,0,5
5.94E+18,251.7073274,-45.84898671,19.832981,3.1985226,NOT_AVAILABLE,5369,251.7073914,-45.84897333,251.707354,-45.8489874,16.5523,0.032,16.0536,0.039,15.9817,0.049,99.9999,9.9999,99.9999,9.9999,99.9999,9.9999,0,0,5
5.94E+18,251.7653219,-45.79967633,19.834496,2.6948586,NOT_AVAILABLE,44725,251.765298,-45.79967564,251.7653177,-45.7996664,16.3083,0.045,15.9106,0.064,15.6627,0.063,99.9999,9.9999,99.9999,9.9999,99.9999,9.9999,0,0,5
5.94E+18,251.7457101,-45.81346078,19.836424,2.5428162,NOT_AVAILABLE,44671,251.7456742,-45.81345806,251.745677,-45.813456,16.1693,0.052,15.7376,0.061,15.5077,0.055,99.9999,9.9999,99.9999,9.9999,99.9999,9.9999,0,0,5
5.94E+18,251.8036615,-45.82107663,19.843958,3.624937,NOT_AVAILABLE,27156,251.8036969,-45.82107263,251.8037097,-45.8210614,16.0953,0.072,15.3706,0.066,15.0617,0.067,15.946,0.019999,14.96,0.014,14.529,0.024,0,0,5
5.94E+18,251.7456743,-45.85995097,19.844818,,NOT_AVAILABLE,19203,251.7457086,-45.85993635,251.745673,-45.859946,15.1113,0.051,14.6336,0.055,14.3087,0.049,15.215,0.014999,14.102999,0.012,13.543999,0.018999,0,0,5
5.94E+18,251.7875784,-45.84901662,19.844957,3.4488506,NOT_AVAILABLE,27332,251.7875994,-45.84901734,251.7875846,-45.8490163,16.5133,0.054,15.9616,0.121,15.6347,0.165,99.9999,9.9999,99.9999,9.9999,99.9999,9.9999,0,0,5
5.94E+18,251.7886346,-45.85197272,19.846003,4.004778,NOT_AVAILABLE,26940,251.7886508,-45.85197375,251.7886338,-45.8519732,15.0813,0.033,14.4606,0.044,14.1667,0.038,15.078,0.023,13.923,0.013,13.406999,0.017999,0,0,5
5.94E+18,251.7106726,-45.8443574,19.84647,2.3678875,NOT_AVAILABLE,6501,251.7107391,-45.844344,251.7107065,-45.8443563,16.7963,0.032,16.3656,0.044,16.1277,0.048,99.9999,9.9999,99.9999,9.9999,99.9999,9.9999,0,0,5
5.94E+18,251.7691461,-45.84618253,19.84658,6.702239,NOT_AVAILABLE,43333,251.7691624,-45.84618284,251.7691448,-45.8461845,15.2493,0.056,14.7786,0.111,14.3827,0.052,14.722,0.041999,13.696,0.028999,13.178999,0.046,1,0,5
5.94E+18,251.7564292,-45.86584279,19.849485,3.4688244,NOT_AVAILABLE,18527,251.7564587,-45.86582895,251.7564212,-45.865838,15.2463,0.024,14.7126,0.041,14.5487,0.038,15.305,0.012,14.206999,0.008999,13.602,0.014999,0,0,5
5.94E+18,251.7471334,-45.85033497,19.851112,3.563963,NOT_AVAILABLE,3069,251.7472021,-45.85033058,251.7471749,-45.8503375,15.2163,0.035,14.7466,0.035,14.4617,0.033,15.189999,0.039999,14.17,0.035,13.621,0.045,1,0,5
5.94E+18,251.7524652,-45.80781276,19.854523,,NOT_AVAILABLE,45041,251.7524279,-45.80781978,251.7524373,-45.807815,17.1523,0.084,16.7396,0.068,16.4697,0.065,99.9999,9.9999,99.9999,9.9999,99.9999,9.9999,0,0,5
5.94E+18,251.7740615,-45.80104243,19.85549,2.4025192,NOT_AVAILABLE,44993,251.7740334,-45.8010357,251.7740544,-45.8010251,17.0093,0.06,16.6796,0.064,16.6887,0.113,99.9999,9.9999,99.9999,9.9999,99.9999,9.9999,0,0,5
5.94E+18,251.7107612,-45.83960427,19.860619,3.045208,NOT_AVAILABLE,7177,251.7108258,-45.83958978,251.7107972,-45.8396009,16.0953,0.031,15.5766,0.041,15.3397,0.041,99.9999,9.9999,99.9999,9.9999,99.9999,9.9999,0,0,5
5.94E+18,251.7790975,-45.88100349,19.861017,3.1187363,NOT_AVAILABLE,22539,251.7791236,-45.88099923,251.7790799,-45.8810078,16.2073,0.041,15.6306,0.057,15.3697,0.062,16.222999,0.020999,15.277,0.021999,14.819,0.046,0,0,5
5.94E+18,251.7411433,-45.85618512,19.86159,2.9080048,NOT_AVAILABLE,10352,251.7412034,-45.85618084,251.7411697,-45.8561904,16.8773,0.062,16.4416,0.053,16.2227,0.053,16.940999,0.032999,15.982,0.028,15.743,0.045,0,0,5
5.94E+18,251.7309878,-45.85126791,19.863062,2.2363396,NOT_AVAILABLE,1525,251.7310502,-45.85125995,251.7310176,-45.8512702,17.0583,0.03,16.5716,0.05,16.4957,0.039,99.9999,9.9999,99.9999,9.9999,99.9999,9.9999,0,0,5
5.94E+18,251.8177292,-45.87032442,19.863663,3.3731384,NOT_AVAILABLE,616,251.8177673,-45.8703259,251.8177433,-45.8703245,99.9999,9.9999,99.9999,9.9999,99.9999,9.9999,14.267,0.014999,12.776,0.008999,12.119,0.014,0,0,5
5.94E+18,251.8005997,-45.86243058,19.865017,3.179247,NOT_AVAILABLE,26890,251.8006136,-45.86243662,251.8005913,-45.8624364,14.7353,0.06,14.1836,0.05,13.8057,0.055,14.888999,0.010999,13.602999,0.009999,13.027,0.012,0,0,5
5.94E+18,251.7758874,-45.83733056,19.865719,3.2791462,NOT_AVAILABLE,43337,251.7759038,-45.83732902,251.7758953,-45.8373272,15.3683,0.035,14.9286,0.055,14.6587,0.049,15.375,0.016,14.263999,0.008999,13.774,0.020999,1,0,5
5.94E+18,251.7312397,-45.8695457,19.86589,2.3996906,NOT_AVAILABLE,21082,251.7312537,-45.86953309,251.731206,-45.8695479,16.3663,0.101,15.6686,0.065,15.3957,0.066,16.072,0.014,15.17,0.014,14.689,0.017999,0,0,5
5.94E+18,251.7614164,-45.82623858,19.866488,1.9790401,NOT_AVAILABLE,44992,251.7613782,-45.8262376,251.7613749,-45.8262358,17.0053,0.051,16.5946,0.048,16.3567,0.054,17.034999,0.023,16.141,0.026,15.687,0.039999,0,0,5
5.94E+18,251.7421879,-45.85130635,19.867126,,NOT_AVAILABLE,1614,251.742253,-45.85130202,251.7422236,-45.8513101,15.3453,0.034,14.8406,0.046,14.5667,0.048,15.406,0.014999,14.362,0.014,13.852,0.019999,0,0,5
5.94E+18,251.7991953,-45.84511774,19.867218,3.6224403,NOT_AVAILABLE,26914,251.799216,-45.84511998,251.7992077,-45.8451157,14.9093,0.034,14.3846,0.046,14.0937,0.035,14.968,0.014,13.782999,0.012,13.258999,0.014,0,0,5
5.94E+18,251.744808,-45.81944587,19.868156,2.2681694,NOT_AVAILABLE,44931,251.7447681,-45.81944577,251.7447657,-45.8194454,16.8263,0.033,16.3456,0.055,16.1107,0.054,16.893999,0.034,15.968999,0.028,15.555,0.041,0,0,5
5.94E+18,251.7689998,-45.8144035,19.87045,3.5298882,NOT_AVAILABLE,44416,251.7689688,-45.81440419,251.7689774,-45.8143979,14.4783,0.032,13.8336,0.042,13.4447,0.037,99.9999,9.9999,99.9999,9.9999,99.9999,9.9999,0,0,5
5.94E+18,251.7406043,-45.86501161,19.870607,2.2896023,NOT_AVAILABLE,18658,251.7406289,-45.86499637,251.7405876,-45.8650082,17.1613,0.038,16.6576,0.051,16.5877,0.051,17.173999,0.023,16.301,0.059999,16.009,0.054999,0,0,5
5.94E+18,251.757661,-45.82867919,19.871037,2.9745045,NOT_AVAILABLE,44464,251.757624,-45.82867882,251.7576175,-45.8286783,15.0233,0.043,14.6016,0.07,14.2637,0.058,15.034999,0.010999,13.887,0.008,13.345999,0.014999,0,0,5
5.94E+18,251.8054415,-45.83566956,19.871317,2.276081,NOT_AVAILABLE,27574,251.8054618,-45.83567457,251.8054631,-45.8356667,17.0123,0.052,16.6366,0.055,16.4317,0.054,17.096,0.035999,16.163999,0.041999,15.940999,0.059999,0,0,5
5.94E+18,251.7766531,-45.80646414,19.872135,2.372919,NOT_AVAILABLE,45048,251.7766317,-45.80646221,251.776649,-45.8064525,17.1643,0.03,16.7136,0.043,16.5527,0.033,99.9999,9.9999,99.9999,9.9999,99.9999,9.9999,0,0,5
5.94E+18,251.7577514,-45.86432094,19.8763,2.649252,NOT_AVAILABLE,16297,251.7577816,-45.86431337,251.7577457,-45.8643218,17.4323,0.043,16.8176,0.043,16.5827,0.05,99.9999,9.9999,99.9999,9.9999,99.9999,9.9999,0,0,5
5.94E+18,251.7346814,-45.83575432,19.87716,2.625473,NOT_AVAILABLE,5775,251.7347438,-45.83574217,251.7347251,-45.8357478,16.7453,0.054,16.2096,0.069,15.9767,0.067,16.709999,0.037999,15.793,0.041,15.345999,0.068,0,0,5
5.94E+18,251.762474,-45.87862794,19.878,1.8420162,NOT_AVAILABLE,25460,251.7624998,-45.87861675,251.7624534,-45.8786279,16.8293,0.047,16.4276,0.044,16.2207,0.044,16.840999,0.030999,16.01,0.029999,15.678,0.048999,0,0,5
5.94E+18,251.7214813,-45.86075936,19.879406,2.3943348,NOT_AVAILABLE,8359,251.7215411,-45.86075537,251.721498,-45.8607698,16.8383,0.071,16.4636,0.064,16.2377,0.069,99.9999,9.9999,99.9999,9.9999,99.9999,9.9999,0,0,5
5.94E+18,251.755824,-45.80942377,19.880264,2.4281998,NOT_AVAILABLE,44962,251.7557928,-45.80941343,251.7558018,-45.8094084,16.9043,0.035,16.3836,0.043,16.2787,0.051,99.9999,9.9999,99.9999,9.9999,99.9999,9.9999,0,0,5
5.94E+18,251.7507563,-45.84632762,19.88206,3.102211,NOT_AVAILABLE,6162,251.7508257,-45.84632485,251.7508028,-45.8463301,15.3033,0.04,14.8256,0.043,14.5177,0.044,15.444,0.016,14.399999,0.017999,13.859999,0.018999,1,0,5
5.94E+18,251.7977943,-45.84183371,19.882095,3.8329144,NOT_AVAILABLE,1636,251.7977976,-45.841845,251.7977916,-45.8418402,99.9999,9.9999,99.9999,9.9999,99.9999,9.9999,13.897999,0.013,11.998,0.010999,11.270999,0.016,0,0,5
5.94E+18,251.7717408,-45.86768864,19.882326,3.0525455,NOT_AVAILABLE,18204,251.7717741,-45.86767806,251.7717394,-45.8676847,15.4543,0.038,14.9256,0.05,14.7377,0.045,15.479,0.016,14.439999,0.012,13.958999,0.023,0,0,5
5.94E+18,251.7379686,-45.86362646,19.885765,,NOT_AVAILABLE,18840,251.7379954,-45.863615,251.7379545,-45.863627,17.2163,0.048,16.6736,0.057,16.5817,0.082,17.004999,0.028999,16.045999,0.034,15.689999,0.041999,0,0,5
5.94E+18,251.7834607,-45.83922497,19.89199,2.7378807,NOT_AVAILABLE,27120,251.7834828,-45.83922571,251.7834749,-45.8392229,15.9513,0.024,15.4136,0.035,15.1117,0.04,15.982999,0.023,14.918,0.017,14.583999,0.041999,0,0,5
5.94E+18,251.771308,-45.82558563,19.892311,3.857975,NOT_AVAILABLE,2213,251.7713043,-45.8255846,251.7713043,-45.8255807,99.9999,9.9999,99.9999,9.9999,99.9999,9.9999,14.067999,0.012,12.564999,0.006,11.845999,0.010999,0,0,5
5.94E+18,251.7811528,-45.8424214,19.89281,2.1421719,NOT_AVAILABLE,27636,251.7811693,-45.84242638,251.7811582,-45.8424249,17.1133,0.028,16.6186,0.038,16.4137,0.034,99.9999,9.9999,99.9999,9.9999,99.9999,9.9999,0,0,5
5.94E+18,251.7094648,-45.84694335,19.893679,2.2435646,NOT_AVAILABLE,6062,251.7095277,-45.84692642,251.7094926,-45.8469396,17.0353,0.032,16.5466,0.042,16.3057,0.044,99.9999,9.9999,99.9999,9.9999,99.9999,9.9999,0,0,5
5.94E+18,251.783217,-45.85446637,19.894669,3.3111115,NOT_AVAILABLE,26897,251.7832279,-45.85446947,251.7832074,-45.8544706,14.7903,0.064,14.0916,0.054,13.6527,0.05,14.680999,0.010999,13.376,0.008999,12.753,0.014999,0,0,5
5.94E+18,251.7532938,-45.87050619,19.89546,,NOT_AVAILABLE,15631,251.7533234,-45.87049419,251.7532812,-45.870505,15.3333,0.035,14.8886,0.057,14.5957,0.054,99.9999,9.9999,99.9999,9.9999,99.9999,9.9999,0,0,5
5.94E+18,251.8230142,-45.83967932,19.897985,2.3060322,NOT_AVAILABLE,27500,251.8230391,-45.83969236,251.8230419,-45.8396822,16.8753,0.041,16.4606,0.046,16.1667,0.048,99.9999,9.9999,99.9999,9.9999,99.9999,9.9999,0,0,5
5.94E+18,251.7740388,-45.80184613,19.898373,3.2786274,NOT_AVAILABLE,44590,251.7740144,-45.80184383,251.7740347,-45.8018334,15.8463,0.043,15.4116,0.034,15.1067,0.041,99.9999,9.9999,99.9999,9.9999,99.9999,9.9999,0,0,5
5.94E+18,251.7249976,-45.8542161,19.899038,2.3363628,NOT_AVAILABLE,12818,251.7250624,-45.85420305,251.7250257,-45.8542151,17.0033,0.053,16.5386,0.049,16.2337,0.055,17.025999,0.035,16.086,0.037999,15.772999,0.034,0,0,5
5.94E+18,251.7579563,-45.87199359,19.901827,3.6841946,NOT_AVAILABLE,17465,251.7579849,-45.87198027,251.7579428,-45.8719906,15.1573,0.043,14.7826,0.05,13.9857,0.064,15.432999,0.039999,13.532999,0.086999,13.746999,0.024,0,0,5
5.94E+18,251.766238,-45.86672544,19.904694,,NOT_AVAILABLE,18387,251.7662691,-45.86671369,251.7662337,-45.8667211,15.2913,0.041,14.7776,0.051,14.6437,0.055,99.9999,9.9999,99.9999,9.9999,99.9999,9.9999,0,0,5
5.94E+18,251.747482,-45.8451758,19.905037,3.2357502,NOT_AVAILABLE,6372,251.7475526,-45.84517214,251.7475297,-45.8451777,15.4983,0.028,15.0186,0.047,14.7727,0.04,15.494999,0.016,14.486,0.009999,14,0.018999,1,0,5
5.94E+18,251.7674524,-45.81408137,19.908861,2.101509,NOT_AVAILABLE,45076,251.7674145,-45.81408707,251.7674229,-45.814081,17.2213,0.029,16.7246,0.042,16.6347,0.05,99.9999,9.9999,99.9999,9.9999,99.9999,9.9999,0,0,5
5.94E+18,251.7808107,-45.8176869,19.910942,1.892149,NOT_AVAILABLE,44965,251.7807797,-45.81768889,251.7807889,-45.8176812,16.9183,0.036,16.4576,0.042,16.2557,0.039,99.9999,9.9999,99.9999,9.9999,99.9999,9.9999,0,0,5
5.94E+18,251.7401009,-45.85673247,19.913311,3.459692,NOT_AVAILABLE,10041,251.7401637,-45.85672726,251.7401291,-45.8567371,15.4453,0.038,14.8616,0.045,14.5667,0.05,15.420999,0.012,14.385999,0.008,13.864999,0.016,0,0,5
5.94E+18,251.754821,-45.865995,19.915968,3.834713,NOT_AVAILABLE,25834,251.7548543,-45.86598008,251.7548162,-45.8659895,14.2403,0.031,13.6266,0.052,13.0397,0.044,14.354,0.008999,12.713999,0.008,12.043,0.014,0,0,5
5.94E+18,251.8000562,-45.85171194,19.917166,2.2620869,NOT_AVAILABLE,27564,251.8000676,-45.85170895,251.8000541,-45.8517062,16.9803,0.041,16.5376,0.048,16.2507,0.052,16.947999,0.054,15.982,0.035,15.685999,0.046999,0,0,5
5.94E+18,251.7574812,-45.855398,19.917473,,NOT_AVAILABLE,19423,251.7575165,-45.85538094,251.757488,-45.8553872,15.2633,0.04,14.6816,0.056,14.4107,0.053,15.215999,0.026,14.213999,0.020999,13.734999,0.037999,1,0,5
5.94E+18,251.7994058,-45.87645053,19.918264,2.0936108,NOT_AVAILABLE,2706,251.7994477,-45.8764426,251.7994135,-45.8764462,99.9999,9.9999,99.9999,9.9999,99.9999,9.9999,17.128,0.028999,16.197999,0.032,15.843,0.05,0,0,5
5.94E+18,251.7923739,-45.82324096,19.918882,3.2014961,NOT_AVAILABLE,43354,251.7923966,-45.82324104,251.7924045,-45.8232325,15.6843,0.046,15.2446,0.067,14.9767,0.069,15.871,0.017999,14.819,0.014999,14.373999,0.020999,0,0,5
5.94E+18,251.7243004,-45.87457751,19.919315,3.0563335,NOT_AVAILABLE,2760,251.7243806,-45.8745534,251.7243269,-45.8745707,99.9999,9.9999,99.9999,9.9999,99.9999,9.9999,15.609999,0.07,14.753,0.035999,14.236,0.079,0,0,5
5.94E+18,251.7449237,-45.83354995,19.922634,,NOT_AVAILABLE,44504,251.7448841,-45.83354938,251.7448701,-45.8335525,15.3733,0.073,14.8056,0.076,14.5187,0.07,15.232,0.017999,14.116999,0.010999,13.553,0.016,0,0,5
5.94E+18,251.7417506,-45.85673287,19.932194,4.22093,NOT_AVAILABLE,9997,251.7418132,-45.85671122,251.7417791,-45.8567208,15.3573,0.214,15.1986,0.168,14.7547,0.183,14.538999,0.032,13.425999,0.025,12.777,0.039,0,0,5
5.94E+18,251.7545932,-45.85059469,19.935167,,NOT_AVAILABLE,19563,251.7546278,-45.85057847,251.7546025,-45.850584,14.9143,0.047,14.3696,0.053,14.0697,0.049,15.088999,0.020999,13.897,0.024,13.288,0.028999,1,0,5
5.94E+18,251.7312508,-45.81876766,19.940409,3.349947,NOT_AVAILABLE,4460,251.7312407,-45.8187507,251.7312351,-45.8187527,99.9999,9.9999,99.9999,9.9999,99.9999,9.9999,15.494999,0.030999,14.548999,0.013,13.949,0.034,0,0,5
5.94E+18,251.7528328,-45.86676823,19.94201,,NOT_AVAILABLE,18378,251.7528623,-45.86675308,251.752823,-45.8667631,15.6433,0.044,15.1026,0.038,14.8477,0.038,99.9999,9.9999,99.9999,9.9999,99.9999,9.9999,0,0,5
5.94E+18,251.790712,-45.87715821,19.944788,2.547987,NOT_AVAILABLE,371,251.7907452,-45.877168,251.790708,-45.8771734,99.9999,9.9999,99.9999,9.9999,99.9999,9.9999,16.799999,0.021999,15.880999,0.017,15.510999,0.024,0,0,5
5.94E+18,251.7683291,-45.87595173,19.947783,3.2636585,NOT_AVAILABLE,20527,251.7683613,-45.87594331,251.7683187,-45.8759527,15.1833,0.041,14.7636,0.062,14.4217,0.054,15.152,0.024,14.057,0.012,13.512,0.020999,0,0,5
5.94E+18,251.7499716,-45.86638489,19.949108,1.9821796,NOT_AVAILABLE,18449,251.7499936,-45.86637149,251.7499539,-45.8663819,17.2713,0.031,16.7856,0.037,16.6237,0.033,17.284999,0.043999,16.482,0.029999,16.201999,0.046,0,0,5
5.94E+18,251.7338476,-45.82438317,19.949793,2.0789337,NOT_AVAILABLE,45030,251.7338128,-45.82437899,251.7338032,-45.8243819,17.1183,0.043,16.5876,0.047,16.5227,0.052,17.167999,0.045,16.295,0.039,15.942,0.074,0,0,5
5.94E+18,251.7617421,-45.84983076,19.952387,,NOT_AVAILABLE,19568,251.761777,-45.84981547,251.7617543,-45.8498195,15.1673,0.046,14.6056,0.065,14.2647,0.066,14.795999,0.071999,13.815999,0.043,13.413,0.068,1,0,5
5.94E+18,251.7788584,-45.87012466,19.952427,3.4465942,NOT_AVAILABLE,17741,251.7788922,-45.87011486,251.7788575,-45.8701207,14.9983,0.036,14.4706,0.036,14.1597,0.038,15.112,0.012,13.909999,0.007,13.35,0.017,0,0,5
5.94E+18,251.756293,-45.87812146,19.954676,3.4490986,NOT_AVAILABLE,26238,251.7563199,-45.87810887,251.7562722,-45.878121,15.5783,0.043,15.0126,0.048,14.6747,0.038,15.397,0.05,14.345,0.039,13.852999,0.061999,0,0,5
5.94E+18,251.7209776,-45.86150369,19.954914,2.6543312,NOT_AVAILABLE,6241,251.7210422,-45.86149888,251.7209983,-45.8615136,17.0743,0.076,16.6766,0.055,16.3607,0.057,99.9999,9.9999,99.9999,9.9999,99.9999,9.9999,0,0,5
5.94E+18,251.8048905,-45.86741005,19.956305,2.0742645,NOT_AVAILABLE,2917,251.804907,-45.8674177,251.8048818,-45.867418,99.9999,9.9999,99.9999,9.9999,99.9999,9.9999,17.173999,0.024,16.294,0.020999,16.006,0.034,0,0,5
5.94E+18,251.7524769,-45.84493278,19.959343,,NOT_AVAILABLE,6424,251.7525486,-45.8449294,251.7525274,-45.8449339,15.4123,0.036,14.9006,0.041,14.6017,0.042,15.385999,0.016,14.461,0.021999,13.899,0.024,1,0,5
5.94E+18,251.7845591,-45.84954701,19.959707,,NOT_AVAILABLE,27498,251.7845776,-45.84954939,251.7845615,-45.849549,16.8713,0.042,16.3266,0.076,16.1397,0.072,99.9999,9.9999,99.9999,9.9999,99.9999,9.9999,0,0,5
5.94E+18,251.7964499,-45.87892836,19.96124,2.4857464,NOT_AVAILABLE,342,251.7964768,-45.8789169,251.7964397,-45.8789217,99.9999,9.9999,99.9999,9.9999,99.9999,9.9999,17.091999,0.026,16.278999,0.032,15.852,0.046,0,0,5
5.94E+18,251.7717097,-45.80541379,19.962088,3.1577072,NOT_AVAILABLE,44441,251.7716844,-45.80541345,251.7717011,-45.8054044,14.7663,0.037,14.1746,0.043,13.8167,0.038,99.9999,9.9999,99.9999,9.9999,99.9999,9.9999,0,0,5
5.94E+18,251.7184163,-45.8547799,19.965195,3.0229855,NOT_AVAILABLE,12196,251.7184779,-45.85477045,251.7184388,-45.8547839,15.1353,0.033,14.6326,0.042,14.3617,0.037,99.9999,9.9999,99.9999,9.9999,99.9999,9.9999,0,0,5
5.94E+18,251.7431187,-45.83696834,19.966776,2.6057758,NOT_AVAILABLE,7479,251.7431957,-45.83696276,251.7431784,-45.8369671,15.3573,0.042,14.7736,0.035,14.5517,0.035,15.362999,0.009999,14.31,0.008999,13.781999,0.013,0,0,5
5.94E+18,251.7691774,-45.84893319,19.968054,,NOT_AVAILABLE,26929,251.7691917,-45.84893199,251.7691718,-45.8489344,14.9873,0.038,14.4166,0.041,14.0707,0.036,14.940999,0.014999,13.951,0.029999,13.241999,0.014,1,0,5
5.94E+18,251.7746035,-45.84923676,19.970877,,NOT_AVAILABLE,26966,251.774615,-45.84923912,251.7745964,-45.8492406,15.2493,0.054,14.6756,0.05,14.3517,0.042,15.104999,0.041,14.005999,0.032999,13.541,0.028999,1,0,5
5.94E+18,251.7741446,-45.80203833,19.972748,3.508932,NOT_AVAILABLE,44952,251.7741129,-45.80203748,251.7741332,-45.8020271,16.8843,0.064,16.4696,0.059,16.1407,0.057,99.9999,9.9999,99.9999,9.9999,99.9999,9.9999,0,0,5
5.94E+18,251.765127,-45.85400634,19.973024,,NOT_AVAILABLE,19491,251.7651623,-45.85399049,251.7651371,-45.8539949,14.8943,0.039,14.3116,0.05,14.0087,0.05,14.892999,0.039999,13.651,0.032999,13.142,0.035,1,0,5
5.94E+18,251.772834,-45.87698227,19.97321,1.8029575,NOT_AVAILABLE,15741,251.7728548,-45.87697706,251.7728127,-45.8769858,17.2583,0.04,16.6946,0.051,16.4557,0.055,17.211,0.028999,16.160999,0.034,15.588,0.082,0,0,5
5.94E+18,251.7522605,-45.84658864,19.973871,2.8305893,NOT_AVAILABLE,6123,251.7523354,-45.84658622,251.7523127,-45.8465912,15.2913,0.031,14.8066,0.037,14.5597,0.035,15.333999,0.017999,14.187,0.024,13.711,0.017,1,0,5
5.94E+18,251.7636969,-45.82101869,19.973925,2.523014,NOT_AVAILABLE,44708,251.7636657,-45.82101888,251.7636673,-45.8210153,16.2523,0.04,15.6856,0.048,15.4507,0.036,16.222,0.017,15.192,0.026,14.682999,0.037,0,0,5
5.94E+18,251.7458622,-45.86619338,19.977911,3.5485592,NOT_AVAILABLE,18473,251.7458906,-45.86617945,251.7458499,-45.8661906,15.5053,0.047,15.0296,0.048,14.7267,0.047,15.553,0.012,14.524999,0.008,14.020999,0.017,0,0,5
5.94E+18,251.8040416,-45.87834999,19.978474,3.0169716,NOT_AVAILABLE,2658,251.8040725,-45.878337,251.8040381,-45.8783402,99.9999,9.9999,99.9999,9.9999,99.9999,9.9999,16.669,0.05,15.777999,0.028999,15.333999,0.045,0,0,5
5.94E+18,251.8043147,-45.84784377,19.984983,2.617918,NOT_AVAILABLE,27465,251.8043278,-45.84784291,251.8043186,-45.8478384,16.8053,0.039,16.3536,0.03,16.0167,0.04,16.868999,0.027,15.81,0.020999,15.494,0.032999,0,0,5
5.94E+18,251.7644348,-45.86174572,19.985022,,NOT_AVAILABLE,19031,251.7644664,-45.86173295,251.7644346,-45.8617395,15.2153,0.058,14.7146,0.052,14.4757,0.049,15.413999,0.017999,14.326,0.020999,13.769,0.020999,1,0,5
5.94E+18,251.7615654,-45.83800273,19.986206,3.645174,NOT_AVAILABLE,44486,251.7615263,-45.83800579,251.7615133,-45.8380069,15.2533,0.044,14.7316,0.045,14.4147,0.045,15.152999,0.020999,14.093999,0.024,13.491999,0.035,1,0,5
5.94E+18,251.7740351,-45.84548375,19.987324,,NOT_AVAILABLE,16166,251.7740779,-45.84546027,251.7740622,-45.8454609,17.5813,0.131,17.4566,0.26,17.0057,0.117,99.9999,9.9999,99.9999,9.9999,99.9999,9.9999,0,0,5
5.94E+18,251.7725877,-45.83108618,19.993332,,NOT_AVAILABLE,44477,251.7725503,-45.83109039,251.7725461,-45.8310876,15.2023,0.024,14.6056,0.037,14.3337,0.036,99.9999,9.9999,99.9999,9.9999,99.9999,9.9999,0,0,5
5.94E+18,251.7629367,-45.86451153,19.994463,4.06386,NOT_AVAILABLE,21852,251.7629677,-45.86449659,251.7629331,-45.8645041,14.4543,0.033,13.6846,0.04,13.4357,0.062,14.543999,0.009999,12.862,0.010999,12.192,0.014999,1,0,5
5.94E+18,251.7303347,-45.84091553,19.9957,3.218727,NOT_AVAILABLE,7001,251.73041,-45.84090427,251.7303858,-45.840912,15.3643,0.029,14.7316,0.032,14.2977,0.033,15.401,0.016,14.036999,0.014,13.463,0.014999,0,0,5
5.94E+18,251.7625335,-45.868313,19.995863,3.2398872,NOT_AVAILABLE,18070,251.7625659,-45.86830089,251.7625281,-45.8683094,15.5403,0.04,15.0276,0.038,14.7417,0.037,99.9999,9.9999,99.9999,9.9999,99.9999,9.9999,0,0,5
5.94E+18,251.7521041,-45.83174716,20.001034,2.7294502,NOT_AVAILABLE,44704,251.752059,-45.83174887,251.7520485,-45.8317502,16.2433,0.028,15.8026,0.036,15.6047,0.038,99.9999,9.9999,99.9999,9.9999,99.9999,9.9999,0,0,5
5.94E+18,251.7831573,-45.85236117,20.002035,3.1506062,NOT_AVAILABLE,26909,251.7831717,-45.85236272,251.7831529,-45.8523633,14.8633,0.042,14.3346,0.047,13.9767,0.043,14.935999,0.010999,13.682999,0.010999,13.112,0.017999,0,0,5
5.94E+18,251.7268147,-45.85594947,20.002241,3.0128918,NOT_AVAILABLE,10908,251.726876,-45.85594227,251.7268384,-45.8559544,15.6043,0.037,15.1416,0.033,14.8697,0.036,15.63,0.012,14.68,0.008999,14.152999,0.016,0,0,5
5.94E+18,251.7251662,-45.86218005,20.005812,2.1235504,NOT_AVAILABLE,3780,251.7252222,-45.86217823,251.725179,-45.8621923,17.0983,0.036,16.6636,0.045,16.3637,0.05,16.788,0.068999,15.894,0.064,15.550999,0.081,0,0,5
5.94E+18,251.7485531,-45.84325631,20.009375,3.570568,NOT_AVAILABLE,6682,251.7486262,-45.8432505,251.7486052,-45.8432554,15.6423,0.047,15.0586,0.041,14.7457,0.038,15.532999,0.027,14.489999,0.014999,13.92,0.027,1,0,5
5.94E+18,251.8152955,-45.85488988,20.009684,2.9656754,NOT_AVAILABLE,26902,251.8153173,-45.85489764,251.8153054,-45.8548928,14.8143,0.039,14.2716,0.038,13.8877,0.047,15.02,0.012,13.734999,0.008,13.170999,0.012,0,0,5
5.94E+18,251.7380255,-45.83419705,20.01108,2.9542809,NOT_AVAILABLE,7715,251.7380975,-45.83418652,251.738081,-45.8341911,16.1423,0.036,15.6566,0.039,15.4037,0.032,16.17,0.018999,15.211,0.016,14.781,0.016,0,0,5
5.94E+18,251.7468065,-45.83839531,20.011587,3.266632,NOT_AVAILABLE,7332,251.7468804,-45.83838756,251.7468629,-45.8383915,15.5463,0.027,14.9836,0.048,14.7187,0.056,15.604999,0.014,14.545999,0.014,14.001999,0.019999,1,0,5
5.94E+18,251.7844848,-45.87831686,20.015194,3.042284,NOT_AVAILABLE,359,251.7845197,-45.8783079,251.7844798,-45.8783148,99.9999,9.9999,99.9999,9.9999,99.9999,9.9999,15.395999,0.014999,14.314999,0.009999,13.765999,0.016,0,0,5
5.94E+18,251.7722898,-45.85325903,20.015566,,NOT_AVAILABLE,26859,251.7722939,-45.85325531,251.7722713,-45.8532582,14.3883,0.071,13.6376,0.072,13.1787,0.062,14.302,0.020999,12.949,0.017999,12.267,0.027,1,0,5
5.94E+18,251.7520252,-45.81113459,20.016367,3.4320583,NOT_AVAILABLE,44583,251.7519942,-45.81113282,251.7520008,-45.811129,15.8223,0.074,15.2746,0.061,15.0487,0.06,99.9999,9.9999,99.9999,9.9999,99.9999,9.9999,0,0,5
5.94E+18,251.7451606,-45.86760702,20.017967,,NOT_AVAILABLE,18214,251.7451757,-45.86759562,251.7451335,-45.8676073,15.6213,0.035,15.2476,0.041,15.0247,0.038,99.9999,9.9999,99.9999,9.9999,99.9999,9.9999,0,0,5
5.94E+18,251.7352603,-45.83017076,20.018087,2.3954296,NOT_AVAILABLE,2035,251.7352274,-45.8301658,251.7352135,-45.8301699,99.9999,9.9999,99.9999,9.9999,99.9999,9.9999,17.25,0.054,16.256,0.061999,16.172,0.050999,0,0,5
5.94E+18,251.7427936,-45.85515633,20.022398,,NOT_AVAILABLE,11807,251.7428609,-45.85515264,251.7428285,-45.8551616,15.4313,0.043,14.9046,0.065,14.6197,0.066,15.399,0.025,14.347999,0.021999,13.803999,0.030999,0,0,5
5.94E+18,251.7661916,-45.86139013,20.024035,,NOT_AVAILABLE,19070,251.766225,-45.86137756,251.766194,-45.8613836,15.2763,0.035,14.7586,0.044,14.4587,0.036,15.190999,0.023,14.012,0.059999,13.614,0.061,1,0,5
5.94E+18,251.7227875,-45.87006449,20.024485,2.254633,NOT_AVAILABLE,2856,251.7228434,-45.8700351,251.722793,-45.8700516,99.9999,9.9999,99.9999,9.9999,99.9999,9.9999,16.966999,0.028,16.218999,0.039999,15.744,0.054999,0,0,5
5.94E+18,251.7837862,-45.86569079,20.026176,2.9067478,NOT_AVAILABLE,18562,251.7838161,-45.8656818,251.7837865,-45.8656856,16.3003,0.043,15.8406,0.044,15.4987,0.05,99.9999,9.9999,99.9999,9.9999,99.9999,9.9999,0,0,5
5.94E+18,251.8102293,-45.85125777,20.027359,2.1673584,NOT_AVAILABLE,27639,251.8102407,-45.85126428,251.8102304,-45.8512595,17.1193,0.047,16.7086,0.055,16.5307,0.052,99.9999,9.9999,99.9999,9.9999,99.9999,9.9999,0,0,5
5.94E+18,251.7731965,-45.85216633,20.027853,,NOT_AVAILABLE,26884,251.7732065,-45.852169,251.7731851,-45.8521714,14.6463,0.039,14.0476,0.071,13.6637,0.064,14.626,0.021999,13.305999,0.021999,12.76,0.037999,1,0,5
5.94E+18,251.7138673,-45.85690126,20.0299,3.2124844,NOT_AVAILABLE,9830,251.7139284,-45.85689039,251.7138863,-45.8569053,15.2803,0.044,14.7626,0.06,14.4787,0.083,99.9999,9.9999,99.9999,9.9999,99.9999,9.9999,0,0,5
5.94E+18,251.7327081,-45.8772109,20.030367,3.2050304,NOT_AVAILABLE,2689,251.732773,-45.8771924,251.7327194,-45.8772088,99.9999,9.9999,99.9999,9.9999,99.9999,9.9999,15.387,0.013,14.173999,0.008,13.609,0.021999,0,0,5
5.94E+18,251.7443053,-45.84695668,20.03158,,NOT_AVAILABLE,6048,251.7443738,-45.84695122,251.7443486,-45.8469578,15.2843,0.035,14.8146,0.035,14.6127,0.041,15.366,0.016,14.258999,0.008,13.718999,0.017,0,0,5
5.94E+18,251.7493745,-45.83389053,20.033579,,NOT_AVAILABLE,45065,251.7493326,-45.83389057,251.7493196,-45.8338929,17.2023,0.043,16.7806,0.039,16.5237,0.047,99.9999,9.9999,99.9999,9.9999,99.9999,9.9999,0,0,5
5.94E+18,251.754217,-45.83585634,20.03708,,NOT_AVAILABLE,44869,251.7541803,-45.83585096,251.754167,-45.8358529,16.6833,0.023,16.1646,0.035,15.9147,0.05,99.9999,9.9999,99.9999,9.9999,99.9999,9.9999,0,0,5
5.94E+18,251.7735622,-45.87488719,20.040066,2.4301243,NOT_AVAILABLE,17144,251.773598,-45.87487547,251.7735579,-45.8748836,16.6773,0.034,16.2406,0.04,15.9197,0.036,16.895999,0.028,16.000999,0.035,15.291999,0.05,0,0,5
5.94E+18,251.7247976,-45.87875441,20.041187,3.2163944,NOT_AVAILABLE,2660,251.7248521,-45.8787223,251.724795,-45.8787406,99.9999,9.9999,99.9999,9.9999,99.9999,9.9999,15.878,0.018999,14.984,0.019999,14.425,0.024,0,0,5
5.94E+18,251.7583461,-45.83625298,20.044287,,NOT_AVAILABLE,44515,251.7583049,-45.83625514,251.7582924,-45.8362564,15.4373,0.03,14.9826,0.043,14.6607,0.036,99.9999,9.9999,99.9999,9.9999,99.9999,9.9999,0,0,5
5.94E+18,251.7397935,-45.83576491,20.0446,,NOT_AVAILABLE,7577,251.7398648,-45.83575795,251.7398475,-45.8357626,16.3013,0.048,15.7586,0.041,15.6377,0.053,16.114,0.050999,15.097,0.061,14.767999,0.057999,0,0,5
5.94E+18,251.789603,-45.82365097,20.04506,3.228691,NOT_AVAILABLE,44472,251.7895733,-45.82365743,251.7895801,-45.8236496,15.1363,0.028,14.7286,0.065,14.3947,0.049,15.199999,0.017,13.996999,0.013,13.47,0.028,0,0,5
5.94E+18,251.7435423,-45.81946805,20.045414,,NOT_AVAILABLE,45058,251.743507,-45.81946318,251.7435043,-45.819463,17.1853,0.028,16.7276,0.038,16.4897,0.041,99.9999,9.9999,99.9999,9.9999,99.9999,9.9999,0,0,5
5.94E+18,251.7529191,-45.87677753,20.049229,2.951191,NOT_AVAILABLE,16074,251.7529449,-45.87676522,251.7528974,-45.8767777,15.7933,0.035,15.3076,0.042,15.0307,0.044,15.720999,0.032999,14.708,0.024,14.213999,0.039,0,0,5
5.94E+18,251.7505475,-45.85913295,20.049358,3.4259777,NOT_AVAILABLE,19256,251.7505806,-45.85911926,251.750547,-45.8591277,15.4753,0.037,14.9986,0.066,14.7367,0.053,15.562,0.048,14.453,0.034,13.763999,0.039999,0,0,5
5.94E+18,251.7576769,-45.84749655,20.055368,2.8173046,NOT_AVAILABLE,5983,251.7577509,-45.8474986,251.757729,-45.8475028,16.8503,0.044,16.3606,0.064,16.1397,0.065,17.113,0.071999,16.711,0.142,16.733999,0.407999,1,0,5
5.94E+18,251.7847228,-45.81822596,20.055597,,NOT_AVAILABLE,44560,251.7846918,-45.81823481,251.7847016,-45.8182265,15.7153,0.028,15.2356,0.041,14.9457,0.045,15.831999,0.023,14.725999,0.014,14.359,0.025,0,0,5
5.94E+18,251.7493587,-45.86102428,20.05944,,NOT_AVAILABLE,19109,251.7493904,-45.86100695,251.7493549,-45.8610161,15.0573,0.038,14.5286,0.045,14.2667,0.057,99.9999,9.9999,99.9999,9.9999,99.9999,9.9999,0,0,5
5.94E+18,251.7641289,-45.88758046,20.059553,3.0271492,NOT_AVAILABLE,17073,251.7641515,-45.88757354,251.7640982,-45.8875866,15.4993,0.036,14.8556,0.049,14.5487,0.047,99.9999,9.9999,99.9999,9.9999,99.9999,9.9999,0,0,5
5.94E+18,251.7562285,-45.8311727,20.060602,,NOT_AVAILABLE,45070,251.7561923,-45.8311702,251.7561834,-45.8311706,17.2123,0.04,16.6146,0.047,16.3387,0.047,99.9999,9.9999,99.9999,9.9999,99.9999,9.9999,0,0,5
5.94E+18,251.8156091,-45.85451999,20.06071,2.5444126,NOT_AVAILABLE,26949,251.81564,-45.85452725,251.8156285,-45.8545222,15.1343,0.044,14.5596,0.045,14.3247,0.059,15.348999,0.016,13.935,0.008999,13.439999,0.010999,0,0,5
5.94E+18,251.7433276,-45.87366013,20.063541,,NOT_AVAILABLE,17268,251.7433515,-45.87364594,251.7433039,-45.8736595,16.1393,0.025,15.6496,0.031,15.3577,0.034,16.163,0.016,15.234999,0.020999,14.857,0.039999,0,0,5
5.94E+18,251.7787839,-45.86810253,20.063704,,NOT_AVAILABLE,18120,251.7788151,-45.86809325,251.7787821,-45.8680986,15.2933,0.033,14.6466,0.051,14.3137,0.053,15.298999,0.012,14.154999,0.014,13.638999,0.014999,0,0,5
5.94E+18,251.7265117,-45.87362421,20.064571,2.0387611,NOT_AVAILABLE,502,251.7265651,-45.8735988,251.7265128,-45.8736155,99.9999,9.9999,99.9999,9.9999,99.9999,9.9999,17.165,0.025,16.399,0.046999,15.994999,0.043,0,0,5
5.94E+18,251.7807097,-45.86954323,20.064838,2.39044,NOT_AVAILABLE,17831,251.7807302,-45.86953586,251.7806965,-45.8695412,17.0543,0.059,16.7006,0.056,16.3917,0.058,16.916,0.041999,16.25,0.045,15.666999,0.054999,0,0,5
5.94E+18,251.7189242,-45.85500033,20.067211,2.046589,NOT_AVAILABLE,11963,251.718986,-45.85499746,251.7189469,-45.8550109,16.9223,0.049,16.5386,0.056,16.2707,0.059,99.9999,9.9999,99.9999,9.9999,99.9999,9.9999,0,0,5
5.94E+18,251.7507308,-45.8254639,20.069279,1.9585667,NOT_AVAILABLE,45071,251.7506874,-45.82546147,251.7506817,-45.8254615,17.2133,0.035,16.7846,0.04,16.5607,0.037,99.9999,9.9999,99.9999,9.9999,99.9999,9.9999,0,0,5
5.94E+18,251.7475617,-45.81948385,20.071417,3.8432178,NOT_AVAILABLE,44429,251.7475174,-45.81947735,251.7475158,-45.8194764,14.6223,0.078,13.9906,0.113,13.3037,0.08,14.491,0.029999,12.859999,0.021999,12.168,0.028999,0,0,5
5.94E+18,251.7247085,-45.88160407,20.075306,2.5994282,NOT_AVAILABLE,2582,251.7247971,-45.8815574,251.7247377,-45.8815764,99.9999,9.9999,99.9999,9.9999,99.9999,9.9999,16.625,0.017999,15.736,0.023,15.258999,0.032999,0,0,5
5.94E+18,251.7758265,-45.86265034,20.075504,1.7195663,NOT_AVAILABLE,18945,251.7758634,-45.8626381,251.7758341,-45.8626427,15.0113,0.028,14.4316,0.047,14.0797,0.033,15.02,0.016,13.829999,0.009999,13.237,0.014999,1,0,5
5.94E+18,251.7403596,-45.87177426,20.077032,3.7029552,NOT_AVAILABLE,17500,251.7403895,-45.87176204,251.7403426,-45.8717756,15.5933,0.058,14.8766,0.073,14.5167,0.093,99.9999,9.9999,99.9999,9.9999,99.9999,9.9999,0,0,5
5.94E+18,251.7815609,-45.84079512,20.077623,,NOT_AVAILABLE,27035,251.7815797,-45.84079595,251.78157,-45.8407939,15.6163,0.028,15.1036,0.035,14.8087,0.033,15.701,0.024,14.673999,0.021999,14.194,0.029999,1,0,5
5.94E+18,251.7410735,-45.83773018,20.077896,2.7034435,NOT_AVAILABLE,7402,251.7411446,-45.8377213,251.741126,-45.8377262,15.5873,0.029,15.0546,0.049,14.8607,0.043,15.592,0.014,14.64,0.012,14.142999,0.017,0,0,5
5.94E+18,251.7892219,-45.8154455,20.079136,2.5540333,NOT_AVAILABLE,44900,251.7892089,-45.81544102,251.7892223,-45.8154312,16.7453,0.03,16.2396,0.044,16.0297,0.035,99.9999,9.9999,99.9999,9.9999,99.9999,9.9999,0,0,5
5.94E+18,251.7682346,-45.81574236,20.08019,2.86977,NOT_AVAILABLE,44731,251.7682015,-45.81574688,251.7682088,-45.8157411,16.3273,0.035,15.8966,0.042,15.7647,0.047,99.9999,9.9999,99.9999,9.9999,99.9999,9.9999,0,0,5
5.94E+18,251.7826628,-45.82752349,20.08107,3.4789505,NOT_AVAILABLE,44487,251.7826288,-45.82752818,251.7826304,-45.8275226,15.2603,0.035,14.6716,0.04,14.3547,0.047,15.326999,0.016,14.185999,0.012,13.677,0.014999,0,0,5
5.94E+18,251.7812665,-45.83695645,20.083176,2.6683998,NOT_AVAILABLE,43335,251.781284,-45.83695408,251.7812774,-45.8369512,15.2923,0.045,14.7856,0.044,14.4687,0.039,15.373999,0.012,14.211,0.014,13.675999,0.020999,1,0,5
5.94E+18,251.7427481,-45.86567795,20.085321,3.109562,NOT_AVAILABLE,18563,251.7427699,-45.86566414,251.7427287,-45.8656758,14.6793,0.034,13.9646,0.038,13.4397,0.034,14.748999,0.014,13.156999,0.009999,12.5,0.019999,0,0,5
5.94E+18,251.7460944,-45.84196349,20.086178,4.3003693,NOT_AVAILABLE,6872,251.7461674,-45.84195805,251.7461468,-45.841963,15.4523,0.035,14.8866,0.049,14.5247,0.039,15.487999,0.029999,14.263999,0.017999,13.586,0.027,1,0,5
5.94E+18,251.7529729,-45.84174251,20.092796,,NOT_AVAILABLE,44509,251.7529237,-45.84174508,251.7529052,-45.8417487,15.4143,0.058,14.9916,0.065,14.7227,0.064,15.678999,0.023,14.668999,0.019999,14.154999,0.025,1,0,5
5.94E+18,251.7953042,-45.87595105,20.093685,1.6831112,NOT_AVAILABLE,429,251.7953344,-45.8759523,251.7952995,-45.8759565,99.9999,9.9999,99.9999,9.9999,99.9999,9.9999,15.211,0.020999,14.019,0.012,13.475,0.018999,0,0,5
5.94E+18,251.7179,-45.85462677,20.09394,,NOT_AVAILABLE,12441,251.7179667,-45.85461295,251.7179277,-45.8546265,17.3083,0.042,16.8136,0.05,16.5407,0.05,99.9999,9.9999,99.9999,9.9999,99.9999,9.9999,0,0,5
5.94E+18,251.736843,-45.82759456,20.096092,2.5614262,NOT_AVAILABLE,45005,251.7368008,-45.82759249,251.7367895,-45.8275957,17.0573,0.035,16.5746,0.055,16.3847,0.039,16.972999,0.064,15.96,0.086999,15.536999,0.114,0,0,5
5.94E+18,251.7649306,-45.79975473,20.096832,,NOT_AVAILABLE,45055,251.7649036,-45.79975486,251.7649231,-45.7997457,17.1793,0.076,16.8136,0.07,16.5187,0.064,99.9999,9.9999,99.9999,9.9999,99.9999,9.9999,0,0,5
5.94E+18,251.7545827,-45.82249951,20.09708,3.0134792,NOT_AVAILABLE,45112,251.7545434,-45.82249954,251.7545412,-45.822498,17.2973,0.035,16.8796,0.043,16.6697,0.047,17.371,0.032999,16.701999,0.039,16.226999,0.050999,0,0,5
5.94E+18,251.7618815,-45.81731318,20.098429,2.8198833,NOT_AVAILABLE,44762,251.7618533,-45.81730904,251.7618575,-45.8173049,16.4193,0.076,15.8316,0.073,15.5227,0.044,99.9999,9.9999,99.9999,9.9999,99.9999,9.9999,0,0,5
5.94E+18,251.7810251,-45.8526579,20.101078,,NOT_AVAILABLE,26892,251.7810348,-45.85265972,251.7810151,-45.8526608,14.7673,0.03,14.1776,0.042,13.8847,0.055,14.812999,0.013,13.503,0.012,12.923,0.023,1,0,5
5.94E+18,251.7730617,-45.86131217,20.101717,,NOT_AVAILABLE,4807,251.7730803,-45.8613125,251.7730512,-45.8613173,99.9999,9.9999,99.9999,9.9999,99.9999,9.9999,14.796999,0.054,13.479,0.027,12.864999,0.023,1,0,5
5.94E+18,251.7521479,-45.85130244,20.105417,4.2788563,NOT_AVAILABLE,1636,251.7522174,-45.85129968,251.7521908,-45.8513059,16.0523,0.027,15.4616,0.051,15.2227,0.053,16.01,0.020999,15.102999,0.023,14.684,0.039999,1,0,5
5.94E+18,251.7365283,-45.8357642,20.10747,3.002283,NOT_AVAILABLE,7569,251.7365998,-45.8357553,251.7365816,-45.8357606,16.3153,0.024,15.8826,0.037,15.6977,0.037,16.277,0.035999,15.371999,0.035999,14.994999,0.021999,0,0,5
5.94E+18,251.7866149,-45.83404819,20.111094,2.6250954,NOT_AVAILABLE,27427,251.7866362,-45.83404828,251.7866335,-45.8340436,16.7333,0.049,16.2686,0.069,15.9057,0.067,99.9999,9.9999,99.9999,9.9999,99.9999,9.9999,0,0,5
5.94E+18,251.7507032,-45.87859176,20.112074,2.1469498,NOT_AVAILABLE,25505,251.7507332,-45.87858827,251.7506835,-45.8786016,17.2903,0.035,16.8476,0.047,16.6757,0.044,17.354999,0.035,16.325,0.045,15.861,0.085,0,0,5
5.94E+18,251.7493575,-45.86935745,20.115389,,NOT_AVAILABLE,17865,251.7493854,-45.8693442,251.749343,-45.8693555,15.6703,0.04,15.1746,0.053,14.9447,0.049,15.772,0.014999,14.795,0.017,14.274999,0.020999,0,0,5
5.94E+18,251.792343,-45.81972773,20.115984,3.5299053,NOT_AVAILABLE,44439,251.7923143,-45.81973459,251.792325,-45.8197252,14.7523,0.051,14.1436,0.072,13.7547,0.064,14.786999,0.016,13.442999,0.012,12.831,0.017,0,0,5
5.94E+18,251.7545892,-45.80889189,20.116962,2.146717,NOT_AVAILABLE,45050,251.7545659,-45.80889315,251.7545749,-45.8088882,17.1723,0.047,16.6306,0.046,16.4967,0.035,99.9999,9.9999,99.9999,9.9999,99.9999,9.9999,0,0,5
5.94E+18,251.7587053,-45.85226222,20.11826,3.5922546,NOT_AVAILABLE,19534,251.7587433,-45.85224548,251.7587177,-45.8522507,15.1613,0.036,14.5326,0.045,14.1767,0.044,14.869,0.064999,13.663999,0.046,13.022999,0.083999,1,0,5
5.94E+18,251.7562637,-45.86074651,20.118317,,NOT_AVAILABLE,19136,251.7562952,-45.8607306,251.7562619,-45.8607384,15.3733,0.031,14.8156,0.041,14.5507,0.034,15.506999,0.028999,14.472999,0.035,13.805,0.032,1,0,5
5.94E+18,251.7569915,-45.85405719,20.11836,,NOT_AVAILABLE,19487,251.7570247,-45.8540419,251.7569972,-45.8540479,15.0853,0.033,14.6426,0.054,14.3487,0.053,15.17,0.017,14.024,0.014999,13.451999,0.024,1,0,5
5.94E+18,251.7493315,-45.84332648,20.121098,4.242548,NOT_AVAILABLE,6670,251.7494045,-45.84332276,251.7493837,-45.8433275,15.6033,0.034,15.0766,0.038,14.8087,0.041,15.593999,0.017,14.574,0.009999,13.991999,0.020999,1,0,5
5.94E+18,251.762615,-45.80907587,20.12135,3.0133915,NOT_AVAILABLE,44668,251.7625873,-45.8090735,251.7625985,-45.8090671,16.1583,0.026,15.5696,0.04,15.3197,0.039,99.9999,9.9999,99.9999,9.9999,99.9999,9.9999,0,0,5
5.94E+18,251.7770591,-45.85512538,20.122694,,NOT_AVAILABLE,26845,251.7770697,-45.85512583,251.7770468,-45.8551283,14.1433,0.037,13.4346,0.061,13.0507,0.046,14.263999,0.012,12.755999,0.008999,12.050999,0.014999,1,0,5
5.94E+18,251.7431801,-45.86602497,20.123133,3.2540092,NOT_AVAILABLE,18500,251.7432064,-45.86600802,251.7431651,-45.8660196,16.3873,0.037,15.8126,0.035,15.6107,0.037,16.354,0.026,15.366999,0.024,14.970999,0.032,0,0,5
5.94E+18,251.78061,-45.84940269,20.126116,2.6898613,NOT_AVAILABLE,27474,251.780631,-45.84940453,251.7806139,-45.8494049,16.8323,0.067,16.4046,0.082,16.1017,0.083,16.666,0.039,15.548999,0.054999,15.166,0.064,1,0,5
5.94E+18,251.7873248,-45.84997176,20.126657,,NOT_AVAILABLE,26841,251.787337,-45.84997545,251.7873213,-45.8499747,14.1113,0.033,13.3226,0.041,12.8117,0.047,14.147999,0.025,12.406,0.012,11.675,0.019999,0,0,5
5.94E+18,251.7558524,-45.82131782,20.12764,3.433054,NOT_AVAILABLE,44490,251.7558159,-45.8213165,251.7558151,-45.8213145,15.3063,0.024,14.7956,0.034,14.4727,0.03,15.387,0.013,14.246999,0.013,13.678,0.018999,0,0,5
5.94E+18,251.7501636,-45.83780507,20.130346,2.993824,NOT_AVAILABLE,44526,251.7501202,-45.83780748,251.7501041,-45.8378107,15.5403,0.037,15.1466,0.051,14.9217,0.041,15.635999,0.016,14.633,0.010999,14.109,0.016,1,0,5
5.94E+18,251.7529427,-45.85638948,20.132252,,NOT_AVAILABLE,19379,251.7529745,-45.85637272,251.7529438,-45.8563801,15.1583,0.037,14.5896,0.038,14.2407,0.04,15.194,0.018999,14.019,0.014999,13.397999,0.017,1,0,5
5.94E+18,251.7457263,-45.87859283,20.132725,1.9473152,NOT_AVAILABLE,25527,251.7457449,-45.87858084,251.7456939,-45.8785951,17.3863,0.039,16.9156,0.063,16.6657,0.064,17.048999,0.085,16.083,0.059,15.791999,0.09,0,0,5
5.94E+18,251.745601,-45.82821467,20.136152,3.5943508,NOT_AVAILABLE,44647,251.7455587,-45.82821438,251.7455493,-45.828216,16.0633,0.045,15.5696,0.048,15.3227,0.046,16.187999,0.016,15.185,0.016,14.76,0.020999,0,0,5
5.94E+18,251.7512051,-45.84640089,20.136295,,NOT_AVAILABLE,6151,251.7512825,-45.84639645,251.7512596,-45.8464016,17.0623,0.044,16.5556,0.045,16.3787,0.048,17.145,0.048,16.562999,0.079999,15.899999,0.054999,1,0,5
5.94E+18,251.8009319,-45.82057418,20.136301,,NOT_AVAILABLE,43327,251.8009653,-45.82057197,251.8009778,-45.8205612,15.0763,0.057,14.5476,0.062,14.0427,0.041,15.098999,0.019999,13.875,0.010999,13.326999,0.018999,0,0,5
5.94E+18,251.7833443,-45.84349427,20.138115,,NOT_AVAILABLE,26951,251.783363,-45.84349649,251.7833515,-45.8434948,15.1483,0.044,14.5916,0.041,14.2367,0.047,15.140999,0.041999,13.989,0.028,13.475999,0.046999,0,0,5
5.94E+18,251.7756928,-45.85859541,20.138372,3.2843494,NOT_AVAILABLE,19283,251.7757297,-45.85858367,251.7757036,-45.8585872,14.8573,0.033,14.2676,0.05,13.9197,0.042,14.958,0.019999,13.626,0.019999,13.053999,0.039,1,0,5
5.94E+18,251.7426583,-45.85637344,20.140867,3.2543545,NOT_AVAILABLE,10463,251.7427245,-45.85637102,251.742691,-45.8563803,15.4103,0.044,14.9536,0.044,14.6527,0.048,15.59,0.017,14.522999,0.014,13.984999,0.021999,0,0,5
5.94E+18,251.7820533,-45.88404659,20.140987,3.479988,NOT_AVAILABLE,2527,251.7820928,-45.8840685,251.7820474,-45.8840773,99.9999,9.9999,99.9999,9.9999,99.9999,9.9999,15.279,0.046999,14.187,0.032,13.612999,0.061,0,0,5
5.94E+18,251.7486955,-45.84928235,20.141201,,NOT_AVAILABLE,4825,251.7487764,-45.84928714,251.7487505,-45.8492935,14.9833,0.083,14.4046,0.11,14.0987,0.094,15.041999,0.017,13.965999,0.008999,13.406999,0.013,1,0,5
5.94E+18,251.7108084,-45.8522716,20.142082,2.5406132,NOT_AVAILABLE,148,251.7108662,-45.85226304,251.7108271,-45.8522773,17.1213,0.027,16.6236,0.039,16.5247,0.036,99.9999,9.9999,99.9999,9.9999,99.9999,9.9999,0,0,5
5.94E+18,251.771158,-45.8627176,20.142532,3.2322998,NOT_AVAILABLE,18937,251.7711914,-45.86270589,251.7711607,-45.8627114,14.8853,0.038,14.3256,0.041,13.9677,0.033,14.940999,0.014,13.685,0.008999,13.031999,0.017,1,0,5
5.94E+18,251.7537691,-45.85464766,20.142557,3.0449934,NOT_AVAILABLE,19458,251.7538013,-45.85463221,251.7537723,-45.854639,15.0773,0.049,14.4286,0.064,14.0607,0.066,15.081999,0.020999,13.831,0.014999,13.395999,0.026,1,0,5
5.94E+18,251.7585585,-45.86255013,20.145844,,NOT_AVAILABLE,22029,251.7585901,-45.86253799,251.7585559,-45.8625458,15.4573,0.027,14.9516,0.04,14.6857,0.036,15.128,0.045,14.218999,0.019999,13.854999,0.035,1,0,5
5.94E+18,251.7774679,-45.86519678,20.148262,,NOT_AVAILABLE,18627,251.7775029,-45.86518637,251.7774718,-45.8651913,15.2123,0.048,14.7586,0.062,14.3417,0.048,99.9999,9.9999,99.9999,9.9999,99.9999,9.9999,0,0,5
5.94E+18,251.7394322,-45.88008556,20.1498,1.9002361,NOT_AVAILABLE,4537,251.7394528,-45.8800689,251.7393987,-45.8800848,99.9999,9.9999,99.9999,9.9999,99.9999,9.9999,17.229999,0.05,16.378,0.054999,16.122999,0.078,0,0,5
5.94E+18,251.786089,-45.84871261,20.150293,3.4960213,NOT_AVAILABLE,27145,251.7861032,-45.84871322,251.7860883,-45.8487123,16.0543,0.047,15.5796,0.055,15.3207,0.058,16.138,0.025,15.104999,0.032999,14.522999,0.048999,0,0,5
5.94E+18,251.7574904,-45.85400239,20.151445,,NOT_AVAILABLE,19484,251.7575371,-45.85400942,251.7575097,-45.8540153,15.4733,0.081,14.9336,0.058,14.6217,0.097,14.8,0.017999,13.696,0.014,13.138999,0.018999,0,0,5
5.94E+18,251.7695538,-45.86383597,20.151785,3.315794,NOT_AVAILABLE,21926,251.7695848,-45.86382317,251.7695527,-45.8638292,15.0803,0.039,14.8666,0.079,14.6657,0.088,15.189999,0.012,14.013999,0.010999,13.434,0.014999,1,0,5
5.94E+18,251.7630513,-45.86884956,20.152868,,NOT_AVAILABLE,25110,251.7630806,-45.86883764,251.7630424,-45.8688462,15.4103,0.043,14.8536,0.055,14.6187,0.059,15.036999,0.075,14.130999,0.072999,13.560999,0.093,0,0,5
5.94E+18,251.8214982,-45.86555273,20.155205,3.288681,NOT_AVAILABLE,5555,251.8215211,-45.865552,251.8215021,-45.8655486,99.9999,9.9999,99.9999,9.9999,99.9999,9.9999,14.626999,0.017999,12.538999,0.016,11.786,0.032,0,0,5
5.94E+18,251.7793458,-45.86642416,20.156946,0.97566986,NOT_AVAILABLE,18444,251.7793809,-45.86641269,251.7793494,-45.8664175,16.0933,0.044,15.5956,0.044,15.3157,0.041,16.191999,0.019999,15.137999,0.018999,14.647,0.019999,0,0,5
5.94E+18,251.7121236,-45.85377696,20.157475,2.175871,NOT_AVAILABLE,13374,251.7121802,-45.85376823,251.7121402,-45.8537826,17.3433,0.033,16.9266,0.046,16.7257,0.046,99.9999,9.9999,99.9999,9.9999,99.9999,9.9999,0,0,5
5.94E+18,251.7730124,-45.87315648,20.158413,3.7861977,NOT_AVAILABLE,17333,251.7730437,-45.8731469,251.7730048,-45.8731547,15.3743,0.024,14.8636,0.037,14.5207,0.035,15.34,0.025,14.173999,0.032,13.486,0.148,0,0,5
5.94E+18,251.7483859,-45.83138056,20.159628,2.7074337,NOT_AVAILABLE,44530,251.7483419,-45.83137717,251.7483306,-45.8313791,15.5633,0.044,14.8916,0.052,14.6667,0.054,15.456,0.014,14.357999,0.012,13.824999,0.017999,0,0,5
5.94E+18,251.7429709,-45.81871867,20.161375,,NOT_AVAILABLE,44756,251.7429311,-45.81871594,251.7429288,-45.8187157,16.3863,0.043,15.9756,0.035,15.9007,0.057,16.419,0.048,15.605999,0.043999,15.223999,0.043999,0,0,5
5.94E+18,251.8024673,-45.86528525,20.162283,,NOT_AVAILABLE,26889,251.802479,-45.86529244,251.802455,-45.8652926,14.6903,0.046,14.0766,0.046,13.6987,0.052,14.859999,0.018999,13.468999,0.017999,12.871,0.035999,0,0,5
5.94E+18,251.7537425,-45.84254854,20.162437,,NOT_AVAILABLE,4121,251.7538092,-45.84254144,251.7537902,-45.8425451,14.2353,0.025,13.3826,0.039,12.7887,0.034,14.258,0.021999,12.390999,0.010999,11.678999,0.018999,1,0,5
5.94E+18,251.7428427,-45.86710061,20.163885,3.5142803,NOT_AVAILABLE,18311,251.7428683,-45.86708453,251.742826,-45.8670965,15.4803,0.047,14.9406,0.041,14.5187,0.04,15.383999,0.054,14.265999,0.034,13.557,0.064999,0,0,5
5.94E+18,251.7725582,-45.87504719,20.163958,3.0268326,NOT_AVAILABLE,17119,251.7725882,-45.87503715,251.7725477,-45.8750455,16.0643,0.065,15.7086,0.046,15.4457,0.039,99.9999,9.9999,99.9999,9.9999,99.9999,9.9999,0,0,5
5.94E+18,251.8208128,-45.87532025,20.164402,2.2376213,NOT_AVAILABLE,4255,251.8208245,-45.8753127,251.8207973,-45.8753119,99.9999,9.9999,99.9999,9.9999,99.9999,9.9999,17.191999,0.043,15.685,0.032999,15.321999,0.067,0,0,5
5.94E+18,251.7776791,-45.83599778,20.167961,,NOT_AVAILABLE,43313,251.7776953,-45.83599682,251.7776885,-45.8359943,14.4623,0.043,13.7166,0.071,13.0927,0.06,14.47,0.017999,12.706,0.013,12.022,0.025,0,0,5
5.94E+18,251.7954683,-45.83836347,20.1685,3.1455708,NOT_AVAILABLE,26915,251.7954892,-45.83836168,251.7954854,-45.8383564,14.9163,0.03,14.2716,0.038,13.8707,0.037,14.928999,0.013,13.614,0.008999,13.015999,0.017,0,0,5
5.94E+18,251.7919322,-45.82458654,20.16928,2.2108135,NOT_AVAILABLE,43463,251.7919613,-45.82458868,251.7919679,-45.8245806,17.2623,0.048,16.8396,0.053,16.5827,0.05,17.378999,0.032,16.385999,0.043,16.025999,0.059,0,0,5
5.94E+18,251.7288298,-45.87828336,20.171667,2.2831993,NOT_AVAILABLE,363,251.7288886,-45.878263,251.7288331,-45.8782804,99.9999,9.9999,99.9999,9.9999,99.9999,9.9999,17.156,0.028999,16.260999,0.027,15.907999,0.05,0,0,5
5.94E+18,251.7074385,-45.84448414,20.1727,1.9605389,NOT_AVAILABLE,6494,251.7075001,-45.84446522,251.7074665,-45.8444782,17.3903,0.028,16.9266,0.039,16.6407,0.038,99.9999,9.9999,99.9999,9.9999,99.9999,9.9999,0,0,5
5.94E+18,251.7826841,-45.80795491,20.17359,2.792265,NOT_AVAILABLE,44444,251.782661,-45.80795512,251.7826787,-45.8079446,14.8133,0.042,14.2906,0.061,13.9937,0.066,99.9999,9.9999,99.9999,9.9999,99.9999,9.9999,0,0,5
5.94E+18,251.7384259,-45.82791357,20.175297,,NOT_AVAILABLE,44552,251.7383835,-45.82791157,251.7383724,-45.8279145,15.6723,0.044,15.1276,0.039,14.8787,0.033,15.689,0.024,14.661999,0.020999,14.166,0.019999,0,0,5
5.94E+18,251.7888683,-45.86894742,20.177208,2.17173,NOT_AVAILABLE,21174,251.7889059,-45.86893712,251.7888749,-45.8689408,17.1873,0.058,16.7196,0.05,16.4727,0.051,99.9999,9.9999,99.9999,9.9999,99.9999,9.9999,0,0,5
5.94E+18,251.7452519,-45.86028668,20.177774,,NOT_AVAILABLE,7074,251.745316,-45.86028539,251.7452799,-45.8602952,15.2433,0.044,14.7146,0.054,14.3597,0.057,15.352999,0.014,14.248,0.014,13.654,0.018999,0,0,5
5.94E+18,251.7812045,-45.84505314,20.17907,4.200739,NOT_AVAILABLE,3537,251.7812079,-45.845058,251.7811946,-45.8450571,99.9999,9.9999,99.9999,9.9999,99.9999,9.9999,15.392999,0.024,14.189,0.014999,13.692,0.024,1,0,5
5.94E+18,251.7351606,-45.84988994,20.179115,2.3972816,NOT_AVAILABLE,9740,251.7352326,-45.84988013,251.7352023,-45.8498892,17.1313,0.031,16.5876,0.041,16.3367,0.043,99.9999,9.9999,99.9999,9.9999,99.9999,9.9999,0,0,5
5.94E+18,251.7717235,-45.85033927,20.180296,4.93005,NOT_AVAILABLE,26998,251.7717384,-45.8503373,251.771718,-45.8503396,15.4773,0.04,14.8576,0.062,14.5507,0.065,15.062,0.075,13.892,0.057999,13.56,0.041999,1,0,5
5.94E+18,251.7233885,-45.83655631,20.184498,2.97431,NOT_AVAILABLE,7514,251.7234582,-45.83654405,251.7234356,-45.836552,16.3463,0.038,15.7296,0.031,15.4457,0.028,16.347,0.023,15.27,0.019999,14.758999,0.023,0,0,5
5.94E+18,251.7748488,-45.87574556,20.185785,,NOT_AVAILABLE,22609,251.7748779,-45.87573688,251.7748374,-45.8757449,17.0693,0.056,16.6456,0.077,16.3197,0.069,99.9999,9.9999,99.9999,9.9999,99.9999,9.9999,0,0,5
5.94E+18,251.8199738,-45.83747045,20.186132,3.164133,NOT_AVAILABLE,27002,251.8200116,-45.837469,251.8200154,-45.8374588,15.4873,0.028,14.9726,0.046,14.5937,0.042,15.631999,0.019999,14.215999,0.013,13.701,0.028,0,0,5
5.94E+18,251.7555659,-45.81411598,20.186584,,NOT_AVAILABLE,44787,251.7555319,-45.81411438,251.7555369,-45.8141106,16.4823,0.031,15.9326,0.037,15.7207,0.035,99.9999,9.9999,99.9999,9.9999,99.9999,9.9999,0,0,5
5.94E+18,251.7364884,-45.87108137,20.187193,,NOT_AVAILABLE,17590,251.7365121,-45.87106619,251.7364646,-45.8710803,15.9223,0.026,15.4776,0.033,15.1717,0.04,15.569999,0.063,14.595,0.052,14.090999,0.079,0,0,5
5.94E+18,251.8040948,-45.88072078,20.189014,2.1997814,NOT_AVAILABLE,259,251.8041227,-45.8807153,251.8040863,-45.8807191,99.9999,9.9999,99.9999,9.9999,99.9999,9.9999,17.121999,0.028,16.250999,0.028999,15.871999,0.035999,0,0,5
5.94E+18,251.7909363,-45.85527515,20.193132,4.450121,NOT_AVAILABLE,26948,251.7909502,-45.85527823,251.7909312,-45.8552781,15.1273,0.047,14.6256,0.058,14.2237,0.05,15.185,0.014999,13.887,0.012,13.305,0.024,0,0,5
5.94E+18,251.7765892,-45.85485018,20.19407,,NOT_AVAILABLE,26854,251.7766018,-45.85485202,251.7765791,-45.8548545,14.3143,0.038,13.7206,0.055,13.2487,0.042,14.347999,0.014999,12.857999,0.010999,12.140999,0.025,1,0,5
5.94E+18,251.820653,-45.84391468,20.194237,2.068264,NOT_AVAILABLE,27657,251.8206738,-45.84392754,251.8206725,-45.8439189,17.1753,0.04,16.7676,0.046,16.6627,0.032,17.479,0.054,16.423999,0.030999,16.108999,0.041,0,0,5
5.94E+18,251.7542845,-45.87566501,20.195894,3.3903942,NOT_AVAILABLE,17034,251.7543092,-45.87565352,251.754263,-45.8756655,15.9343,0.025,15.3626,0.039,15.1227,0.044,15.916,0.016,14.942,0.012,14.437999,0.018999,0,0,5
5.94E+18,251.7591267,-45.8689195,20.196438,3.6568146,NOT_AVAILABLE,17936,251.7591579,-45.86890621,251.7591186,-45.8689155,15.6813,0.043,15.1996,0.044,14.9187,0.046,15.814,0.014999,14.767,0.014,14.284999,0.024,0,0,5
5.94E+18,251.7390141,-45.84446254,20.197447,1.8490658,NOT_AVAILABLE,6499,251.7390809,-45.84445689,251.7390562,-45.8444639,15.3043,0.037,14.8316,0.048,14.4777,0.034,15.335,0.012,14.208,0.008,13.642999,0.012,0,0,5
5.94E+18,251.781152,-45.84466384,20.199173,3.6657734,NOT_AVAILABLE,26959,251.7811684,-45.84466299,251.7811554,-45.844662,15.2153,0.028,14.7596,0.038,14.4527,0.04,15.277,0.016,13.817,0.030999,13.404,0.039,1,0,5
5.94E+18,251.7887575,-45.8259161,20.200233,3.4156837,NOT_AVAILABLE,43330,251.7887785,-45.82591339,251.7887831,-45.8259063,15.2013,0.061,14.7536,0.063,14.4197,0.061,15.432,0.014,14.3,0.010999,13.796999,0.016,0,0,5
5.94E+18,251.8062186,-45.83156526,20.203527,2.544651,NOT_AVAILABLE,27613,251.8062513,-45.83156222,251.8062562,-45.8315532,17.0663,0.036,16.5726,0.04,16.3187,0.038,17.11,0.023,16.097999,0.025,15.690999,0.030999,0,0,5
5.94E+18,251.7811557,-45.83596524,20.205557,2.767393,NOT_AVAILABLE,43465,251.7811799,-45.8359582,251.7811741,-45.835955,17.2743,0.048,16.8986,0.058,16.6827,0.055,17.180999,0.037999,16.215999,0.046999,15.821,0.064,0,0,5
5.94E+18,251.7211494,-45.86196485,20.210093,,NOT_AVAILABLE,5997,251.7212078,-45.86195644,251.7211636,-45.8619712,16.2863,0.062,15.8926,0.048,15.6337,0.048,99.9999,9.9999,99.9999,9.9999,99.9999,9.9999,0,0,5
5.94E+18,251.798411,-45.84972932,20.213373,2.501461,NOT_AVAILABLE,27773,251.7984313,-45.84972754,251.798419,-45.8497246,17.3913,0.03,17.0036,0.042,16.7867,0.041,17.392,0.030999,16.68,0.043,16.274999,0.057,0,0,5
5.94E+18,251.7228583,-45.87759917,20.215351,,NOT_AVAILABLE,396,251.7229198,-45.8775705,251.7228632,-45.8775889,99.9999,9.9999,99.9999,9.9999,99.9999,9.9999,16.041999,0.018999,15.178,0.018999,14.68,0.024,0,0,5
5.94E+18,251.7825937,-45.8572708,20.22078,1.6453857,NOT_AVAILABLE,27606,251.7826059,-45.85727495,251.7825829,-45.8572769,17.0573,0.047,16.6456,0.052,16.4247,0.058,17.17,0.025,16.212999,0.028,15.753,0.046,0,0,5
5.94E+18,251.7537621,-45.83979573,20.222546,2.8195534,NOT_AVAILABLE,44539,251.7537182,-45.83979834,251.7537015,-45.8398014,15.6083,0.042,15.1556,0.041,14.8837,0.048,15.621,0.020999,14.630999,0.012,14.104999,0.020999,1,0,5
5.94E+18,251.7292889,-45.84336023,20.22279,2.1182194,NOT_AVAILABLE,11009,251.729351,-45.8433266,251.7293245,-45.8433351,17.0863,0.058,16.6706,0.068,16.3767,0.062,17.156,0.021999,16.228,0.024,15.852999,0.028,0,0,5
5.94E+18,251.7474594,-45.87647301,20.223448,1.8903561,NOT_AVAILABLE,16397,251.747482,-45.87646215,251.7474332,-45.8764756,17.4043,0.046,17.0046,0.05,16.7527,0.049,17.497999,0.037,16.580999,0.050999,16.142,0.071999,0,0,5
5.94E+18,251.7318059,-45.85219873,20.229101,2.7023659,NOT_AVAILABLE,281,251.7318789,-45.85218842,251.7318458,-45.8521987,16.2963,0.039,15.7156,0.057,15.4687,0.057,16.134,0.039999,15.119999,0.039999,14.652,0.067,0,0,5
5.94E+18,251.7745922,-45.83707787,20.229748,,NOT_AVAILABLE,43339,251.7746091,-45.83707724,251.7746005,-45.8370756,15.4733,0.052,14.9966,0.055,14.6647,0.053,15.609,0.014,14.489999,0.009999,13.956,0.016,1,0,5
5.94E+18,251.7542436,-45.8401984,20.230682,3.3567867,NOT_AVAILABLE,44559,251.7542029,-45.84019993,251.754186,-45.840203,15.7123,0.049,15.3236,0.056,15.0837,0.046,15.583999,0.028999,14.548999,0.016,14.079999,0.039,1,0,5
5.94E+18,251.7511363,-45.84577684,20.23091,,NOT_AVAILABLE,6268,251.75121,-45.84577389,251.7511876,-45.8457789,16.9333,0.034,16.4266,0.041,16.2447,0.032,17.107999,0.037,16.159999,0.034,15.913,0.064999,1,0,5
5.94E+18,251.7893609,-45.87700276,20.231354,3.2579212,NOT_AVAILABLE,2688,251.7893898,-45.8769995,251.7893523,-45.8770051,99.9999,9.9999,99.9999,9.9999,99.9999,9.9999,15.159,0.017999,13.866,0.014,13.274999,0.018999,0,0,5
5.94E+18,251.7708323,-45.83304191,20.232985,,NOT_AVAILABLE,44747,251.7707944,-45.83304501,251.770788,-45.8330431,16.3633,0.037,15.8616,0.045,15.5877,0.054,16.340999,0.025,15.390999,0.020999,15.024999,0.028,0,0,5
5.94E+18,251.7561067,-45.86933617,20.23325,2.3771877,NOT_AVAILABLE,17829,251.7561385,-45.86932665,251.7560981,-45.8693366,16.9533,0.048,16.4776,0.05,16.2137,0.054,17.041,0.028,16.084999,0.032999,15.527,0.045,0,0,5
5.94E+18,251.7915544,-45.87716968,20.234282,2.8226986,NOT_AVAILABLE,2676,251.7916043,-45.8771713,251.7915673,-45.8771766,99.9999,9.9999,99.9999,9.9999,99.9999,9.9999,16.208999,0.027,15.093999,0.028999,14.633999,0.032,0,0,5
5.94E+18,251.7294837,-45.85545555,20.23475,3.1463299,NOT_AVAILABLE,11407,251.7295436,-45.85545128,251.7295071,-45.8554628,14.7703,0.036,14.0666,0.05,13.5797,0.05,14.788,0.009999,13.227999,0.006,12.550999,0.010999,0,0,5
5.94E+18,251.7302411,-45.85223911,20.235725,2.390295,NOT_AVAILABLE,226,251.7303061,-45.85223295,251.7302725,-45.8522435,16.4953,0.031,15.9976,0.047,15.7877,0.044,16.493999,0.016,15.614,0.014999,15.185999,0.021999,0,0,5
5.94E+18,251.733377,-45.87252583,20.238516,,NOT_AVAILABLE,532,251.7334267,-45.8724985,251.7333772,-45.8725136,99.9999,9.9999,99.9999,9.9999,99.9999,9.9999,15.911999,0.019999,14.789999,0.018999,14.421999,0.027,0,0,5
5.94E+18,251.774748,-45.85772201,20.239635,3.0462627,VARIABLE,22321,251.7747853,-45.85770814,251.7747597,-45.8577117,14.8963,0.034,14.3126,0.041,13.9287,0.04,14.942999,0.021999,13.56,0.019999,12.994999,0.026,1,0,5
5.94E+18,251.7678705,-45.85484211,20.240688,,NOT_AVAILABLE,19451,251.7679073,-45.85482805,251.7678822,-45.8548322,14.7463,0.031,14.1686,0.04,13.6837,0.04,14.786999,0.017,13.652999,0.035999,13.071999,0.112,1,0,5
5.94E+18,251.8205235,-45.84133102,20.240814,2.554369,NOT_AVAILABLE,27155,251.8205463,-45.84133649,251.8205471,-45.8413272,16.0943,0.04,15.5756,0.042,15.3237,0.045,16.374,0.020999,15.125,0.014,14.756999,0.023,0,0,5
5.94E+18,251.791925,-45.84845322,20.241005,3.2681847,NOT_AVAILABLE,27028,251.7919411,-45.84845705,251.791928,-45.848455,15.5883,0.037,14.9296,0.047,14.6117,0.049,15.564,0.010999,14.435,0.012,13.895999,0.014999,0,0,5
5.94E+18,251.7426498,-45.88052236,20.24135,2.7669811,NOT_AVAILABLE,5497,251.7426969,-45.8805108,251.7426434,-45.8805262,99.9999,9.9999,99.9999,9.9999,99.9999,9.9999,16.392,0.035,15.394,0.034,15.107999,0.032999,0,0,5
5.94E+18,251.7569375,-45.81537837,20.242266,,NOT_AVAILABLE,45080,251.7569027,-45.81538059,251.7569071,-45.8153769,17.2293,0.027,16.7186,0.035,16.6427,0.046,99.9999,9.9999,99.9999,9.9999,99.9999,9.9999,0,0,5
5.94E+18,251.7887516,-45.88471378,20.243132,2.9419708,NOT_AVAILABLE,2506,251.7887945,-45.8847001,251.7887505,-45.8847078,99.9999,9.9999,99.9999,9.9999,99.9999,9.9999,15.994999,0.020999,14.883,0.014,14.364999,0.027,0,0,5
5.94E+18,251.7325176,-45.85217947,20.243513,3.1099339,NOT_AVAILABLE,303,251.7325798,-45.85217232,251.7325469,-45.8521825,15.5443,0.034,14.9226,0.056,14.6347,0.059,15.52,0.010999,14.451,0.008,13.902,0.010999,0,0,5
5.94E+18,251.7858999,-45.866466,20.243904,2.089878,NOT_AVAILABLE,18438,251.7859293,-45.8664606,251.7858996,-45.8664642,17.0623,0.043,16.6236,0.052,16.3997,0.045,17.135999,0.030999,16.208,0.029999,15.822999,0.050999,0,0,5
5.94E+18,251.789578,-45.86514127,20.24477,2.130518,NOT_AVAILABLE,27626,251.7895979,-45.8651265,251.7895703,-45.8651291,17.0933,0.066,16.7686,0.064,16.4637,0.07,17.186,0.034,16.201,0.037999,15.911999,0.039,0,0,5
5.94E+18,251.725453,-45.86545166,20.245377,,NOT_AVAILABLE,13012,251.7255037,-45.86544728,251.7254578,-45.8654621,17.3753,0.05,17.0146,0.076,16.6987,0.065,99.9999,9.9999,99.9999,9.9999,99.9999,9.9999,0,0,5
5.94E+18,251.8150425,-45.84794794,20.245594,2.7347069,NOT_AVAILABLE,27743,251.8150624,-45.84794933,251.8150562,-45.8479428,17.3373,0.038,16.9456,0.039,16.7517,0.026,16.930999,0.086,16.201999,0.057,15.987999,0.086,0,0,5
5.94E+18,251.7452795,-45.87028505,20.246973,,NOT_AVAILABLE,17715,251.7453081,-45.87027083,251.7452638,-45.8702831,16.0493,0.039,15.4866,0.03,15.3207,0.043,15.942999,0.017999,14.947999,0.026,14.375,0.057,0,0,5
5.94E+18,251.8066126,-45.83585067,20.247839,2.286356,NOT_AVAILABLE,27670,251.8066395,-45.83585597,251.8066409,-45.8358479,17.2013,0.045,16.7616,0.06,16.4767,0.056,99.9999,9.9999,99.9999,9.9999,99.9999,9.9999,0,0,5
5.94E+18,251.7800854,-45.86127271,20.247847,3.2611046,NOT_AVAILABLE,19081,251.7801227,-45.8612628,251.7800956,-45.8612662,14.7003,0.05,14.1426,0.05,13.7567,0.055,14.927,0.014,13.609999,0.012,13,0.018999,1,0,5
5.94E+18,251.7782417,-45.82865951,20.248877,2.9120464,NOT_AVAILABLE,44489,251.7782065,-45.82866554,251.7782058,-45.8286611,15.3053,0.053,14.8066,0.05,14.4987,0.06,15.392,0.019999,14.229,0.017999,13.706,0.023,0,0,5
5.94E+18,251.7422144,-45.85191795,20.253119,,NOT_AVAILABLE,714,251.742279,-45.85191506,251.742249,-45.8519233,15.6053,0.056,15.1466,0.048,14.8377,0.052,99.9999,9.9999,99.9999,9.9999,99.9999,9.9999,0,0,5
5.94E+18,251.7873804,-45.87725901,20.254585,3.4396152,NOT_AVAILABLE,22595,251.7874173,-45.87725326,251.7873791,-45.8772593,15.1853,0.107,14.5846,0.095,14.2067,0.088,15.263999,0.017999,14.022999,0.017,13.380999,0.032,0,0,5
5.94E+18,251.7587975,-45.87131524,20.255077,2.63735,NOT_AVAILABLE,17556,251.7588263,-45.87130165,251.7587849,-45.8713116,15.6823,0.034,15.1206,0.043,14.8837,0.042,99.9999,9.9999,99.9999,9.9999,99.9999,9.9999,0,0,5
5.94E+18,251.7811679,-45.84091967,20.256746,,NOT_AVAILABLE,3626,251.7811666,-45.8409309,251.7811567,-45.840929,99.9999,9.9999,99.9999,9.9999,99.9999,9.9999,15.732,0.024,14.659999,0.019999,14.201999,0.023,1,0,5
5.94E+18,251.7804487,-45.83777552,20.25834,3.712635,NOT_AVAILABLE,43350,251.7804673,-45.83777544,251.7804598,-45.8377729,15.6513,0.04,15.0496,0.038,14.7317,0.029,15.559,0.017,14.430999,0.017999,13.934,0.025,1,0,5
5.94E+18,251.7875788,-45.84817813,20.263092,,NOT_AVAILABLE,26977,251.7876029,-45.84817795,251.7875888,-45.8481767,15.3173,0.053,14.8216,0.046,14.5417,0.041,99.9999,9.9999,99.9999,9.9999,99.9999,9.9999,0,0,5
5.94E+18,251.8009077,-45.82021119,20.26439,,NOT_AVAILABLE,43328,251.8009373,-45.82021081,251.8009501,-45.8201999,15.0923,0.072,14.5826,0.073,14.3877,0.051,15.298,0.018999,14.093999,0.012,13.560999,0.021999,0,0,5
5.94E+18,251.8203827,-45.84090372,20.271196,2.4425812,NOT_AVAILABLE,27508,251.8204057,-45.8409128,251.8204068,-45.8409034,16.8913,0.043,16.4686,0.04,16.1917,0.05,17.038,0.029999,15.984,0.063,15.517999,0.054999,0,0,5
5.94E+18,251.7946074,-45.83648724,20.272663,2.5216522,NOT_AVAILABLE,26895,251.7946267,-45.83648705,251.7946242,-45.8364815,14.7803,0.034,14.1396,0.034,13.8067,0.032,14.930999,0.018999,13.543,0.016,12.920999,0.019999,0,0,5
5.94E+18,251.7585919,-45.87372525,20.273087,4.082733,NOT_AVAILABLE,17259,251.758617,-45.87371459,251.7585736,-45.8737252,15.7683,0.04,15.2426,0.038,14.9767,0.038,15.656,0.035999,14.623,0.028,13.984,0.074,0,0,5
5.94E+18,251.76738,-45.80053591,20.274137,2.5982723,NOT_AVAILABLE,44685,251.7673578,-45.8005334,251.7673774,-45.8005239,16.1883,0.053,15.7496,0.072,15.4557,0.073,99.9999,9.9999,99.9999,9.9999,99.9999,9.9999,0,0,5
5.94E+18,251.7350435,-45.85941808,20.276222,2.2637882,NOT_AVAILABLE,8439,251.7351068,-45.85941299,251.7350686,-45.8594245,17.0593,0.057,16.6366,0.059,16.4007,0.063,17.136999,0.048,16.330999,0.052999,15.831999,0.057,0,0,5
5.94E+18,251.7522791,-45.83806815,20.27716,1.6897259,NOT_AVAILABLE,45122,251.7522296,-45.83807137,251.7522139,-45.8380742,17.3133,0.032,16.8586,0.046,16.5757,0.048,17.159,0.035999,16.256,0.035999,15.897,0.041,1,0,5
5.94E+18,251.7635374,-45.85674756,20.278563,,NOT_AVAILABLE,19363,251.763572,-45.85673339,251.763544,-45.8567388,15.1643,0.034,14.6306,0.037,14.1877,0.033,15.307999,0.023,14.21,0.043999,13.628999,0.035999,1,0,5
5.94E+18,251.7540038,-45.87381238,20.278984,2.3952637,NOT_AVAILABLE,17252,251.7540271,-45.87380121,251.7539824,-45.8738127,16.5293,0.037,15.9716,0.045,15.6347,0.033,99.9999,9.9999,99.9999,9.9999,99.9999,9.9999,0,0,5
5.94E+18,251.7385414,-45.87061624,20.27922,2.769886,NOT_AVAILABLE,17663,251.7385649,-45.87060253,251.7385184,-45.8706162,16.0643,0.036,15.5596,0.033,15.3307,0.034,16.021999,0.014999,15.109999,0.016,14.571,0.021999,0,0,5
5.94E+18,251.8161817,-45.84425518,20.279264,2.1470222,NOT_AVAILABLE,27781,251.8162035,-45.8442601,251.8162006,-45.8442524,17.4073,0.031,16.8916,0.041,16.6337,0.042,17.438999,0.028999,16.451,0.029999,16.031999,0.039999,0,0,5
5.94E+18,251.7635585,-45.86396841,20.27982,2.1469517,NOT_AVAILABLE,18806,251.7635861,-45.86395215,251.7635522,-45.8639594,17.3533,0.054,17.0556,0.049,16.8557,0.054,17.511999,0.043999,16.844999,0.082,15.916,0.061999,1,0,5
5.94E+18,251.7557265,-45.8522156,20.282684,,NOT_AVAILABLE,19535,251.755761,-45.85219935,251.7557346,-45.8522051,15.1283,0.038,14.5526,0.05,14.2667,0.046,15.286999,0.020999,14.024999,0.014999,13.402999,0.021999,1,0,5
5.94E+18,251.7578681,-45.87552943,20.283186,3.174305,NOT_AVAILABLE,17069,251.7578902,-45.87552011,251.7578451,-45.8755313,15.9863,0.052,15.2956,0.049,15.1897,0.056,15.774,0.046999,14.685,0.039,14.154,0.050999,0,0,5
5.94E+18,251.7891375,-45.85364305,20.286604,2.8620205,NOT_AVAILABLE,26988,251.7891533,-45.85364607,251.7891351,-45.8536459,15.3923,0.038,14.9126,0.04,14.6637,0.035,15.491,0.014,14.333999,0.010999,13.793999,0.016,0,0,5
5.94E+18,251.7746155,-45.80719944,20.28681,2.314474,NOT_AVAILABLE,45151,251.7745854,-45.8071967,251.7746015,-45.8071875,17.3683,0.032,16.9076,0.039,16.6937,0.038,99.9999,9.9999,99.9999,9.9999,99.9999,9.9999,0,0,5
5.94E+18,251.7728068,-45.80223804,20.28861,2.1812515,NOT_AVAILABLE,45171,251.7727829,-45.8022384,251.7728026,-45.8022283,17.4363,0.02,16.9796,0.033,16.7577,0.04,99.9999,9.9999,99.9999,9.9999,99.9999,9.9999,0,0,5
5.94E+18,251.7641776,-45.87726601,20.292236,2.3269558,NOT_AVAILABLE,20424,251.7642087,-45.87725287,251.764164,-45.8772633,17.2353,0.035,16.8616,0.058,16.6427,0.063,99.9999,9.9999,99.9999,9.9999,99.9999,9.9999,0,0,5
5.94E+18,251.7307404,-45.87974546,20.293184,1.4980354,NOT_AVAILABLE,262,251.7307874,-45.879725,251.7307312,-45.8797424,99.9999,9.9999,99.9999,9.9999,99.9999,9.9999,17.614999,0.035999,16.631,0.035999,16.350999,0.05,0,0,5
5.94E+18,251.7635064,-45.83248824,20.294006,,NOT_AVAILABLE,44868,251.7634885,-45.83247723,251.7634806,-45.8324766,16.6793,0.052,16.1456,0.087,15.8247,0.089,99.9999,9.9999,99.9999,9.9999,99.9999,9.9999,0,0,5
5.94E+18,251.771258,-45.80195915,20.295326,2.6208076,NOT_AVAILABLE,45121,251.7712364,-45.80196005,251.7712559,-45.8019502,17.3123,0.031,16.8256,0.048,16.5327,0.045,99.9999,9.9999,99.9999,9.9999,99.9999,9.9999,0,0,5
5.94E+18,251.7731306,-45.81497022,20.295328,2.2517586,NOT_AVAILABLE,44975,251.7730931,-45.81496139,251.7731024,-45.8149545,16.9463,0.029,16.5556,0.044,16.2117,0.036,99.9999,9.9999,99.9999,9.9999,99.9999,9.9999,0,0,5
5.94E+18,251.8089094,-45.86511834,20.296312,2.287632,NOT_AVAILABLE,2994,251.8089412,-45.8651202,251.8089191,-45.8651191,99.9999,9.9999,99.9999,9.9999,99.9999,9.9999,17.135,0.041999,16.077999,0.052,15.838999,0.034,0,0,5
5.94E+18,251.7246072,-45.86084368,20.298243,,NOT_AVAILABLE,6619,251.7246679,-45.86083635,251.7246256,-45.8608502,15.7683,0.039,15.2726,0.041,15.0407,0.04,15.819,0.026,14.876999,0.024,14.319999,0.05,0,0,5
5.94E+18,251.7070964,-45.84270217,20.29895,2.1042404,NOT_AVAILABLE,6756,251.707159,-45.84268675,251.7071268,-45.8426993,17.5013,0.035,17.0006,0.042,16.7307,0.053,99.9999,9.9999,99.9999,9.9999,99.9999,9.9999,0,0,5
5.94E+18,251.7283425,-45.88276368,20.301418,2.6312885,NOT_AVAILABLE,2541,251.7284125,-45.8827188,251.7283531,-45.8827374,99.9999,9.9999,99.9999,9.9999,99.9999,9.9999,17.482999,0.028999,16.531,0.027,16.138,0.043999,0,0,5
5.94E+18,251.7424909,-45.84456199,20.301455,,NOT_AVAILABLE,6470,251.7425618,-45.84455428,251.742538,-45.8445606,17.0613,0.04,16.6326,0.038,16.3267,0.049,99.9999,9.9999,99.9999,9.9999,99.9999,9.9999,0,0,5
5.94E+18,251.7706184,-45.84623684,20.303062,2.3470402,NOT_AVAILABLE,26970,251.7706318,-45.84623418,251.7706145,-45.8462356,15.2893,0.044,14.8636,0.037,14.5867,0.047,15.435999,0.028999,14.163,0.020999,13.633,0.037,1,0,5
5.94E+18,251.7981298,-45.85197182,20.304823,2.8774967,NOT_AVAILABLE,26981,251.7981505,-45.85197181,251.7981362,-45.8519695,15.3363,0.033,14.7356,0.034,14.4427,0.036,15.295,0.021999,13.857999,0.012,13.312,0.026,0,0,5
5.94E+18,251.7858201,-45.87998005,20.305489,,NOT_AVAILABLE,4239,251.7858567,-45.8799592,251.7858158,-45.8799662,99.9999,9.9999,99.9999,9.9999,99.9999,9.9999,17.246999,0.032999,16.333999,0.034,16.016,0.057999,0,0,5
5.94E+18,251.7356259,-45.83145431,20.307247,2.3942394,NOT_AVAILABLE,7939,251.7356988,-45.83144589,251.735684,-45.8314502,17.4763,0.029,17.0086,0.037,16.7727,0.038,17.635999,0.032,16.864,0.041,16.437999,0.052999,0,0,5
5.94E+18,251.7304562,-45.82627842,20.309765,2.2639046,NOT_AVAILABLE,45211,251.7304085,-45.82627418,251.7303964,-45.8262782,17.4973,0.068,17.0956,0.066,16.8447,0.058,17.614999,0.057999,16.691999,0.076999,16.493999,0.059999,0,0,5
5.94E+18,251.7231734,-45.84933289,20.310537,3.0266762,NOT_AVAILABLE,4758,251.7232465,-45.8493264,251.7232133,-45.8493376,16.4413,0.044,15.8786,0.037,15.5977,0.045,99.9999,9.9999,99.9999,9.9999,99.9999,9.9999,0,0,5
5.94E+18,251.7641794,-45.879403,20.31082,,NOT_AVAILABLE,24582,251.7642073,-45.87939565,251.7641608,-45.8794067,16.8513,0.034,16.3866,0.043,16.2267,0.046,99.9999,9.9999,99.9999,9.9999,99.9999,9.9999,0,0,5
5.94E+18,251.7512678,-45.83097898,20.311577,2.0447845,NOT_AVAILABLE,45198,251.7512295,-45.83097958,251.7512194,-45.8309809,17.4763,0.031,16.9986,0.035,16.7447,0.038,99.9999,9.9999,99.9999,9.9999,99.9999,9.9999,0,0,5
5.94E+18,251.7686451,-45.80663254,20.314604,,NOT_AVAILABLE,44922,251.7686062,-45.80664351,251.7686211,-45.8066353,16.8043,0.039,16.5826,0.038,16.3197,0.039,99.9999,9.9999,99.9999,9.9999,99.9999,9.9999,0,0,5
5.94E+18,251.7483213,-45.85597062,20.314657,,NOT_AVAILABLE,19402,251.7483516,-45.85595483,251.74832,-45.8559629,15.5913,0.042,15.1216,0.053,14.8617,0.058,15.657999,0.016,14.578,0.010999,14.041999,0.019999,0,0,5
5.94E+18,251.7794239,-45.84266206,20.317577,,NOT_AVAILABLE,27593,251.7794378,-45.84266491,251.7794259,-45.8426638,17.0333,0.031,16.5956,0.037,16.4117,0.044,99.9999,9.9999,99.9999,9.9999,99.9999,9.9999,0,0,5
5.94E+18,251.7255237,-45.82998384,20.319778,2.2463417,NOT_AVAILABLE,8018,251.7255984,-45.82997122,251.7255819,-45.8299771,16.9943,0.043,16.4886,0.062,16.2537,0.063,17.125,0.041999,16.267999,0.05,15.923999,0.05,0,0,5
5.94E+18,251.7698205,-45.86083881,20.320604,,NOT_AVAILABLE,19133,251.7698568,-45.86082682,251.7698273,-45.8608321,15.0943,0.028,14.5226,0.042,14.1057,0.036,14.987999,0.05,13.729,0.041,13.203,0.059,1,0,5
5.94E+18,251.7235451,-45.84124655,20.321444,2.3191814,NOT_AVAILABLE,6950,251.723603,-45.84123909,251.7235767,-45.8412482,17.1613,0.033,16.7466,0.04,16.4427,0.041,17.319,0.046,16.44,0.028,15.944,0.05,0,0,5
5.94E+18,251.7778164,-45.86902287,20.321678,2.8446846,NOT_AVAILABLE,17917,251.7778493,-45.86901364,251.7778152,-45.8690194,15.5403,0.039,15.0116,0.05,14.8467,0.072,15.5,0.024,14.355999,0.017,13.821,0.032,0,0,5
5.94E+18,251.8093066,-45.880104,20.322567,2.1907616,NOT_AVAILABLE,273,251.8093341,-45.8801124,251.8092997,-45.880115,99.9999,9.9999,99.9999,9.9999,99.9999,9.9999,17.590999,0.035,16.691999,0.028999,16.313999,0.045,0,0,5
5.94E+18,251.7615427,-45.87552871,20.323814,2.927372,NOT_AVAILABLE,17068,251.761571,-45.87551876,251.761527,-45.8755293,15.7483,0.041,15.2396,0.045,14.9417,0.042,15.701999,0.026,14.593999,0.024,14.109999,0.028999,0,0,5
5.94E+18,251.818713,-45.85966488,20.325605,2.5197792,NOT_AVAILABLE,996,251.8187403,-45.8596705,251.8187254,-45.8596662,99.9999,9.9999,99.9999,9.9999,99.9999,9.9999,16.728,0.025,15.664999,0.025,15.230999,0.034,0,0,5
5.94E+18,251.784452,-45.88527184,20.326399,1.5906715,NOT_AVAILABLE,4482,251.7844881,-45.88524,251.7844424,-45.8852486,99.9999,9.9999,99.9999,9.9999,99.9999,9.9999,17.582,0.046,16.670999,0.050999,16.193,0.078,0,0,5
5.94E+18,251.7820664,-45.82474949,20.329756,,NOT_AVAILABLE,45094,251.7820378,-45.82474908,251.7820415,-45.8247429,17.2653,0.049,16.8406,0.044,16.5287,0.05,17.312,0.037,16.236999,0.037,15.897,0.072999,0,0,5
5.94E+18,251.7680799,-45.83373731,20.329937,3.1694202,NOT_AVAILABLE,44502,251.7680414,-45.83374093,251.7680337,-45.8337397,15.3663,0.055,14.8096,0.063,14.4437,0.053,15.230999,0.013,14.053999,0.012,13.454999,0.016,0,0,5
5.94E+18,251.7421672,-45.84226281,20.331867,3.4092255,NOT_AVAILABLE,6835,251.7422362,-45.84225682,251.7422143,-45.8422626,15.6993,0.035,15.1806,0.039,14.8757,0.042,15.770999,0.017,14.730999,0.012,14.199,0.023,0,0,5
5.94E+18,251.7199004,-45.84606418,20.333117,2.310852,NOT_AVAILABLE,6222,251.7199667,-45.84605418,251.7199353,-45.8460652,16.6413,0.041,16.1366,0.043,15.8917,0.045,99.9999,9.9999,99.9999,9.9999,99.9999,9.9999,0,0,5
5.94E+18,251.7523053,-45.88017367,20.336365,3.3384857,NOT_AVAILABLE,23594,251.7523278,-45.88016152,251.7522773,-45.880175,16.4543,0.038,15.9496,0.038,15.8017,0.033,16.541999,0.023,15.652999,0.025,15.128999,0.027,0,0,5
5.94E+18,251.7683545,-45.86845972,20.338604,3.304556,NOT_AVAILABLE,18031,251.7683855,-45.86844895,251.7683493,-45.8684564,15.7853,0.058,15.2946,0.048,15.0477,0.038,15.899,0.024,15.069,0.028999,14.484,0.037999,0,0,5
5.94E+18,251.7607311,-45.88300943,20.339666,3.0010605,NOT_AVAILABLE,20395,251.7607559,-45.88300053,251.7607054,-45.8830131,15.8033,0.034,15.3216,0.056,15.0257,0.04,15.819,0.013,14.781,0.010999,14.251,0.014999,0,0,5
5.94E+18,251.7933547,-45.82863945,20.340387,3.161766,NOT_AVAILABLE,43342,251.7933793,-45.82863654,251.793383,-45.8286292,15.5053,0.048,14.8036,0.034,14.5247,0.035,15.467,0.014,14.251999,0.012,13.723999,0.017999,0,0,5
5.94E+18,251.757486,-45.85280027,20.340652,,NOT_AVAILABLE,19520,251.7575246,-45.85278292,251.7574982,-45.8527885,15.3983,0.035,14.6616,0.043,14.2867,0.043,15.281,0.017999,14.065999,0.014,13.465,0.024,1,0,5
5.94E+18,251.7703313,-45.84830347,20.341934,,NOT_AVAILABLE,27005,251.7703443,-45.84830354,251.7703252,-45.8483055,15.4963,0.029,14.9666,0.045,14.6407,0.035,15.652,0.046,14.843999,0.082,13.935,0.048999,1,0,5
5.94E+18,251.7504554,-45.86211983,20.342772,,NOT_AVAILABLE,18993,251.7504858,-45.86210276,251.7504497,-45.862112,15.4463,0.029,14.8386,0.03,14.5087,0.028,99.9999,9.9999,99.9999,9.9999,99.9999,9.9999,0,0,5
5.94E+18,251.7763839,-45.83066382,20.342972,2.2556248,NOT_AVAILABLE,2013,251.7763858,-45.830667,251.776383,-45.8306634,99.9999,9.9999,99.9999,9.9999,99.9999,9.9999,15.567,0.017999,14.463999,0.014999,13.942,0.023,0,0,5
5.94E+18,251.7538745,-45.83427616,20.346214,2.875908,NOT_AVAILABLE,44588,251.7538327,-45.83427747,251.7538206,-45.8342791,15.8373,0.046,15.2056,0.034,14.9327,0.031,15.621999,0.023,14.501999,0.027,13.975999,0.045,0,0,5
5.94E+18,251.7368372,-45.87396996,20.347015,2.010212,NOT_AVAILABLE,498,251.7369046,-45.8739472,251.7368549,-45.873962,99.9999,9.9999,99.9999,9.9999,99.9999,9.9999,17.422,0.039,16.653999,0.052,16.208999,0.061,0,0,5
5.94E+18,251.7612778,-45.87718509,20.348738,,NOT_AVAILABLE,16211,251.7613072,-45.8771742,251.7612617,-45.8771852,14.6043,0.034,13.9966,0.044,13.3077,0.05,14.619,0.041999,12.968,0.018999,12.3,0.024,0,0,5
5.94E+18,251.758824,-45.86596546,20.34883,,NOT_AVAILABLE,18509,251.7588582,-45.8659516,251.7588213,-45.8659602,15.8733,0.054,15.3746,0.069,15.0917,0.066,15.795,0.017,14.711,0.013,14.182,0.023,0,0,5
5.94E+18,251.7404332,-45.8726873,20.349625,,NOT_AVAILABLE,20769,251.7404548,-45.87267181,251.7404071,-45.8726856,17.5123,0.038,17.0136,0.038,16.8477,0.039,99.9999,9.9999,99.9999,9.9999,99.9999,9.9999,0,0,5
5.94E+18,251.791363,-45.85956598,20.35199,1.8439846,NOT_AVAILABLE,27725,251.7913758,-45.85957295,251.7913533,-45.8595738,17.3043,0.051,16.8916,0.068,16.6267,0.069,17.461,0.030999,16.563999,0.039999,16.225,0.07,0,0,5
5.94E+18,251.7403166,-45.84131644,20.352488,,NOT_AVAILABLE,6967,251.740391,-45.84130792,251.7403693,-45.8413139,17.0963,0.049,16.6496,0.044,16.4477,0.041,17.132999,0.028,16.257999,0.041999,15.885999,0.059999,0,0,5
5.94E+18,251.7734218,-45.80942667,20.353266,2.8567867,NOT_AVAILABLE,44494,251.7733951,-45.80942682,251.773409,-45.8094185,15.3293,0.033,14.7616,0.047,14.4067,0.036,99.9999,9.9999,99.9999,9.9999,99.9999,9.9999,0,0,5
5.94E+18,251.7518394,-45.85827287,20.353565,,NOT_AVAILABLE,22306,251.7518753,-45.85825657,251.7518428,-45.8582646,17.1973,0.028,16.6296,0.055,16.4097,0.046,99.9999,9.9999,99.9999,9.9999,99.9999,9.9999,0,0,5
5.94E+18,251.7340588,-45.86724544,20.355013,,NOT_AVAILABLE,18292,251.7340851,-45.86723015,251.7340402,-45.8672438,15.7113,0.035,15.1646,0.054,14.9117,0.047,15.508999,0.057,14.489999,0.039999,14.166,0.028,0,0,5
5.94E+18,251.7587171,-45.87686308,20.356392,2.7521038,NOT_AVAILABLE,15908,251.7587428,-45.87685188,251.7586968,-45.8768633,15.5713,0.04,14.9626,0.052,14.6957,0.048,15.565999,0.018999,14.368,0.023,13.873,0.028999,0,0,5
5.94E+18,251.7500414,-45.86938488,20.357262,,NOT_AVAILABLE,17860,251.7500662,-45.86937394,251.750024,-45.8693851,17.4483,0.034,17.0296,0.036,16.7747,0.036,99.9999,9.9999,99.9999,9.9999,99.9999,9.9999,0,0,5
5.94E+18,251.7745134,-45.85017971,20.358366,,NOT_AVAILABLE,27017,251.7745258,-45.85018169,251.7745064,-45.8501834,15.5223,0.034,14.9666,0.047,14.6267,0.038,15.565999,0.028999,14.489,0.032,13.538,0.046999,1,0,5
5.94E+18,251.7719085,-45.86638568,20.359812,2.7409534,NOT_AVAILABLE,18447,251.7719384,-45.86637357,251.7719048,-45.8663798,15.4583,0.039,14.9226,0.047,14.6237,0.051,15.593,0.017,14.439,0.012,13.854999,0.016,0,0,5
5.94E+18,251.7749513,-45.83522169,20.360268,2.6918144,NOT_AVAILABLE,44549,251.7749148,-45.8352281,251.7749078,-45.8352259,15.6483,0.064,15.1096,0.063,14.8907,0.059,15.741999,0.017,14.647999,0.013,14.159999,0.019999,0,0,5
5.94E+18,251.8037032,-45.82871846,20.365072,2.8972359,NOT_AVAILABLE,26917,251.8037278,-45.82871771,251.8037343,-45.8287084,14.9223,0.034,14.3066,0.036,13.9667,0.033,15.045999,0.016,13.678,0.010999,13.086999,0.017999,0,0,5
5.94E+18,251.7275945,-45.83857253,20.365076,3.1287193,NOT_AVAILABLE,4765,251.7276737,-45.83856208,251.7276507,-45.8385697,14.0723,0.034,13.2546,0.039,12.6777,0.052,14.154,0.014999,12.22,0.013,11.406999,0.016,0,0,5
5.94E+18,251.7311026,-45.88199531,20.36927,1.6901627,NOT_AVAILABLE,208,251.7311284,-45.8819504,251.7310704,-45.8819683,99.9999,9.9999,99.9999,9.9999,99.9999,9.9999,17.371999,0.037,16.6,0.030999,16.263999,0.052999,0,0,5
5.94E+18,251.7738064,-45.88532217,20.369316,2.5237637,NOT_AVAILABLE,18284,251.7738313,-45.8853195,251.7737825,-45.8853302,16.4333,0.049,15.8546,0.046,15.6007,0.051,16.479999,0.032999,15.43,0.019999,14.930999,0.046,0,0,5
5.94E+18,251.7470839,-45.8532924,20.373154,2.2454224,NOT_AVAILABLE,13918,251.7471528,-45.85328905,251.7471231,-45.8532967,15.9093,0.049,15.3486,0.045,15.1447,0.071,15.836999,0.016,14.793999,0.013,14.243,0.017,1,0,5
5.94E+18,251.7635138,-45.87338818,20.373623,4.2725487,NOT_AVAILABLE,20719,251.7635418,-45.87337468,251.7635001,-45.8733843,15.8213,0.042,15.2896,0.075,14.7507,0.048,99.9999,9.9999,99.9999,9.9999,99.9999,9.9999,0,0,5
5.94E+18,251.76183,-45.87353186,20.375128,4.3169746,NOT_AVAILABLE,20713,251.7618565,-45.8735195,251.7618141,-45.8735295,15.8223,0.046,15.1706,0.041,14.8847,0.03,99.9999,9.9999,99.9999,9.9999,99.9999,9.9999,0,0,5
5.94E+18,251.773435,-45.86896647,20.376055,,NOT_AVAILABLE,4653,251.773418,-45.8689821,251.7733827,-45.8689887,99.9999,9.9999,99.9999,9.9999,99.9999,9.9999,17.239,0.054,15.868,0.072999,15.078,0.043,0,0,5
5.94E+18,251.7705861,-45.86984118,20.378334,1.9241371,NOT_AVAILABLE,17780,251.7706066,-45.8698312,251.7705698,-45.8698386,17.2393,0.041,16.7806,0.044,16.4567,0.049,17.405,0.035999,16.736999,0.079999,15.986,0.057,0,0,5
5.94E+18,251.7799614,-45.84585351,20.384449,,NOT_AVAILABLE,26976,251.7799773,-45.84585396,251.779963,-45.8458535,15.3123,0.044,14.7376,0.051,14.4837,0.052,15.378,0.023,14.199999,0.026,13.593,0.028,1,0,5
5.94E+18,251.7643532,-45.87733723,20.388588,1.731432,NOT_AVAILABLE,15353,251.7643682,-45.87733884,251.7643234,-45.8773493,16.2923,0.032,15.8176,0.043,15.5257,0.039,99.9999,9.9999,99.9999,9.9999,99.9999,9.9999,0,0,5
5.94E+18,251.7784792,-45.85236402,20.388721,3.133337,NOT_AVAILABLE,26934,251.7784914,-45.85236465,251.7784712,-45.8523661,15.0213,0.039,14.2996,0.044,13.8237,0.045,14.909999,0.014,13.550999,0.012,12.897999,0.018999,1,0,5
5.94E+18,251.7878133,-45.87210702,20.38982,3.1665974,NOT_AVAILABLE,22654,251.7878638,-45.87211656,251.78783,-45.8721212,16.2813,0.296,15.4676,0.139,15.1127,0.119,15.277,0.023,13.984999,0.014,13.411,0.026,0,0,5
5.94E+18,251.7773359,-45.84204701,20.391853,,NOT_AVAILABLE,26979,251.7773523,-45.84204708,251.7773404,-45.8420462,15.3293,0.045,14.6906,0.058,14.4107,0.056,15.227,0.041999,14.232,0.054999,13.458,0.061999,1,0,5
5.94E+18,251.7774876,-45.85366229,20.392496,2.9873657,NOT_AVAILABLE,26888,251.7775005,-45.85366246,251.7774791,-45.8536645,14.6903,0.033,13.9996,0.049,13.6407,0.039,14.746999,0.014999,13.347999,0.010999,12.703,0.017,1,0,5
5.94E+18,251.7271017,-45.86380872,20.393505,2.331936,NOT_AVAILABLE,12873,251.7271636,-45.86380314,251.7271195,-45.8638172,16.5973,0.053,16.1526,0.069,15.9587,0.071,16.666999,0.020999,15.8,0.035999,15.274999,0.041,0,0,5
5.94E+18,251.7268289,-45.87035885,20.393898,1.7848988,NOT_AVAILABLE,619,251.7268743,-45.8703408,251.7268248,-45.8703566,99.9999,9.9999,99.9999,9.9999,99.9999,9.9999,17.313999,0.030999,16.583999,0.035999,16.195999,0.054999,0,0,5
5.94E+18,251.7840258,-45.8698203,20.395952,2.3728466,NOT_AVAILABLE,17774,251.7840562,-45.86981754,251.7840232,-45.8698224,17.3103,0.053,16.8826,0.048,16.5647,0.043,99.9999,9.9999,99.9999,9.9999,99.9999,9.9999,0,0,5
5.94E+18,251.8214212,-45.84030741,20.396286,3.0065746,NOT_AVAILABLE,5203,251.8214359,-45.8403056,251.8214378,-45.8402959,99.9999,9.9999,99.9999,9.9999,99.9999,9.9999,13.237999,0.013,10.326999,0.007,9.2200002,0.021999,0,0,5
5.94E+18,251.7560878,-45.82824125,20.396824,4.6987076,NOT_AVAILABLE,44479,251.7560473,-45.82824177,251.7560408,-45.8282414,15.2243,0.033,14.6606,0.043,14.3337,0.041,15.326999,0.014,14.130999,0.009999,13.553999,0.016,0,0,5
5.94E+18,251.7494682,-45.87408311,20.397804,2.5954971,NOT_AVAILABLE,17229,251.7494932,-45.8740703,251.749447,-45.8740827,16.0143,0.024,15.5086,0.041,15.2327,0.044,15.963999,0.016,14.911999,0.010999,14.258999,0.025,0,0,5
5.94E+18,251.7453003,-45.87358782,20.39927,1.9652958,NOT_AVAILABLE,17279,251.7453255,-45.87357317,251.7452785,-45.8735863,15.8103,0.03,15.2236,0.045,14.8617,0.041,15.782999,0.013,14.562999,0.018999,14.059,0.032,0,0,5
5.94E+18,251.7612292,-45.86279587,20.400286,,NOT_AVAILABLE,18934,251.7612672,-45.86278344,251.7612336,-45.8627908,15.7623,0.027,15.1856,0.038,14.9677,0.044,15.534999,0.041,14.449,0.041999,13.942,0.061999,1,0,5
5.94E+18,251.7781479,-45.8484838,20.401407,,NOT_AVAILABLE,27025,251.7781608,-45.84848316,251.7781438,-45.8484837,15.5723,0.031,14.9896,0.041,14.6827,0.039,15.5,0.019999,14.211999,0.017999,13.805,0.039,1,0,5
5.94E+18,251.761702,-45.83650156,20.404253,,NOT_AVAILABLE,44496,251.761661,-45.83650403,251.7616493,-45.8365047,15.3423,0.05,14.8106,0.037,14.4347,0.039,15.467,0.019999,14.248,0.017,13.647,0.017999,1,0,5
5.94E+18,251.7993833,-45.86152149,20.405079,1.3179188,NOT_AVAILABLE,27735,251.7993983,-45.86152931,251.7993765,-45.8615291,17.3273,0.061,16.9266,0.057,16.6557,0.061,99.9999,9.9999,99.9999,9.9999,99.9999,9.9999,0,0,5
5.94E+18,251.7439138,-45.81611891,20.405731,2.671257,NOT_AVAILABLE,44889,251.7438766,-45.81611693,251.7438767,-45.8161159,16.7193,0.039,16.2136,0.042,16.0607,0.047,99.9999,9.9999,99.9999,9.9999,99.9999,9.9999,0,0,5
5.94E+18,251.7281593,-45.84832964,20.406,2.8689919,NOT_AVAILABLE,5850,251.728221,-45.84832063,251.7281901,-45.8483306,15.6803,0.027,15.1136,0.043,15.0417,0.058,15.678,0.016,14.635,0.012,14.086999,0.013,0,0,5
5.94E+18,251.7760277,-45.85948558,20.406008,3.7712784,NOT_AVAILABLE,22252,251.7760643,-45.85947487,251.7760376,-45.8594786,14.7443,0.042,14.1336,0.049,13.7087,0.053,14.815999,0.017999,13.458999,0.014999,12.831999,0.024,1,0,5
5.94E+18,251.723208,-45.8736712,20.40786,2.8738785,NOT_AVAILABLE,469,251.7232618,-45.8736388,251.7232085,-45.8736561,99.9999,9.9999,99.9999,9.9999,99.9999,9.9999,16.082,0.018999,15.149,0.014999,14.595,0.021999,0,0,5
5.94E+18,251.7465587,-45.88669978,20.409286,2.721714,NOT_AVAILABLE,5480,251.7466352,-45.8866543,251.7465777,-45.8866705,99.9999,9.9999,99.9999,9.9999,99.9999,9.9999,16.402,0.050999,15.369999,0.024,14.925999,0.030999,0,0,5
5.94E+18,251.7637699,-45.82569512,20.412655,,NOT_AVAILABLE,45061,251.7637257,-45.82570257,251.7637235,-45.8257001,17.1883,0.037,16.7006,0.051,16.3897,0.055,99.9999,9.9999,99.9999,9.9999,99.9999,9.9999,0,0,5
5.94E+18,251.7285079,-45.85756647,20.412878,2.3564224,NOT_AVAILABLE,9263,251.7285781,-45.85755803,251.7285396,-45.8575703,17.4743,0.045,17.0536,0.053,16.7777,0.06,17.641,0.039,16.892999,0.09,16.319999,0.090999,0,0,5
5.94E+18,251.727515,-45.86991561,20.417397,1.5187397,NOT_AVAILABLE,4647,251.7276156,-45.8698924,251.7275666,-45.8699079,99.9999,9.9999,99.9999,9.9999,99.9999,9.9999,15.824,0.052,14.684,0.068,14.22,0.074,0,0,5
5.94E+18,251.7549042,-45.81412629,20.41777,,NOT_AVAILABLE,44423,251.7548699,-45.81412606,251.7548748,-45.8141224,14.5363,0.029,13.8646,0.042,13.3317,0.026,99.9999,9.9999,99.9999,9.9999,99.9999,9.9999,0,0,5
5.94E+18,251.7481155,-45.86224415,20.418665,3.0403366,NOT_AVAILABLE,22818,251.7481449,-45.86222968,251.7481081,-45.8622394,15.6663,0.033,15.0736,0.042,14.7377,0.042,15.534999,0.012,14.397,0.013,13.803999,0.017999,0,0,5
5.94E+18,251.7102128,-45.85367692,20.418753,,NOT_AVAILABLE,13507,251.7102213,-45.85367425,251.7101809,-45.853689,15.4493,0.065,14.6386,0.061,14.1187,0.05,99.9999,9.9999,99.9999,9.9999,99.9999,9.9999,0,0,5
5.94E+18,251.815012,-45.82433147,20.419321,2.1167183,NOT_AVAILABLE,4066,251.8150398,-45.8243328,251.8150531,-45.8243203,99.9999,9.9999,99.9999,9.9999,99.9999,9.9999,17.538999,0.034,16.733999,0.043999,16.398,0.05,0,0,5
5.94E+18,251.7257352,-45.85344036,20.42199,2.79249,NOT_AVAILABLE,13807,251.725802,-45.85343004,251.7257661,-45.8534418,16.7573,0.051,16.3086,0.047,16.0457,0.056,16.535999,0.059,15.659,0.045,15.241999,0.063,0,0,5
5.94E+18,251.810248,-45.82607035,20.423893,2.2984543,NOT_AVAILABLE,27717,251.8102721,-45.82607248,251.8102826,-45.8260613,17.2843,0.04,16.8436,0.047,16.5637,0.05,99.9999,9.9999,99.9999,9.9999,99.9999,9.9999,0,0,5
5.94E+18,251.7368907,-45.85513793,20.425331,,NOT_AVAILABLE,11829,251.7369566,-45.85513202,251.7369225,-45.8551421,15.6673,0.029,15.1496,0.03,14.8687,0.037,99.9999,9.9999,99.9999,9.9999,99.9999,9.9999,0,0,5
5.94E+18,251.7736229,-45.85301596,20.426945,,NOT_AVAILABLE,26903,251.7736332,-45.85301564,251.7736112,-45.8530182,14.8143,0.038,14.1066,0.055,13.6697,0.063,14.819999,0.016,13.487999,0.016,12.810999,0.023,1,0,5
5.94E+18,251.7492483,-45.82288586,20.434807,1.4658012,NOT_AVAILABLE,45196,251.7492027,-45.82287586,251.7491988,-45.8228755,17.4743,0.047,17.0226,0.048,16.7057,0.048,17.545999,0.043999,16.489,0.041,16.083,0.046,0,0,5
5.94E+18,251.7935327,-45.83263235,20.435158,3.3127823,NOT_AVAILABLE,27730,251.7935516,-45.83263591,251.793552,-45.8326296,17.3153,0.022,16.9126,0.032,16.6537,0.03,99.9999,9.9999,99.9999,9.9999,99.9999,9.9999,0,0,5
5.94E+18,251.7901606,-45.87614453,20.438143,2.0935593,NOT_AVAILABLE,418,251.7901713,-45.8761485,251.7901348,-45.8761538,99.9999,9.9999,99.9999,9.9999,99.9999,9.9999,17.134,0.026,16.124,0.023,15.741999,0.028,0,0,5
5.94E+18,251.7789628,-45.83967908,20.441135,,NOT_AVAILABLE,27075,251.7789798,-45.8396789,251.7789703,-45.8396771,15.7953,0.042,15.3606,0.042,15.1247,0.044,15.798999,0.017,14.772,0.017,14.215,0.024,1,0,5
5.94E+18,251.7718044,-45.80741701,20.441643,2.3170109,NOT_AVAILABLE,44827,251.7717714,-45.80741938,251.7717865,-45.8074108,16.5713,0.027,16.0416,0.031,15.8847,0.037,99.9999,9.9999,99.9999,9.9999,99.9999,9.9999,0,0,5
5.94E+18,251.7555399,-45.82815957,20.442461,2.8988895,NOT_AVAILABLE,44518,251.7554995,-45.82815967,251.7554929,-45.8281594,15.4683,0.033,14.8586,0.038,14.5307,0.04,15.439999,0.013,14.246,0.008999,13.673,0.016,0,0,5
5.94E+18,251.7555165,-45.83514094,20.442717,2.9514694,NOT_AVAILABLE,44585,251.7554804,-45.83514402,251.755468,-45.8351455,15.8313,0.037,15.2596,0.038,15.0207,0.033,15.876,0.026,14.859,0.041999,14.215999,0.026,0,0,5
5.94E+18,251.7795448,-45.83895305,20.443403,2.5517502,NOT_AVAILABLE,43474,251.7795637,-45.8389548,251.779555,-45.8389527,17.4533,0.028,16.9816,0.041,16.7297,0.039,17.479999,0.048999,16.59,0.065999,16.006,0.071999,0,0,5
5.94E+18,251.7358261,-45.84066954,20.443726,3.7621613,NOT_AVAILABLE,7036,251.7358973,-45.84066028,251.7358748,-45.8406669,15.8463,0.038,15.2646,0.038,14.9867,0.036,15.817,0.014999,14.779999,0.009999,14.255999,0.014999,0,0,5
5.94E+18,251.7417932,-45.85061858,20.443916,2.5311146,NOT_AVAILABLE,2581,251.7418576,-45.85061504,251.7418286,-45.850623,17.3983,0.046,16.9906,0.042,16.7667,0.048,99.9999,9.9999,99.9999,9.9999,99.9999,9.9999,0,0,5
5.94E+18,251.7562992,-45.86827698,20.444834,2.5658169,NOT_AVAILABLE,18078,251.7563291,-45.86826305,251.7562896,-45.8682727,15.6043,0.047,15.0896,0.032,14.7117,0.044,15.743,0.014999,14.567,0.018999,13.92,0.017,0,0,5
5.94E+18,251.7449949,-45.83762005,20.445015,1.6468029,NOT_AVAILABLE,7413,251.7450678,-45.83761326,251.7450505,-45.8376174,17.2693,0.037,16.8486,0.047,16.6157,0.046,17.424999,0.035999,16.559,0.037,16.166,0.050999,0,0,5
5.94E+18,251.7286464,-45.88286729,20.445438,2.3451767,NOT_AVAILABLE,119,251.7287347,-45.8828299,251.7286753,-45.8828485,99.9999,9.9999,99.9999,9.9999,99.9999,9.9999,17.273,0.026,16.475,0.026,16.075,0.035999,0,0,5
5.94E+18,251.7901404,-45.83824467,20.447214,4.1946983,NOT_AVAILABLE,26931,251.7901604,-45.83824583,251.7901552,-45.8382415,15.0063,0.036,14.4116,0.052,14.0497,0.044,99.9999,9.9999,99.9999,9.9999,99.9999,9.9999,0,0,5
5.94E+18,251.7697995,-45.84681508,20.447624,3.6787739,NOT_AVAILABLE,26965,251.769815,-45.84681364,251.769797,-45.8468154,15.2393,0.042,14.8496,0.056,14.6377,0.033,15.324,0.057999,14.562999,0.052,13.975999,0.050999,1,0,5
5.94E+18,251.709541,-45.84540426,20.448557,3.126421,NOT_AVAILABLE,6333,251.7096049,-45.84539298,251.7095712,-45.8454058,15.9703,0.035,15.5206,0.04,15.2467,0.036,99.9999,9.9999,99.9999,9.9999,99.9999,9.9999,0,0,5
5.94E+18,251.7701241,-45.83667873,20.448675,2.4152431,NOT_AVAILABLE,44550,251.7700837,-45.83668185,251.7700742,-45.836681,15.6483,0.044,15.1086,0.048,14.8507,0.036,15.675999,0.027,14.43,0.027,13.777999,0.039999,1,0,5
5.94E+18,251.760377,-45.8299563,20.449673,2.8110027,NOT_AVAILABLE,44469,251.7603323,-45.829956,251.7603256,-45.8299553,15.1133,0.044,14.6136,0.055,14.2757,0.05,15.196,0.028,13.940999,0.028999,13.39,0.061999,0,0,5
5.94E+18,251.7304323,-45.84363918,20.449896,3.2759495,NOT_AVAILABLE,6584,251.7304943,-45.84363489,251.7304679,-45.8436433,17.7443,0.035,17.1586,0.034,16.9537,0.035,17.61,0.035999,16.739999,0.037999,16.368999,0.057,0,0,5
5.94E+18,251.7316462,-45.83537043,20.452766,2.0489273,NOT_AVAILABLE,7610,251.7317179,-45.8353588,251.7316987,-45.8353649,16.9243,0.043,16.4206,0.04,16.2127,0.039,16.920999,0.030999,16.016,0.029999,15.654999,0.037999,0,0,5
5.94E+18,251.7709385,-45.83060926,20.453632,2.1606312,NOT_AVAILABLE,45137,251.7708927,-45.8306182,251.7708884,-45.8306156,17.3363,0.05,16.8976,0.043,16.5697,0.053,99.9999,9.9999,99.9999,9.9999,99.9999,9.9999,0,0,5
5.94E+18,251.8150724,-45.83436529,20.458202,2.5624542,NOT_AVAILABLE,27632,251.8151018,-45.83436347,251.8151068,-45.8343535,17.1013,0.039,16.5136,0.054,16.2487,0.052,17.166,0.032999,16.177999,0.032999,15.746,0.032999,0,0,5
5.94E+18,251.7457357,-45.83270162,20.46121,3.1374397,NOT_AVAILABLE,44505,251.7456916,-45.83269952,251.7456785,-45.8327023,15.3753,0.035,14.8166,0.039,14.4827,0.04,15.526,0.018999,14.336,0.016,13.682999,0.018999,0,0,5
5.94E+18,251.7860646,-45.8606114,20.461754,1.7494678,NOT_AVAILABLE,27685,251.7860771,-45.86062305,251.7860523,-45.8606252,17.2273,0.033,16.7296,0.049,16.4687,0.055,17.263,0.032999,16.336,0.041,15.888999,0.079,0,0,5
5.94E+18,251.7396826,-45.8807331,20.463211,2.3965645,NOT_AVAILABLE,4524,251.739771,-45.8807141,251.7397165,-45.8807301,99.9999,9.9999,99.9999,9.9999,99.9999,9.9999,16.413999,0.052,15.253,0.063,14.84,0.030999,0,0,5
5.94E+18,251.7666338,-45.80188928,20.463764,2.9645462,NOT_AVAILABLE,45084,251.7666129,-45.80187895,251.7666311,-45.80187,17.2393,0.043,16.7146,0.051,16.4887,0.061,99.9999,9.9999,99.9999,9.9999,99.9999,9.9999,0,0,5
5.94E+18,251.7358329,-45.83187821,20.46397,1.0170574,NOT_AVAILABLE,7910,251.7359056,-45.83187573,251.7358904,-45.8318801,17.5053,0.027,17.0846,0.032,16.8397,0.035,17.625999,0.045,16.802999,0.048999,16.445999,0.057999,0,0,5
5.94E+18,251.7873102,-45.84185264,20.464931,,NOT_AVAILABLE,27024,251.7873263,-45.84185256,251.7873173,-45.8418497,15.5553,0.079,14.6936,0.038,14.3457,0.038,99.9999,9.9999,99.9999,9.9999,99.9999,9.9999,0,0,5
5.94E+18,251.7535013,-45.86972597,20.465525,2.8306065,NOT_AVAILABLE,17804,251.7535252,-45.86970723,251.7534837,-45.8697178,16.1223,0.057,15.4136,0.052,15.1277,0.051,15.913,0.014,14.845,0.013,14.291999,0.020999,0,0,5
5.94E+18,251.7944954,-45.82912161,20.467299,,NOT_AVAILABLE,27711,251.7945267,-45.82912099,251.7945303,-45.8291136,17.2793,0.067,16.7806,0.091,16.5327,0.094,99.9999,9.9999,99.9999,9.9999,99.9999,9.9999,0,0,5
5.94E+18,251.7701772,-45.87228908,20.469328,,NOT_AVAILABLE,17440,251.7702163,-45.87227508,251.7701773,-45.8722832,17.1133,0.042,16.6296,0.059,16.4777,0.056,99.9999,9.9999,99.9999,9.9999,99.9999,9.9999,0,0,5
5.94E+18,251.7963551,-45.85598059,20.471764,3.3173027,NOT_AVAILABLE,27052,251.7963726,-45.85598497,251.7963545,-45.855984,15.6873,0.04,15.0776,0.057,14.8167,0.052,15.725,0.017999,14.619,0.026,14.012,0.023,0,0,5
5.94E+18,251.7757371,-45.88111186,20.471783,2.5266285,NOT_AVAILABLE,22450,251.7757685,-45.88109827,251.7757238,-45.8811075,16.7863,0.036,16.2986,0.053,16.0287,0.055,16.910999,0.027,15.979999,0.021999,15.519,0.041,0,0,5
5.94E+18,251.7653074,-45.82870474,20.472017,2.2371082,NOT_AVAILABLE,44823,251.7652695,-45.8287073,251.7652652,-45.8287053,16.5663,0.029,16.0666,0.038,15.8167,0.039,16.469999,0.035,15.52,0.039,15.190999,0.026,0,0,5
5.94E+18,251.7710724,-45.84571164,20.473112,,NOT_AVAILABLE,27003,251.7710879,-45.84571037,251.7710712,-45.8457116,15.4893,0.054,14.9726,0.044,14.6327,0.05,15.569,0.032,14.251999,0.050999,13.963999,0.082,1,0,5
5.94E+18,251.7628892,-45.86932331,20.477234,,NOT_AVAILABLE,25108,251.7629195,-45.8693087,251.762881,-45.8693174,15.3483,0.054,15.1416,0.061,14.1727,0.074,99.9999,9.9999,99.9999,9.9999,99.9999,9.9999,0,0,5
5.94E+18,251.7544218,-45.85309019,20.481398,,NOT_AVAILABLE,19510,251.7544545,-45.85307516,251.7544271,-45.8530814,15.7323,0.055,15.1106,0.06,14.7417,0.065,15.776,0.057,14.673,0.098999,14.220999,0.103,1,0,5
5.94E+18,251.7442175,-45.8277391,20.482271,1.9564457,NOT_AVAILABLE,45185,251.7441771,-45.82773876,251.7441677,-45.8277406,17.4563,0.034,16.9706,0.041,16.7117,0.033,99.9999,9.9999,99.9999,9.9999,99.9999,9.9999,0,0,5
5.94E+18,251.7194568,-45.85343123,20.48324,2.3025608,NOT_AVAILABLE,13829,251.7195188,-45.85342227,251.7194812,-45.8534352,17.6163,0.032,17.1296,0.044,16.8477,0.055,99.9999,9.9999,99.9999,9.9999,99.9999,9.9999,0,0,5
5.94E+18,251.7680174,-45.80977275,20.486647,3.0151215,NOT_AVAILABLE,44473,251.7679893,-45.80977207,251.7680014,-45.8097648,15.1393,0.028,14.5576,0.046,14.2177,0.044,99.9999,9.9999,99.9999,9.9999,99.9999,9.9999,0,0,5
5.94E+18,251.7585374,-45.84080808,20.48881,,NOT_AVAILABLE,45766,251.7585502,-45.84077152,251.7585341,-45.8407739,18.4463,0.132,17.7916,0.121,17.3397,0.186,99.9999,9.9999,99.9999,9.9999,99.9999,9.9999,0,0,5
5.94E+18,251.7351384,-45.88235178,20.491703,3.385395,NOT_AVAILABLE,182,251.7351944,-45.8823133,251.7351373,-45.8823305,99.9999,9.9999,99.9999,9.9999,99.9999,9.9999,15.795,0.014999,14.654999,0.013,14.017,0.018999,0,0,5
5.94E+18,251.7274846,-45.87188526,20.492245,2.102438,NOT_AVAILABLE,4628,251.727578,-45.8718541,251.7275274,-45.8718701,99.9999,9.9999,99.9999,9.9999,99.9999,9.9999,17.274999,0.030999,16.385,0.039,15.880999,0.054999,0,0,5
5.94E+18,251.7773712,-45.86249208,20.492872,2.7147045,NOT_AVAILABLE,22026,251.7774125,-45.86248027,251.7773837,-45.8624845,16.8063,0.078,16.3346,0.08,16.1407,0.095,99.9999,9.9999,99.9999,9.9999,99.9999,9.9999,0,0,5
5.94E+18,251.7552426,-45.8561064,20.495222,,NOT_AVAILABLE,19397,251.7552753,-45.85609115,251.7552456,-45.856098,15.2683,0.044,14.6826,0.055,14.3227,0.056,15.373999,0.013,14.116,0.013,13.519,0.018999,1,0,5
5.94E+18,251.7860347,-45.86321374,20.495342,3.7051182,NOT_AVAILABLE,26996,251.7860475,-45.86321905,251.7860205,-45.8632218,15.4693,0.049,14.9576,0.066,14.6247,0.061,15.640999,0.016,14.444,0.014,13.888999,0.020999,0,0,5
5.94E+18,251.7273839,-45.85461322,20.49652,1.9390545,NOT_AVAILABLE,8961,251.7274419,-45.85459172,251.7274056,-45.8546034,17.3633,0.047,16.9566,0.049,16.6937,0.052,17.402999,0.032999,16.569,0.048999,16.186,0.043999,0,0,5
5.94E+18,251.8146002,-45.8190887,20.498463,2.1908722,NOT_AVAILABLE,2422,251.8145874,-45.8190867,251.8146049,-45.8190729,99.9999,9.9999,99.9999,9.9999,99.9999,9.9999,17.194,0.035,16.173999,0.023,15.782999,0.035999,0,0,5
5.94E+18,251.7711891,-45.80118093,20.498499,2.9901257,NOT_AVAILABLE,44763,251.7711575,-45.80118325,251.7711777,-45.8011732,16.4213,0.039,15.9576,0.052,15.7987,0.066,99.9999,9.9999,99.9999,9.9999,99.9999,9.9999,0,0,5
5.94E+18,251.7287472,-45.84975213,20.498867,2.081627,NOT_AVAILABLE,3991,251.7288134,-45.84974633,251.7287814,-45.8497566,17.5113,0.053,17.0856,0.052,16.8167,0.052,17.569,0.037,16.711999,0.028999,16.315999,0.048999,0,0,5
5.94E+18,251.7417482,-45.8453957,20.500015,,NOT_AVAILABLE,6335,251.7418192,-45.84538977,251.7417945,-45.8453965,15.7533,0.027,15.1906,0.031,14.8417,0.043,15.736,0.014,14.694999,0.014,14.114,0.016,0,0,5
5.94E+18,251.7686995,-45.81834653,20.500792,2.197359,NOT_AVAILABLE,45180,251.7686728,-45.81833962,251.768678,-45.8183344,17.4503,0.042,16.9736,0.049,16.7287,0.053,17.443,0.041,16.54,0.046999,16.267999,0.07,0,0,5
5.94E+18,251.7902522,-45.82521409,20.5022,2.4901276,NOT_AVAILABLE,43353,251.7902738,-45.82521347,251.7902795,-45.8252059,15.6803,0.048,15.2016,0.038,14.8877,0.04,15.833,0.014999,14.730999,0.016,14.211999,0.017,0,0,5
5.94E+18,251.7432202,-45.85557746,20.502525,,NOT_AVAILABLE,11296,251.7432854,-45.85557478,251.7432527,-45.8555838,15.8583,0.033,15.3996,0.031,15.1317,0.035,15.909999,0.014,14.857,0.010999,14.295,0.018999,0,0,5
5.94E+18,251.7638649,-45.85494979,20.503326,3.577116,NOT_AVAILABLE,19446,251.7639017,-45.85493373,251.7638753,-45.8549386,15.6073,0.024,14.9886,0.03,14.7967,0.04,15.644,0.019999,14.51,0.019999,13.904999,0.021999,1,0,5
5.94E+18,251.7693301,-45.80581864,20.505323,2.7669659,NOT_AVAILABLE,44887,251.7693052,-45.80581924,251.769321,-45.8058107,16.7143,0.039,16.1196,0.041,15.8927,0.041,99.9999,9.9999,99.9999,9.9999,99.9999,9.9999,0,0,5
5.94E+18,251.7504269,-45.85753244,20.506073,,NOT_AVAILABLE,19331,251.7504593,-45.85751558,251.750427,-45.8575237,15.7153,0.028,15.1206,0.043,14.8787,0.037,15.758999,0.017999,14.711999,0.024,14.050999,0.025,0,0,5
5.94E+18,251.7491838,-45.86411665,20.506824,,NOT_AVAILABLE,18787,251.7492129,-45.86410266,251.7491748,-45.8641127,15.8193,0.043,15.1936,0.039,14.9167,0.043,15.741999,0.016,14.611,0.017,14.048,0.025,0,0,5
5.94E+18,251.7320375,-45.84952416,20.510086,2.7863598,NOT_AVAILABLE,4369,251.7321011,-45.84951797,251.7320703,-45.8495275,15.6793,0.029,15.1186,0.043,14.8237,0.044,15.609,0.026,14.545999,0.017999,14.005,0.021999,0,0,5
5.94E+18,251.7966865,-45.81911856,20.510092,2.0597935,NOT_AVAILABLE,45101,251.7966533,-45.81912627,251.7966657,-45.8191159,17.2813,0.048,16.8936,0.046,16.5607,0.043,17.346,0.068999,16.247999,0.071999,15.925999,0.123,0,0,5
5.94E+18,251.8251116,-45.84547643,20.511269,1.658247,NOT_AVAILABLE,27843,251.8251342,-45.8454863,251.8251328,-45.8454772,17.5583,0.04,17.0676,0.048,16.8017,0.042,99.9999,9.9999,99.9999,9.9999,99.9999,9.9999,0,0,5
5.94E+18,251.7541615,-45.88639489,20.512041,1.741848,NOT_AVAILABLE,2474,251.7541994,-45.8863666,251.7541443,-45.8863813,99.9999,9.9999,99.9999,9.9999,99.9999,9.9999,17.413,0.064,16.426,0.035999,16.056999,0.07,0,0,5
5.94E+18,251.7660828,-45.88712939,20.513058,3.0837803,NOT_AVAILABLE,17228,251.7661078,-45.88712171,251.7660554,-45.8871343,15.7213,0.04,15.1436,0.048,14.8077,0.044,99.9999,9.9999,99.9999,9.9999,99.9999,9.9999,0,0,5
5.94E+18,251.7669344,-45.83676723,20.517702,5.302889,NOT_AVAILABLE,44534,251.7668958,-45.83677279,251.7668853,-45.8367725,15.5783,0.04,15.1266,0.052,14.7827,0.041,15.444,0.059,14.305,0.052999,13.821,0.059999,1,0,5
5.94E+18,251.7252459,-45.86198248,20.518507,,NOT_AVAILABLE,5974,251.7252996,-45.86198257,251.7252566,-45.8619966,17.7643,0.036,17.2296,0.054,16.9827,0.046,99.9999,9.9999,99.9999,9.9999,99.9999,9.9999,0,0,5
5.94E+18,251.8052166,-45.84790557,20.518509,,NOT_AVAILABLE,27333,251.8052358,-45.84791148,251.8052268,-45.8479068,16.5193,0.043,15.9396,0.04,15.7467,0.035,16.472,0.023,15.428999,0.028,15,0.037999,0,0,5
5.94E+18,251.738036,-45.81868407,20.521479,,NOT_AVAILABLE,44541,251.7379952,-45.81867796,251.7379915,-45.8186787,15.6133,0.057,14.9526,0.055,14.6757,0.067,15.640999,0.039999,14.593999,0.023,13.807999,0.076999,0,0,5
5.94E+18,251.7223195,-45.85647104,20.521564,3.5735111,NOT_AVAILABLE,10330,251.7223822,-45.85646396,251.7223429,-45.8564771,15.9993,0.039,15.5646,0.047,15.4097,0.051,99.9999,9.9999,99.9999,9.9999,99.9999,9.9999,0,0,5
5.94E+18,251.7163952,-45.84696523,20.521595,,NOT_AVAILABLE,12800,251.7164567,-45.84696267,251.7164235,-45.8469746,17.4083,0.042,16.9296,0.054,16.5297,0.056,99.9999,9.9999,99.9999,9.9999,99.9999,9.9999,0,0,5
5.94E+18,251.7072628,-45.84884273,20.523142,,NOT_AVAILABLE,5592,251.7073263,-45.84883393,251.7072891,-45.848848,16.7443,0.032,16.2446,0.045,16.0737,0.039,99.9999,9.9999,99.9999,9.9999,99.9999,9.9999,0,0,5
5.94E+18,251.7518356,-45.87675264,20.526394,2.96171,NOT_AVAILABLE,16085,251.7518606,-45.87674035,251.7518128,-45.876753,16.0013,0.043,15.5046,0.042,15.2757,0.044,16.052999,0.016,15.057999,0.014,14.565999,0.021999,0,0,5
5.94E+18,251.8098756,-45.83657398,20.52644,3.7202225,NOT_AVAILABLE,27259,251.8099008,-45.83657665,251.8099026,-45.8365682,16.3373,0.055,15.8946,0.043,15.6137,0.048,16.409,0.019999,15.38,0.014,14.927,0.023,0,0,5
5.94E+18,251.757247,-45.84814713,20.527071,,NOT_AVAILABLE,5864,251.7573184,-45.84814758,251.7572958,-45.848152,15.6793,0.037,15.1046,0.036,14.7597,0.046,15.477999,0.028999,14.262999,0.032999,13.543999,0.045,1,0,5
5.94E+18,251.7424883,-45.81697197,20.528778,2.217287,NOT_AVAILABLE,44573,251.7424519,-45.81696689,251.7424509,-45.8169663,15.7893,0.035,15.1766,0.045,14.9327,0.05,99.9999,9.9999,99.9999,9.9999,99.9999,9.9999,0,0,5
5.94E+18,251.796444,-45.88546103,20.528862,3.2075825,NOT_AVAILABLE,4479,251.7964875,-45.8854524,251.796445,-45.8854588,99.9999,9.9999,99.9999,9.9999,99.9999,9.9999,15.34,0.028999,13.857999,0.008999,13.196999,0.014,0,0,5
5.94E+18,251.7349544,-45.8558991,20.528946,3.5202732,NOT_AVAILABLE,10986,251.735017,-45.85589479,251.7349818,-45.8559054,15.6993,0.036,15.1136,0.047,14.8047,0.051,15.727999,0.017,14.651,0.008999,14.076999,0.017,0,0,5
5.94E+18,251.7490054,-45.87589988,20.530499,1.6428108,NOT_AVAILABLE,20530,251.7490285,-45.87589198,251.7489806,-45.875905,17.5413,0.053,17.1606,0.045,16.8627,0.05,17.636999,0.039999,16.677999,0.035999,16.311,0.064999,0,0,5
5.94E+18,251.7730688,-45.81250811,20.532318,1.9342575,NOT_AVAILABLE,45197,251.7730345,-45.8125121,251.7730458,-45.8125046,17.4763,0.03,17.0006,0.045,16.7817,0.04,99.9999,9.9999,99.9999,9.9999,99.9999,9.9999,0,0,5
5.94E+18,251.7541117,-45.85299922,20.532501,,NOT_AVAILABLE,19512,251.7541467,-45.85298403,251.7541192,-45.8529903,15.6173,0.056,15.1666,0.06,14.8387,0.053,15.642999,0.035999,14.428,0.046,13.916999,0.067,1,0,5
5.94E+18,251.7898854,-45.88163663,20.533424,2.2487602,NOT_AVAILABLE,5494,251.7898981,-45.8816422,251.7898569,-45.8816489,99.9999,9.9999,99.9999,9.9999,99.9999,9.9999,17.458999,0.028999,16.434,0.030999,15.944,0.048999,0,0,5
5.94E+18,251.7526353,-45.81579776,20.538536,2.5558662,NOT_AVAILABLE,45142,251.752595,-45.81579838,251.7525978,-45.8157956,17.3563,0.042,16.9226,0.035,16.5807,0.042,99.9999,9.9999,99.9999,9.9999,99.9999,9.9999,0,0,5
5.94E+18,251.7417792,-45.85821877,20.539417,3.2423763,NOT_AVAILABLE,8653,251.741844,-45.85821763,251.7418087,-45.8582275,16.4563,0.066,15.9866,0.06,15.7417,0.063,99.9999,9.9999,99.9999,9.9999,99.9999,9.9999,0,0,5
5.94E+18,251.7834192,-45.83067835,20.540201,2.7926388,NOT_AVAILABLE,43348,251.7834457,-45.83067685,251.7834449,-45.8306719,15.6393,0.055,15.0956,0.055,14.7467,0.054,15.605999,0.021999,14.387,0.019999,13.85,0.037999,0,0,5
5.94E+18,251.7510381,-45.86129098,20.541441,,NOT_AVAILABLE,19080,251.75107,-45.86126762,251.7510348,-45.8612766,17.2293,0.037,16.8876,0.045,16.6107,0.045,17.378,0.045,16.611999,0.064999,16.152999,0.07,0,0,5
5.94E+18,251.7850639,-45.83045876,20.543028,2.5628376,NOT_AVAILABLE,43340,251.7850845,-45.83045773,251.7850843,-45.8304524,15.4853,0.035,14.9236,0.051,14.5807,0.048,99.9999,9.9999,99.9999,9.9999,99.9999,9.9999,0,0,5
5.94E+18,251.7871548,-45.82442948,20.543528,,NOT_AVAILABLE,2244,251.7871556,-45.8244213,251.787161,-45.8244141,99.9999,9.9999,99.9999,9.9999,99.9999,9.9999,14.963999,0.014,13.305,0.008999,12.638999,0.014999,0,0,5
5.94E+18,251.7644068,-45.86772855,20.543772,3.3470821,NOT_AVAILABLE,18201,251.764438,-45.86771447,251.7644012,-45.8677225,15.9053,0.033,15.3206,0.04,14.9807,0.038,15.864999,0.014,14.765999,0.020999,14.163,0.026,0,0,5
5.94E+18,251.7159555,-45.83970872,20.544512,,NOT_AVAILABLE,7161,251.7160164,-45.83969789,251.7159892,-45.839708,16.0193,0.05,15.4656,0.052,15.3317,0.036,99.9999,9.9999,99.9999,9.9999,99.9999,9.9999,0,0,5
5.94E+18,251.7929482,-45.84717155,20.545149,2.8225517,NOT_AVAILABLE,27625,251.7929579,-45.84717504,251.7929461,-45.8471725,17.0923,0.038,16.6806,0.064,16.3727,0.065,17.313999,0.029999,16.34,0.039999,16.149,0.059999,0,0,5
5.94E+18,251.7421088,-45.82052731,20.549223,2.1418018,NOT_AVAILABLE,45136,251.7420775,-45.82052155,251.7420734,-45.8205219,17.3343,0.031,16.8756,0.046,16.5447,0.051,99.9999,9.9999,99.9999,9.9999,99.9999,9.9999,0,0,5
5.94E+18,251.7567313,-45.87001578,20.551144,2.234293,NOT_AVAILABLE,17762,251.7567586,-45.87000273,251.7567178,-45.8700128,16.1983,0.044,15.6726,0.032,15.4237,0.037,16.238,0.018999,15.230999,0.019999,14.713,0.029999,0,0,5
5.94E+18,251.7571843,-45.87120324,20.551754,2.5243568,NOT_AVAILABLE,17559,251.7572135,-45.87119037,251.7571718,-45.8712006,16.0023,0.039,15.4916,0.046,15.2067,0.047,16.000999,0.019999,13.664999,0.096,14.355999,0.030999,0,0,5
5.94E+18,251.7318155,-45.8314223,20.551855,2.7680168,NOT_AVAILABLE,7946,251.7318917,-45.83140811,251.7318758,-45.8314132,17.4503,0.04,17.0326,0.049,16.7437,0.047,17.611,0.046,16.791999,0.057999,16.594999,0.075,0,0,5
5.94E+18,251.7227237,-45.85655972,20.553188,2.6477394,NOT_AVAILABLE,10219,251.7227839,-45.85655229,251.7227446,-45.8565654,16.2083,0.044,15.6766,0.046,15.4117,0.047,16.135,0.028,14.944,0.09,14.670999,0.029999,0,0,5
5.94E+18,251.8184054,-45.88479822,20.553225,2.7320156,NOT_AVAILABLE,5486,251.8184983,-45.8847636,251.8184626,-45.8847657,99.9999,9.9999,99.9999,9.9999,99.9999,9.9999,14.512999,0.046,12.385999,0.064,11.43,0.138999,0,0,5
5.94E+18,251.7792187,-45.8312164,20.55335,1.8192368,NOT_AVAILABLE,45226,251.7791884,-45.83121733,251.7791859,-45.8312134,17.5363,0.018,17.0216,0.047,16.7167,0.051,17.548,0.034,16.635,0.037,16.454999,0.067,0,0,5
5.94E+18,251.7687146,-45.82328725,20.553518,2.3145885,NOT_AVAILABLE,45038,251.7686773,-45.8232879,251.7686785,-45.8232839,17.1493,0.034,16.7356,0.043,16.4187,0.046,17.278999,0.029999,16.327999,0.030999,16.167999,0.05,0,0,5
5.94E+18,251.7796843,-45.8363708,20.556358,,NOT_AVAILABLE,43356,251.7797037,-45.83636951,251.7796972,-45.8363667,15.7313,0.043,15.1626,0.048,14.8377,0.045,15.758999,0.027,14.895,0.043,14.364,0.064,0,0,5
5.94E+18,251.7376036,-45.85664613,20.55783,,NOT_AVAILABLE,10108,251.7376742,-45.85664445,251.737639,-45.8566548,16.0213,0.052,15.3836,0.041,15.1547,0.04,15.885999,0.014,14.779999,0.023,14.173,0.039999,0,0,5
5.94E+18,251.7606674,-45.81791336,20.560377,2.7792091,NOT_AVAILABLE,44766,251.7606349,-45.81791591,251.7606382,-45.8179121,16.4273,0.029,15.8596,0.043,15.5657,0.039,16.511999,0.027,15.295,0.029999,14.97,0.025,0,0,5
5.94E+18,251.7421946,-45.8817112,20.561201,2.0551033,NOT_AVAILABLE,222,251.7422609,-45.8816817,251.7422063,-45.8816974,99.9999,9.9999,99.9999,9.9999,99.9999,9.9999,16.624,0.026,15.654,0.021999,15.196999,0.030999,0,0,5
5.94E+18,251.766862,-45.80835863,20.56275,2.2394352,NOT_AVAILABLE,45155,251.7668342,-45.80835587,251.7668472,-45.8083485,17.3963,0.045,16.9956,0.038,16.6817,0.045,99.9999,9.9999,99.9999,9.9999,99.9999,9.9999,0,0,5
5.94E+18,251.7068158,-45.84891965,20.564129,,NOT_AVAILABLE,5491,251.706881,-45.84890676,251.7068436,-45.848921,16.5003,0.032,15.9466,0.047,15.6047,0.048,99.9999,9.9999,99.9999,9.9999,99.9999,9.9999,0,0,5
5.94E+18,251.7698607,-45.85403621,20.56854,,NOT_AVAILABLE,19489,251.7699005,-45.85402027,251.7698765,-45.8540238,14.9993,0.033,14.2576,0.041,13.9037,0.038,14.977999,0.020999,13.635999,0.028999,12.972999,0.039,1,0,5
5.94E+18,251.8080672,-45.878448,20.569067,2.128191,NOT_AVAILABLE,2669,251.808082,-45.8784631,251.8080486,-45.8784656,99.9999,9.9999,99.9999,9.9999,99.9999,9.9999,17.298,0.035999,16.235,0.032999,15.88,0.05,0,0,5
5.94E+18,251.7879652,-45.83051528,20.570066,2.4467945,NOT_AVAILABLE,43392,251.7879826,-45.83051643,251.7879832,-45.8305106,16.2413,0.05,15.7126,0.065,15.4707,0.061,16.37,0.021999,15.269,0.032999,14.791999,0.050999,0,0,5
5.94E+18,251.7469264,-45.87785461,20.570871,1.8541584,NOT_AVAILABLE,26538,251.7469478,-45.87784355,251.7468977,-45.8778574,17.6843,0.027,17.1716,0.047,17.0147,0.039,17.724,0.041999,16.916999,0.056,16.403999,0.057,0,0,5
5.94E+18,251.742229,-45.86137831,20.571886,,NOT_AVAILABLE,19071,251.7422568,-45.86136092,251.742219,-45.8613715,15.7703,0.047,15.1706,0.067,14.8797,0.042,15.887,0.027,14.864999,0.029999,14.201999,0.025,0,0,5
5.94E+18,251.8080925,-45.82455368,20.573301,2.0423717,NOT_AVAILABLE,27641,251.8081221,-45.82455463,251.8081333,-45.8245435,17.1293,0.037,16.7586,0.04,16.4997,0.036,17.086,0.048,16.004999,0.052999,15.809,0.059,0,0,5
5.94E+18,251.7618141,-45.86371089,20.574314,,NOT_AVAILABLE,18826,251.7618401,-45.86369925,251.7618059,-45.8637067,15.9863,0.032,15.4136,0.04,15.2047,0.033,15.866999,0.027,14.913,0.041,14.328,0.028,1,0,5
5.94E+18,251.7365729,-45.84483327,20.5754,,NOT_AVAILABLE,6439,251.7366424,-45.84482576,251.7366167,-45.8448333,15.4803,0.026,14.8806,0.049,14.5487,0.05,15.421999,0.016,14.234,0.008,13.633999,0.014999,0,0,5
5.94E+18,251.7369386,-45.86490225,20.577808,2.6482105,NOT_AVAILABLE,18673,251.7369633,-45.86488448,251.7369211,-45.864897,15.6493,0.052,15.1366,0.05,14.8147,0.053,15.694,0.014,14.562999,0.014,13.963,0.027,0,0,5
5.94E+18,251.754301,-45.85993492,20.578913,,NOT_AVAILABLE,26561,251.7543289,-45.8599227,251.7542957,-45.8599307,17.4633,0.041,17.0026,0.05,16.7417,0.063,17.392999,0.043999,16.298999,0.041,15.574,0.035999,1,0,5
5.94E+18,251.7557611,-45.80649541,20.579256,,NOT_AVAILABLE,44500,251.7557305,-45.80649264,251.7557419,-45.8064869,15.3623,0.048,14.8306,0.053,14.5037,0.051,99.9999,9.9999,99.9999,9.9999,99.9999,9.9999,0,0,5
5.94E+18,251.7674719,-45.84968836,20.579908,2.661005,NOT_AVAILABLE,26961,251.7674861,-45.84968614,251.7674651,-45.849689,15.2313,0.03,14.6916,0.042,14.2897,0.035,15.204999,0.016,14.069,0.017,13.387,0.028,1,0,5
5.94E+18,251.8219542,-45.84115712,20.582117,3.2718754,NOT_AVAILABLE,27269,251.8219829,-45.84115812,251.8219842,-45.8411485,16.3553,0.037,15.7566,0.046,15.5007,0.041,16.815999,0.041999,15.291999,0.059999,14.758999,0.063,0,0,5
5.94E+18,251.7444944,-45.81799687,20.582323,1.9151535,NOT_AVAILABLE,45214,251.7444479,-45.81799769,251.7444466,-45.817997,17.5003,0.046,17.0966,0.051,16.8197,0.054,17.635,0.05,16.784,0.065999,16.235,0.050999,0,0,5
5.94E+18,251.8047411,-45.84555233,20.582674,1.6522007,NOT_AVAILABLE,27007,251.8047636,-45.84555504,251.8047565,-45.8455498,15.5013,0.034,14.8796,0.031,14.5867,0.04,15.564,0.014999,14.315999,0.013,13.774999,0.016,0,0,5
5.94E+18,251.7349958,-45.87510196,20.583199,2.613226,NOT_AVAILABLE,4596,251.7350555,-45.8750862,251.7350043,-45.8751016,99.9999,9.9999,99.9999,9.9999,99.9999,9.9999,16.284999,0.035,15.383,0.014999,14.836999,0.029999,0,0,5
5.94E+18,251.8079376,-45.88550412,20.587399,1.490282,NOT_AVAILABLE,4221,251.8080267,-45.8855046,251.8079874,-45.8855088,99.9999,9.9999,99.9999,9.9999,99.9999,9.9999,17.514999,0.048999,16.017,0.035,15.258999,0.037,0,0,5
5.94E+18,251.7271023,-45.88450541,20.588087,2.812849,NOT_AVAILABLE,2515,251.7271635,-45.8844607,251.7271023,-45.88448,99.9999,9.9999,99.9999,9.9999,99.9999,9.9999,16.531999,0.028,15.711999,0.029999,15.218,0.048999,0,0,5
5.94E+18,251.7092535,-45.85227831,20.588243,2.7507687,NOT_AVAILABLE,137,251.7093117,-45.85226543,251.7092721,-45.85228,16.1053,0.049,15.4546,0.046,15.1477,0.048,99.9999,9.9999,99.9999,9.9999,99.9999,9.9999,0,0,5
5.94E+18,251.7544539,-45.81729156,20.59175,,NOT_AVAILABLE,44512,251.7544195,-45.81728727,251.7544216,-45.8172845,15.4263,0.038,14.7626,0.045,14.4047,0.045,99.9999,9.9999,99.9999,9.9999,99.9999,9.9999,0,0,5
5.94E+18,251.7780891,-45.84022439,20.592031,,NOT_AVAILABLE,27076,251.7781056,-45.84022283,251.7780954,-45.8402213,15.7973,0.037,15.2446,0.044,15.0127,0.044,15.619999,0.068999,14.541999,0.103,13.881999,0.079999,1,0,5
5.94E+18,251.7741838,-45.86663499,20.592432,2.7033424,NOT_AVAILABLE,18402,251.7742175,-45.86662575,251.7741844,-45.8666316,14.7813,0.028,14.1256,0.053,13.4847,0.031,14.829999,0.017999,13.1,0.008,12.369,0.020999,0,0,5
5.94E+18,251.7839929,-45.82810848,20.592438,2.214325,NOT_AVAILABLE,45178,251.7839694,-45.82811844,251.7839708,-45.8281128,17.4463,0.065,16.9576,0.057,16.6327,0.058,99.9999,9.9999,99.9999,9.9999,99.9999,9.9999,0,0,5
5.94E+18,251.7909842,-45.84736256,20.593775,3.5108395,NOT_AVAILABLE,27061,251.7909995,-45.84736381,251.790987,-45.8473617,15.7453,0.034,15.0386,0.044,14.7167,0.055,15.675999,0.021999,14.381999,0.017999,13.810999,0.024,0,0,5
5.94E+18,251.7847287,-45.82954996,20.595541,3.2100296,NOT_AVAILABLE,27308,251.7847465,-45.82954885,251.784747,-45.8295434,16.4553,0.048,16.0026,0.064,15.8457,0.076,99.9999,9.9999,99.9999,9.9999,99.9999,9.9999,0,0,5
5.94E+18,251.7513978,-45.86395688,20.596447,3.3357182,NOT_AVAILABLE,18808,251.7514256,-45.86394144,251.7513883,-45.863951,15.9873,0.034,15.3416,0.039,15.1347,0.034,15.961999,0.014999,14.88,0.013,14.34,0.020999,0,0,5
5.94E+18,251.7566397,-45.88463872,20.598038,,NOT_AVAILABLE,19005,251.7566645,-45.88462728,251.7566115,-45.884641,15.7593,0.045,15.1226,0.044,14.8637,0.039,15.739999,0.029999,14.475999,0.017999,13.741999,0.032999,0,0,5
5.94E+18,251.7441478,-45.86948529,20.602377,2.7003899,NOT_AVAILABLE,17835,251.7441786,-45.86946997,251.7441346,-45.8694823,17.2393,0.032,16.7726,0.036,16.4497,0.039,99.9999,9.9999,99.9999,9.9999,99.9999,9.9999,0,0,5
5.94E+18,251.7716512,-45.83659712,20.602633,,NOT_AVAILABLE,44459,251.7716143,-45.83659951,251.7716053,-45.8365983,14.9963,0.026,14.2226,0.046,13.7187,0.052,14.993,0.013,13.406,0.013,12.758,0.014999,1,0,5
5.94E+18,251.7462317,-45.85640593,20.602991,,NOT_AVAILABLE,22364,251.7462553,-45.85639397,251.7462228,-45.8564026,16.3813,0.065,15.9156,0.07,15.5807,0.073,16.431999,0.025,15.14,0.025,14.496,0.046999,0,0,5
5.94E+18,251.7357794,-45.86095371,20.603119,2.5842342,NOT_AVAILABLE,12683,251.7358427,-45.86095095,251.7358035,-45.8609627,15.9893,0.063,15.4866,0.055,15.3207,0.06,16.017999,0.014,14.982999,0.014,14.456,0.020999,0,0,5
5.94E+18,251.7318927,-45.87440716,20.603943,,NOT_AVAILABLE,463,251.731941,-45.8743842,251.7318895,-45.8744001,99.9999,9.9999,99.9999,9.9999,99.9999,9.9999,15.895,0.017999,14.776,0.014,14.230999,0.017999,0,0,5
5.94E+18,251.7699459,-45.88627133,20.605097,3.8714733,NOT_AVAILABLE,17661,251.7699723,-45.88626313,251.7699217,-45.8862748,15.7043,0.059,15.1036,0.084,14.7827,0.099,15.427,0.030999,14.145,0.020999,13.595999,0.034,0,0,5
5.94E+18,251.7702407,-45.83601494,20.607988,2.9877071,NOT_AVAILABLE,44603,251.7702076,-45.83601701,251.7701986,-45.836016,15.9113,0.06,15.3036,0.05,15.0197,0.048,15.727,0.023,14.67,0.028999,13.916999,0.078,0,0,5
5.94E+18,251.7724788,-45.86683407,20.608284,3.1484184,NOT_AVAILABLE,21563,251.7725122,-45.86682352,251.7724784,-45.8668298,15.7563,0.044,15.2026,0.056,14.8787,0.055,15.805,0.018999,14.626,0.014999,13.998999,0.024,0,0,5
5.94E+18,251.781871,-45.86329038,20.609245,,NOT_AVAILABLE,21973,251.781905,-45.86328314,251.7818768,-45.8632867,15.0753,0.036,14.5266,0.062,14.0867,0.035,15.246,0.026,14.104,0.039999,13.458,0.043999,0,0,5
5.94E+18,251.7341225,-45.85898419,20.609724,,NOT_AVAILABLE,8030,251.734185,-45.8589806,251.7341469,-45.8589922,15.9133,0.032,15.4376,0.028,15.1347,0.035,15.993,0.017999,14.967,0.013,14.385,0.017,0,0,5
5.94E+18,251.7251752,-45.86520339,20.612993,3.5230732,NOT_AVAILABLE,13018,251.7252486,-45.86519361,251.7252029,-45.8652084,14.7663,0.083,14.0316,0.076,13.4777,0.087,15.581999,0.030999,13.331999,0.032,12.604999,0.043,0,0,5
5.94E+18,251.7412492,-45.85215204,20.6146,2.7097855,NOT_AVAILABLE,381,251.7413129,-45.8521485,251.7412824,-45.852157,15.9863,0.043,15.4386,0.043,15.1557,0.042,15.989,0.027,14.852999,0.019999,14.260999,0.035,0,0,5
5.94E+18,251.7379789,-45.82366988,20.614752,,NOT_AVAILABLE,45216,251.7379397,-45.82366606,251.7379319,-45.823668,17.5133,0.032,17.0516,0.037,16.8577,0.034,99.9999,9.9999,99.9999,9.9999,99.9999,9.9999,0,0,5
5.94E+18,251.7190246,-45.85072361,20.616085,2.5383663,NOT_AVAILABLE,2448,251.7190864,-45.85071612,251.7190509,-45.8507285,16.8953,0.058,16.5076,0.046,16.2427,0.053,99.9999,9.9999,99.9999,9.9999,99.9999,9.9999,0,0,5
5.94E+18,251.7560209,-45.88555264,20.61756,2.1267643,NOT_AVAILABLE,18261,251.7560403,-45.88554659,251.7559864,-45.8855607,16.6023,0.039,16.0836,0.049,15.8777,0.047,16.813999,0.028,15.887999,0.030999,15.348999,0.054999,0,0,5
5.94E+18,251.7966002,-45.8593418,20.61797,,NOT_AVAILABLE,27750,251.796614,-45.85934837,251.7965932,-45.8593482,17.3473,0.046,16.9046,0.034,16.5527,0.036,17.629999,0.052,16.492,0.045,15.748,0.046999,0,0,5
5.94E+18,251.8031661,-45.83450558,20.617985,2.6743412,NOT_AVAILABLE,27646,251.8031858,-45.83450356,251.8031874,-45.8344959,17.1443,0.047,16.6836,0.052,16.3977,0.047,99.9999,9.9999,99.9999,9.9999,99.9999,9.9999,0,0,5
5.94E+18,251.7948489,-45.83514107,20.618164,,NOT_AVAILABLE,26962,251.7948727,-45.83514229,251.7948714,-45.8351363,15.2313,0.046,14.6256,0.064,14.3297,0.061,15.055,0.024,13.628999,0.017,12.965999,0.026,0,0,5
5.94E+18,251.7874396,-45.84853936,20.61819,,NOT_AVAILABLE,27009,251.7874529,-45.84853985,251.7874384,-45.8485387,15.5033,0.06,14.9406,0.054,14.6157,0.049,15.612,0.029999,14.399,0.020999,13.838999,0.028,0,0,5
5.94E+18,251.7229911,-45.84960034,20.618553,,NOT_AVAILABLE,4213,251.7230537,-45.84959252,251.7230203,-45.8496038,15.8203,0.049,15.3416,0.038,15.0487,0.038,15.975999,0.019999,14.939999,0.027,14.385,0.034,0,0,5
5.94E+18,251.7984742,-45.82542706,20.620453,,NOT_AVAILABLE,43398,251.7984973,-45.82542852,251.798505,-45.8254194,16.3663,0.026,15.9316,0.055,15.6747,0.059,16.424999,0.023,15.277999,0.020999,14.796999,0.043999,0,0,5
5.94E+18,251.7838186,-45.8506964,20.620493,2.556858,NOT_AVAILABLE,27661,251.7838294,-45.85069599,251.7838122,-45.850696,17.1863,0.054,16.7756,0.05,16.4937,0.058,17.035999,0.079999,16.216999,0.065999,15.793999,0.048999,0,0,5
5.94E+18,251.8077865,-45.82493297,20.626205,2.7060165,NOT_AVAILABLE,27749,251.8078065,-45.82493643,251.8078173,-45.8249254,17.3463,0.036,16.9326,0.031,16.6347,0.035,17.572,0.039,16.601999,0.041999,16.343,0.059999,0,0,5
5.94E+18,251.7852787,-45.82424828,20.626928,2.5745258,NOT_AVAILABLE,44849,251.7852496,-45.8242549,251.7852546,-45.824248,16.6303,0.043,16.0516,0.05,15.8897,0.073,99.9999,9.9999,99.9999,9.9999,99.9999,9.9999,0,0,5
5.94E+18,251.7743157,-45.83394719,20.627281,,NOT_AVAILABLE,44803,251.7742735,-45.83395273,251.7742674,-45.8339504,16.5223,0.054,15.9926,0.063,15.6217,0.066,16.584999,0.027,15.378,0.024,14.758,0.034,0,0,5
5.94E+18,251.7949317,-45.84806999,20.630077,,NOT_AVAILABLE,27110,251.7949478,-45.84807318,251.7949359,-45.8480705,15.9233,0.038,15.3446,0.047,15.0367,0.052,99.9999,9.9999,99.9999,9.9999,99.9999,9.9999,0,0,5
5.94E+18,251.7797569,-45.80944203,20.630499,2.433506,NOT_AVAILABLE,45232,251.7797296,-45.80944467,251.7797453,-45.8094351,17.5513,0.027,17.0866,0.039,16.8477,0.037,99.9999,9.9999,99.9999,9.9999,99.9999,9.9999,0,0,5
5.94E+18,251.7494518,-45.81007864,20.631187,1.9534245,NOT_AVAILABLE,45375,251.749405,-45.81006614,251.7494117,-45.8100625,17.8643,0.199,17.2246,0.213,16.8697,0.205,99.9999,9.9999,99.9999,9.9999,99.9999,9.9999,0,0,5
5.94E+18,251.7906352,-45.83219253,20.633184,2.148611,NOT_AVAILABLE,27797,251.7906539,-45.83219037,251.7906538,-45.8321845,17.4573,0.035,16.9836,0.04,16.6777,0.042,99.9999,9.9999,99.9999,9.9999,99.9999,9.9999,0,0,5
5.94E+18,251.7997233,-45.84296232,20.63415,2.3140087,NOT_AVAILABLE,27704,251.799739,-45.84296545,251.7997326,-45.8429605,17.2693,0.027,16.8246,0.033,16.6247,0.032,17.363,0.028,16.465999,0.037,16.179,0.054999,0,0,5
5.94E+18,251.7845615,-45.83907184,20.634718,2.6316185,NOT_AVAILABLE,27071,251.7845797,-45.83907108,251.7845723,-45.8390681,15.7833,0.031,15.2266,0.038,14.9427,0.04,15.826,0.018999,14.711,0.016,14.178999,0.023,0,0,5
5.94E+18,251.8141476,-45.85030697,20.635794,2.361374,NOT_AVAILABLE,27321,251.8141647,-45.85031306,251.8141563,-45.8503073,16.5023,0.039,15.9506,0.046,15.6507,0.055,16.533,0.025,15.390999,0.027,14.949,0.035,0,0,5
5.94E+18,251.7472514,-45.87994753,20.636902,2.4901981,NOT_AVAILABLE,23916,251.747272,-45.87993412,251.7472203,-45.8799485,16.1283,0.049,15.5486,0.064,15.2917,0.072,16.160999,0.028,15.118,0.023,14.612,0.027,0,0,5
5.94E+18,251.7602409,-45.8888147,20.637163,3.5026588,NOT_AVAILABLE,23605,251.7602702,-45.8888042,251.7602148,-45.8888183,15.7683,0.052,15.1196,0.055,14.7497,0.06,99.9999,9.9999,99.9999,9.9999,99.9999,9.9999,0,0,5
5.94E+18,251.7926112,-45.8400926,20.638247,2.4354,NOT_AVAILABLE,27779,251.7926226,-45.8401002,251.7926166,-45.8400959,17.4023,0.025,16.8876,0.04,16.5267,0.049,17.091999,0.059,15.954999,0.039,15.657999,0.064,0,0,5
5.94E+18,251.7641895,-45.88664017,20.639544,,NOT_AVAILABLE,19714,251.7642084,-45.88664213,251.7641559,-45.886655,17.3713,0.032,16.8816,0.049,16.6147,0.052,99.9999,9.9999,99.9999,9.9999,99.9999,9.9999,0,0,5
5.94E+18,251.7562931,-45.85073406,20.640593,,NOT_AVAILABLE,19560,251.7563284,-45.85071809,251.7563034,-45.8507234,15.7853,0.045,15.1596,0.047,14.9387,0.074,15.734,0.028999,14.779,0.050999,14.015999,0.032,1,0,5
5.94E+18,251.7504741,-45.83243674,20.643602,,NOT_AVAILABLE,45093,251.7504318,-45.83243702,251.7504202,-45.8324388,17.2653,0.04,16.8416,0.042,16.5807,0.052,99.9999,9.9999,99.9999,9.9999,99.9999,9.9999,0,0,5
5.94E+18,251.8055866,-45.86950507,20.643742,1.841568,NOT_AVAILABLE,650,251.8055908,-45.8694992,251.8055641,-45.8694999,99.9999,9.9999,99.9999,9.9999,99.9999,9.9999,17.642,0.028999,16.628,0.027,16.208,0.046,0,0,5
5.94E+18,251.7479656,-45.85692524,20.645098,,NOT_AVAILABLE,19358,251.7479978,-45.85690856,251.7479654,-45.856917,15.6163,0.057,15.1976,0.046,14.9857,0.062,15.779999,0.017999,14.642999,0.014,14.043999,0.017999,0,0,5
5.94E+18,251.7701257,-45.83548028,20.645304,,NOT_AVAILABLE,44617,251.770083,-45.83548567,251.7700745,-45.8354845,15.9633,0.048,15.3556,0.05,15.1127,0.044,15.770999,0.028999,14.616999,0.029999,13.85,0.071,0,0,5
5.94E+18,251.7330901,-45.8589832,20.645916,3.2049046,NOT_AVAILABLE,8052,251.7331548,-45.8589757,251.7331165,-45.8589874,15.9043,0.041,15.2546,0.041,14.9137,0.05,15.805999,0.014999,14.668999,0.010999,14.083999,0.017999,0,0,5
5.94E+18,251.7455098,-45.85565196,20.646608,2.9357586,NOT_AVAILABLE,8798,251.7455778,-45.85564867,251.7455457,-45.8556572,15.7533,0.035,15.2026,0.055,14.8177,0.044,15.715,0.014999,14.420999,0.012,13.687,0.017,0,0,5
5.94E+18,251.7708243,-45.86231416,20.647552,,NOT_AVAILABLE,18976,251.7708556,-45.8623007,251.7708251,-45.8623061,15.4013,0.059,14.8536,0.056,14.4257,0.069,15.467,0.016,14.175,0.014,13.576,0.026,1,0,5
5.94E+18,251.751009,-45.83484677,20.647917,2.7641659,NOT_AVAILABLE,44627,251.750965,-45.83484727,251.7509516,-45.8348496,15.9903,0.036,15.4116,0.038,15.1017,0.033,15.928,0.012,14.789999,0.014999,14.237999,0.020999,0,0,5
5.94E+18,251.7771666,-45.83577466,20.651575,,NOT_AVAILABLE,43480,251.7771844,-45.83577513,251.7771776,-45.8357727,17.6013,0.058,17.0966,0.051,16.8607,0.051,99.9999,9.9999,99.9999,9.9999,99.9999,9.9999,0,0,5
5.94E+18,251.7725597,-45.88067309,20.651663,,NOT_AVAILABLE,22894,251.7725904,-45.88066533,251.7725452,-45.8806751,15.8453,0.039,15.3506,0.053,15.0757,0.055,15.807,0.017999,14.649,0.012,14.048999,0.021999,0,0,5
5.94E+18,251.7982737,-45.87834606,20.652994,3.1241302,NOT_AVAILABLE,324,251.798306,-45.8783541,251.7982699,-45.8783584,99.9999,9.9999,99.9999,9.9999,99.9999,9.9999,16.121,0.019999,14.881999,0.014,14.354999,0.014999,0,0,5
5.94E+18,251.7805781,-45.82540774,20.65355,1.4526596,NOT_AVAILABLE,45374,251.7805448,-45.82540586,251.7805475,-45.8254002,17.8593,0.057,17.1426,0.044,16.8517,0.046,17.549999,0.039999,16.801,0.052,16.694,0.097,0,0,5
5.94E+18,251.7363008,-45.87395527,20.654007,,NOT_AVAILABLE,2773,251.7363546,-45.8739386,251.7363047,-45.8739535,99.9999,9.9999,99.9999,9.9999,99.9999,9.9999,15.998999,0.012,14.803999,0.012,14.239999,0.023,0,0,5
5.94E+18,251.7609794,-45.83905129,20.655407,,NOT_AVAILABLE,44848,251.760954,-45.83906375,251.76094,-45.8390652,16.6263,0.174,15.4936,0.152,15.5747,0.114,15.258,0.026,14.017,0.025,13.307,0.043,0,0,5
5.94E+18,251.7922501,-45.82679906,20.655577,,NOT_AVAILABLE,43467,251.7922801,-45.82679387,251.792285,-45.8267863,17.2943,0.048,16.9466,0.05,16.6457,0.048,17.427,0.048999,16.479,0.027,16.009,0.045,0,0,5
5.94E+18,251.7808617,-45.83631488,20.655697,,NOT_AVAILABLE,43370,251.7808805,-45.8363143,251.7808743,-45.8363113,15.8903,0.039,15.4386,0.059,15.1437,0.052,15.866999,0.020999,14.836999,0.014999,14.312999,0.021999,0,0,5
5.94E+18,251.7299606,-45.8706987,20.656244,,NOT_AVAILABLE,600,251.7300122,-45.8706874,251.7299633,-45.8707027,99.9999,9.9999,99.9999,9.9999,99.9999,9.9999,16.313999,0.023,15.243,0.024,14.739999,0.027,0,0,5
5.94E+18,251.7456797,-45.8528831,20.657688,2.552349,NOT_AVAILABLE,14674,251.7457491,-45.85287886,251.7457193,-45.8528867,16.1613,0.031,15.6026,0.044,15.3867,0.038,16.101999,0.043999,15.164999,0.017,14.633999,0.026,1,0,5
5.94E+18,251.7613379,-45.87390376,20.661917,3.16605,NOT_AVAILABLE,20676,251.7613698,-45.87389214,251.761327,-45.8739023,16.1803,0.035,15.5586,0.043,15.1767,0.039,99.9999,9.9999,99.9999,9.9999,99.9999,9.9999,0,0,5
5.94E+18,251.7419524,-45.84771988,20.663494,2.402048,NOT_AVAILABLE,5948,251.7420206,-45.84771143,251.741994,-45.8477187,14.8713,0.03,14.0886,0.043,13.4907,0.044,14.928,0.010999,13.232999,0.008,12.505999,0.012,0,0,5
5.94E+18,251.8036705,-45.88213756,20.663776,,NOT_AVAILABLE,2573,251.8037152,-45.8821281,251.8036775,-45.8821323,99.9999,9.9999,99.9999,9.9999,99.9999,9.9999,14.185999,0.014999,12.14,0.008,11.282999,0.014,0,0,5
5.94E+18,251.785875,-45.86272363,20.665243,,NOT_AVAILABLE,27044,251.7858848,-45.86272785,251.7858581,-45.8627305,15.6483,0.051,14.9466,0.062,14.5997,0.068,15.628,0.014999,14.406,0.012,13.831,0.018999,0,0,5
5.94E+18,251.8100777,-45.83621606,20.668264,3.6148033,NOT_AVAILABLE,26957,251.8101005,-45.83621865,251.8101026,-45.8362101,15.2113,0.026,14.5826,0.047,14.2177,0.046,15.354999,0.013,13.996,0.008999,13.397,0.014999,0,0,5
5.94E+18,251.7708242,-45.80204722,20.672922,,NOT_AVAILABLE,44517,251.7708019,-45.80204493,251.7708212,-45.8020352,15.4443,0.035,14.8586,0.034,14.4937,0.036,99.9999,9.9999,99.9999,9.9999,99.9999,9.9999,0,0,5
5.94E+18,251.818716,-45.84162564,20.673073,,NOT_AVAILABLE,27799,251.8187317,-45.84163219,251.8187317,-45.8416233,17.4603,0.044,16.9866,0.049,16.7107,0.049,17.377,0.054999,16.247999,0.037999,16.024,0.071,0,0,5
5.94E+18,251.7777629,-45.86691936,20.673475,1.9996815,NOT_AVAILABLE,18344,251.7777985,-45.86690785,251.7777661,-45.8669131,15.9353,0.038,15.4246,0.037,15.1597,0.034,15.984,0.023,14.84,0.029999,14.314999,0.041,0,0,5
5.94E+18,251.7577207,-45.85676413,20.675257,3.3430138,NOT_AVAILABLE,19362,251.7577529,-45.85674993,251.7577233,-45.8567565,15.5123,0.029,14.8206,0.03,14.4757,0.028,15.645,0.028,14.413,0.028999,13.795,0.045,1,0,5
5.94E+18,251.7514923,-45.86814566,20.675692,2.7589798,NOT_AVAILABLE,18109,251.751518,-45.8681317,251.7514772,-45.8681423,16.2043,0.032,15.6366,0.048,15.3437,0.038,16.181999,0.014,15.161999,0.012,14.652999,0.025,0,0,5
5.94E+18,251.8054234,-45.85724124,20.678532,1.8110924,NOT_AVAILABLE,27707,251.8054377,-45.85725086,251.8054211,-45.8572485,17.2713,0.035,16.7806,0.048,16.5097,0.053,17.267,0.035,16.250999,0.032,15.902,0.046999,0,0,5
5.94E+18,251.7521522,-45.86164121,20.67874,2.2016964,NOT_AVAILABLE,19041,251.7521927,-45.86161826,251.7521576,-45.8616271,17.7553,0.039,17.2866,0.05,17.0197,0.05,99.9999,9.9999,99.9999,9.9999,99.9999,9.9999,1,0,5
5.94E+18,251.7391295,-45.87659426,20.679752,2.8124828,NOT_AVAILABLE,403,251.7391795,-45.8765775,251.7391283,-45.8765925,99.9999,9.9999,99.9999,9.9999,99.9999,9.9999,15.934,0.016,14.699,0.009999,14.125,0.014,0,0,5
5.94E+18,251.7688922,-45.82483284,20.679853,2.4499454,NOT_AVAILABLE,44857,251.7688548,-45.82483227,251.7688547,-45.8248287,16.6513,0.046,16.1786,0.041,15.9367,0.039,16.714,0.028,15.741,0.045,15.520999,0.039,0,0,5
5.94E+18,251.801121,-45.83254544,20.681063,1.7259808,NOT_AVAILABLE,27819,251.8011457,-45.8325489,251.8011483,-45.8325411,17.4973,0.036,17.0156,0.039,16.7497,0.034,17.493999,0.048999,16.496,0.052,16.270999,0.061,0,0,5
5.94E+18,251.7742766,-45.82944966,20.681376,2.3421326,NOT_AVAILABLE,44501,251.774238,-45.82945397,251.7742356,-45.8294505,15.3653,0.032,14.9096,0.069,14.6037,0.087,15.394,0.014,14.069,0.009999,13.458999,0.016,0,0,5
5.94E+18,251.8113581,-45.83285205,20.681414,,NOT_AVAILABLE,26953,251.8113884,-45.83285331,251.8113937,-45.8328436,15.1913,0.071,14.4516,0.042,14.0597,0.034,15.019,0.045,13.666999,0.023,13.069,0.023,0,0,5
5.94E+18,251.7493434,-45.85680066,20.681873,,NOT_AVAILABLE,19364,251.7493752,-45.85678553,251.7493433,-45.8567936,15.7113,0.052,15.2506,0.047,14.9977,0.05,15.847,0.025,14.781,0.028999,14.175999,0.034,0,0,5
5.94E+18,251.728846,-45.8599819,20.6828,3.5272598,NOT_AVAILABLE,7319,251.7289049,-45.85997648,251.7288645,-45.8599893,17.4683,0.059,17.0796,0.043,16.8277,0.051,17.611999,0.039,16.768999,0.039999,16.483999,0.065999,0,0,5
5.94E+18,251.7257551,-45.87565221,20.68329,2.3493404,NOT_AVAILABLE,4589,251.7257476,-45.8756324,251.7256934,-45.8756497,99.9999,9.9999,99.9999,9.9999,99.9999,9.9999,17.457,0.037999,16.656,0.052,16.430999,0.078,0,0,5
5.94E+18,251.7981194,-45.85009798,20.684965,,NOT_AVAILABLE,27858,251.7981419,-45.8500947,251.7981292,-45.8500919,17.5883,0.041,17.1756,0.035,16.8867,0.044,17.653999,0.035999,16.611,0.046,16.29,0.048999,0,0,5
5.94E+18,251.7928733,-45.82504632,20.686882,1.9862747,NOT_AVAILABLE,27094,251.7928988,-45.82504744,251.7929053,-45.8250393,15.8693,0.055,15.3936,0.066,15.1717,0.063,15.951999,0.014999,14.795999,0.014,14.277,0.017999,0,0,5
5.94E+18,251.7914624,-45.82430426,20.687725,,NOT_AVAILABLE,43489,251.79149,-45.82430449,251.7914967,-45.8242964,17.6873,0.059,17.2216,0.056,16.9137,0.061,17.693,0.043999,16.541,0.048,16.409999,0.059,0,0,5
5.94E+18,251.8150506,-45.84814404,20.688469,0.8666744,NOT_AVAILABLE,27895,251.8150708,-45.84814474,251.8150644,-45.8481382,17.6693,0.031,17.3036,0.042,17.0387,0.047,99.9999,9.9999,99.9999,9.9999,99.9999,9.9999,0,0,5
5.94E+18,251.8236093,-45.83695649,20.691185,3.0443306,NOT_AVAILABLE,26974,251.8236349,-45.83696063,251.8236402,-45.8369497,15.3063,0.039,14.7256,0.056,14.2787,0.055,99.9999,9.9999,99.9999,9.9999,99.9999,9.9999,0,0,5
5.94E+18,251.7496652,-45.84579641,20.69252,3.6917877,NOT_AVAILABLE,6238,251.7497394,-45.84579049,251.7497166,-45.8457958,16.0493,0.028,15.4536,0.037,15.2047,0.033,15.93,0.039,14.838,0.086999,14.123999,0.063,1,0,5
5.94E+18,251.7748101,-45.85251001,20.692568,,NOT_AVAILABLE,26910,251.7748212,-45.85251486,251.7747999,-45.8525171,14.8763,0.044,14.1336,0.051,13.7257,0.054,14.751999,0.035,13.310999,0.026,12.616999,0.043,1,0,5
5.94E+18,251.7328974,-45.85925539,20.69501,0.8949032,NOT_AVAILABLE,7897,251.73296,-45.8592486,251.7329214,-45.8592605,15.8863,0.039,15.2866,0.05,15.0067,0.052,15.875,0.017999,14.821999,0.013,14.239,0.023,0,0,5
5.94E+18,251.7025314,-45.84665932,20.698082,2.7655811,NOT_AVAILABLE,6111,251.7025942,-45.84664611,251.7025574,-45.8466606,16.0893,0.062,15.6386,0.042,15.5147,0.041,99.9999,9.9999,99.9999,9.9999,99.9999,9.9999,0,0,5
5.94E+18,251.7494997,-45.83893082,20.704239,,NOT_AVAILABLE,45257,251.7494607,-45.83893259,251.7494435,-45.8389362,17.6173,0.04,17.1186,0.053,16.8947,0.052,99.9999,9.9999,99.9999,9.9999,99.9999,9.9999,1,0,5
5.94E+18,251.7456057,-45.87845539,20.705112,,NOT_AVAILABLE,15437,251.7456252,-45.87844363,251.7455742,-45.8784579,17.6843,0.037,17.2646,0.048,17.0247,0.051,99.9999,9.9999,99.9999,9.9999,99.9999,9.9999,0,0,5
5.94E+18,251.7759516,-45.83882392,20.707964,3.234764,NOT_AVAILABLE,43366,251.7759694,-45.83882198,251.7759598,-45.8388205,15.8333,0.056,15.3266,0.055,15.0367,0.054,15.97,0.025,14.786999,0.014,14.161999,0.029999,1,0,5
5.94E+18,251.8119025,-45.84737575,20.708721,1.6180534,NOT_AVAILABLE,27887,251.8119195,-45.84737731,251.8119129,-45.8473712,17.6433,0.044,17.2146,0.04,16.9027,0.045,17.778999,0.030999,16.87,0.046999,16.284999,0.043,0,0,5
5.94E+18,251.7694201,-45.80127186,20.710236,1.1993961,NOT_AVAILABLE,45225,251.7693974,-45.80127559,251.7694169,-45.8012659,17.5333,0.051,17.1346,0.052,16.8967,0.044,99.9999,9.9999,99.9999,9.9999,99.9999,9.9999,0,0,5
5.94E+18,251.8012645,-45.83733106,20.710339,2.544918,NOT_AVAILABLE,27142,251.8012954,-45.83733793,251.8012941,-45.8373313,16.0393,0.041,15.4596,0.036,15.0237,0.037,16.219999,0.016,14.815999,0.014,14.338,0.020999,0,0,5
5.94E+18,251.7408671,-45.86704701,20.713245,2.210411,NOT_AVAILABLE,18322,251.7408937,-45.86703158,251.7408508,-45.8670439,16.2023,0.044,15.6316,0.054,15.4187,0.052,16.243,0.021999,15.296999,0.041,14.654,0.101,0,0,5
5.94E+18,251.7515665,-45.81898667,20.71629,2.493557,NOT_AVAILABLE,44981,251.7515341,-45.81898429,251.751534,-45.8189825,16.9633,0.033,16.3906,0.03,16.1947,0.042,17.038,0.025,16.045999,0.026,15.614,0.041,0,0,5
5.94E+18,251.7307255,-45.85594201,20.719343,,NOT_AVAILABLE,10941,251.7307887,-45.85593658,251.7307522,-45.855948,16.1173,0.04,15.6066,0.045,15.3257,0.043,16.084999,0.018999,15.050999,0.012,14.477,0.019999,0,0,5
5.94E+18,251.7544298,-45.84948171,20.720888,2.2138424,NOT_AVAILABLE,4481,251.7545026,-45.84948028,251.7544781,-45.8494856,15.7703,0.043,15.1466,0.044,14.8017,0.042,15.680999,0.037,14.567,0.027,13.895999,0.046999,1,0,5
5.94E+18,251.76443,-45.87376561,20.721632,,NOT_AVAILABLE,20690,251.7644594,-45.87375436,251.7644176,-45.8737639,16.0763,0.03,15.6156,0.042,15.4127,0.032,99.9999,9.9999,99.9999,9.9999,99.9999,9.9999,0,0,5
5.94E+18,251.8079574,-45.8265273,20.721825,2.1121693,NOT_AVAILABLE,26983,251.8079855,-45.82652824,251.807995,-45.8265176,15.3673,0.049,14.7606,0.065,14.3457,0.05,15.407999,0.017,14.039999,0.010999,13.444999,0.021999,0,0,5
5.94E+18,251.7964073,-45.8270644,20.722057,2.093727,NOT_AVAILABLE,27846,251.7964394,-45.8270666,251.7964452,-45.8270583,17.5623,0.04,17.1696,0.036,16.8577,0.039,17.639999,0.067,16.653999,0.052,16.104999,0.072999,0,0,5
5.94E+18,251.7886175,-45.85149365,20.726007,,NOT_AVAILABLE,27239,251.7886376,-45.85149577,251.788621,-45.8514951,16.3063,0.032,15.7656,0.045,15.4627,0.043,99.9999,9.9999,99.9999,9.9999,99.9999,9.9999,0,0,5
5.94E+18,251.7859747,-45.83475195,20.727026,,NOT_AVAILABLE,5292,251.7859939,-45.8347506,251.7859904,-45.8347462,99.9999,9.9999,99.9999,9.9999,99.9999,9.9999,14.265,0.014999,12.206999,0.012,11.366999,0.017999,0,0,5
5.94E+18,251.7260155,-45.83574286,20.729477,2.6737614,NOT_AVAILABLE,7570,251.7260862,-45.83573292,251.7260651,-45.8357402,16.5083,0.027,15.9836,0.042,15.6797,0.041,99.9999,9.9999,99.9999,9.9999,99.9999,9.9999,0,0,5
5.94E+18,251.7711824,-45.87076013,20.730045,0.30880356,NOT_AVAILABLE,17645,251.7712022,-45.87074817,251.7711647,-45.8707557,17.6163,0.03,17.1406,0.044,16.7837,0.047,99.9999,9.9999,99.9999,9.9999,99.9999,9.9999,0,0,5
5.94E+18,251.7465596,-45.85863564,20.731438,,NOT_AVAILABLE,22296,251.7465865,-45.85862066,251.7465522,-45.8586298,15.8083,0.045,15.2236,0.055,14.8507,0.051,15.871999,0.016,14.652,0.012,14.039999,0.016,0,0,5
5.94E+18,251.7950601,-45.85375893,20.732624,1.3140583,NOT_AVAILABLE,27976,251.7950719,-45.85376589,251.7950553,-45.8537646,17.8363,0.038,17.2616,0.042,16.9677,0.043,17.694999,0.046999,16.846,0.054999,16.576,0.082999,0,0,5
5.94E+18,251.7756558,-45.84980646,20.733551,1.8113651,NOT_AVAILABLE,27074,251.7756677,-45.84980484,251.7756489,-45.8498062,15.7953,0.038,15.2136,0.047,14.9217,0.048,15.581,0.052,14.371999,0.041999,13.751,0.076999,1,0,5
5.94E+18,251.7795792,-45.87587076,20.73401,,NOT_AVAILABLE,20531,251.7796104,-45.87586223,251.7795711,-45.8758694,15.8613,0.043,15.2946,0.049,14.9167,0.045,15.852999,0.074,14.868,0.072999,14.3,0.065999,0,0,5
5.94E+18,251.7587793,-45.80348495,20.735458,3.411604,NOT_AVAILABLE,44440,251.7587514,-45.80348285,251.7587661,-45.8034758,14.7653,0.057,14.1666,0.084,13.7307,0.077,99.9999,9.9999,99.9999,9.9999,99.9999,9.9999,0,0,5
5.94E+18,251.7275803,-45.8454411,20.735462,2.9109478,NOT_AVAILABLE,6325,251.7276469,-45.84543317,251.7276182,-45.8454426,16.0873,0.049,15.7336,0.035,15.5057,0.045,16.170999,0.026,15.201,0.025,14.666,0.019999,0,0,5
5.94E+18,251.7578341,-45.85725905,20.73552,,NOT_AVAILABLE,16755,251.7578499,-45.85724915,251.7578199,-45.8572558,17.9503,0.131,17.7676,0.194,18.0897,0.388,99.9999,9.9999,99.9999,9.9999,99.9999,9.9999,0,0,5
5.94E+18,251.7616267,-45.83279496,20.737192,,NOT_AVAILABLE,44548,251.7615853,-45.83279813,251.7615766,-45.8327979,15.6473,0.031,15.0606,0.037,14.6787,0.04,15.543999,0.017,14.347,0.012,13.77,0.017999,0,0,5
5.94E+18,251.8022335,-45.83341387,20.73764,2.5523567,NOT_AVAILABLE,27276,251.8022585,-45.83341433,251.8022607,-45.8334065,16.3723,0.023,15.7196,0.042,15.4567,0.04,99.9999,9.9999,99.9999,9.9999,99.9999,9.9999,0,0,5
5.94E+18,251.7759878,-45.87956553,20.73767,2.21315,NOT_AVAILABLE,24316,251.7760164,-45.87955822,251.7759731,-45.879567,15.6813,0.04,15.1756,0.045,14.8367,0.053,15.855999,0.014999,14.720999,0.010999,14.105999,0.017,0,0,5
5.94E+18,251.7540755,-45.86999295,20.739283,,NOT_AVAILABLE,17743,251.7541015,-45.86998417,251.7540599,-45.8699947,17.5223,0.041,17.0576,0.045,16.7897,0.047,99.9999,9.9999,99.9999,9.9999,99.9999,9.9999,0,0,5
5.94E+18,251.7883655,-45.83017575,20.740683,2.8327541,NOT_AVAILABLE,43368,251.7883893,-45.83017414,251.7883903,-45.8301682,15.8653,0.048,15.3996,0.044,15.1327,0.035,15.991,0.014999,14.795999,0.017,14.262,0.032,0,0,5
5.94E+18,251.7324563,-45.83209851,20.742374,,NOT_AVAILABLE,12381,251.7325241,-45.83209152,251.7325078,-45.8320966,17.5093,0.043,17.1366,0.042,16.8387,0.041,99.9999,9.9999,99.9999,9.9999,99.9999,9.9999,0,0,5
5.94E+18,251.7396795,-45.81933876,20.742474,2.3730354,NOT_AVAILABLE,44572,251.739643,-45.81933566,251.7396393,-45.8193362,15.7813,0.041,15.2706,0.062,14.9357,0.06,15.96,0.028999,14.819999,0.027,14.243,0.030999,0,0,5
5.94E+18,251.7890243,-45.83383307,20.743376,3.244316,NOT_AVAILABLE,26971,251.789046,-45.83383249,251.7890441,-45.8338273,15.2993,0.041,14.6516,0.048,14.2347,0.045,15.223999,0.037,13.965,0.034,13.432999,0.061,0,0,5
5.94E+18,251.7702219,-45.83127595,20.744446,3.5298462,NOT_AVAILABLE,44672,251.770185,-45.8312848,251.7701799,-45.8312826,16.1693,0.06,15.6366,0.043,15.4077,0.049,99.9999,9.9999,99.9999,9.9999,99.9999,9.9999,0,0,5
5.94E+18,251.7237952,-45.87127847,20.745483,2.066677,NOT_AVAILABLE,2825,251.7238316,-45.871254,251.7237804,-45.8712706,99.9999,9.9999,99.9999,9.9999,99.9999,9.9999,15.944,0.025,14.831999,0.019999,14.255999,0.032,0,0,5
5.94E+18,251.7160802,-45.84488123,20.745682,1.7997684,NOT_AVAILABLE,6417,251.7161316,-45.8448754,251.7161001,-45.8448868,17.6973,0.029,17.2536,0.037,16.9757,0.031,99.9999,9.9999,99.9999,9.9999,99.9999,9.9999,0,0,5
5.94E+18,251.7212959,-45.85646571,20.747599,2.1581879,NOT_AVAILABLE,10363,251.7213597,-45.85645607,251.7213201,-45.8564694,17.2913,0.056,16.8036,0.062,16.5737,0.058,99.9999,9.9999,99.9999,9.9999,99.9999,9.9999,0,0,5
5.94E+18,251.7553407,-45.83065851,20.74801,3.8437576,NOT_AVAILABLE,44538,251.7553011,-45.83065842,251.7552924,-45.8306588,15.6063,0.05,15.0726,0.046,14.7227,0.052,15.727999,0.017,14.506999,0.012,13.932999,0.016,0,0,5
5.94E+18,251.7595135,-45.86032315,20.748749,,NOT_AVAILABLE,26524,251.7595382,-45.86030451,251.7595061,-45.8603116,15.8063,0.053,15.0026,0.036,14.5877,0.034,15.309,0.029999,14.298,0.035,13.477999,0.045,1,0,5
5.94E+18,251.7470897,-45.87941836,20.748823,2.7439537,NOT_AVAILABLE,24560,251.7471218,-45.87940446,251.7470705,-45.8794187,17.6363,0.035,17.0806,0.046,16.8867,0.032,17.568,0.05,16.440999,0.082,16.207,0.089,0,0,5
5.94E+18,251.7651703,-45.87774267,20.749836,1.9958553,NOT_AVAILABLE,26649,251.7651942,-45.87773409,251.7651494,-45.8777445,17.3403,0.034,16.9126,0.041,16.5987,0.048,99.9999,9.9999,99.9999,9.9999,99.9999,9.9999,0,0,5
5.94E+18,251.7582797,-45.82486157,20.7503,1.726305,NOT_AVAILABLE,45175,251.758243,-45.82486102,251.7582399,-45.8248594,17.4443,0.026,16.9606,0.037,16.6807,0.038,17.465999,0.028999,16.69,0.119999,16.09,0.075,0,0,5
5.94E+18,251.7576855,-45.86790808,20.751717,2.2854156,NOT_AVAILABLE,18166,251.7577248,-45.86788609,251.757686,-45.8678954,17.5003,0.055,17.0756,0.061,16.7577,0.062,17.576999,0.05,16.545,0.059,16.215999,0.085,0,0,5
5.94E+18,251.7660201,-45.87069966,20.752563,,NOT_AVAILABLE,17646,251.7660496,-45.8706884,251.7660108,-45.8706969,16.2223,0.047,15.6796,0.042,15.4377,0.045,99.9999,9.9999,99.9999,9.9999,99.9999,9.9999,0,0,5
5.94E+18,251.7487513,-45.83315854,20.753979,,NOT_AVAILABLE,44561,251.7487138,-45.8331558,251.7487012,-45.8331581,15.7323,0.03,15.2406,0.054,14.8987,0.045,15.777,0.024,14.612999,0.012,14.036,0.016,0,0,5
5.94E+18,251.769054,-45.82565576,20.754353,3.2588558,NOT_AVAILABLE,45221,251.7690255,-45.82566017,251.7690247,-45.8256567,17.5233,0.065,17.1156,0.053,16.7817,0.055,99.9999,9.9999,99.9999,9.9999,99.9999,9.9999,0,0,5
5.94E+18,251.8030688,-45.88047051,20.755573,2.6745605,NOT_AVAILABLE,4533,251.8031002,-45.8804662,251.8030637,-45.8804701,99.9999,9.9999,99.9999,9.9999,99.9999,9.9999,15.409,0.016,14.038,0.012,13.383999,0.023,0,0,5
5.94E+18,251.7685137,-45.8892816,20.757013,1.8621597,NOT_AVAILABLE,19625,251.7685341,-45.88927461,251.7684806,-45.8892873,17.8593,0.043,17.3936,0.048,17.1297,0.05,99.9999,9.9999,99.9999,9.9999,99.9999,9.9999,0,0,5
5.94E+18,251.7752671,-45.84535717,20.757683,,NOT_AVAILABLE,28247,251.7752878,-45.84536193,251.7752726,-45.8453623,18.2683,0.245,18.2726,0.448,17.9877,0.464,99.9999,9.9999,99.9999,9.9999,99.9999,9.9999,0,0,5
5.94E+18,251.7876083,-45.83864942,20.759638,2.3260326,NOT_AVAILABLE,27764,251.7876395,-45.83864743,251.7876332,-45.8386437,17.3743,0.031,16.9466,0.048,16.6137,0.048,17.224,0.046,16.267,0.05,15.944999,0.048999,0,0,5
5.94E+18,251.749171,-45.83674042,20.759968,2.4524841,NOT_AVAILABLE,44654,251.7491292,-45.83674317,251.7491137,-45.8367463,16.1003,0.035,15.5876,0.048,15.3537,0.046,16.045999,0.020999,14.979,0.017999,14.430999,0.026,1,0,5
5.94E+18,251.7739526,-45.81181783,20.761784,4.346121,NOT_AVAILABLE,44959,251.7739267,-45.81182078,251.7739388,-45.8118129,16.9003,0.046,16.4376,0.042,16.1467,0.041,99.9999,9.9999,99.9999,9.9999,99.9999,9.9999,0,0,5
5.94E+18,251.7147659,-45.85751282,20.76462,,NOT_AVAILABLE,9307,251.7148322,-45.85749985,251.7147899,-45.8575147,17.4043,0.052,16.9926,0.068,16.6997,0.073,99.9999,9.9999,99.9999,9.9999,99.9999,9.9999,0,0,5
5.94E+18,251.8094659,-45.85152243,20.764965,2.1118622,NOT_AVAILABLE,27830,251.8094874,-45.85152662,251.8094767,-45.851522,17.5293,0.05,17.1056,0.051,16.7967,0.056,17.662,0.028,16.702999,0.039999,16.409,0.046,0,0,5
5.94E+18,251.7418566,-45.87855234,20.767107,2.2395668,NOT_AVAILABLE,2668,251.7419003,-45.8785347,251.7418482,-45.8785497,99.9999,9.9999,99.9999,9.9999,99.9999,9.9999,16.888,0.028999,15.996,0.029999,15.51,0.043999,0,0,5
5.94E+18,251.768831,-45.8385019,20.769228,,NOT_AVAILABLE,45199,251.7687903,-45.8385094,251.7687789,-45.8385092,17.4763,0.083,17.0566,0.091,16.7517,0.087,99.9999,9.9999,99.9999,9.9999,99.9999,9.9999,1,0,5
5.94E+18,251.7969379,-45.84375616,20.769983,,NOT_AVAILABLE,27049,251.7969564,-45.84375875,251.7969486,-45.8437546,15.6823,0.039,15.0896,0.06,14.7297,0.06,15.772999,0.013,14.526,0.013,13.963999,0.018999,0,0,5
5.94E+18,251.765302,-45.8354856,20.771717,4.0169983,NOT_AVAILABLE,44641,251.7652631,-45.83549013,251.7652533,-45.8354899,16.0343,0.048,15.5156,0.047,15.2137,0.054,99.9999,9.9999,99.9999,9.9999,99.9999,9.9999,0,0,5
5.94E+18,251.7348235,-45.88169029,20.77224,2.5646229,NOT_AVAILABLE,2579,251.7348832,-45.881664,251.7348265,-45.8816811,99.9999,9.9999,99.9999,9.9999,99.9999,9.9999,16.378999,0.018999,15.449,0.016,14.921999,0.028,0,0,5
5.94E+18,251.8218575,-45.83845778,20.772888,1.9143639,NOT_AVAILABLE,26985,251.8218836,-45.83846285,251.8218871,-45.8384526,15.3763,0.036,14.6236,0.044,14.2917,0.036,15.848999,0.021999,14.06,0.010999,13.418,0.020999,0,0,5
5.94E+18,251.7360286,-45.83718308,20.772932,2.561779,NOT_AVAILABLE,3743,251.7360489,-45.8371754,251.7360294,-45.8371811,99.9999,9.9999,99.9999,9.9999,99.9999,9.9999,13.831999,0.012,11.609999,0.008999,10.628999,0.010999,0,0,5
5.94E+18,251.7345553,-45.86451086,20.772959,2.789257,NOT_AVAILABLE,22787,251.7345876,-45.86449081,251.734545,-45.8645037,16.6603,0.059,16.2366,0.065,15.8907,0.062,16.763,0.024,15.779,0.027,15.277999,0.039,0,0,5
5.94E+18,251.7963221,-45.86696604,20.773285,-1.4908047,NOT_AVAILABLE,27856,251.7963241,-45.86697206,251.7962968,-45.8669738,17.5873,0.067,17.3276,0.054,17.0097,0.058,99.9999,9.9999,99.9999,9.9999,99.9999,9.9999,0,0,5
5.94E+18,251.8184642,-45.84015898,20.774067,1.9125099,NOT_AVAILABLE,26987,251.8184908,-45.84016404,251.818492,-45.8401549,15.3903,0.032,14.8526,0.053,14.4587,0.041,15.536,0.017,14.121999,0.008,13.539999,0.019999,0,0,5
5.94E+18,251.7352695,-45.8196765,20.775574,2.8318672,NOT_AVAILABLE,6041,251.7352407,-45.8196868,251.7352354,-45.8196883,99.9999,9.9999,99.9999,9.9999,99.9999,9.9999,16.083999,0.028999,14.925,0.035,14.270999,0.061999,0,0,5
5.94E+18,251.7635168,-45.84172684,20.775843,,NOT_AVAILABLE,44630,251.7634769,-45.84173379,251.7634614,-45.8417354,16.0093,0.032,15.4526,0.04,15.1397,0.036,16.065999,0.048999,14.427,0.043,14.26,0.063,1,0,5
5.94E+18,251.7796984,-45.82024804,20.776445,1.5393009,NOT_AVAILABLE,45299,251.7796664,-45.82025034,251.7796731,-45.8202435,17.7193,0.035,17.2456,0.038,16.9427,0.044,17.941999,0.048999,17.061,0.083999,16.51,0.083999,0,0,5
5.94E+18,251.7209125,-45.86091303,20.777205,,NOT_AVAILABLE,6497,251.7209729,-45.86089094,251.7209295,-45.8609055,17.9303,0.05,17.2976,0.052,16.9607,0.056,99.9999,9.9999,99.9999,9.9999,99.9999,9.9999,0,0,5
5.94E+18,251.7265765,-45.8497076,20.779037,3.1872883,NOT_AVAILABLE,4058,251.7266434,-45.84969723,251.7266108,-45.8497079,16.8893,0.046,16.4246,0.043,16.1687,0.034,16.947,0.032,16.01,0.039,15.545,0.046,0,0,5
5.94E+18,251.8246539,-45.84329063,20.779226,2.7280502,NOT_AVAILABLE,27295,251.8246878,-45.84329598,251.8246881,-45.8432864,16.4233,0.024,15.7956,0.041,15.4467,0.039,99.9999,9.9999,99.9999,9.9999,99.9999,9.9999,0,0,5
5.94E+18,251.761493,-45.88122118,20.780392,2.3686314,NOT_AVAILABLE,22260,251.7615184,-45.88121387,251.7614696,-45.8812258,16.1263,0.026,15.6256,0.039,15.3447,0.037,16.194999,0.021999,15.097999,0.020999,14.56,0.034,0,0,5
5.94E+18,251.7635011,-45.85589618,20.78102,,NOT_AVAILABLE,19409,251.7635311,-45.85588387,251.7635038,-45.8558891,15.8723,0.043,15.3376,0.042,15.0337,0.044,15.534999,0.075999,14.189999,0.086999,13.737999,0.097,1,0,5
5.94E+18,251.7948955,-45.83349267,20.783005,2.7432728,NOT_AVAILABLE,27086,251.7949149,-45.83349291,251.7949149,-45.8334865,15.8403,0.031,15.2426,0.045,14.9157,0.029,15.817,0.024,14.576999,0.016,14.01,0.020999,0,0,5
5.94E+18,251.8201061,-45.85812179,20.78587,1.7143002,NOT_AVAILABLE,1049,251.8200757,-45.8581333,251.8200625,-45.8581284,99.9999,9.9999,99.9999,9.9999,99.9999,9.9999,17.584999,0.035999,16.534,0.043999,16.107999,0.071,0,0,5
5.94E+18,251.7895807,-45.81908727,20.78599,2.0791836,VARIABLE,44742,251.7895494,-45.819097,251.7895599,-45.819088,16.3573,0.047,15.8226,0.053,15.5527,0.05,16.527999,0.025,15.333999,0.017,14.934,0.021999,0,0,5
5.94E+18,251.713417,-45.85611212,20.78637,0.8308182,NOT_AVAILABLE,8734,251.7134682,-45.85610321,251.7134267,-45.856118,17.3673,0.04,16.8096,0.056,16.4977,0.059,99.9999,9.9999,99.9999,9.9999,99.9999,9.9999,0,0,5
5.94E+18,251.7084264,-45.84401507,20.791624,,NOT_AVAILABLE,6565,251.7084905,-45.84400756,251.7084576,-45.8440202,17.6503,0.058,17.2546,0.044,16.9237,0.052,99.9999,9.9999,99.9999,9.9999,99.9999,9.9999,0,0,5
5.94E+18,251.7555029,-45.87369417,20.79273,1.9170341,NOT_AVAILABLE,17265,251.7555321,-45.87368092,251.7554879,-45.8736921,17.7823,0.041,17.3106,0.05,17.0397,0.051,99.9999,9.9999,99.9999,9.9999,99.9999,9.9999,0,0,5
5.94E+18,251.7319208,-45.87383355,20.79468,2.6284962,NOT_AVAILABLE,4611,251.7319789,-45.8738119,251.7319279,-45.8738276,99.9999,9.9999,99.9999,9.9999,99.9999,9.9999,16.225999,0.016,15.057999,0.012,14.503999,0.023,0,0,5
5.94E+18,251.7879809,-45.85215882,20.794945,,NOT_AVAILABLE,27409,251.7879955,-45.85215922,251.7879782,-45.8521589,16.6893,0.029,16.0786,0.049,15.8127,0.037,16.770999,0.030999,15.684,0.029999,15.270999,0.043999,0,0,5
5.94E+18,251.7940396,-45.82911715,20.794973,,NOT_AVAILABLE,27087,251.7940694,-45.82911259,251.7940729,-45.8291053,15.8423,0.039,15.2986,0.055,15.0457,0.045,15.871999,0.021999,14.682999,0.025,14.170999,0.028999,0,0,5
5.94E+18,251.795138,-45.8475407,20.796566,,NOT_AVAILABLE,27153,251.7951566,-45.84754279,251.7951451,-45.8475399,16.0843,0.035,15.5436,0.047,15.3407,0.05,15.932999,0.094999,14.781,0.074,14.529999,0.027,0,0,5
5.94E+18,251.7948073,-45.85735582,20.797226,3.0519733,NOT_AVAILABLE,27038,251.794822,-45.85736172,251.7948023,-45.8573614,15.6213,0.049,15.0716,0.048,14.7237,0.053,15.807,0.018999,14.524,0.012,13.925999,0.019999,0,0,5
5.94E+18,251.7956365,-45.84889544,20.797663,,NOT_AVAILABLE,27700,251.7956505,-45.84889439,251.795638,-45.8488917,17.2553,0.055,16.8266,0.052,16.4847,0.054,99.9999,9.9999,99.9999,9.9999,99.9999,9.9999,0,0,5
5.94E+18,251.7594817,-45.86852298,20.79847,,NOT_AVAILABLE,18013,251.7595025,-45.86851761,251.7594637,-45.8685268,17.4383,0.044,17.0026,0.04,16.7397,0.038,99.9999,9.9999,99.9999,9.9999,99.9999,9.9999,0,0,5
5.94E+18,251.7237144,-45.83715877,20.79856,2.350977,NOT_AVAILABLE,11940,251.7237543,-45.83712193,251.7237314,-45.83713,16.6693,0.216,16.2616,0.2,15.9437,0.253,16.024,0.028999,14.911,0.024,14.392,0.030999,0,0,5
5.94E+18,251.7800838,-45.88338268,20.800535,3.4848137,NOT_AVAILABLE,2542,251.7801343,-45.8833644,251.780089,-45.8833734,99.9999,9.9999,99.9999,9.9999,99.9999,9.9999,13.375,0.013,10.854,0.006,9.7659997,0.014999,0,0,5
5.94E+18,251.7608703,-45.85890941,20.800676,,NOT_AVAILABLE,19269,251.760904,-45.85889467,251.7608735,-45.8589011,15.7593,0.024,15.2006,0.045,14.9777,0.057,15.809,0.018999,14.545999,0.012,13.980999,0.039999,1,0,5
5.94E+18,251.7641871,-45.87356532,20.80147,,NOT_AVAILABLE,20710,251.7642124,-45.87355411,251.7641707,-45.8735636,16.0673,0.042,15.3446,0.055,15.0837,0.06,99.9999,9.9999,99.9999,9.9999,99.9999,9.9999,0,0,5
5.94E+18,251.7738653,-45.83684316,20.803043,,NOT_AVAILABLE,43381,251.7738814,-45.83684123,251.7738728,-45.8368397,16.0213,0.067,15.6506,0.059,15.4097,0.056,16.093999,0.019999,15.088999,0.014,14.579,0.024,1,0,5
5.94E+18,251.750865,-45.84487949,20.804012,,NOT_AVAILABLE,6422,251.7509355,-45.84487685,251.7509138,-45.8448817,16.0133,0.042,15.5046,0.037,15.2027,0.039,16.138999,0.020999,15.071,0.027,14.428999,0.050999,1,0,5
5.94E+18,251.7049855,-45.85041877,20.804186,2.6187992,NOT_AVAILABLE,2958,251.7050424,-45.85040805,251.7050032,-45.850423,16.8713,0.03,16.3796,0.043,16.1127,0.043,99.9999,9.9999,99.9999,9.9999,99.9999,9.9999,0,0,5
5.94E+18,251.8046159,-45.84157507,20.804338,4.129904,NOT_AVAILABLE,27348,251.8046335,-45.84158065,251.8046296,-45.8415745,16.5573,0.033,15.9976,0.038,15.7057,0.041,99.9999,9.9999,99.9999,9.9999,99.9999,9.9999,0,0,5
5.94E+18,251.7350809,-45.85282941,20.804953,2.5589352,NOT_AVAILABLE,14718,251.7351452,-45.85282334,251.7351125,-45.8528332,15.9903,0.031,15.4356,0.053,15.1457,0.056,16.031999,0.023,14.925999,0.016,14.362999,0.028,0,0,5
5.94E+18,251.7302946,-45.85323326,20.806765,1.3764687,NOT_AVAILABLE,14051,251.7303467,-45.85322901,251.7303123,-45.8532398,17.6283,0.028,17.1236,0.048,16.8837,0.048,17.663999,0.041,16.854999,0.039,16.457,0.061999,0,0,5
5.94E+18,251.8117202,-45.87856479,20.807196,1.641922,NOT_AVAILABLE,4552,251.8117725,-45.8785482,251.81174,-45.87855,99.9999,9.9999,99.9999,9.9999,99.9999,9.9999,17.535999,0.041999,16.454,0.039999,16.100999,0.050999,0,0,5
5.94E+18,251.7863634,-45.86915841,20.807243,,NOT_AVAILABLE,17895,251.7863971,-45.86914975,251.7863653,-45.869154,15.8553,0.031,15.2846,0.044,15.0277,0.034,16.04,0.017999,14.786999,0.013,14.204999,0.017,0,0,5
5.94E+18,251.7685963,-45.86322156,20.80748,3.0937977,NOT_AVAILABLE,18881,251.7686307,-45.86320979,251.7685988,-45.8632159,16.1013,0.034,15.5746,0.048,15.3237,0.038,16.024999,0.020999,14.991,0.016,14.432999,0.028999,1,0,5
5.94E+18,251.793674,-45.88208587,20.80842,3.241085,NOT_AVAILABLE,194,251.7937112,-45.8820786,251.7936707,-45.8820847,99.9999,9.9999,99.9999,9.9999,99.9999,9.9999,15.689999,0.030999,14.420999,0.016,13.871999,0.017999,0,0,5
5.94E+18,251.7504906,-45.87546438,20.811663,2.2313824,NOT_AVAILABLE,17049,251.7505141,-45.87545085,251.7504669,-45.8754635,16.3073,0.037,15.6686,0.045,15.5107,0.042,16.198999,0.017999,15.118,0.014,14.559,0.018999,0,0,5
5.94E+18,251.7368991,-45.84691763,20.812603,3.6804314,NOT_AVAILABLE,10316,251.7369659,-45.84691052,251.7369386,-45.8469185,15.8503,0.034,15.3166,0.056,14.9597,0.049,15.93,0.013,14.737,0.009999,14.100999,0.016,0,0,5
5.94E+18,251.803824,-45.83586569,20.812971,2.3150673,NOT_AVAILABLE,27809,251.8038418,-45.83587296,251.8038424,-45.8358655,17.4743,0.042,17.1146,0.045,16.8307,0.044,99.9999,9.9999,99.9999,9.9999,99.9999,9.9999,0,0,5
5.94E+18,251.7300962,-45.87833742,20.8131,1.4302216,NOT_AVAILABLE,335,251.7301338,-45.8783091,251.7300786,-45.8783263,99.9999,9.9999,99.9999,9.9999,99.9999,9.9999,17.061,0.026,16.184999,0.020999,15.701,0.035999,0,0,5
5.94E+18,251.803664,-45.82256082,20.813696,2.4477215,NOT_AVAILABLE,27784,251.8036851,-45.82256458,251.8036967,-45.8225538,17.4133,0.043,17.0016,0.049,16.6977,0.042,17.634,0.043999,16.603,0.039999,16.318,0.071999,0,0,5
5.94E+18,251.7160662,-45.84122636,20.81527,0.88363075,NOT_AVAILABLE,6978,251.7161364,-45.84121315,251.7161079,-45.8412237,16.9123,0.037,16.4506,0.039,16.2977,0.045,99.9999,9.9999,99.9999,9.9999,99.9999,9.9999,0,0,5
5.94E+18,251.7634396,-45.81902203,20.8169,2.734171,NOT_AVAILABLE,44937,251.763404,-45.81902402,251.7634072,-45.81902,16.8423,0.036,16.3746,0.046,16.1267,0.036,16.986999,0.032999,16.239999,0.041999,15.545999,0.043999,0,0,5
5.94E+18,251.7728034,-45.83838941,20.818048,,NOT_AVAILABLE,43362,251.7728179,-45.83838659,251.7728078,-45.8383856,15.8023,0.061,15.3636,0.057,15.0297,0.063,16.027,0.039,14.984,0.041,14.380999,0.043999,1,0,5
5.94E+18,251.7611031,-45.8419844,20.820387,,NOT_AVAILABLE,44628,251.7610752,-45.8419823,251.7610587,-45.8419845,15.9903,0.048,15.3506,0.051,14.9157,0.053,15.89,0.021999,14.927,0.043,14.163,0.027,1,0,5
5.94E+18,251.8151415,-45.82946087,20.822575,1.8239269,NOT_AVAILABLE,27808,251.8151612,-45.82945731,251.8151703,-45.8294461,17.4743,0.057,17.0806,0.054,16.7637,0.054,17.597999,0.059999,16.669,0.041,16.218999,0.050999,0,0,5
5.94E+18,251.7681768,-45.87233298,20.824137,3.3273659,NOT_AVAILABLE,17433,251.768206,-45.8723231,251.7681665,-45.8723316,16.1423,0.034,15.5896,0.047,15.3147,0.048,16.218,0.030999,15.256999,0.074,14.281999,0.039,0,0,5
5.94E+18,251.7845517,-45.82877451,20.825277,2.6402435,NOT_AVAILABLE,44879,251.7845221,-45.8287818,251.7845232,-45.8287762,16.7043,0.047,16.2566,0.053,16.0357,0.049,16.885999,0.028,15.937,0.034,15.479,0.037,0,0,5
5.94E+18,251.7415649,-45.86896108,20.827759,1.7882271,NOT_AVAILABLE,17931,251.7415926,-45.8689484,251.7415484,-45.8689611,17.7003,0.035,17.2796,0.042,16.9697,0.05,17.863,0.056,16.934999,0.075999,16.746999,0.101,0,0,5
5.94E+18,251.8103736,-45.88628258,20.827892,,NOT_AVAILABLE,4472,251.8104182,-45.8862695,251.810379,-45.8862735,99.9999,9.9999,99.9999,9.9999,99.9999,9.9999,16.409999,0.046,15.064,0.020999,14.522999,0.037,0,0,5
5.94E+18,251.763509,-45.82349456,20.832212,,NOT_AVAILABLE,44482,251.7634757,-45.82349513,251.7634752,-45.8234922,15.2453,0.034,14.6306,0.048,14.2227,0.044,15.333999,0.024,13.937,0.019999,13.343999,0.018999,0,0,5
5.94E+18,251.7332543,-45.85622119,20.832253,1.8534069,NOT_AVAILABLE,10607,251.7333181,-45.85621449,251.733282,-45.8562255,17.6743,0.038,17.2176,0.056,17.0097,0.047,99.9999,9.9999,99.9999,9.9999,99.9999,9.9999,0,0,5
5.94E+18,251.7800294,-45.86320045,20.833157,,NOT_AVAILABLE,21978,251.780058,-45.86319044,251.7800294,-45.8631944,15.3583,0.034,14.7086,0.045,14.3427,0.043,15.305,0.041,14.001,0.034,13.368,0.059,0,0,5
5.94E+18,251.7958999,-45.8552048,20.833275,,NOT_AVAILABLE,27084,251.7959136,-45.8552091,251.795896,-45.855208,15.8323,0.052,15.3076,0.043,15.0157,0.043,15.902,0.028,14.736,0.017999,14.206,0.028999,0,0,5
5.94E+18,251.700382,-45.84871988,20.835312,1.513546,NOT_AVAILABLE,9958,251.7004395,-45.84870628,251.7004004,-45.8487216,17.3813,0.074,16.9856,0.082,16.7357,0.079,99.9999,9.9999,99.9999,9.9999,99.9999,9.9999,0,0,5
5.94E+18,251.7477233,-45.81193976,20.836329,3.4762,NOT_AVAILABLE,44497,251.7476891,-45.8119356,251.7476937,-45.8119328,15.3483,0.05,14.7266,0.066,14.3027,0.066,99.9999,9.9999,99.9999,9.9999,99.9999,9.9999,0,0,5
5.94E+18,251.8209984,-45.88588756,20.837597,1.4907932,NOT_AVAILABLE,5483,251.8210585,-45.8858707,251.8210226,-45.8858726,99.9999,9.9999,99.9999,9.9999,99.9999,9.9999,18.523,0.101,16.954,0.045,16.531999,0.079999,0,0,5
5.94E+18,251.7373104,-45.88119718,20.838657,3.1193886,NOT_AVAILABLE,2593,251.7374056,-45.881188,251.73735,-45.8812045,99.9999,9.9999,99.9999,9.9999,99.9999,9.9999,16.683,0.018999,15.550999,0.021999,14.899,0.048999,0,0,5
5.94E+18,251.7721339,-45.83435784,20.839323,1.6421757,NOT_AVAILABLE,44610,251.772099,-45.83436171,251.772092,-45.8343599,15.9273,0.056,15.3936,0.053,15.1177,0.058,16.011999,0.019999,14.921999,0.018999,14.385999,0.019999,0,0,5
5.94E+18,251.7570553,-45.87300118,20.840042,1.9666901,NOT_AVAILABLE,17366,251.7570912,-45.87299088,251.757048,-45.8730016,16.8713,0.03,16.3326,0.045,16.1327,0.039,99.9999,9.9999,99.9999,9.9999,99.9999,9.9999,0,0,5
5.94E+18,251.7727708,-45.82942132,20.840633,3.2940292,NOT_AVAILABLE,44537,251.7727352,-45.82942555,251.7727324,-45.8294223,15.5993,0.042,15.0916,0.043,14.7417,0.04,15.685999,0.014999,14.418999,0.008999,13.812999,0.014,0,0,5
5.94E+18,251.7877479,-45.88158306,20.841051,2.664402,NOT_AVAILABLE,225,251.7877878,-45.8815748,251.7877461,-45.8815819,99.9999,9.9999,99.9999,9.9999,99.9999,9.9999,16.041,0.017999,14.904999,0.014,14.333999,0.023,0,0,5
5.94E+18,251.7968707,-45.85316562,20.841118,,NOT_AVAILABLE,27424,251.7968778,-45.85317253,251.7968621,-45.8531707,16.7233,0.026,16.0786,0.05,15.8537,0.042,16.695999,0.024,15.536,0.017999,15.027999,0.017999,0,0,5
5.94E+18,251.7842268,-45.86933909,20.842028,,NOT_AVAILABLE,17866,251.7842616,-45.8693354,251.784229,-45.8693401,16.3233,0.036,15.7746,0.043,15.4887,0.042,16.496,0.024,15.152,0.024,14.604,0.030999,0,0,5
5.94E+18,251.731365,-45.83112946,20.842905,,NOT_AVAILABLE,7961,251.7314494,-45.83111193,251.7314336,-45.831117,17.0793,0.038,16.6116,0.048,16.3847,0.047,16.916999,0.061,15.843999,0.059,15.484999,0.082,0,0,5
5.94E+18,251.7424828,-45.8771629,20.847702,2.467785,NOT_AVAILABLE,15564,251.7425125,-45.87714514,251.7424618,-45.8771597,17.8193,0.062,17.0566,0.069,16.7817,0.076,99.9999,9.9999,99.9999,9.9999,99.9999,9.9999,0,0,5
5.94E+18,251.8217002,-45.85599249,20.84868,2.5057049,NOT_AVAILABLE,1130,251.821727,-45.8559935,251.821716,-45.8559877,99.9999,9.9999,99.9999,9.9999,99.9999,9.9999,16.906,0.023,15.237999,0.014,14.772,0.014,0,0,5
5.94E+18,251.7241465,-45.88329577,20.848883,2.7355423,NOT_AVAILABLE,141,251.7241981,-45.8832495,251.7241371,-45.883269,99.9999,9.9999,99.9999,9.9999,99.9999,9.9999,17.371999,0.028,16.379999,0.035999,16.004999,0.039999,0,0,5
5.94E+18,251.7689607,-45.8541967,20.850733,,NOT_AVAILABLE,22897,251.7690196,-45.85424062,251.7689952,-45.8542444,15.2123,0.046,14.6286,0.065,14.2637,0.062,15.204999,0.019999,13.154999,0.046,12.777,0.046,1,0,5
5.94E+18,251.8003909,-45.87437679,20.852057,,NOT_AVAILABLE,4607,251.800424,-45.8743627,251.8003918,-45.8743656,99.9999,9.9999,99.9999,9.9999,99.9999,9.9999,17.847,0.039,16.878,0.035,16.365999,0.054,0,0,5
5.94E+18,251.7849892,-45.86641348,20.853933,1.2502518,NOT_AVAILABLE,21626,251.7850218,-45.8664021,251.7849919,-45.8664059,17.5793,0.064,17.0976,0.057,16.7627,0.063,17.462999,0.054,16.341999,0.059999,15.888999,0.082,0,0,5
5.94E+18,251.765355,-45.87787023,20.85548,,NOT_AVAILABLE,26494,251.765387,-45.87785443,251.7653421,-45.8778648,17.3243,0.051,16.9316,0.046,16.5797,0.043,99.9999,9.9999,99.9999,9.9999,99.9999,9.9999,0,0,5
5.94E+18,251.7635461,-45.83595793,20.856457,,NOT_AVAILABLE,44682,251.7634869,-45.83596061,251.7634761,-45.8359608,16.1843,0.033,15.5676,0.042,15.2887,0.049,15.956,0.041999,14.897,0.043,14.519,0.039999,0,0,5
5.94E+18,251.7843092,-45.86816057,20.857002,,NOT_AVAILABLE,18103,251.7843439,-45.8681526,251.7843123,-45.868157,15.9093,0.042,15.3216,0.039,15.0217,0.038,99.9999,9.9999,99.9999,9.9999,99.9999,9.9999,0,0,5
5.94E+18,251.7712617,-45.85442253,20.857683,,NOT_AVAILABLE,19469,251.7712987,-45.85440854,251.7712748,-45.8544119,15.4473,0.037,14.8586,0.037,14.4457,0.026,15.218999,0.043,13.923,0.029999,13.279,0.054999,1,0,5
5.94E+18,251.7341659,-45.82883948,20.858326,,NOT_AVAILABLE,44678,251.7341174,-45.82883929,251.7341043,-45.8288433,16.1803,0.041,15.5526,0.053,15.2487,0.053,99.9999,9.9999,99.9999,9.9999,99.9999,9.9999,0,0,5
5.94E+18,251.7109434,-45.84202914,20.861496,,NOT_AVAILABLE,6859,251.7110073,-45.84201665,251.7109767,-45.8420283,16.2233,0.03,15.5596,0.044,15.2627,0.04,99.9999,9.9999,99.9999,9.9999,99.9999,9.9999,0,0,5
5.94E+18,251.7715617,-45.88417538,20.861765,2.685793,NOT_AVAILABLE,23322,251.7715923,-45.88416663,251.7715439,-45.8841774,14.7353,0.031,13.8366,0.048,13.1717,0.045,14.628999,0.014999,12.72,0.008,11.885,0.018999,0,0,5
5.94E+18,251.7685083,-45.86690844,20.862574,1.107111,NOT_AVAILABLE,18348,251.7685417,-45.86690019,251.7685067,-45.8669072,17.8533,0.05,17.3686,0.048,17.0837,0.041,99.9999,9.9999,99.9999,9.9999,99.9999,9.9999,0,0,5
5.94E+18,251.7598041,-45.82240932,20.863056,3.023468,NOT_AVAILABLE,44468,251.7597675,-45.82241059,251.7597669,-45.8224081,15.0983,0.033,14.4506,0.045,14.1957,0.038,15.211999,0.012,13.831,0.013,13.171999,0.017999,0,0,5
5.94E+18,251.7945242,-45.85246881,20.863337,1.9131603,NOT_AVAILABLE,27088,251.7945394,-45.8524709,251.7945237,-45.8524694,15.8453,0.048,15.2536,0.046,14.9657,0.038,16.063999,0.023,14.725,0.019999,14.05,0.021999,0,0,5
5.94E+18,251.7192528,-45.85691193,20.863707,1.2458725,NOT_AVAILABLE,12719,251.7193176,-45.8569024,251.719277,-45.8569162,17.5873,0.049,17.1206,0.056,16.8697,0.053,99.9999,9.9999,99.9999,9.9999,99.9999,9.9999,0,0,5
5.94E+18,251.7727788,-45.85083491,20.864244,,NOT_AVAILABLE,28013,251.7727918,-45.85083336,251.7727713,-45.8508355,17.8963,0.108,17.4336,0.127,17.4057,0.183,99.9999,9.9999,99.9999,9.9999,99.9999,9.9999,0,0,5
5.94E+18,251.7797147,-45.80571856,20.864725,2.3968658,NOT_AVAILABLE,44967,251.7796877,-45.80572375,251.7797065,-45.8057133,16.9303,0.063,16.2046,0.039,15.9457,0.038,99.9999,9.9999,99.9999,9.9999,99.9999,9.9999,0,0,5
5.94E+18,251.7532094,-45.86063838,20.868702,,NOT_AVAILABLE,19144,251.7532407,-45.86062506,251.7532067,-45.8606334,17.6553,0.033,17.1906,0.035,16.8927,0.029,17.826999,0.046999,16.947999,0.061999,16.486,0.071999,1,0,5
5.94E+18,251.727086,-45.86147342,20.869589,1.8857288,NOT_AVAILABLE,8316,251.7271472,-45.86146785,251.7271051,-45.8614814,16.2723,0.045,15.7496,0.042,15.6707,0.052,16.336,0.017999,15.324,0.014999,14.748999,0.024,0,0,5
5.94E+18,251.7323152,-45.82692579,20.870447,2.0058422,NOT_AVAILABLE,45010,251.7322633,-45.82692182,251.7322512,-45.8269257,17.0693,0.068,16.3676,0.048,16.3067,0.067,99.9999,9.9999,99.9999,9.9999,99.9999,9.9999,0,0,5
5.94E+18,251.7880628,-45.83661304,20.870602,2.8821468,NOT_AVAILABLE,27026,251.788083,-45.83661274,251.7880786,-45.8366084,15.5763,0.038,14.9656,0.05,14.6267,0.036,15.546999,0.013,14.022999,0.028,13.361,0.057,0,0,5
5.94E+18,251.7544404,-45.88326446,20.87513,1.7275295,NOT_AVAILABLE,19932,251.754463,-45.88325599,251.7544106,-45.8832698,17.2323,0.045,16.6116,0.033,16.3667,0.04,17.128999,0.029999,16.221,0.030999,15.680999,0.032,0,0,5
5.94E+18,251.7649983,-45.85094955,20.875536,,NOT_AVAILABLE,19558,251.7650351,-45.85093642,251.7650124,-45.8509401,15.7043,0.043,15.0996,0.053,14.7477,0.046,15.880999,0.048999,14.871999,0.101,13.821999,0.030999,1,0,5
5.94E+18,251.7689622,-45.86207993,20.876207,,NOT_AVAILABLE,18997,251.7689966,-45.8620679,251.7689658,-45.8620736,17.7233,0.046,17.3086,0.045,17.0107,0.056,17.919,0.076999,17.288999,0.138999,16.680999,0.146999,1,0,5
5.94E+18,251.7230596,-45.83122932,20.877434,1.7525768,NOT_AVAILABLE,12450,251.7231189,-45.83121281,251.7231007,-45.8312195,17.4703,0.058,17.0746,0.042,16.7967,0.045,99.9999,9.9999,99.9999,9.9999,99.9999,9.9999,0,0,5
5.94E+18,251.7815806,-45.84839363,20.877817,3.693819,NOT_AVAILABLE,27045,251.7815926,-45.84839366,251.7815766,-45.8483936,15.6513,0.04,15.0816,0.055,14.7557,0.062,15.746999,0.019999,14.532999,0.018999,13.925999,0.025,1,0,5
5.94E+18,251.7708392,-45.81808011,20.879168,1.5419216,NOT_AVAILABLE,45308,251.7708051,-45.81808201,251.7708112,-45.8180763,17.7413,0.034,17.2076,0.044,16.8897,0.05,17.638,0.048999,16.673999,0.043,16.690999,0.072999,0,0,5
5.94E+18,251.7830082,-45.84392512,20.880764,,NOT_AVAILABLE,27127,251.7830266,-45.84392432,251.7830147,-45.8439228,15.9883,0.04,15.3986,0.049,15.1047,0.05,15.894,0.028999,14.791,0.037999,14.168999,0.032,0,0,5
5.94E+18,251.763338,-45.8109535,20.88338,2.5728493,NOT_AVAILABLE,44555,251.7633067,-45.81095242,251.7633165,-45.8109464,15.7033,0.029,15.1516,0.032,14.8637,0.031,99.9999,9.9999,99.9999,9.9999,99.9999,9.9999,0,0,5
5.94E+18,251.7605541,-45.82296715,20.88734,2.5557652,NOT_AVAILABLE,45153,251.7605224,-45.82297306,251.7605215,-45.8229705,17.3803,0.037,16.9526,0.037,16.8487,0.036,99.9999,9.9999,99.9999,9.9999,99.9999,9.9999,0,0,5
5.94E+18,251.7614619,-45.87412807,20.88797,2.6382465,NOT_AVAILABLE,16507,251.761487,-45.87411869,251.761444,-45.8741289,17.6243,0.033,17.2356,0.039,16.8927,0.039,99.9999,9.9999,99.9999,9.9999,99.9999,9.9999,0,0,5
5.94E+18,251.8029803,-45.83062541,20.890684,,NOT_AVAILABLE,26954,251.8030102,-45.83062309,251.8030149,-45.8306144,15.1923,0.047,14.6146,0.051,14.2467,0.046,15.404999,0.014999,14.046999,0.010999,13.43,0.021999,0,0,5
5.94E+18,251.798531,-45.83466322,20.89217,1.7764759,NOT_AVAILABLE,27029,251.7985518,-45.83466458,251.798552,-45.8346578,15.6003,0.034,15.0366,0.053,14.6667,0.039,15.678,0.014999,14.369999,0.013,13.76,0.021999,0,0,5
5.94E+18,251.788101,-45.83695823,20.89257,2.5325165,NOT_AVAILABLE,27031,251.7881177,-45.83695751,251.788113,-45.8369533,15.6093,0.034,15.0306,0.038,14.7757,0.046,15.623999,0.014999,14.206,0.014999,13.597999,0.045,0,0,5
5.94E+18,251.7241833,-45.86888198,20.892641,,NOT_AVAILABLE,2884,251.7242084,-45.8688644,251.7241593,-45.8688803,99.9999,9.9999,99.9999,9.9999,99.9999,9.9999,17.813999,0.035999,16.993999,0.039,16.559,0.059999,0,0,5
5.94E+18,251.7732419,-45.8833885,20.892733,2.0727081,NOT_AVAILABLE,20005,251.7732655,-45.88338316,251.7732183,-45.8833935,17.7963,0.038,17.3606,0.059,17.0237,0.054,99.9999,9.9999,99.9999,9.9999,99.9999,9.9999,0,0,5
5.94E+18,251.7884195,-45.8281047,20.89473,1.4521084,NOT_AVAILABLE,43360,251.7884446,-45.82810339,251.7884473,-45.8280969,15.7883,0.04,15.1236,0.048,14.8537,0.035,15.909,0.026,14.496,0.013,13.755999,0.016,0,0,5
5.94E+18,251.8138644,-45.85678997,20.896645,2.2572918,NOT_AVAILABLE,27913,251.8138823,-45.85680648,251.8138685,-45.8568024,17.6993,0.063,17.2776,0.05,16.9177,0.059,17.826999,0.039,16.822,0.037999,16.525999,0.063,0,0,5
5.94E+18,251.7380153,-45.8504567,20.896858,,NOT_AVAILABLE,2914,251.7380758,-45.85045239,251.7380459,-45.8504611,16.0383,0.042,15.5076,0.045,15.1247,0.052,99.9999,9.9999,99.9999,9.9999,99.9999,9.9999,0,0,5
5.94E+18,251.8279258,-45.8389575,20.900604,1.613451,NOT_AVAILABLE,27774,251.8279461,-45.83896683,251.8279509,-45.8389555,17.3923,0.046,16.9636,0.042,16.6137,0.041,99.9999,9.9999,99.9999,9.9999,99.9999,9.9999,0,0,5
5.94E+18,251.7553133,-45.86928727,20.900988,,NOT_AVAILABLE,17878,251.7553416,-45.86927416,251.7553009,-45.8692843,16.2573,0.019,15.6786,0.043,15.4447,0.038,16.308,0.017999,15.225999,0.018999,14.663999,0.021999,0,0,5
5.94E+18,251.7383985,-45.86962026,20.90188,0.9313431,NOT_AVAILABLE,17819,251.7384249,-45.8696082,251.7383792,-45.8696216,17.8093,0.041,17.3506,0.052,17.0347,0.054,99.9999,9.9999,99.9999,9.9999,99.9999,9.9999,0,0,5
5.94E+18,251.7601703,-45.88433244,20.903524,3.2235508,NOT_AVAILABLE,19261,251.760191,-45.88432265,251.7601392,-45.8843357,16.9103,0.033,16.3066,0.05,16.0517,0.048,16.924999,0.029999,15.989999,0.025,15.553999,0.029999,0,0,5
5.94E+18,251.7999524,-45.83379307,20.903656,2.274084,NOT_AVAILABLE,27023,251.799972,-45.83379383,251.7999732,-45.8337866,15.5463,0.037,14.8876,0.045,14.4977,0.047,15.626999,0.016,14.248999,0.009999,13.64,0.016,0,0,5
5.94E+18,251.801072,-45.85387394,20.904686,,NOT_AVAILABLE,27053,251.801089,-45.85387889,251.801074,-45.8538765,15.6963,0.042,15.1336,0.056,14.8277,0.053,15.862999,0.012,14.602999,0.013,14.043,0.016,0,0,5
5.94E+18,251.7586407,-45.86026751,20.908667,,NOT_AVAILABLE,19179,251.758677,-45.86025511,251.7586447,-45.8602623,16.0473,0.035,15.4916,0.045,15.2877,0.049,16.031999,0.025,14.947999,0.032999,14.461999,0.041,1,0,5
5.94E+18,251.7577121,-45.85458814,20.909487,,NOT_AVAILABLE,19462,251.7577429,-45.85457413,251.7577151,-45.8545801,16.0803,0.03,15.4986,0.037,15.2967,0.029,16.197999,0.023,15.241999,0.043,14.638999,0.048999,1,0,5
5.94E+18,251.7489489,-45.87523279,20.910938,,NOT_AVAILABLE,17098,251.7489736,-45.87522122,251.7489263,-45.8752341,17.6753,0.053,17.3396,0.047,17.0207,0.052,17.861999,0.035,16.965999,0.041999,16.597,0.061,0,0,5
5.94E+18,251.7865565,-45.85306804,20.910965,,NOT_AVAILABLE,27048,251.7865758,-45.85307164,251.7865574,-45.8530718,15.6713,0.035,15.0666,0.045,14.7007,0.044,15.701999,0.017,14.369,0.010999,13.767999,0.017,0,0,5
5.94E+18,251.7699719,-45.87604299,20.911469,,NOT_AVAILABLE,16819,251.7700038,-45.87603317,251.7699617,-45.8760422,16.2063,0.048,15.7296,0.051,15.4967,0.04,16.283,0.019999,15.199,0.017999,14.767,0.024,0,0,5
5.94E+18,251.7420447,-45.86594244,20.91184,,NOT_AVAILABLE,18511,251.7420744,-45.86592658,251.7420328,-45.8659384,16.2353,0.027,15.6706,0.038,15.4397,0.034,16.340999,0.019999,15.253999,0.016,14.642999,0.024,0,0,5
5.94E+18,251.7335724,-45.84328645,20.914692,,NOT_AVAILABLE,6674,251.7336351,-45.84327558,251.7336099,-45.8432833,16.0943,0.087,15.2986,0.079,15.0837,0.106,15.756999,0.017999,14.484,0.012,13.869,0.014,0,0,5
5.94E+18,251.7699998,-45.83296292,20.914942,,NOT_AVAILABLE,45234,251.7699632,-45.83296902,251.7699567,-45.8329672,17.5533,0.038,17.0236,0.053,16.7077,0.051,99.9999,9.9999,99.9999,9.9999,99.9999,9.9999,0,0,5
5.94E+18,251.7769026,-45.83462192,20.915277,,NOT_AVAILABLE,43387,251.7769295,-45.83461884,251.7769236,-45.8346161,16.1323,0.039,15.6496,0.047,15.3967,0.052,16.187,0.019999,14.998999,0.028999,14.501,0.032,0,0,5
5.94E+18,251.8042905,-45.8424506,20.916277,1.5933437,NOT_AVAILABLE,27912,251.804309,-45.84245204,251.8043043,-45.8424461,17.6983,0.036,17.2186,0.048,16.9347,0.05,17.895,0.039999,16.902,0.054,16.603,0.085,0,0,5
5.94E+18,251.778045,-45.84810463,20.91799,,NOT_AVAILABLE,27872,251.77807,-45.84809725,251.7780532,-45.8480977,17.6103,0.036,17.1086,0.041,16.9187,0.034,99.9999,9.9999,99.9999,9.9999,99.9999,9.9999,0,0,5
5.94E+18,251.7786072,-45.8403776,20.919056,,NOT_AVAILABLE,27181,251.7786231,-45.84037473,251.7786129,-45.8403732,16.1773,0.042,15.6356,0.042,15.3147,0.044,15.923,0.052999,14.732999,0.050999,13.970999,0.079999,1,0,5
5.94E+18,251.7483794,-45.86933206,20.919094,,NOT_AVAILABLE,17870,251.748409,-45.86931604,251.7483664,-45.8693275,16.1593,0.033,15.4866,0.052,15.1667,0.049,16.055,0.016,14.791,0.017,14.196,0.027,0,0,5
5.94E+18,251.780244,-45.84720072,20.919912,,NOT_AVAILABLE,27059,251.7802631,-45.84720056,251.7802477,-45.8472004,15.7273,0.033,15.2006,0.037,14.8577,0.035,15.748,0.034,14.55,0.032999,14.043999,0.057999,1,0,5
5.94E+18,251.7364108,-45.84739129,20.922228,-0.8625984,NOT_AVAILABLE,5995,251.7364814,-45.84738769,251.7364536,-45.8473959,15.9843,0.028,15.3686,0.035,15.0537,0.044,15.913,0.016,14.647,0.014999,14.079,0.013,0,0,5
5.94E+18,251.7472207,-45.82308764,20.923008,,NOT_AVAILABLE,45261,251.7471836,-45.82308468,251.7471789,-45.8230847,17.6203,0.035,17.1766,0.037,16.9147,0.045,17.718999,0.039,16.833,0.046,16.304,0.068999,0,0,5
5.94E+18,251.7276846,-45.84213229,20.924995,2.252327,NOT_AVAILABLE,6828,251.7277604,-45.842126,251.7277345,-45.8421345,16.5783,0.037,15.9276,0.043,15.5597,0.05,16.561,0.024,15.38,0.019999,14.838,0.028,0,0,5
5.94E+18,251.8199527,-45.8336569,20.927225,2.4154701,NOT_AVAILABLE,27375,251.8199827,-45.83366284,251.8199897,-45.8336517,16.6093,0.066,15.9316,0.056,15.6287,0.058,16.510999,0.026,15.461,0.014999,15.036,0.021999,0,0,5
5.94E+18,251.7869219,-45.88530865,20.92726,4.092367,NOT_AVAILABLE,58,251.7869694,-45.885299,251.7869244,-45.8853072,99.9999,9.9999,99.9999,9.9999,99.9999,9.9999,16.236999,0.027,15.059,0.012,14.465999,0.021999,0,0,5
5.94E+18,251.7352233,-45.86864778,20.92758,2.8691654,NOT_AVAILABLE,17992,251.7352481,-45.86863065,251.7352023,-45.8686444,16.4963,0.038,15.9816,0.056,15.6837,0.048,16.537,0.019999,15.461,0.016,14.883999,0.027,0,0,5
5.94E+18,251.808036,-45.84255769,20.927927,,NOT_AVAILABLE,27923,251.8080543,-45.84256613,251.8080506,-45.8425595,17.7163,0.033,17.2316,0.042,16.9667,0.037,99.9999,9.9999,99.9999,9.9999,99.9999,9.9999,0,0,5
5.94E+18,251.7306166,-45.86692513,20.928041,,NOT_AVAILABLE,5557,251.7306771,-45.86692297,251.7306314,-45.8669372,16.2853,0.055,15.7556,0.06,15.5047,0.049,16.19,0.028,14.930999,0.054999,14.529999,0.029999,0,0,5
5.94E+18,251.7762774,-45.86094673,20.928705,,NOT_AVAILABLE,19118,251.7763148,-45.86093505,251.776287,-45.8609391,15.3253,0.04,14.8536,0.042,14.4797,0.037,15.520999,0.017,14.178,0.014,13.529,0.018999,1,0,5
5.94E+18,251.7373164,-45.87997603,20.929724,1.884388,NOT_AVAILABLE,2630,251.7373774,-45.8799562,251.7373229,-45.8799724,99.9999,9.9999,99.9999,9.9999,99.9999,9.9999,16.103,0.017999,14.895,0.012,14.298,0.020999,0,0,5
5.94E+18,251.7073006,-45.84860881,20.931696,,NOT_AVAILABLE,14988,251.7073484,-45.84860552,251.7073113,-45.8486196,17.4483,0.072,17.1056,0.081,16.8117,0.072,99.9999,9.9999,99.9999,9.9999,99.9999,9.9999,0,0,5
5.94E+18,251.7446244,-45.88400022,20.940603,,NOT_AVAILABLE,51,251.7446892,-45.8839786,251.7446334,-45.8839945,99.9999,9.9999,99.9999,9.9999,99.9999,9.9999,16.357999,0.014999,15.390999,0.013,14.8,0.019999,0,0,5
5.94E+18,251.7445622,-45.88502772,20.941193,,NOT_AVAILABLE,48,251.7446231,-45.8849996,251.7445664,-45.8850157,99.9999,9.9999,99.9999,9.9999,99.9999,9.9999,16.184999,0.018999,15.09,0.013,14.470999,0.024,0,0,5
5.94E+18,251.7801241,-45.85115309,20.9413,,NOT_AVAILABLE,26989,251.7801403,-45.85115163,251.7801217,-45.8511525,15.3983,0.021,14.7156,0.038,14.3337,0.046,15.413,0.026,14.027,0.024,13.378,0.041999,1,0,5
5.94E+18,251.7701372,-45.84768395,20.942455,,NOT_AVAILABLE,27167,251.7701583,-45.8476852,251.7701397,-45.8476871,16.1453,0.031,15.5866,0.046,15.2737,0.041,16.346,0.075999,15.531,0.126,14.998,0.173999,1,0,5
5.94E+18,251.7309344,-45.85624462,20.944698,2.9905243,NOT_AVAILABLE,10585,251.7309992,-45.85623792,251.7309625,-45.8562494,16.2753,0.036,15.6756,0.04,15.3857,0.046,16.091999,0.027,14.994,0.028999,14.421999,0.043,0,0,5
5.94E+18,251.7275571,-45.85705871,20.949966,,NOT_AVAILABLE,9730,251.7276152,-45.85705386,251.7275768,-45.8570662,17.2563,0.045,16.7626,0.044,16.4877,0.049,17.302999,0.030999,16.408,0.037,15.932999,0.041999,0,0,5
5.94E+18,251.7764026,-45.88580002,20.950695,1.7715397,NOT_AVAILABLE,2485,251.7764573,-45.885784,251.7764089,-45.8857943,99.9999,9.9999,99.9999,9.9999,99.9999,9.9999,15.859,0.025,14.491,0.010999,13.876999,0.027,0,0,5
5.94E+18,251.7564551,-45.82850503,20.95713,,NOT_AVAILABLE,3964,251.7564652,-45.8285068,251.7564586,-45.8285065,99.9999,9.9999,99.9999,9.9999,99.9999,9.9999,15.940999,0.028,14.776,0.017999,14.178999,0.027,0,0,5
5.94E+18,251.7327489,-45.87431726,20.958754,,NOT_AVAILABLE,2746,251.7328019,-45.8743041,251.7327507,-45.8743198,99.9999,9.9999,99.9999,9.9999,99.9999,9.9999,16.156,0.018999,14.876,0.014999,14.227,0.025,0,0,5
5.94E+18,251.7528992,-45.88364255,20.959589,,NOT_AVAILABLE,19905,251.7529228,-45.883634,251.7528696,-45.8836482,17.1243,0.033,16.5126,0.039,16.2317,0.048,17.031,0.041999,16.006999,0.046999,15.442999,0.083999,0,0,5
5.94E+18,251.7815955,-45.83483722,20.959705,2.939539,NOT_AVAILABLE,43363,251.781615,-45.83483667,251.7816103,-45.8348331,15.8053,0.055,15.3066,0.053,15.0637,0.052,15.498999,0.030999,14.227999,0.023,13.637,0.041999,0,0,5
5.94E+18,251.7397895,-45.855755,20.961058,2.183466,NOT_AVAILABLE,11141,251.7398537,-45.85575274,251.7398199,-45.8557624,16.3623,0.046,15.7796,0.04,15.4587,0.041,16.249,0.017999,15.151,0.020999,14.548,0.023,0,0,5
5.94E+18,251.7282339,-45.8432047,20.965431,,NOT_AVAILABLE,6691,251.7283015,-45.84319415,251.7282749,-45.8432028,16.4103,0.02,15.8466,0.041,15.5547,0.043,16.409999,0.018999,15.371,0.014,14.817999,0.017,0,0,5
5.94E+18,251.7643073,-45.86886221,20.96692,2.2534904,NOT_AVAILABLE,21192,251.7643451,-45.86885022,251.7643073,-45.8688585,16.2663,0.046,15.7546,0.045,15.4897,0.036,16.261999,0.046,15.239999,0.041,14.739999,0.075999,0,0,5
5.94E+18,251.7746337,-45.83369809,20.96939,,NOT_AVAILABLE,44598,251.7746173,-45.83371267,251.7746115,-45.8337102,15.8813,0.053,15.2826,0.065,14.8327,0.061,15.901,0.046,14.472,0.035999,13.829,0.018999,0,0,5
5.94E+18,251.7474045,-45.87013384,20.969917,,NOT_AVAILABLE,17738,251.7474317,-45.87011914,251.7473881,-45.870131,16.1803,0.041,15.6586,0.039,15.3077,0.036,16.238,0.016,15.093999,0.016,14.545999,0.021999,0,0,5
5.94E+18,251.7928359,-45.85827693,20.970644,2.4733906,NOT_AVAILABLE,27063,251.7928427,-45.85828127,251.7928217,-45.8582815,15.7493,0.054,15.0996,0.063,14.8147,0.062,15.442999,0.021999,14.078,0.008,13.439999,0.017999,0,0,5
5.94E+18,251.7747673,-45.81972547,20.971386,2.0954952,NOT_AVAILABLE,44488,251.7747315,-45.81972685,251.7747373,-45.8197208,15.2913,0.044,14.6396,0.047,14.2767,0.042,15.409,0.013,13.973999,0.012,13.239,0.024,0,0,5
5.94E+18,251.7941253,-45.83716026,20.973692,2.6288185,NOT_AVAILABLE,27057,251.7941455,-45.8371609,251.7941424,-45.8371556,15.7133,0.022,15.1366,0.044,14.7547,0.032,15.743,0.027,14.411999,0.019999,13.831,0.032999,0,0,5
5.94E+18,251.7617926,-45.86222139,20.973719,,NOT_AVAILABLE,18981,251.7618166,-45.86220898,251.7617837,-45.8622161,16.1593,0.027,15.5866,0.044,15.3057,0.055,16.083999,0.023,15.137999,0.032,14.505,0.032,1,0,5
5.94E+18,251.7447911,-45.84811208,20.974419,,NOT_AVAILABLE,5884,251.74486,-45.84810632,251.7448339,-45.8481131,15.8823,0.037,15.3286,0.044,14.9747,0.045,15.968999,0.014999,14.744,0.010999,14.1,0.016,0,0,5
5.94E+18,251.7519537,-45.86469756,20.978699,,NOT_AVAILABLE,18700,251.7519871,-45.86468365,251.7519493,-45.8646933,16.2283,0.04,15.6286,0.053,15.3517,0.047,16.271999,0.039999,15.189999,0.014999,14.649,0.027,1,0,5
5.94E+18,251.7411441,-45.85803902,20.979738,,NOT_AVAILABLE,8527,251.7412064,-45.85803388,251.7411711,-45.8580439,15.9253,0.05,15.2736,0.044,14.8137,0.048,15.942,0.014,14.583,0.010999,13.96,0.016,0,0,5
5.94E+18,251.7454256,-45.84014907,20.981588,,NOT_AVAILABLE,7113,251.7454994,-45.84014205,251.74548,-45.8401467,16.2933,0.044,15.7526,0.041,15.5257,0.037,16.315,0.028,15.274999,0.017999,14.668999,0.030999,0,0,5
5.94E+18,251.7539036,-45.85894068,20.985174,,NOT_AVAILABLE,19267,251.7539229,-45.85892497,251.7538904,-45.8589328,16.0623,0.037,15.5196,0.037,15.1917,0.042,15.647,0.098999,14.529999,0.078,14.041,0.118,1,0,5
5.94E+18,251.7862249,-45.82089014,20.985556,,NOT_AVAILABLE,45229,251.786195,-45.82089506,251.786203,-45.8208872,17.5423,0.042,17.0746,0.044,16.7717,0.047,17.628,0.035999,16.618,0.037999,16.320999,0.050999,0,0,5
5.94E+18,251.8021687,-45.88341647,20.986513,,NOT_AVAILABLE,110,251.8022074,-45.8834175,251.8021682,-45.8834223,99.9999,9.9999,99.9999,9.9999,99.9999,9.9999,17.035999,0.032999,16.017999,0.020999,15.6,0.027,0,0,5
5.94E+18,251.7346185,-45.86208251,20.988659,1.2769794,NOT_AVAILABLE,5952,251.7346827,-45.86208079,251.7346422,-45.862093,16.1833,0.038,15.6076,0.051,15.2827,0.059,16.197999,0.014,15.097,0.014,14.527,0.019999,0,0,5
5.94E+18,251.8111992,-45.84785126,20.989155,0.7954197,NOT_AVAILABLE,27871,251.8112203,-45.84785585,251.8112131,-45.84785,17.6093,0.046,17.2216,0.043,16.8767,0.047,99.9999,9.9999,99.9999,9.9999,99.9999,9.9999,0,0,5
5.94E+18,251.7937761,-45.82598925,20.990974,,NOT_AVAILABLE,43372,251.7938004,-45.82598969,251.7938064,-45.8259816,15.9223,0.033,15.4006,0.05,15.0777,0.049,16.097999,0.016,14.930999,0.017,14.427,0.020999,0,0,5
5.94E+18,251.7866773,-45.85992716,20.991062,,NOT_AVAILABLE,27070,251.7866889,-45.85993076,251.7866648,-45.8599326,15.7823,0.031,15.1906,0.048,14.8237,0.045,15.842,0.014,14.532999,0.027,13.967,0.017999,0,0,5
5.94E+18,251.7603786,-45.86643453,20.995697,,NOT_AVAILABLE,18423,251.7604,-45.86642865,251.7603632,-45.8664371,17.6813,0.05,17.1786,0.055,16.8777,0.057,17.811,0.048,17.205999,0.115999,16.826,0.209999,0,0,5
5.94E+18,251.8195108,-45.88367551,20.99782,2.2958813,NOT_AVAILABLE,124,251.8195224,-45.8836795,251.8194879,-45.8836811,99.9999,9.9999,99.9999,9.9999,99.9999,9.9999,17.929,0.054,16.851999,0.043,16.398,0.064999,0,0,5
5.94E+18,251.7388751,-45.82077507,20.999723,,NOT_AVAILABLE,45099,251.7388413,-45.82077201,251.7388361,-45.8207731,17.2773,0.038,16.6306,0.044,16.3607,0.041,17.275999,0.039999,16.323999,0.041,15.814,0.043999,0,0,5
5.94E+18,251.73842,-45.87601616,21.003944,,NOT_AVAILABLE,2716,251.7384415,-45.876032,251.7383905,-45.876047,99.9999,9.9999,99.9999,9.9999,99.9999,9.9999,16.410999,0.025,15.276,0.021999,14.654,0.041,0,0,5
5.94E+18,251.7567978,-45.87284068,21.007227,,NOT_AVAILABLE,17373,251.7568239,-45.87283004,251.7567808,-45.8728408,17.4913,0.038,16.9906,0.054,16.7137,0.051,99.9999,9.9999,99.9999,9.9999,99.9999,9.9999,0,0,5
5.94E+18,251.7714063,-45.81686763,21.007442,,NOT_AVAILABLE,44798,251.7713718,-45.8168716,251.771379,-45.8168655,16.5103,0.027,15.8906,0.044,15.5147,0.043,99.9999,9.9999,99.9999,9.9999,99.9999,9.9999,0,0,5
5.94E+18,251.7944557,-45.84665268,21.008001,,NOT_AVAILABLE,27079,251.7944703,-45.84665631,251.7944594,-45.8466533,15.8113,0.037,15.1476,0.043,14.7607,0.049,99.9999,9.9999,99.9999,9.9999,99.9999,9.9999,0,0,5
5.94E+18,251.7479724,-45.82072519,21.010065,,NOT_AVAILABLE,44553,251.7479366,-45.82072344,251.747934,-45.8207228,15.6873,0.027,15.0016,0.039,14.5967,0.041,15.718999,0.021999,14.494999,0.017,13.774999,0.024,0,0,5
5.94E+18,251.8102584,-45.8591341,21.011599,1.7317009,NOT_AVAILABLE,27144,251.8102856,-45.85914196,251.8102688,-45.8591391,16.0473,0.059,15.1946,0.041,14.7897,0.049,15.970999,0.014999,14.543,0.008999,13.93,0.013,0,0,5
5.94E+18,251.7817796,-45.87859285,21.013193,2.1714077,NOT_AVAILABLE,25405,251.7818099,-45.87858256,251.781769,-45.87859,17.7373,0.06,17.3136,0.06,16.9877,0.063,99.9999,9.9999,99.9999,9.9999,99.9999,9.9999,0,0,5
5.94E+18,251.7823507,-45.82002956,21.01568,1.7959442,NOT_AVAILABLE,44859,251.7823171,-45.8200345,251.7823248,-45.8200271,16.6553,0.037,16.1236,0.045,15.8897,0.035,16.753,0.023,15.678,0.020999,15.18,0.027,0,0,5
5.94E+18,251.7371308,-45.86671557,21.016527,,NOT_AVAILABLE,18389,251.7371593,-45.86670319,251.7371157,-45.8667161,16.8473,0.037,16.3256,0.034,16.0887,0.033,16.888999,0.034,15.871,0.020999,15.336999,0.035999,0,0,5
5.94E+18,251.7257078,-45.85753074,21.01873,,NOT_AVAILABLE,9241,251.7257676,-45.85752523,251.7257284,-45.857538,16.4253,0.033,15.8576,0.045,15.5517,0.044,16.361999,0.027,15.343,0.020999,14.81,0.020999,0,0,5
5.94E+18,251.7369642,-45.85217604,21.021206,2.3625393,NOT_AVAILABLE,325,251.7370289,-45.85217081,251.7369973,-45.8521801,16.1273,0.041,15.6036,0.059,15.2967,0.057,16.150999,0.014,15.100999,0.014999,14.512,0.019999,0,0,5
5.94E+18,251.7233676,-45.88075171,21.0219,,NOT_AVAILABLE,227,251.7234605,-45.8807273,251.7234014,-45.8807464,99.9999,9.9999,99.9999,9.9999,99.9999,9.9999,16.545999,0.032,15.557,0.020999,14.953,0.048,0,0,5
5.94E+18,251.7812081,-45.8516305,21.028484,,NOT_AVAILABLE,27001,251.7812132,-45.85163355,251.7811945,-45.8516343,15.4843,0.036,14.8856,0.04,14.4937,0.043,15.545999,0.019999,14.203,0.027,13.477999,0.035999,1,0,5
5.94E+18,251.7812521,-45.86415746,21.029259,3.0507488,NOT_AVAILABLE,18776,251.7812959,-45.86414762,251.7812668,-45.8641515,15.6673,0.053,14.8956,0.054,14.5427,0.049,15.668,0.014999,14.333,0.008999,13.71,0.017,0,0,5
5.94E+18,251.7435546,-45.82685451,21.031214,,NOT_AVAILABLE,45373,251.7435103,-45.82684914,251.7435014,-45.8268508,17.8593,0.037,17.4196,0.037,17.1457,0.037,17.965,0.045,16.972,0.052,16.645999,0.059,0,0,5
5.94E+18,251.7486898,-45.81166552,21.033817,2.3268204,NOT_AVAILABLE,45265,251.7486597,-45.81166651,251.7486649,-45.8116634,17.6263,0.039,17.0986,0.05,16.7507,0.055,99.9999,9.9999,99.9999,9.9999,99.9999,9.9999,0,0,5
5.94E+18,251.7547903,-45.82445951,21.037352,1.8462715,NOT_AVAILABLE,45343,251.7547557,-45.8244578,251.754752,-45.8244568,17.8133,0.034,17.3796,0.039,17.0677,0.05,17.892,0.046,16.993999,0.046999,16.549999,0.068,0,0,5
5.94E+18,251.7522478,-45.87654302,21.039114,,NOT_AVAILABLE,16296,251.7522824,-45.87653139,251.7522349,-45.8765439,16.6453,0.041,15.9596,0.046,15.7327,0.04,16.513999,0.020999,15.484,0.019999,15.039999,0.029999,0,0,5
5.94E+18,251.7792435,-45.82956553,21.048168,,NOT_AVAILABLE,44614,251.7792068,-45.82957085,251.7792058,-45.8295665,15.9503,0.052,15.3776,0.052,15.0277,0.06,99.9999,9.9999,99.9999,9.9999,99.9999,9.9999,0,0,5
5.94E+18,251.7208628,-45.85487295,21.04906,,NOT_AVAILABLE,12097,251.7209239,-45.85486496,251.7208855,-45.854878,17.1573,0.048,16.7046,0.051,16.4457,0.051,99.9999,9.9999,99.9999,9.9999,99.9999,9.9999,0,0,5
5.94E+18,251.7769655,-45.86697276,21.054018,,NOT_AVAILABLE,18333,251.7769957,-45.86696364,251.7769631,-45.8669691,16.1773,0.041,15.6346,0.041,15.3067,0.053,16.274999,0.017999,15.161,0.017,14.557999,0.023,0,0,5
5.94E+18,251.812803,-45.85551953,21.0575,2.0727901,NOT_AVAILABLE,27330,251.8128212,-45.85552821,251.8128081,-45.855524,16.5133,0.039,15.9776,0.04,15.6627,0.04,16.639999,0.019999,15.432,0.014,14.97,0.017999,0,0,5
5.94E+18,251.7794183,-45.87187292,21.0577,2.3715496,NOT_AVAILABLE,20818,251.7794436,-45.8718658,251.7794075,-45.871872,17.4863,0.05,16.9806,0.046,16.6307,0.049,99.9999,9.9999,99.9999,9.9999,99.9999,9.9999,0,0,5
5.94E+18,251.7572527,-45.84068408,21.066786,,NOT_AVAILABLE,44644,251.7572064,-45.84068609,251.7571899,-45.8406887,16.0593,0.029,15.3156,0.041,14.9407,0.043,16.135,0.039999,14.840999,0.026,14.204999,0.032,1,0,5
5.94E+18,251.7385891,-45.82711965,21.067137,,NOT_AVAILABLE,45052,251.7385485,-45.82711461,251.738538,-45.8271173,17.1723,0.029,16.6586,0.034,16.4357,0.027,17.298,0.056,16.400999,0.030999,15.940999,0.041999,0,0,5
5.94E+18,251.7442472,-45.86577414,21.071722,,NOT_AVAILABLE,18543,251.7442768,-45.86575876,251.744236,-45.8657701,16.3423,0.029,15.7756,0.038,15.4957,0.044,16.295999,0.024,15.237,0.019999,14.682999,0.024,0,0,5
5.94E+18,251.8285186,-45.84745561,21.074663,,NOT_AVAILABLE,27898,251.8285463,-45.84746233,251.8285442,-45.8474531,17.6743,0.067,17.2406,0.066,16.9037,0.065,99.9999,9.9999,99.9999,9.9999,99.9999,9.9999,0,0,5
5.94E+18,251.7966415,-45.8704911,21.075968,1.0255432,NOT_AVAILABLE,17684,251.7966856,-45.87048873,251.7966555,-45.8704913,17.6403,0.089,17.3386,0.089,17.0347,0.089,18.055999,0.05,17.402999,0.107,16.847999,0.138999,0,0,5
5.94E+18,251.7433083,-45.8397743,21.077078,,NOT_AVAILABLE,7156,251.7433798,-45.83976977,251.7433603,-45.8397747,16.0963,0.024,15.5196,0.037,15.1947,0.032,16.145,0.017999,15.001999,0.012,14.409999,0.013,0,0,5
5.94E+18,251.7398141,-45.83822736,21.079165,1.9043713,NOT_AVAILABLE,7340,251.7398764,-45.83822531,251.7398571,-45.8382306,17.1613,0.037,16.6976,0.043,16.4427,0.044,17.294,0.025,16.343999,0.028999,15.918999,0.035999,0,0,5
5.94E+18,251.7539844,-45.81268003,21.082035,2.4221382,NOT_AVAILABLE,44834,251.7539388,-45.81267708,251.7539446,-45.8126732,16.5863,0.036,15.9976,0.053,15.6527,0.048,99.9999,9.9999,99.9999,9.9999,99.9999,9.9999,0,0,5
5.94E+18,251.8089453,-45.87299425,21.084686,,NOT_AVAILABLE,500,251.8089513,-45.872994,251.8089226,-45.8729949,99.9999,9.9999,99.9999,9.9999,99.9999,9.9999,17.639999,0.034,16.687999,0.035999,16.156999,0.050999,0,0,5
5.94E+18,251.7713073,-45.86946061,21.087137,,NOT_AVAILABLE,21091,251.7713322,-45.86945145,251.7712959,-45.8694586,16.3843,0.039,15.7526,0.04,15.5717,0.06,15.517,0.065999,14.343,0.054,13.75,0.086,0,0,5
5.94E+18,251.7557064,-45.81654935,21.090342,,NOT_AVAILABLE,44622,251.7556761,-45.81654719,251.7556792,-45.816544,15.9693,0.026,15.4046,0.035,15.2467,0.063,99.9999,9.9999,99.9999,9.9999,99.9999,9.9999,0,0,5
5.94E+18,251.7582489,-45.82021534,21.094122,3.464098,NOT_AVAILABLE,44458,251.7582116,-45.82021273,251.7582124,-45.82021,14.9873,0.026,14.1386,0.04,13.5707,0.042,14.956999,0.017,13.230999,0.012,12.503999,0.017999,0,0,5
5.94E+18,251.7662127,-45.86782009,21.100384,,NOT_AVAILABLE,18183,251.766234,-45.86781097,251.7661976,-45.8678187,16.4483,0.033,15.8966,0.041,15.6637,0.046,16.274999,0.035999,15.156999,0.043,14.562999,0.076999,0,0,5
5.94E+18,251.766457,-45.87724051,21.102367,0.84342194,NOT_AVAILABLE,15209,251.766486,-45.87723279,251.7664419,-45.8772428,16.1213,0.032,15.5636,0.04,15.2247,0.039,16.079999,0.020999,14.828,0.019999,14.239999,0.028,0,0,5
5.94E+18,251.7684889,-45.86244873,21.10758,,NOT_AVAILABLE,18966,251.7685216,-45.86243737,251.7684904,-45.8624433,16.0513,0.033,15.4986,0.056,15.1567,0.059,16.125,0.019999,15.06,0.028,14.435,0.030999,1,0,5
5.94E+18,251.7932495,-45.8323237,21.108654,1.8994312,NOT_AVAILABLE,27060,251.7932721,-45.83232304,251.7932727,-45.8323167,15.7403,0.038,15.2466,0.06,14.8757,0.073,15.434,0.013,13.864999,0.037999,13.526,0.025,0,0,5
5.94E+18,251.7888782,-45.8415059,21.108923,,NOT_AVAILABLE,27134,251.7888917,-45.8415074,251.7888835,-45.8415042,16.0033,0.023,15.3846,0.029,15.1717,0.044,16.044,0.018999,14.713,0.014999,14.09,0.032999,0,0,5
5.94E+18,251.8086233,-45.83259131,21.110323,1.8118725,NOT_AVAILABLE,27825,251.8086519,-45.8325932,251.8086565,-45.832584,17.5223,0.052,17.0766,0.041,16.7997,0.036,17.643999,0.039999,16.677999,0.029999,16.252,0.035999,0,0,5
5.94E+18,251.7916063,-45.8143154,21.11111,,NOT_AVAILABLE,45194,251.791568,-45.81432281,251.791583,-45.8143122,17.4723,0.045,17.0366,0.051,16.7927,0.045,99.9999,9.9999,99.9999,9.9999,99.9999,9.9999,0,0,5
5.94E+18,251.7615993,-45.81685956,21.119259,,NOT_AVAILABLE,45279,251.76157,-45.81685388,251.7615745,-45.8168496,17.6673,0.05,17.2216,0.055,16.9207,0.057,99.9999,9.9999,99.9999,9.9999,99.9999,9.9999,0,0,5
5.94E+18,251.7685968,-45.86613201,21.120579,2.1901264,NOT_AVAILABLE,18481,251.7686241,-45.86611918,251.7685898,-45.866126,16.2053,0.04,15.5816,0.043,15.2547,0.046,16.176,0.021999,15.048,0.027,14.467,0.035999,0,0,5
5.94E+18,251.8099773,-45.87985744,21.1741,,NOT_AVAILABLE,275,251.8100117,-45.8798458,251.8099777,-45.8798482,99.9999,9.9999,99.9999,9.9999,99.9999,9.9999,17.915,0.043999,17.018999,0.048,16.531,0.048,0,0,5
,,,,,,22502,251.7703935,-45.84871387,251.7703741,-45.848716,17.4673,0.104,16.6296,0.098,16.1057,0.095,99.9999,9.9999,99.9999,9.9999,99.9999,9.9999,1,0,5
,,,,,,19442,251.7583347,-45.85499366,251.7583067,-45.8549996,17.4733,0.057,17.0606,0.07,16.7227,0.073,99.9999,9.9999,99.9999,9.9999,99.9999,9.9999,1,0,5
,,,,,,22356,251.7649102,-45.85657254,251.7648828,-45.8565777,17.4753,0.044,16.7596,0.054,16.4347,0.067,99.9999,9.9999,99.9999,9.9999,99.9999,9.9999,1,0,5
,,,,,,27812,251.7742581,-45.85476682,251.7742348,-45.8547697,17.4773,0.05,16.7946,0.064,16.4737,0.053,99.9999,9.9999,99.9999,9.9999,99.9999,9.9999,1,0,5
,,,,,,22468,251.761939,-45.851702,251.7619148,-45.8517065,17.4783,0.065,16.8176,0.059,16.2757,0.063,99.9999,9.9999,99.9999,9.9999,99.9999,9.9999,1,0,5
,,,,,,27815,251.7749411,-45.85327409,251.7749192,-45.8532765,17.4843,0.063,16.8126,0.062,16.4517,0.054,99.9999,9.9999,99.9999,9.9999,99.9999,9.9999,1,0,5
,,,,,,16053,251.770112,-45.85852593,251.7700844,-45.8585306,17.4873,0.084,17.1316,0.147,17.7117,0.496,99.9999,9.9999,99.9999,9.9999,99.9999,9.9999,1,0,5
,,,,,,19288,251.7656063,-45.85852698,251.7655774,-45.8585325,17.4903,0.038,16.5046,0.043,15.7387,0.04,99.9999,9.9999,99.9999,9.9999,99.9999,9.9999,1,0,5
,,,,,,22490,251.7621342,-45.85010993,251.7621113,-45.8501139,17.5143,0.089,16.3516,0.071,15.5437,0.061,99.9999,9.9999,99.9999,9.9999,99.9999,9.9999,1,0,5
,,,,,,19166,251.7727784,-45.86028429,251.7727501,-45.8602889,17.5223,0.031,16.5346,0.036,15.6887,0.039,99.9999,9.9999,99.9999,9.9999,99.9999,9.9999,1,0,5
,,,,,,27832,251.7692084,-45.8508863,251.7691869,-45.8508892,17.5323,0.125,16.9246,0.183,16.6077,0.167,99.9999,9.9999,99.9999,9.9999,99.9999,9.9999,1,0,5
,,,,,,15261,251.7734486,-45.84976672,251.7734292,-45.8497685,17.5363,0.161,16.8156,0.18,16.4287,0.137,99.9999,9.9999,99.9999,9.9999,99.9999,9.9999,1,0,5
,,,,,,19518,251.7622692,-45.85280048,251.7622441,-45.8528052,17.5503,0.149,16.8196,0.148,16.2787,0.143,99.9999,9.9999,99.9999,9.9999,99.9999,9.9999,1,0,5
,,,,,,6677,251.7510795,-45.84328034,251.7510591,-45.8432847,17.5543,0.041,17.0316,0.041,16.7037,0.044,99.9999,9.9999,99.9999,9.9999,99.9999,9.9999,1,0,5
,,,,,,27841,251.7725666,-45.84804265,251.7725483,-45.8480442,17.5573,0.144,16.3576,0.186,16.0017,0.164,99.9999,9.9999,99.9999,9.9999,99.9999,9.9999,1,0,5
,,,,,,27847,251.7774266,-45.85025632,251.7774079,-45.8502575,17.5643,0.04,16.6016,0.043,15.8327,0.044,99.9999,9.9999,99.9999,9.9999,99.9999,9.9999,1,0,5
,,,,,,45242,251.7584929,-45.84081445,251.7584767,-45.8408168,17.5653,0.086,17.2256,0.088,16.9877,0.102,99.9999,9.9999,99.9999,9.9999,99.9999,9.9999,1,0,5
,,,,,,22213,251.7554918,-45.85999518,251.7554588,-45.860003,17.5663,0.039,16.8396,0.041,16.4437,0.037,99.9999,9.9999,99.9999,9.9999,99.9999,9.9999,1,0,5
,,,,,,19123,251.7725487,-45.86090037,251.7725199,-45.8609051,17.5783,0.037,16.8836,0.048,16.4367,0.045,99.9999,9.9999,99.9999,9.9999,99.9999,9.9999,1,0,5
,,,,,,27859,251.7704394,-45.84914418,251.7704197,-45.8491464,17.5883,0.08,16.8316,0.106,16.3077,0.08,99.9999,9.9999,99.9999,9.9999,99.9999,9.9999,1,0,5
,,,,,,9947,251.7528256,-45.84868257,251.7528013,-45.848688,17.5953,0.059,16.7716,0.086,16.3207,0.061,99.9999,9.9999,99.9999,9.9999,99.9999,9.9999,1,0,5
,,,,,,45251,251.7699782,-45.8372413,251.7699682,-45.8372406,17.6003,0.084,16.8886,0.111,16.4887,0.103,99.9999,9.9999,99.9999,9.9999,99.9999,9.9999,1,0,5
,,,,,,27867,251.7685386,-45.85182058,251.7685161,-45.8518238,17.6013,0.129,17.4346,0.239,16.9437,0.204,99.9999,9.9999,99.9999,9.9999,99.9999,9.9999,1,0,5
,,,,,,45254,251.759495,-45.83892226,251.7594807,-45.838924,17.6023,0.032,17.0306,0.053,16.8477,0.038,99.9999,9.9999,99.9999,9.9999,99.9999,9.9999,1,0,5
,,,,,,27873,251.780006,-45.84726596,251.7799905,-45.8472659,17.6113,0.047,16.9166,0.057,16.3907,0.062,99.9999,9.9999,99.9999,9.9999,99.9999,9.9999,1,0,5
,,,,,,45260,251.7552602,-45.83675204,251.7552464,-45.836754,17.6193,0.026,16.7926,0.052,16.2647,0.039,99.9999,9.9999,99.9999,9.9999,99.9999,9.9999,1,0,5
,,,,,,27876,251.7689924,-45.84933387,251.7689721,-45.8493364,17.6213,0.082,17.1426,0.089,16.8877,0.09,99.9999,9.9999,99.9999,9.9999,99.9999,9.9999,1,0,5
,,,,,,19569,251.7624681,-45.84922441,251.7624461,-45.8492281,17.6503,0.09,17.0826,0.11,16.5407,0.111,99.9999,9.9999,99.9999,9.9999,99.9999,9.9999,1,0,5
,,,,,,10336,251.748691,-45.84683014,251.7486671,-45.8468359,17.6523,0.088,17.0886,0.089,16.7237,0.098,99.9999,9.9999,99.9999,9.9999,99.9999,9.9999,1,0,5
,,,,,,45280,251.7547129,-45.8415807,251.754695,-45.841584,17.6683,0.067,17.0626,0.065,16.5287,0.061,99.9999,9.9999,99.9999,9.9999,99.9999,9.9999,1,0,5
,,,,,,27896,251.7806107,-45.84773073,251.780595,-45.8477306,17.6713,0.062,16.9366,0.065,16.4827,0.052,99.9999,9.9999,99.9999,9.9999,99.9999,9.9999,1,0,5
,,,,,,45286,251.7663082,-45.83954409,251.7662952,-45.8395447,17.6873,0.071,17.1656,0.085,16.9107,0.106,99.9999,9.9999,99.9999,9.9999,99.9999,9.9999,1,0,5
,,,,,,27905,251.7661798,-45.84938432,251.7661587,-45.8493874,17.6913,0.091,17.0716,0.086,16.6767,0.104,99.9999,9.9999,99.9999,9.9999,99.9999,9.9999,1,0,5
,,,,,,7356,251.7469627,-45.83813563,251.7469455,-45.8381395,17.7043,0.045,17.3266,0.047,17.0287,0.049,99.9999,9.9999,99.9999,9.9999,99.9999,9.9999,1,0,5
,,,,,,19007,251.7631887,-45.86194082,251.7631563,-45.8619476,17.7083,0.041,17.0266,0.053,16.5357,0.032,99.9999,9.9999,99.9999,9.9999,99.9999,9.9999,1,0,5
,,,,,,16759,251.7653465,-45.85670765,251.7653191,-45.8567127,17.7153,0.141,16.2816,0.161,17.4017,0.165,99.9999,9.9999,99.9999,9.9999,99.9999,9.9999,1,0,5
,,,,,,27925,251.7753752,-45.8522968,251.7753543,-45.8522989,17.7183,0.101,16.9186,0.114,16.3967,0.114,99.9999,9.9999,99.9999,9.9999,99.9999,9.9999,1,0,5
,,,,,,18926,251.7628757,-45.86272652,251.7628426,-45.8627336,17.7273,0.028,17.0416,0.049,16.5347,0.049,99.9999,9.9999,99.9999,9.9999,99.9999,9.9999,1,0,5
,,,,,,19478,251.7625174,-45.85421822,251.7624913,-45.8542232,17.7423,0.03,17.0416,0.055,16.5347,0.048,99.9999,9.9999,99.9999,9.9999,99.9999,9.9999,1,0,5
,,,,,,22237,251.7704779,-45.85965791,251.7704495,-45.8596628,17.7513,0.08,17.1006,0.077,16.7587,0.104,99.9999,9.9999,99.9999,9.9999,99.9999,9.9999,1,0,5
,,,,,,5410,251.748226,-45.8397378,251.7482078,-45.8397419,17.7513,0.119,17.3476,0.13,17.0387,0.111,99.9999,9.9999,99.9999,9.9999,99.9999,9.9999,1,0,5
,,,,,,19301,251.7553951,-45.85831193,251.7553635,-45.8583193,17.7543,0.044,17.0996,0.049,16.6237,0.049,99.9999,9.9999,99.9999,9.9999,99.9999,9.9999,1,0,5
,,,,,,5848,251.7548133,-45.84820896,251.75479,-45.8482139,17.7623,0.053,17.1276,0.042,16.7227,0.043,99.9999,9.9999,99.9999,9.9999,99.9999,9.9999,1,0,5
,,,,,,19389,251.7625671,-45.8562124,251.7625393,-45.8562179,17.7733,0.035,17.0446,0.038,16.6057,0.04,99.9999,9.9999,99.9999,9.9999,99.9999,9.9999,1,0,5
,,,,,,45325,251.7649542,-45.84278783,251.7649382,-45.8427895,17.7783,0.252,17.2176,0.333,17.4617,0.519,99.9999,9.9999,99.9999,9.9999,99.9999,9.9999,1,0,5
,,,,,,26780,251.7691453,-45.854602,251.7691207,-45.8546058,17.7853,0.081,17.0106,0.089,16.5757,0.103,99.9999,9.9999,99.9999,9.9999,99.9999,9.9999,1,0,5
,,,,,,22069,251.76572,-45.86183751,251.7656885,-45.8618438,17.7883,0.062,17.3416,0.062,17.1457,0.057,99.9999,9.9999,99.9999,9.9999,99.9999,9.9999,1,0,5
,,,,,,27958,251.7740266,-45.85026807,251.774007,-45.8502699,17.7973,0.088,17.1116,0.086,16.5757,0.098,99.9999,9.9999,99.9999,9.9999,99.9999,9.9999,1,0,5
,,,,,,27966,251.7732467,-45.84979494,251.7732273,-45.8497968,17.8093,0.079,17.0276,0.097,16.7057,0.072,99.9999,9.9999,99.9999,9.9999,99.9999,9.9999,1,0,5
,,,,,,5925,251.7460201,-45.84785097,251.7459946,-45.8478575,17.8093,0.042,17.3356,0.044,16.9877,0.051,99.9999,9.9999,99.9999,9.9999,99.9999,9.9999,1,0,5
,,,,,,45346,251.7555447,-45.83942601,251.7555288,-45.8394286,17.8163,0.039,17.1056,0.056,16.6727,0.054,99.9999,9.9999,99.9999,9.9999,99.9999,9.9999,1,0,5
,,,,,,6572,251.7478129,-45.84395641,251.7477911,-45.8439616,17.8163,0.048,17.4476,0.05,16.9087,0.074,99.9999,9.9999,99.9999,9.9999,99.9999,9.9999,1,0,5
,,,,,,22498,251.7664548,-45.8493113,251.7664338,-45.8493143,17.8313,0.095,17.3376,0.114,17.2397,0.173,99.9999,9.9999,99.9999,9.9999,99.9999,9.9999,1,0,5
,,,,,,12824,251.753885,-45.84565034,251.7538635,-45.8456548,17.8353,0.032,17.2286,0.042,16.9407,0.054,99.9999,9.9999,99.9999,9.9999,99.9999,9.9999,1,0,5
,,,,,,15240,251.7637436,-45.85155747,251.76372,-45.8515616,17.8373,0.032,16.9326,0.062,16.7027,0.058,99.9999,9.9999,99.9999,9.9999,99.9999,9.9999,1,0,5
,,,,,,16926,251.7596237,-45.8581299,251.7595935,-45.8581364,17.8373,0.194,16.8626,0.161,16.5477,0.132,99.9999,9.9999,99.9999,9.9999,99.9999,9.9999,1,0,5
,,,,,,22465,251.7590728,-45.85209979,251.7590475,-45.8521049,17.8433,0.075,17.4176,0.076,17.0327,0.073,99.9999,9.9999,99.9999,9.9999,99.9999,9.9999,1,0,5
,,,,,,26617,251.770719,-45.85880412,251.7706913,-45.8588087,17.8463,0.132,17.1166,0.185,16.6367,0.091,99.9999,9.9999,99.9999,9.9999,99.9999,9.9999,1,0,5
,,,,,,16332,251.7547905,-45.86000141,251.7547574,-45.8600093,17.8503,0.053,17.1866,0.039,16.6787,0.03,99.9999,9.9999,99.9999,9.9999,99.9999,9.9999,1,0,5
,,,,,,45361,251.7693877,-45.84282543,251.7693729,-45.8428262,17.8513,0.085,17.6576,0.12,18.8727,0.543,99.9999,9.9999,99.9999,9.9999,99.9999,9.9999,1,0,5
,,,,,,45365,251.762947,-45.83821042,251.7629342,-45.8382113,17.8533,0.141,17.2076,0.105,16.6487,0.073,99.9999,9.9999,99.9999,9.9999,99.9999,9.9999,1,0,5
,,,,,,16075,251.7664152,-45.85773932,251.7663872,-45.8577445,17.8603,0.039,17.0336,0.053,16.6607,0.042,99.9999,9.9999,99.9999,9.9999,99.9999,9.9999,1,0,5
,,,,,,21995,251.7577933,-45.86295634,251.7577586,-45.8629644,17.8623,0.059,17.4156,0.081,17.2397,0.086,99.9999,9.9999,99.9999,9.9999,99.9999,9.9999,1,0,5
,,,,,,5917,251.7543498,-45.84790788,251.7543265,-45.8479128,17.8703,0.051,17.4536,0.038,17.1457,0.053,99.9999,9.9999,99.9999,9.9999,99.9999,9.9999,1,0,5
,,,,,,7300,251.7477166,-45.83842618,251.7476994,-45.83843,17.8713,0.045,17.2706,0.061,16.7387,0.065,99.9999,9.9999,99.9999,9.9999,99.9999,9.9999,1,0,5
,,,,,,4140,251.7522897,-45.84213705,251.7522706,-45.8421409,17.8733,0.048,17.3576,0.032,16.9397,0.029,99.9999,9.9999,99.9999,9.9999,99.9999,9.9999,1,0,5
,,,,,,27992,251.7754183,-45.84836728,251.7754006,-45.8483683,17.8733,0.053,17.1716,0.059,16.6497,0.068,99.9999,9.9999,99.9999,9.9999,99.9999,9.9999,1,0,5
,,,,,,4692,251.7501583,-45.84936908,251.7501327,-45.8493752,17.8733,0.036,16.9686,0.037,16.2907,0.038,99.9999,9.9999,99.9999,9.9999,99.9999,9.9999,1,0,5
,,,,,,28001,251.7750952,-45.85090206,251.7750753,-45.8509038,17.8843,0.071,17.3856,0.085,17.0697,0.09,99.9999,9.9999,99.9999,9.9999,99.9999,9.9999,1,0,5
,,,,,,45389,251.7653134,-45.84175076,251.7652984,-45.8417521,17.8853,0.067,17.5746,0.1,16.8237,0.056,99.9999,9.9999,99.9999,9.9999,99.9999,9.9999,1,0,5
,,,,,,6970,251.7494666,-45.84128192,251.7494474,-45.8412861,17.8863,0.047,17.4026,0.046,17.0607,0.051,99.9999,9.9999,99.9999,9.9999,99.9999,9.9999,1,0,5
,,,,,,5358,251.7528008,-45.84898859,251.7527762,-45.8489941,17.8863,0.054,16.9696,0.044,16.2707,0.043,99.9999,9.9999,99.9999,9.9999,99.9999,9.9999,1,0,5
,,,,,,10101,251.7497211,-45.84799215,251.7496965,-45.847998,17.8873,0.037,17.3276,0.061,16.9527,0.063,99.9999,9.9999,99.9999,9.9999,99.9999,9.9999,1,0,5
,,,,,,45396,251.7638608,-45.84186037,251.7638452,-45.841862,17.8913,0.045,17.7296,0.079,18.2617,0.185,99.9999,9.9999,99.9999,9.9999,99.9999,9.9999,1,0,5
,,,,,,16155,251.763171,-45.8498664,251.7631486,-45.8498702,17.9183,0.11,17.3146,0.212,16.8377,0.202,99.9999,9.9999,99.9999,9.9999,99.9999,9.9999,1,0,5
,,,,,,45413,251.7593082,-45.84118088,251.759292,-45.8411832,17.9203,0.049,17.4796,0.047,17.1477,0.04,99.9999,9.9999,99.9999,9.9999,99.9999,9.9999,1,0,5
,,,,,,22314,251.7641432,-45.85790476,251.7641145,-45.8579104,17.9213,0.067,17.4706,0.075,17.1417,0.088,99.9999,9.9999,99.9999,9.9999,99.9999,9.9999,1,0,5
,,,,,,45414,251.7592621,-45.84237752,251.7592448,-45.8423801,17.9213,0.035,17.1636,0.054,16.6797,0.048,99.9999,9.9999,99.9999,9.9999,99.9999,9.9999,1,0,5
,,,,,,747,251.7461578,-45.8518846,251.746129,-45.8518921,17.9223,0.09,17.3416,0.067,16.8287,0.072,99.9999,9.9999,99.9999,9.9999,99.9999,9.9999,1,0,5
,,,,,,19377,251.765981,-45.85650819,251.7659539,-45.8565131,17.9223,0.176,17.0986,0.211,16.4737,0.153,99.9999,9.9999,99.9999,9.9999,99.9999,9.9999,1,0,5
,,,,,,14595,251.7581617,-45.85036994,251.7581375,-45.8503748,17.9243,0.191,17.0726,0.205,16.0207,0.086,99.9999,9.9999,99.9999,9.9999,99.9999,9.9999,1,0,5
,,,,,,45415,251.7588944,-45.8446768,251.7588751,-45.8446801,17.9253,0.078,17.4886,0.074,17.1627,0.082,99.9999,9.9999,99.9999,9.9999,99.9999,9.9999,1,0,5
,,,,,,12871,251.7462827,-45.84081405,251.746263,-45.8408187,17.9273,0.14,17.4946,0.203,17.1297,0.235,99.9999,9.9999,99.9999,9.9999,99.9999,9.9999,1,0,5
,,,,,,22287,251.753081,-45.85883428,251.7530484,-45.8588422,17.9293,0.061,17.4556,0.062,17.0907,0.057,99.9999,9.9999,99.9999,9.9999,99.9999,9.9999,1,0,5
,,,,,,10931,251.7509434,-45.84374447,251.7509226,-45.843749,17.9333,0.107,17.8656,0.133,16.5577,0.124,99.9999,9.9999,99.9999,9.9999,99.9999,9.9999,1,0,5
,,,,,,22167,251.7734206,-45.86071319,251.7733922,-45.8607177,17.9373,0.055,17.3436,0.045,16.9337,0.046,99.9999,9.9999,99.9999,9.9999,99.9999,9.9999,1,0,5
,,,,,,45429,251.7490971,-45.83919548,251.7490796,-45.8391992,17.9513,0.19,17.3356,0.208,16.9247,0.187,99.9999,9.9999,99.9999,9.9999,99.9999,9.9999,1,0,5
,,,,,,19399,251.7635223,-45.85603859,251.7634949,-45.8560438,17.9653,0.048,17.2686,0.049,16.7297,0.065,99.9999,9.9999,99.9999,9.9999,99.9999,9.9999,1,0,5
,,,,,,6748,251.7469405,-45.84275823,251.7469194,-45.8427633,17.9783,0.035,17.3576,0.048,16.8337,0.055,99.9999,9.9999,99.9999,9.9999,99.9999,9.9999,1,0,5
,,,,,,28070,251.768969,-45.84732741,251.7689503,-45.8473294,17.9863,0.05,17.0846,0.069,16.7937,0.094,99.9999,9.9999,99.9999,9.9999,99.9999,9.9999,1,0,5
,,,,,,18758,251.7631743,-45.86400073,251.7631402,-45.8640081,17.9923,0.036,17.5766,0.049,17.2317,0.048,99.9999,9.9999,99.9999,9.9999,99.9999,9.9999,1,0,5
,,,,,,1392,251.7513225,-45.85147352,251.7512955,-45.8514799,17.9993,0.068,17.5626,0.052,17.2397,0.054,99.9999,9.9999,99.9999,9.9999,99.9999,9.9999,1,0,5
,,,,,,45480,251.7655589,-45.83880475,251.7655463,-45.8388053,18.0143,0.036,17.3226,0.049,16.7637,0.045,99.9999,9.9999,99.9999,9.9999,99.9999,9.9999,1,0,5
,,,,,,18960,251.767742,-45.86250838,251.7677105,-45.8625145,18.0213,0.054,16.9476,0.051,16.0117,0.059,99.9999,9.9999,99.9999,9.9999,99.9999,9.9999,1,0,5
,,,,,,5845,251.7513283,-45.84832915,251.7513038,-45.8483348,18.0323,0.087,17.5896,0.083,17.2447,0.075,99.9999,9.9999,99.9999,9.9999,99.9999,9.9999,1,0,5
,,,,,,4658,251.7482932,-45.84939023,251.7482671,-45.8493967,18.0363,0.052,17.3196,0.041,16.7717,0.05,99.9999,9.9999,99.9999,9.9999,99.9999,9.9999,1,0,5
,,,,,,18763,251.759458,-45.86408924,251.7594228,-45.8640973,18.0363,0.057,17.3806,0.046,16.8647,0.047,99.9999,9.9999,99.9999,9.9999,99.9999,9.9999,1,0,5
,,,,,,22469,251.7586221,-45.85172096,251.7585969,-45.851726,18.0393,0.139,17.3636,0.139,16.8657,0.133,99.9999,9.9999,99.9999,9.9999,99.9999,9.9999,1,0,5
,,,,,,45497,251.7625729,-45.84465247,251.7625546,-45.844655,18.0403,0.129,17.3996,0.119,16.7107,0.047,99.9999,9.9999,99.9999,9.9999,99.9999,9.9999,1,0,5
,,,,,,15258,251.7564763,-45.85015184,251.7564518,-45.8501569,18.0733,0.054,17.3486,0.06,16.9307,0.055,99.9999,9.9999,99.9999,9.9999,99.9999,9.9999,1,0,5
,,,,,,22280,251.7687911,-45.85896917,251.7687628,-45.8589742,18.1003,0.032,17.1166,0.043,16.2867,0.041,99.9999,9.9999,99.9999,9.9999,99.9999,9.9999,1,0,5
,,,,,,45540,251.7571762,-45.83831439,251.7571617,-45.8383164,18.1023,0.066,17.4226,0.048,16.8997,0.055,99.9999,9.9999,99.9999,9.9999,99.9999,9.9999,1,0,5
,,,,,,10620,251.7540572,-45.84531587,251.754036,-45.8453202,18.1103,0.074,17.6456,0.082,17.3437,0.081,99.9999,9.9999,99.9999,9.9999,99.9999,9.9999,1,0,5
,,,,,,12841,251.7482653,-45.84398627,251.7482436,-45.8439914,18.1103,0.037,17.5916,0.041,17.1707,0.041,99.9999,9.9999,99.9999,9.9999,99.9999,9.9999,1,0,5
,,,,,,14501,251.7480979,-45.85087067,251.7480705,-45.8508775,18.1213,0.035,17.4656,0.04,17.0177,0.051,99.9999,9.9999,99.9999,9.9999,99.9999,9.9999,1,0,5
,,,,,,22156,251.7688651,-45.86078494,251.7688353,-45.8607904,18.1323,0.068,17.0546,0.061,16.1207,0.059,99.9999,9.9999,99.9999,9.9999,99.9999,9.9999,1,0,5
,,,,,,16146,251.7641036,-45.85209154,251.7640797,-45.8520957,18.1493,0.062,17.4486,0.067,16.9027,0.065,99.9999,9.9999,99.9999,9.9999,99.9999,9.9999,1,0,5
,,,,,,12830,251.7593429,-45.84529229,251.7593232,-45.8452956,18.1553,0.15,17.6936,0.157,17.8847,0.128,99.9999,9.9999,99.9999,9.9999,99.9999,9.9999,1,0,5
,,,,,,45584,251.7631163,-45.84375617,251.763099,-45.8437584,18.1793,0.083,17.7046,0.136,17.3927,0.137,99.9999,9.9999,99.9999,9.9999,99.9999,9.9999,1,0,5
,,,,,,28178,251.7696191,-45.85228102,251.7695965,-45.8522842,18.1813,0.1,17.7506,0.186,16.7147,0.105,99.9999,9.9999,99.9999,9.9999,99.9999,9.9999,1,0,5
,,,,,,3514,251.7475519,-45.8500347,251.747525,-45.8500415,18.1983,0.048,17.4286,0.042,16.8917,0.035,99.9999,9.9999,99.9999,9.9999,99.9999,9.9999,1,0,5
,,,,,,1094,251.7531614,-45.84271347,251.7531421,-45.8427173,18.2093,0.05,17.5986,0.074,17.1917,0.048,99.9999,9.9999,99.9999,9.9999,99.9999,9.9999,1,0,5
,,,,,,45614,251.7587314,-45.84096673,251.7587152,-45.8409691,18.2193,0.061,17.5146,0.053,16.9477,0.054,99.9999,9.9999,99.9999,9.9999,99.9999,9.9999,1,0,5
,,,,,,10592,251.7516831,-45.84553174,251.751661,-45.8455366,18.2373,0.031,17.5506,0.035,17.0517,0.036,99.9999,9.9999,99.9999,9.9999,99.9999,9.9999,1,0,5
,,,,,,19556,251.754603,-45.8512117,251.7545771,-45.8512174,18.2373,0.063,18.0166,0.06,17.6567,0.06,99.9999,9.9999,99.9999,9.9999,99.9999,9.9999,1,0,5
,,,,,,45631,251.7609929,-45.83819732,251.7609795,-45.8381986,18.2393,0.057,17.5626,0.047,17.0217,0.058,99.9999,9.9999,99.9999,9.9999,99.9999,9.9999,1,0,5
,,,,,,10569,251.7498724,-45.8456883,251.7498498,-45.8456935,18.2813,0.043,17.6146,0.054,16.8967,0.05,99.9999,9.9999,99.9999,9.9999,99.9999,9.9999,1,0,5
,,,,,,5928,251.7547436,-45.84784323,251.7547205,-45.8478481,18.2843,0.048,18.0116,0.046,17.6917,0.062,99.9999,9.9999,99.9999,9.9999,99.9999,9.9999,1,0,5
,,,,,,45662,251.7533194,-45.84133864,251.7533013,-45.8413421,18.2963,0.063,17.7266,0.061,17.1667,0.059,99.9999,9.9999,99.9999,9.9999,99.9999,9.9999,1,0,5
,,,,,,19507,251.7563666,-45.8532562,251.7563395,-45.8532621,18.3103,0.078,17.6276,0.067,17.1047,0.063,99.9999,9.9999,99.9999,9.9999,99.9999,9.9999,1,0,5
,,,,,,45675,251.7594306,-45.84323688,251.7594126,-45.8432397,18.3253,0.048,17.6546,0.055,17.1147,0.053,99.9999,9.9999,99.9999,9.9999,99.9999,9.9999,1,0,5
,,,,,,45678,251.7580364,-45.83875472,251.7580217,-45.8387567,18.3323,0.059,17.6846,0.065,17.2047,0.051,99.9999,9.9999,99.9999,9.9999,99.9999,9.9999,1,0,5
,,,,,,45682,251.7601188,-45.83750892,251.7601057,-45.8375102,18.3383,0.079,17.7986,0.082,17.0777,0.074,99.9999,9.9999,99.9999,9.9999,99.9999,9.9999,1,0,5
,,,,,,15029,251.7483337,-45.85253628,251.7483049,-45.8525435,18.3583,0.054,17.7076,0.044,17.1037,0.049,99.9999,9.9999,99.9999,9.9999,99.9999,9.9999,1,0,5
,,,,,,19567,251.755046,-45.84998878,251.7550212,-45.8499941,18.3683,0.069,17.6096,0.045,17.1407,0.064,99.9999,9.9999,99.9999,9.9999,99.9999,9.9999,1,0,5
,,,,,,3957,251.7549092,-45.84576802,251.7548879,-45.8457723,18.3803,0.045,17.7986,0.062,17.6377,0.056,99.9999,9.9999,99.9999,9.9999,99.9999,9.9999,1,0,5
,,,,,,10414,251.7526514,-45.84638399,251.752629,-45.8463889,18.3873,0.052,17.8066,0.057,17.2797,0.055,99.9999,9.9999,99.9999,9.9999,99.9999,9.9999,1,0,5
,,,,,,6474,251.7512434,-45.8446049,251.751222,-45.8446096,18.4743,0.033,17.7796,0.054,17.2267,0.047,99.9999,9.9999,99.9999,9.9999,99.9999,9.9999,1,0,5
,,,,,,43317,251.7769706,-45.83866783,251.7769614,-45.8386662,14.5813,0.05,14.1106,0.052,13.8297,0.048,14.383999,0.079,13.411999,0.045,13.038,0.056,1,0,5
,,,,,,22466,251.7628357,-45.85181782,251.7628116,-45.8518221,14.6013,0.041,13.8446,0.051,13.3147,0.046,14.815999,0.014999,12.782999,0.014,11.975,0.019999,1,0,5
,,,,,,26919,251.7757008,-45.85689479,251.7756762,-45.8568979,14.9273,0.038,13.8636,0.036,12.9387,0.052,15.093,0.037999,12.373999,0.013,11.159,0.018999,1,0,5
,,,,,,26920,251.7740358,-45.84477138,251.7740207,-45.8447718,14.9323,0.038,14.4066,0.053,14.0257,0.041,14.102999,0.108,12.890999,0.097999,12.204,0.146999,1,0,5
,,,,,,4664,251.748731,-45.85110878,251.7487035,-45.8511156,15.0093,0.04,14.0396,0.038,13.1867,0.044,14.982,0.025,12.579999,0.037,11.592,0.039999,1,0,5
,,,,,,26946,251.7818925,-45.84583724,251.7818787,-45.8458364,15.1153,0.039,14.3836,0.037,14.0637,0.096,15.217,0.013,13.317,0.008999,12.72,0.014,1,0,5
,,,,,,44474,251.7595471,-45.84028375,251.7595316,-45.8402858,15.1553,0.03,14.6046,0.043,14.3707,0.037,14.147,0.075999,13.279999,0.057,12.871999,0.107,1,0,5
,,,,,,26960,251.7784105,-45.85440181,251.7783886,-45.8544038,15.2173,0.067,14.5436,0.061,14.1677,0.047,15.385999,0.016,13.762,0.007,13.012999,0.017,1,0,5
,,,,,,7247,251.7659363,-45.83909104,251.7659236,-45.8390916,15.2573,0.126,14.9326,0.127,14.5457,0.135,14.831999,0.021999,13.788999,0.027,13.281999,0.039999,1,0,5
,,,,,,3936,251.7502999,-45.84979611,251.7502739,-45.8498023,15.2673,0.035,14.3966,0.064,13.5457,0.047,15.375,0.014,12.925999,0.010999,11.84,0.013,1,0,5
,,,,,,19209,251.7768313,-45.85985329,251.7768045,-45.859857,15.4033,0.049,14.7316,0.049,14.2807,0.055,15.498999,0.014999,14.078,0.010999,13.364,0.014999,1,0,5
,,,,,,19032,251.776637,-45.86172722,251.7766086,-45.8617314,15.4723,0.03,14.8606,0.037,14.3747,0.056,15.152999,0.068,13.746999,0.050999,12.998,0.089,1,0,5
,,,,,,27011,251.7819076,-45.84658519,251.7818932,-45.8465846,15.5073,0.039,14.8256,0.059,14.4887,0.057,15.595999,0.020999,14.171999,0.017,13.571999,0.026,1,0,5
,,,,,,27016,251.7751595,-45.85331195,251.7751376,-45.8533143,15.5203,0.066,14.8816,0.058,14.5267,0.058,15.078,0.078,13.637,0.063,12.782999,0.104,1,0,5
,,,,,,27030,251.7815632,-45.84481919,251.7815502,-45.8448182,15.6043,0.05,15.0676,0.051,14.7367,0.056,15.545999,0.032,14.211999,0.032999,13.942999,0.027,1,0,5
,,,,,,27041,251.770409,-45.84728498,251.7703908,-45.8472867,15.6393,0.043,14.6446,0.051,13.8877,0.041,15.168,0.07,13.262,0.028,12.289999,0.035999,1,0,5
,,,,,,19527,251.7550366,-45.85236469,251.7550099,-45.8523706,15.7453,0.03,15.1276,0.043,14.7687,0.044,15.847,0.025,14.543999,0.020999,13.883,0.028999,1,0,5
,,,,,,19530,251.7562427,-45.8523398,251.7562163,-45.8523455,15.8153,0.026,15.1956,0.054,14.8487,0.055,16.084999,0.030999,14.8,0.035999,14.079999,0.032999,1,0,5
,,,,,,44587,251.7660264,-45.83881459,251.766014,-45.838815,15.8363,0.044,14.7136,0.05,13.7167,0.055,15.970999,0.041999,13.286999,0.021999,11.928999,0.050999,1,0,5
,,,,,,27098,251.7819751,-45.8485069,251.7819591,-45.8485068,15.8863,0.055,15.2396,0.058,14.9007,0.055,15.998999,0.023,14.727,0.023,14.067999,0.018999,1,0,5
,,,,,,19300,251.752308,-45.85820105,251.7522756,-45.858209,15.9023,0.047,15.2986,0.053,15.0357,0.044,15.755999,0.046999,15.022999,0.086,14.230999,0.05,1,0,5
,,,,,,27104,251.7771435,-45.85027291,251.7771247,-45.8502741,15.9123,0.042,15.2926,0.046,14.9147,0.054,15.875,0.034,14.395999,0.071,13.755,0.119999,1,0,5
,,,,,,22333,251.7674789,-45.85743195,251.7674515,-45.8574368,15.9173,0.039,15.2656,0.057,14.9187,0.056,16.184,0.082999,14.663999,0.078,14.255999,0.175999,1,0,5
,,,,,,18931,251.7676333,-45.862816,251.7676015,-45.8628222,15.9693,0.032,15.3226,0.044,14.9697,0.044,15.996999,0.039999,14.585,0.041,14.071,0.021999,1,0,5
,,,,,,19553,251.7567418,-45.851456,251.7567163,-45.8514614,16.0033,0.053,15.4486,0.037,15.0957,0.043,16.059999,0.048,14.989,0.043,14.343,0.032,1,0,5
,,,,,,18902,251.7724187,-45.86309502,251.772388,-45.8631004,16.0333,0.037,15.5186,0.058,15.1527,0.042,16.027,0.014,14.866999,0.014,14.319999,0.026,1,0,5
,,,,,,22416,251.7685038,-45.85444707,251.7684791,-45.854451,16.0343,0.045,15.4696,0.051,15.0587,0.046,16.023,0.037,14.696999,0.039,14.317999,0.086,1,0,5
,,,,,,19248,251.7606295,-45.859298,251.7605986,-45.8593046,16.0423,0.041,15.5246,0.045,15.1747,0.045,16.226999,0.027,14.994,0.013,14.479,0.029999,1,0,5
,,,,,,19415,251.7620809,-45.85564812,251.7620535,-45.8556535,16.0613,0.027,15.5106,0.032,15.1887,0.036,16.093999,0.023,14.977,0.028,14.425,0.026,1,0,5
,,,,,,22053,251.7698906,-45.86221537,251.7698599,-45.862221,16.0663,0.041,15.4956,0.053,15.2807,0.052,16.184,0.018999,15.008999,0.024,14.461999,0.032,1,0,5
,,,,,,19475,251.7648666,-45.85432799,251.764841,-45.8543326,16.0713,0.034,15.5316,0.035,15.2037,0.031,16.047,0.028999,14.984,0.037999,14.312999,0.046999,1,0,5
,,,,,,19557,251.7573691,-45.85102656,251.7573442,-45.8510317,16.0833,0.058,15.5156,0.061,15.1867,0.061,16.202999,0.032,15.255999,0.057999,14.491999,0.027,1,0,5
,,,,,,18973,251.7664886,-45.86235262,251.7664568,-45.8623589,16.1303,0.022,15.6216,0.032,15.4327,0.046,16.024999,0.052999,15.340999,0.068,14.593999,0.061,1,0,5
,,,,,,5934,251.7557546,-45.84779179,251.7557319,-45.8477964,16.1333,0.032,15.4256,0.038,14.9877,0.037,16.319,0.029999,14.763999,0.028,14.050999,0.024,1,0,5
,,,,,,27166,251.7726282,-45.85389766,251.7726051,-45.8539006,16.1363,0.049,15.4626,0.051,15.0457,0.044,16.150999,0.026,14.782999,0.020999,14.107,0.030999,1,0,5
,,,,,,27173,251.7769475,-45.85570058,251.7769242,-45.8557032,16.1573,0.042,15.4566,0.049,15.0397,0.041,16.344999,0.030999,14.664999,0.019999,13.467,0.079,1,0,5
,,,,,,19026,251.7652123,-45.86176055,251.7651806,-45.8617669,16.1613,0.029,15.5826,0.052,15.2417,0.047,16.172,0.023,14.954999,0.024,14.229,0.048999,1,0,5
,,,,,,43391,251.7746086,-45.84171704,251.7745962,-45.8417166,16.1643,0.061,15.3346,0.084,14.5507,0.041,15.630999,0.075,13.972,0.029999,13.057999,0.057,1,0,5
,,,,,,27176,251.7819302,-45.83837573,251.7819226,-45.838373,16.1683,0.041,15.5416,0.039,15.2817,0.041,16.288,0.023,14.973999,0.014999,14.394,0.024,1,0,5
,,,,,,19316,251.7638905,-45.85772445,251.7638619,-45.8577301,16.1823,0.038,15.5886,0.036,15.2057,0.036,16.149,0.026,15.244,0.052,14.458999,0.039999,1,0,5
,,,,,,44690,251.7638185,-45.83938522,251.763805,-45.8393862,16.2003,0.049,15.6656,0.066,15.4247,0.068,16.141,0.048999,15.163,0.068,14.607,0.087999,1,0,5
,,,,,,27190,251.7806693,-45.85372705,251.7806486,-45.8537285,16.2043,0.029,15.4796,0.041,15.1437,0.04,16.268999,0.026,14.866,0.020999,14.190999,0.027,1,0,5
,,,,,,44693,251.7615088,-45.83720487,251.7614965,-45.8372058,16.2143,0.042,15.5426,0.045,15.2657,0.045,16.195999,0.026,14.819999,0.027,14.411,0.017999,1,0,5
,,,,,,44698,251.7572574,-45.83677237,251.7572442,-45.836774,16.2343,0.03,15.6086,0.034,15.2037,0.032,16.194,0.017999,14.883,0.014,14.277999,0.017,1,0,5
,,,,,,19429,251.7566208,-45.85525988,251.7565921,-45.8552662,16.2363,0.034,15.5746,0.043,15.2117,0.051,15.781,0.041999,14.543999,0.032999,13.930999,0.041999,1,0,5
,,,,,,44703,251.7559391,-45.84071693,251.7559222,-45.8407198,16.2433,0.044,15.5096,0.073,15.3717,0.044,17.027999,0.089,15.892999,0.089,14.854,0.057999,1,0,5
,,,,,,27204,251.7815499,-45.8435818,251.7815379,-45.8435805,16.2523,0.025,15.6296,0.048,15.4217,0.061,16.441999,0.035,15.364999,0.057999,14.583999,0.039,1,0,5
,,,,,,44710,251.7559661,-45.83994597,251.7559499,-45.8399486,16.2543,0.05,15.3426,0.045,14.8057,0.033,16.278999,0.056,14.527,0.041,13.689999,0.048999,1,0,5
,,,,,,27210,251.7803792,-45.84775647,251.7803634,-45.8477564,16.2603,0.058,15.6386,0.077,15.2707,0.083,16.023,0.071,14.708,0.052999,14.116999,0.086,1,0,5
,,,,,,27211,251.7769768,-45.84981931,251.7769584,-45.8498204,16.2623,0.048,15.6956,0.045,15.4317,0.053,16.469999,0.039999,15.267999,0.039,14.545999,0.025,1,0,5
,,,,,,4091,251.7513788,-45.84967859,251.7513532,-45.8496845,16.2683,0.047,15.7686,0.036,15.4327,0.041,16.412,0.021999,15.322999,0.027,14.651,0.023,1,0,5
,,,,,,44715,251.7485894,-45.83693678,251.7485736,-45.8369401,16.2693,0.046,15.2926,0.035,14.8157,0.043,16.121,0.023,14.270999,0.007,13.446999,0.014,1,0,5
,,,,,,18818,251.7595216,-45.86384948,251.7594866,-45.8638575,16.2743,0.051,15.6756,0.056,15.3157,0.064,16.288999,0.045,14.925,0.043999,14.376999,0.043999,1,0,5
,,,,,,19441,251.7596163,-45.85496529,251.7595887,-45.854971,16.2773,0.044,15.6706,0.053,15.3377,0.055,16.402999,0.041,14.914999,0.039999,14.262999,0.076999,1,0,5
,,,,,,27229,251.7729445,-45.85541989,251.7729203,-45.8554232,16.2913,0.067,15.6636,0.056,15.5117,0.111,16.299999,0.028,15.003,0.030999,14.333,0.052,1,0,5
,,,,,,27231,251.7777602,-45.85109038,251.7777409,-45.8510917,16.2923,0.036,15.5446,0.045,15.1507,0.046,16.277999,0.025,14.836999,0.021999,14.199,0.035,1,0,5
,,,,,,19396,251.7644874,-45.85610239,251.7644602,-45.8561075,16.2953,0.035,15.5836,0.039,15.1997,0.043,16.353,0.046,14.661999,0.035999,14.246,0.027,1,0,5
,,,,,,27233,251.7794786,-45.84074215,251.7794683,-45.8407405,16.2953,0.039,15.7746,0.043,15.4897,0.041,16.346,0.034,15.086999,0.028999,14.571,0.039,1,0,5
,,,,,,27237,251.7722213,-45.85008259,251.7722013,-45.8500847,16.2983,0.047,15.7596,0.045,15.4347,0.053,16.198999,0.059999,15.038,0.061999,14.505,0.057999,1,0,5
,,,,,,6039,251.7579016,-45.8470781,251.7578801,-45.8470822,16.3113,0.037,15.7676,0.047,15.4727,0.039,16.434999,0.048,15.59,0.079999,15.206999,0.141,1,0,5
,,,,,,6314,251.7472384,-45.84549691,251.7472152,-45.8455026,16.3133,0.027,15.8236,0.042,15.5277,0.037,16.334999,0.028999,15.289999,0.032,14.803999,0.041,1,0,5
,,,,,,5031,251.7526851,-45.85193579,251.7526581,-45.8519421,16.3163,0.24,15.3176,0.105,15.0297,0.117,14.305,0.016,13.1,0.012,12.505999,0.016,1,0,5
,,,,,,18820,251.7576765,-45.86380278,251.757641,-45.8638111,16.3183,0.034,15.6936,0.047,15.3627,0.044,16.364,0.021999,15.149999,0.021999,14.463999,0.029999,1,0,5
,,,,,,6611,251.7506538,-45.84369484,251.750633,-45.8436994,16.3283,0.028,15.7046,0.041,15.3617,0.037,16.656999,0.037999,14.934,0.05,14.789999,0.039,1,0,5
,,,,,,6275,251.7575948,-45.84571288,251.7575743,-45.8457167,16.3313,0.052,15.7196,0.062,15.4467,0.059,16.572,0.045,15.88,0.153999,14.828,0.079,1,0,5
,,,,,,27280,251.7751861,-45.85460278,251.7751632,-45.8546055,16.3753,0.091,15.1316,0.088,14.0107,0.069,16.150999,0.029999,13.333999,0.010999,12.093999,0.014999,1,0,5
,,,,,,22297,251.7609142,-45.85851719,251.760884,-45.8585236,16.3753,0.088,15.7256,0.11,15.3997,0.093,16.45,0.032999,14.984999,0.025,14.265999,0.037,1,0,5
,,,,,,6955,251.7489126,-45.84139975,251.7488932,-45.8414041,16.3873,0.044,15.7686,0.064,15.4847,0.064,16.391,0.017,15.321999,0.017999,14.81,0.027,1,0,5
,,,,,,18856,251.7585887,-45.86349356,251.7585537,-45.8635016,16.3883,0.038,15.7596,0.044,15.4507,0.048,16.372999,0.028,15.208,0.027,14.6,0.041999,1,0,5
,,,,,,9360,251.7509228,-45.85212212,251.7508951,-45.8521288,16.3903,0.06,15.7806,0.054,15.3567,0.043,16.462999,0.028,15.156999,0.035999,14.416999,0.035,1,0,5
,,,,,,6203,251.7457443,-45.84612727,251.7457201,-45.8461334,16.4073,0.029,15.4096,0.035,14.6807,0.037,16.51,0.018999,14.074999,0.009999,13.05,0.017,1,0,5
,,,,,,16360,251.7530473,-45.85150325,251.7530207,-45.8515093,16.4113,0.124,15.9126,0.127,15.5177,0.128,16.513999,0.037999,15.366999,0.027,14.791,0.041,1,0,5
,,,,,,27299,251.7794681,-45.85907631,251.7794427,-45.8590793,16.4353,0.033,15.6616,0.055,15.2837,0.051,16.406999,0.019999,15.071999,0.014,14.411999,0.017,1,0,5
,,,,,,7270,251.7468423,-45.83885107,251.7468245,-45.8388552,16.4353,0.029,15.7976,0.044,15.5587,0.036,16.43,0.017,15.295999,0.019999,14.682,0.023,1,0,5
,,,,,,18751,251.7744817,-45.86428332,251.7744505,-45.8642886,16.4463,0.043,15.8786,0.048,15.5137,0.049,16.568,0.025,15.373,0.025,14.772,0.019999,1,0,5
,,,,,,19270,251.7545785,-45.85888237,251.7545462,-45.85889,16.4473,0.023,15.6206,0.029,15.1817,0.038,16.524999,0.028,14.781,0.017,13.869999,0.016,1,0,5
,,,,,,44780,251.7514432,-45.83913752,251.7514264,-45.8391408,16.4553,0.047,15.8946,0.046,15.5617,0.048,16.521999,0.019999,15.411,0.017,14.760999,0.020999,1,0,5
,,,,,,5559,251.7486087,-45.84887989,251.748583,-45.8488862,16.4593,0.042,15.9116,0.042,15.6477,0.047,16.483999,0.041,15.362,0.034,14.788999,0.039999,1,0,5
,,,,,,27312,251.7806641,-45.85507791,251.7806423,-45.8550797,16.4683,0.07,15.5366,0.037,15.1187,0.046,16.228,0.017999,14.88,0.028999,13.975,0.039999,1,0,5
,,,,,,18908,251.7584007,-45.86304403,251.7583661,-45.863052,16.4803,0.053,15.9076,0.05,15.6417,0.046,16.531,0.032999,15.430999,0.032,14.777999,0.030999,1,0,5
,,,,,,44788,251.7600971,-45.84221431,251.7600801,-45.8422167,16.4833,0.038,15.7726,0.045,15.4527,0.04,16.535999,0.032999,15.486,0.059999,14.703,0.041999,1,0,5
,,,,,,19564,251.7614299,-45.85056739,251.7614065,-45.8505717,16.4843,0.092,15.9066,0.065,15.5227,0.064,16.670999,0.087999,15.699999,0.15,15.02,0.128999,1,0,5
,,,,,,19356,251.7749263,-45.8569304,251.7749014,-45.8569337,16.4853,0.039,15.7566,0.043,15.4027,0.038,16.649999,0.050999,15.260999,0.061999,14.529999,0.061,1,0,5
,,,,,,44792,251.7464861,-45.83735731,251.7464694,-45.8373611,16.4923,0.068,16.0066,0.055,15.6817,0.053,16.648,0.018999,15.536,0.017,14.937,0.020999,1,0,5
,,,,,,22496,251.7558621,-45.84976974,251.7558378,-45.8497749,16.5123,0.044,15.7826,0.056,15.0357,0.091,16.718,0.043999,14.965999,0.109999,14.881999,0.056,1,0,5
,,,,,,44805,251.7536534,-45.83753618,251.7536385,-45.8375386,16.5283,0.03,15.9196,0.037,15.6917,0.031,16.481,0.024,15.375,0.017999,14.776,0.029999,1,0,5
,,,,,,19235,251.753397,-45.85950574,251.7533639,-45.8595138,16.5283,0.026,15.9846,0.035,15.7067,0.036,16.589,0.027,15.552,0.032,14.934,0.041999,1,0,5
,,,,,,44808,251.7584863,-45.84014309,251.7584706,-45.8401453,16.5323,0.028,15.9416,0.051,15.6727,0.052,16.575,0.030999,15.475999,0.043,14.796999,0.041999,1,0,5
,,,,,,44818,251.7582277,-45.84530232,251.7582077,-45.8453059,16.5503,0.13,15.9416,0.13,15.4677,0.139,17.281,0.081,15.977,0.109999,14.798999,0.032,1,0,5
,,,,,,22104,251.765758,-45.86147794,251.7657268,-45.8614841,16.5553,0.058,15.6626,0.049,15.1017,0.069,16.316999,0.037999,14.484,0.019999,13.484,0.032,1,0,5
,,,,,,18635,251.7522999,-45.86513677,251.7522618,-45.8651464,16.5633,0.029,15.9386,0.045,15.6987,0.041,16.555,0.024,15.326,0.017,14.718,0.028,1,0,5
,,,,,,6500,251.7508269,-45.84445429,251.7508055,-45.844459,16.5643,0.039,16.0226,0.037,15.7237,0.039,16.688999,0.029999,15.364999,0.078,14.482,0.079,1,0,5
,,,,,,6515,251.7494214,-45.84418037,251.7493999,-45.8441853,16.5663,0.032,15.9246,0.041,15.6397,0.037,16.45,0.035999,15.388999,0.020999,14.796999,0.028,1,0,5
,,,,,,27355,251.7807995,-45.83821102,251.7807917,-45.8382085,16.5743,0.048,15.9776,0.057,15.6877,0.06,16.534999,0.028999,15.498,0.029999,14.963999,0.043999,1,0,5
,,,,,,27360,251.7823405,-45.8379869,251.7823333,-45.837984,16.5833,0.026,15.9996,0.039,15.6677,0.037,16.660999,0.032,15.298,0.039,14.916,0.032999,1,0,5
,,,,,,44835,251.7595806,-45.84234352,251.7595634,-45.8423461,16.5873,0.043,16.0336,0.051,15.7397,0.045,16.555999,0.054,15.597999,0.057,14.875,0.063,1,0,5
,,,,,,27372,251.7816976,-45.84712579,251.7816827,-45.8471254,16.6043,0.039,16.0416,0.042,15.5467,0.044,16.850999,0.043,15.515999,0.032999,14.885,0.046999,1,0,5
,,,,,,27373,251.7714331,-45.84684007,251.7714155,-45.8468415,16.6073,0.067,15.8066,0.07,15.7057,0.058,17.216999,0.109999,15.859,0.075,14.953,0.050999,1,0,5
,,,,,,19482,251.7674714,-45.85412688,251.7674467,-45.8541309,16.6093,0.025,15.8976,0.038,15.5937,0.035,16.763,0.046999,15.673999,0.094999,14.772,0.074,1,0,5
,,,,,,6264,251.7521059,-45.84571007,251.7520838,-45.8457149,16.6093,0.025,15.9366,0.036,15.6247,0.032,16.812999,0.035,15.432999,0.026,14.812,0.028999,1,0,5
,,,,,,19262,251.7614073,-45.85889352,251.7613769,-45.8588999,16.6123,0.052,15.8356,0.044,15.5787,0.046,16.405,0.029999,15.163,0.028999,14.425,0.046,1,0,5
,,,,,,43419,251.777074,-45.83790064,251.7770654,-45.8378987,16.6153,0.035,15.8866,0.055,15.4527,0.059,16.059999,0.072999,14.661999,0.057,13.993,0.09,1,0,5
,,,,,,18851,251.7676398,-45.86353495,251.7676074,-45.8635413,16.6323,0.044,16.0176,0.052,15.6817,0.057,16.589,0.035999,15.326,0.034,14.704999,0.054,1,0,5
,,,,,,6362,251.7503692,-45.84521406,251.7503471,-45.8452191,16.6433,0.03,15.7076,0.043,15.1267,0.046,16.87,0.043,14.819,0.027,13.838999,0.028999,1,0,5
,,,,,,6459,251.7501288,-45.84463751,251.7501071,-45.8446424,16.6483,0.051,16.0246,0.053,15.5687,0.054,16.881,0.035,15.421999,0.032999,14.657999,0.032,1,0,5
,,,,,,19346,251.7562347,-45.8571635,251.7562043,-45.8571704,16.6693,0.045,16.0706,0.046,15.7247,0.044,16.763,0.035999,15.635999,0.039999,14.942,0.043999,1,0,5
,,,,,,44870,251.767995,-45.8366889,251.7679848,-45.8366884,16.6843,0.07,16.1886,0.065,15.8987,0.075,16.688999,0.048999,15.911999,0.093999,15.168999,0.068999,1,0,5
,,,,,,27405,251.7751246,-45.85410717,251.7751021,-45.8541097,16.6883,0.057,16.0966,0.05,15.6707,0.052,16.879999,0.028999,15.470999,0.039999,14.557,0.027,1,0,5
,,,,,,19087,251.7756317,-45.86119399,251.7756034,-45.8611982,16.6893,0.039,16.1536,0.046,15.7927,0.044,16.797,0.028,15.465999,0.037,14.795,0.050999,1,0,5
,,,,,,19523,251.7543424,-45.85246657,251.7543153,-45.8524727,16.6923,0.039,16.0996,0.069,15.7627,0.068,16.466999,0.057,15.093,0.052,14.180999,0.075999,1,0,5
,,,,,,27415,251.7724953,-45.85276411,251.7724731,-45.8527668,16.7033,0.032,15.9956,0.049,15.6707,0.047,16.683,0.054999,15.213999,0.065999,14.439,0.056,1,0,5
,,,,,,19048,251.7750765,-45.86156709,251.7750478,-45.8615715,16.7073,0.037,16.1196,0.045,15.8067,0.039,16.320999,0.018999,14.864,0.028,14.234,0.039,1,0,5
,,,,,,6591,251.7495401,-45.843851,251.7495189,-45.8438558,16.7093,0.038,16.1746,0.039,15.7507,0.043,16.884,0.043999,15.689999,0.019999,15.017,0.030999,1,0,5
,,,,,,19498,251.7671908,-45.85375723,251.7671663,-45.8537612,16.7103,0.051,16.0186,0.053,15.7097,0.059,16.777,0.05,15.725999,0.064,14.744999,0.054,1,0,5
,,,,,,44882,251.7596825,-45.839076,251.7596681,-45.8390777,16.7123,0.049,16.1436,0.06,15.8167,0.053,16.496,0.061999,15.331,0.041999,14.751999,0.048,1,0,5
,,,,,,43427,251.7724593,-45.83790285,251.7724494,-45.8379018,16.7243,0.046,15.8996,0.065,15.3977,0.067,16.992,0.061999,15.687,0.064,14.880999,0.045,1,0,5
,,,,,,27432,251.7817676,-45.84194017,251.781757,-45.8419384,16.7383,0.022,16.0376,0.04,15.6897,0.036,16.795999,0.034,15.437,0.037,14.795999,0.061,1,0,5
,,,,,,6807,251.7504291,-45.84242268,251.7504093,-45.842427,16.7403,0.03,16.0686,0.039,15.8017,0.034,16.819999,0.028,15.626999,0.028,15.031,0.037999,1,0,5
,,,,,,27438,251.7800957,-45.85249478,251.7800759,-45.852496,16.7543,0.065,16.0706,0.058,15.6927,0.046,16.499,0.123999,15.090999,0.075999,14.701999,0.050999,1,0,5
,,,,,,19130,251.7789945,-45.86085363,251.7789674,-45.8608572,16.7603,0.043,16.1026,0.039,15.6627,0.042,16.893999,0.039999,15.479,0.026,14.767999,0.027,1,0,5
,,,,,,18760,251.7568503,-45.86425838,251.7568142,-45.864267,16.7623,0.031,16.1356,0.045,15.8797,0.041,16.820999,0.048999,16.208,0.172999,14.942,0.035999,1,0,5
,,,,,,27446,251.7756975,-45.84829687,251.77568,-45.8482979,16.7683,0.046,16.1816,0.05,15.9037,0.056,16.528999,0.05,15.218999,0.050999,14.71,0.061999,1,0,5
,,,,,,6890,251.7496497,-45.84189157,251.7496301,-45.8418959,16.7753,0.03,15.8636,0.039,15.2237,0.029,16.784,0.032,14.619999,0.054,13.847999,0.017,1,0,5
,,,,,,27450,251.7710251,-45.84611119,251.771008,-45.8461125,16.7793,0.045,16.2006,0.054,15.9537,0.039,16.908,0.071,15.404,0.061,15.043999,0.061999,1,0,5
,,,,,,43434,251.7798049,-45.83799432,251.779797,-45.8379919,16.7793,0.036,15.8346,0.043,15.2217,0.043,16.745,0.052999,14.663,0.028999,13.741999,0.029999,1,0,5
,,,,,,19241,251.7650703,-45.85944168,251.7650406,-45.8594475,16.7813,0.04,16.2376,0.049,16.0257,0.038,16.920999,0.059999,16.190999,0.116999,15.39,0.101999,1,0,5
,,,,,,27452,251.778755,-45.85838155,251.7787299,-45.8583845,16.7813,0.05,16.1016,0.044,15.6817,0.05,16.937999,0.025,15.541,0.017999,14.772999,0.019999,1,0,5
,,,,,,43435,251.781415,-45.8364525,251.7814089,-45.8364494,16.7823,0.037,16.1166,0.043,15.7087,0.039,16.707,0.021999,15.319,0.021999,14.619,0.025,1,0,5
,,,,,,758,251.7461577,-45.85177214,251.746129,-45.8517796,16.7973,0.035,16.2156,0.035,15.8887,0.043,16.639999,0.037,15.335,0.030999,14.718,0.052999,1,0,5
,,,,,,27467,251.7740848,-45.85358654,251.7740624,-45.8535892,16.8093,0.057,16.1626,0.054,15.7637,0.057,16.867,0.048999,15.595,0.052,14.866999,0.064,1,0,5
,,,,,,14418,251.7492135,-45.85304059,251.7491845,-45.8530478,16.8153,0.038,16.2336,0.042,15.9677,0.035,16.791999,0.043,15.571999,0.028999,15.01,0.041999,1,0,5
,,,,,,44928,251.7617167,-45.84313769,251.7616995,-45.84314,16.8183,0.039,15.9096,0.048,15.3287,0.043,16.537,0.043,14.659999,0.032,13.954,0.041999,1,0,5
,,,,,,6079,251.7524374,-45.84691342,251.7524144,-45.8469185,16.8223,0.038,16.1826,0.039,15.8457,0.039,16.695999,0.034,15.479999,0.029999,14.881999,0.035999,1,0,5
,,,,,,22336,251.7598109,-45.85735178,251.7597814,-45.8573581,16.8263,0.059,16.1186,0.083,15.8657,0.076,16.038,0.087999,14.543999,0.082999,14.166,0.081,1,0,5
,,,,,,5347,251.7519156,-45.84889432,251.7518908,-45.8489,16.8283,0.043,16.1606,0.054,15.7837,0.055,16.840999,0.037999,15.546999,0.024,14.975999,0.028,1,0,5
,,,,,,18841,251.7580863,-45.86360445,251.7580511,-45.8636126,16.8403,0.043,16.1206,0.058,15.6707,0.054,17.062999,0.043,15.687999,0.043999,14.937999,0.048,1,0,5
,,,,,,27481,251.7787714,-45.84823224,251.7787548,-45.8482326,16.8433,0.039,16.1226,0.054,15.8927,0.037,16.861,0.048,15.59,0.05,14.781,0.108,1,0,5
,,,,,,19427,251.7518949,-45.85526457,251.7518648,-45.8552718,16.8453,0.042,16.1016,0.045,15.8877,0.056,16.778999,0.037,15.534999,0.024,14.918999,0.030999,1,0,5
,,,,,,27487,251.7750014,-45.85001468,251.7749822,-45.8500162,16.8513,0.06,16.1596,0.059,15.7227,0.07,17.076999,0.057,15.887999,0.093999,15.086999,0.071,1,0,5
,,,,,,6199,251.7535868,-45.84614196,251.7535648,-45.8461466,16.8683,0.033,16.0826,0.05,15.7047,0.035,16.735,0.039,15.378,0.027,14.564999,0.027,1,0,5
,,,,,,4302,251.753287,-45.84957105,251.7532621,-45.8495766,16.8713,0.045,16.2936,0.047,15.9277,0.058,16.944,0.043999,15.663,0.056,14.880999,0.054,1,0,5
,,,,,,27503,251.7729838,-45.85278208,251.7729618,-45.8527847,16.8783,0.042,15.8126,0.052,15.0237,0.051,17.052999,0.046,14.571999,0.018999,13.440999,0.017999,1,0,5
,,,,,,44950,251.7546692,-45.83868752,251.7546536,-45.8386901,16.8783,0.038,16.0196,0.054,15.3667,0.046,16.535999,0.032,14.472,0.020999,13.512,0.030999,1,0,5
,,,,,,27505,251.7817005,-45.84798029,251.7816849,-45.8479801,16.8853,0.054,16.3506,0.059,16.0617,0.06,17.240999,0.078,16.225,0.086999,15.553,0.056,1,0,5
,,,,,,43443,251.777459,-45.83948806,251.7774493,-45.8394865,16.8863,0.053,16.2606,0.062,15.9877,0.051,16.552,0.09,15.451999,0.065999,14.689999,0.112,1,0,5
,,,,,,27513,251.7706291,-45.85107715,251.7706078,-45.8510798,16.8933,0.053,16.1596,0.076,15.9977,0.041,16.466999,0.039999,15.458999,0.061,14.689999,0.082999,1,0,5
,,,,,,44957,251.7500994,-45.83965638,251.7500818,-45.8396601,16.8963,0.037,16.1776,0.044,15.7637,0.045,17.083999,0.057,16.027999,0.082,15.055,0.041,1,0,5
,,,,,,27518,251.7774475,-45.85800309,251.7774224,-45.8580062,16.9063,0.059,16.2286,0.046,15.8297,0.053,16.922,0.024,15.557999,0.024,14.847999,0.032999,1,0,5
,,,,,,19319,251.7561898,-45.85770015,251.756159,-45.8577072,16.9083,0.036,16.2066,0.052,15.9997,0.041,16.777,0.064999,15.654,0.048,15.036999,0.064999,1,0,5
,,,,,,19309,251.7556836,-45.85795688,251.7556524,-45.8579641,16.9093,0.038,16.3036,0.036,16.0067,0.04,17.111999,0.039,15.954999,0.035999,15.421999,0.057,1,0,5
,,,,,,18777,251.7649047,-45.8641415,251.764871,-45.8641485,16.9113,0.028,16.2716,0.036,16.0207,0.039,16.971,0.030999,16.232999,0.064,15.321,0.048999,1,0,5
,,,,,,19225,251.7749719,-45.85958774,251.7749448,-45.8595917,16.9163,0.033,16.0866,0.047,15.6167,0.052,16.761999,0.029999,15.307999,0.037999,14.559,0.041999,1,0,5
,,,,,,27531,251.7799776,-45.84761636,251.7799618,-45.8476164,16.9273,0.042,16.1816,0.043,15.9197,0.034,16.791,0.045,15.493,0.037999,15.081999,0.050999,1,0,5
,,,,,,22130,251.7683504,-45.86098045,251.7683203,-45.860986,16.9343,0.027,16.2626,0.039,15.8487,0.04,17.084999,0.068999,15.369999,0.037,14.868,0.059,1,0,5
,,,,,,44970,251.7486392,-45.83850778,251.7486222,-45.8385114,16.9393,0.054,16.2926,0.061,16.0597,0.051,16.830999,0.037,15.685999,0.023,15.074999,0.037,1,0,5
,,,,,,7299,251.7476591,-45.83851235,251.7476417,-45.8385162,16.9603,0.037,16.1746,0.046,15.7847,0.049,16.628,0.024,15.239999,0.014999,14.618,0.018999,1,0,5
,,,,,,27546,251.7787808,-45.85112944,251.7787617,-45.8511306,16.9613,0.051,16.3146,0.042,15.9067,0.04,17.201999,0.057,15.762999,0.043,15.083999,0.050999,1,0,5
,,,,,,27560,251.7798523,-45.85336886,251.7798317,-45.8533703,16.9753,0.05,16.3456,0.041,15.9277,0.052,17.048,0.032,15.571,0.032,14.769,0.059,1,0,5
,,,,,,18869,251.7739123,-45.8632005,251.7738819,-45.8632056,16.9763,0.025,16.3026,0.028,15.9787,0.028,17.01,0.024,15.647,0.017,14.996999,0.027,1,0,5
,,,,,,27563,251.7808897,-45.84715991,251.7808746,-45.8471596,16.9793,0.037,16.2196,0.056,15.9687,0.055,17.132999,0.048999,15.965,0.063,15.064999,0.045,1,0,5
,,,,,,43450,251.7780127,-45.83837707,251.778004,-45.8383751,16.9863,0.034,16.3016,0.048,15.9057,0.055,16.964,0.032,15.796999,0.041999,15.107,0.035,1,0,5
,,,,,,6021,251.7463587,-45.84724968,251.7463338,-45.847256,16.9923,0.029,16.0006,0.043,15.2947,0.039,17.072999,0.030999,14.774,0.013,13.755999,0.017999,1,0,5
,,,,,,27567,251.7775584,-45.85303025,251.7775374,-45.8530321,16.9963,0.057,16.2866,0.068,15.8807,0.073,17.131999,0.032999,15.8,0.039999,15.074999,0.043,1,0,5
,,,,,,19552,251.7634202,-45.85147513,251.7633965,-45.8514793,17.0053,0.026,16.2016,0.045,15.9557,0.067,17.02,0.071999,15.366999,0.063,14.972,0.079999,1,0,5
,,,,,,27571,251.7755399,-45.8555424,251.7755163,-45.8555452,17.0073,0.05,16.3276,0.049,15.9337,0.047,17.148,0.046,16.461,0.164,14.958999,0.078,1,0,5
,,,,,,27582,251.7722564,-45.84780623,251.7722383,-45.8478077,17.0223,0.045,16.2766,0.06,16.0297,0.066,17.045,0.061999,16.072999,0.108999,14.904,0.086999,1,0,5
,,,,,,6243,251.7551816,-45.84597097,251.7551602,-45.8459753,17.0243,0.039,16.0546,0.049,15.4257,0.042,16.972,0.046999,14.876999,0.017999,13.925,0.017999,1,0,5
,,,,,,18736,251.7658936,-45.86443906,251.7658599,-45.864446,17.0343,0.057,16.1126,0.06,15.5287,0.048,17.025999,0.096,15.086,0.075999,14.078,0.074,1,0,5
,,,,,,44999,251.7597802,-45.84486211,251.759761,-45.8448653,17.0353,0.059,16.2776,0.058,15.8347,0.054,17.249,0.078,14.772999,0.048,15.046999,0.079,1,0,5
,,,,,,16148,251.7534621,-45.85139682,251.7534357,-45.8514028,17.0543,0.067,16.4346,0.086,15.9687,0.095,17.12,0.054999,15.588,0.027,14.947999,0.052,1,0,5
,,,,,,19470,251.7697597,-45.85445037,251.7697354,-45.854454,17.0553,0.039,16.2776,0.045,15.9087,0.056,16.729,0.061999,15.52,0.071,14.810999,0.082999,1,0,5
,,,,,,27610,251.7777829,-45.85570838,251.7777598,-45.8557108,17.0643,0.058,16.2336,0.055,15.6737,0.058,17.195999,0.034,15.151,0.028,14.149999,0.076999,1,0,5
,,,,,,27630,251.781104,-45.85594337,251.7810816,-45.8559453,17.0993,0.039,16.4096,0.056,15.9517,0.059,17.100999,0.048,15.711999,0.046999,14.958,0.041999,1,0,5
,,,,,,45019,251.7567919,-45.84190347,251.7567743,-45.8419064,17.0993,0.156,15.8806,0.074,14.8377,0.057,15.930999,0.037,13.843999,0.018999,12.668,0.028,1,0,5
,,,,,,27631,251.7770233,-45.85217337,251.7770029,-45.8521751,17.1013,0.041,16.3566,0.046,15.9047,0.052,16.909999,0.039,15.461999,0.020999,14.727,0.028999,1,0,5
,,,,,,27649,251.7762567,-45.85575631,251.7762331,-45.8557591,17.1513,0.042,16.4676,0.052,16.0547,0.049,17.261999,0.046999,15.482,0.071999,14.130999,0.093999,1,0,5
,,,,,,19231,251.7766522,-45.85953714,251.7766256,-45.8595408,17.1573,0.05,16.5106,0.045,16.1367,0.044,17.301,0.041999,15.864,0.046,15.057,0.052,1,0,5
,,,,,,19387,251.7622714,-45.85625154,251.7622435,-45.8562571,17.1593,0.026,16.5696,0.043,16.3807,0.039,16.865999,0.07,15.730999,0.089,15.5,0.067,1,0,5
,,,,,,19424,251.7644856,-45.85527272,251.7644591,-45.8552776,17.1593,0.028,16.4026,0.046,16.1577,0.045,16.466999,0.057999,15.503,0.059,14.574999,0.068,1,0,5
,,,,,,27655,251.7712913,-45.84730576,251.7712733,-45.8473073,17.1613,0.036,16.3446,0.05,15.9637,0.047,17.794,0.206,15.758999,0.061,15.282999,0.093,1,0,5
,,,,,,27659,251.7796763,-45.85312923,251.7796559,-45.8531307,17.1773,0.049,16.4676,0.065,15.9647,0.071,17.25,0.057999,15.545999,0.048999,14.763999,0.076999,1,0,5
,,,,,,27676,251.7810175,-45.85621552,251.7809949,-45.8562175,17.2093,0.067,16.5666,0.054,16.1057,0.064,17.326999,0.045,15.831,0.035999,15.098999,0.030999,1,0,5
,,,,,,27679,251.779013,-45.85277034,251.7789927,-45.8527718,17.2113,0.066,16.4996,0.063,16.1307,0.049,17.333,0.043999,15.833,0.028999,15.241,0.048999,1,0,5
,,,,,,27678,251.7772091,-45.84792996,251.7771923,-45.8479306,17.2113,0.038,16.7156,0.043,16.3617,0.043,17.284999,0.050999,16.379999,0.071,15.817,0.068999,1,0,5
,,,,,,6254,251.74925,-45.84591103,251.749227,-45.8459164,17.2163,0.031,16.5316,0.04,16.1767,0.032,17.333,0.046999,15.97,0.029999,15.397,0.052,1,0,5
,,,,,,27694,251.7744748,-45.85285513,251.7744531,-45.8528575,17.2473,0.046,16.4796,0.051,16.0867,0.057,17.250999,0.081,15.805999,0.068,15.246999,0.101999,1,0,5
,,,,,,19265,251.7773091,-45.8589389,251.7772832,-45.8589423,17.2553,0.057,16.2146,0.057,15.8317,0.047,17.170999,0.030999,15.51,0.025,14.666999,0.021999,1,0,5
,,,,,,27721,251.7774445,-45.85235731,251.7774241,-45.852359,17.2943,0.04,16.4806,0.048,16.2517,0.045,17.100999,0.028999,15.637,0.023,14.961999,0.032,1,0,5
,,,,,,5080,251.7497699,-45.84916308,251.7497443,-45.8491692,17.3083,0.034,16.7696,0.048,16.4847,0.049,17.547,0.048999,16.476999,0.068999,16.025999,0.057999,1,0,5
,,,,,,27728,251.7791373,-45.85479935,251.7791153,-45.8548013,17.3133,0.044,16.6186,0.053,16.1477,0.054,17.361999,0.039,15.762999,0.026,15.065999,0.045,1,0,5
,,,,,,27752,251.7792021,-45.85771347,251.7791777,-45.8577162,17.3493,0.059,16.7116,0.06,16.3097,0.062,17.59,0.059999,16.163,0.037,15.416,0.037999,1,0,5
,,,,,,45141,251.7462689,-45.83704235,251.7462524,-45.8370461,17.3503,0.047,16.6436,0.061,16.3427,0.048,17.306999,0.037999,15.97,0.037999,15.272999,0.05,1,0,5
,,,,,,45150,251.7689708,-45.83831232,251.7689596,-45.8383121,17.3683,0.097,16.6036,0.083,16.2167,0.049,17.822,0.261,15.779,0.098999,14.937999,0.067,1,0,5
,,,,,,22001,251.7575181,-45.86291926,251.7574834,-45.8629274,17.3733,0.073,16.7256,0.06,16.4117,0.051,17.01,0.105999,15.779,0.075,15.086999,0.101,1,0,5
,,,,,,19433,251.7590702,-45.85522645,251.7590422,-45.8552323,17.4033,0.029,16.7026,0.051,16.3987,0.044,17.441999,0.046999,16.229,0.052,15.423999,0.071999,1,0,5
,,,,,,19238,251.7674067,-45.85936429,251.7673776,-45.8593696,17.4303,0.039,16.6086,0.053,16.1327,0.049,17.118999,0.037999,15.791,0.048999,14.685999,0.046999,1,0,5
,,,,,,27790,251.7788541,-45.85721685,251.7788301,-45.8572195,17.4473,0.054,16.6636,0.055,16.2247,0.059,17.611999,0.057999,16.114,0.052,15.293999,0.043999,1,0,5
,,,,,,26353,251.7634039,-45.86226733,251.7633714,-45.8622742,17.4513,0.045,16.8706,0.082,16.5947,0.062,17.591999,0.059999,16.459999,0.059999,16.023,0.079999,1,0,5
,,,,,,7458,251.7456705,-45.83717893,251.7456537,-45.8371828,17.4633,0.057,16.7626,0.043,16.3207,0.047,17.555999,0.037999,16.079,0.028999,15.397999,0.027,1,0,5
,,,,,,27811,251.7793292,-45.85547535,251.7793067,-45.8554775,17.4763,0.054,16.9436,0.045,16.5907,0.055,17.541999,0.046,16.099,0.072999,14.857999,0.082999,1,0,5
,,,,,,19135,251.774602,-45.86078922,251.7745738,-45.8607936,17.4843,0.046,16.7236,0.054,16.2527,0.048,17.298,0.054999,15.812,0.032999,15.038999,0.046,1,0,5
,,,,,,6177,251.7490059,-45.84625082,251.7489825,-45.8462564,17.4983,0.029,17.0476,0.047,16.7597,0.047,17.566999,0.093999,16.341999,0.1,16.434,0.076999,1,0,5
,,,,,,27828,251.7780688,-45.85806046,251.7780439,-45.8580635,17.5283,0.061,16.8136,0.064,16.2807,0.066,17.788,0.050999,16.152,0.030999,15.204999,0.023,1,0,5
,,,,,,6224,251.7508209,-45.84595852,251.7507983,-45.8459636,17.5323,0.045,16.8596,0.041,16.3907,0.041,17.815999,0.079,16.118999,0.037,15.538999,0.059999,1,0,5
,,,,,,27865,251.777293,-45.85702462,251.7772686,-45.8570275,17.5953,0.076,17.1066,0.062,16.7947,0.067,17.568,0.061999,16.343,0.087999,15.623,0.089,1,0,5
,,,,,,13574,251.7464507,-45.85364378,251.7464205,-45.8536517,17.6443,0.024,17.0896,0.047,16.7967,0.048,17.593999,0.054,16.523,0.054999,16.127,0.061999,1,0,5
,,,,,,26630,251.7552453,-45.858533,251.7552135,-45.8585404,17.6513,0.034,16.8446,0.045,16.3927,0.039,17.368999,0.067,15.666,0.068999,14.984999,0.09,1,0,5
,,,,,,27891,251.7761303,-45.84881732,251.7761124,-45.8488184,17.6573,0.057,17.1036,0.062,16.6227,0.061,17.763,0.093999,16.847999,0.118,15.954,0.104999,1,0,5
,,,,,,19240,251.7678601,-45.85945927,251.7678311,-45.8594646,17.6663,0.058,16.8936,0.052,16.2777,0.054,17.739999,0.07,16.386999,0.112,15.270999,0.071999,1,0,5
,,,,,,9169,251.7465527,-45.85338841,251.7465227,-45.8533962,17.6973,0.061,17.0406,0.05,16.5237,0.053,17.836,0.054,16.298999,0.034,15.642,0.039,1,0,5
,,,,,,18860,251.7521208,-45.86342942,251.7520841,-45.8634387,17.6983,0.037,16.9706,0.037,16.4757,0.046,17.461999,0.046999,15.939,0.052,15.072999,0.076999,1,0,5
,,,,,,27918,251.7807512,-45.85893962,251.7807263,-45.8589423,17.7033,0.059,17.0286,0.058,16.5357,0.058,17.895,0.046999,16.457,0.039999,15.701999,0.041999,1,0,5
,,,,,,7100,251.7472821,-45.84024915,251.7472632,-45.8402535,17.7153,0.061,17.3286,0.051,17.1007,0.053,17.75,0.048,16.916999,0.054999,16.576999,0.087999,1,0,5
,,,,,,3603,251.7523565,-45.84995892,251.752331,-45.8499648,17.7153,0.036,16.6966,0.043,16.0727,0.046,17.436,0.061,15.435,0.025,14.446999,0.023,1,0,5
,,,,,,19559,251.7542087,-45.85079777,251.7541831,-45.8508035,17.7333,0.067,16.8676,0.069,16.2407,0.049,18.061,0.123,16.034,0.072999,14.71,0.028,1,0,5
,,,,,,22245,251.7598501,-45.85936524,251.759819,-45.859372,17.7343,0.037,16.9376,0.048,16.4857,0.036,17.524999,0.059999,15.847999,0.039,14.859999,0.039,1,0,5
,,,,,,27932,251.7754434,-45.85260776,251.7754222,-45.8526099,17.7463,0.055,16.9036,0.06,16.3997,0.048,18.082,0.111,16.43,0.097999,15.645999,0.118,1,0,5
,,,,,,18849,251.7682776,-45.86355365,251.7682454,-45.8635599,17.7473,0.056,17.0726,0.044,16.6947,0.041,17.618,0.064999,16.367,0.046999,15.717,0.048999,1,0,5
,,,,,,19549,251.7576584,-45.85153997,251.7576331,-45.8515452,17.7553,0.059,16.8616,0.068,16.3107,0.046,17.910999,0.157,16.075,0.097,14.644,0.041,1,0,5
,,,,,,6793,251.7491883,-45.84250691,251.7491681,-45.8425115,17.7693,0.026,16.8146,0.034,16.2187,0.038,17.981,0.057999,15.817,0.018999,14.857,0.028999,1,0,5
,,,,,,18990,251.7721174,-45.8621261,251.7720874,-45.8621313,17.7703,0.036,17.0136,0.038,16.5317,0.035,17.927,0.046999,16.434,0.050999,15.638999,0.048,1,0,5
,,,,,,22914,251.7561176,-45.85141311,251.756092,-45.8514186,17.7783,0.051,17.2186,0.039,17.0507,0.044,18.636999,0.296999,17.37,0.184,16.382999,0.1,1,0,5
,,,,,,22055,251.7747816,-45.86217434,251.7747523,-45.862179,17.7823,0.057,17.0466,0.047,16.4847,0.047,17.924999,0.061999,16.295,0.039999,15.576,0.039999,1,0,5
,,,,,,45328,251.7505715,-45.83707114,251.7505562,-45.8370741,17.7853,0.045,17.1746,0.049,16.6907,0.045,17.768999,0.061,16.284999,0.041999,15.585,0.043999,1,0,5
,,,,,,18749,251.754117,-45.86430929,251.7540801,-45.8643184,17.7963,0.037,17.1126,0.037,16.6727,0.033,17.503,0.103,15.753,0.082999,15.194,0.063,1,0,5
,,,,,,19514,251.7562894,-45.85279196,251.7562627,-45.8527978,17.8203,0.042,17.1646,0.055,16.6617,0.047,18.444999,0.208,16.993999,0.177,15.904999,0.108999,1,0,5
,,,,,,45356,251.759528,-45.84165442,251.7595114,-45.8416568,17.8373,0.031,17.1296,0.038,16.7167,0.035,18.162,0.103,16.541,0.054999,15.659,0.043,1,0,5
,,,,,,22024,251.7521806,-45.86241515,251.7521447,-45.8624242,17.8433,0.068,17.1376,0.074,16.5797,0.071,18.059,0.081,16.235,0.037,15.626,0.054999,1,0,5
,,,,,,45360,251.751703,-45.83946306,251.751686,-45.8394664,17.8503,0.056,17.2566,0.052,16.7787,0.061,17.743,0.075999,16.399999,0.059999,15.734,0.063,1,0,5
,,,,,,45369,251.7560845,-45.83712986,251.7560707,-45.8371318,17.8553,0.041,17.1346,0.043,16.6977,0.042,18.01,0.101999,16.305999,0.048,15.506999,0.046,1,0,5
,,,,,,6739,251.7506516,-45.84281234,251.7506316,-45.8428167,17.8583,0.043,17.2476,0.037,16.7277,0.041,18.079,0.072999,15.826,0.079,15.781999,0.046,1,0,5
,,,,,,26350,251.7643105,-45.86234342,251.7642781,-45.8623501,17.8743,0.073,17.2416,0.112,16.7407,0.115,18.252,0.1,16.768999,0.098999,15.75,0.05,1,0,5
,,,,,,19336,251.7548734,-45.857362,251.7548425,-45.8573692,17.8783,0.049,17.2746,0.046,16.8517,0.054,17.830999,0.05,16.548,0.045,16.052,0.064999,1,0,5
,,,,,,18829,251.7632396,-45.86371263,251.7632057,-45.8637199,17.8903,0.032,16.9176,0.052,16.3167,0.043,18.048,0.074,15.682999,0.026,14.611,0.037999,1,0,5
,,,,,,19045,251.7715134,-45.86157978,251.7714837,-45.8615849,17.9163,0.058,17.4336,0.057,17.0917,0.062,18.145,0.079,17.277,0.375999,17.266,0.296999,1,0,5
,,,,,,16158,251.7579576,-45.84812605,251.7579352,-45.8481304,17.9443,0.185,17.3006,0.146,17.0607,0.229,17.596,0.107,16.551,0.178,16.141,0.231,1,0,5
,,,,,,203,251.7502461,-45.8522451,251.7502182,-45.8522519,17.9533,0.042,17.4146,0.036,17.1077,0.038,18.160999,0.079,17.118999,0.127,17.125999,0.266,1,0,5
,,,,,,410,251.7486785,-45.8457392,251.7486554,-45.8457447,17.9543,0.04,17.5616,0.05,17.1537,0.07,17.582,0.057999,16.707,0.115999,16.399,0.085,1,0,5
,,,,,,45441,251.7508267,-45.83750246,251.7508111,-45.8375054,17.9613,0.042,17.4676,0.046,17.1587,0.047,17.777999,0.064,16.493999,0.054999,15.88,0.085,1,0,5
,,,,,,21936,251.7528925,-45.86369147,251.7528558,-45.8637007,17.9633,0.055,17.4766,0.038,17.1797,0.048,17.836999,0.075,17.295,0.093,16.402999,0.1,1,0,5
,,,,,,81,251.7460242,-45.85235889,251.7459949,-45.8523665,17.9963,0.034,17.4196,0.045,17.1147,0.046,17.832,0.076999,16.649,0.089,16.076,0.111,1,0,5
,,,,,,28077,251.7788279,-45.85301161,251.7788073,-45.8530132,18.0043,0.055,17.2086,0.059,16.6737,0.059,18.086999,0.079999,16.385999,0.046,15.638999,0.064,1,0,5
,,,,,,45471,251.7531057,-45.83763515,251.7530906,-45.8376377,18.0073,0.066,17.3466,0.049,16.8567,0.042,17.927,0.071,16.402999,0.043,15.744,0.048999,1,0,5
,,,,,,19029,251.7742967,-45.86140448,251.7742679,-45.861409,18.0733,0.027,17.2866,0.044,16.8427,0.042,18.042999,0.052,16.472999,0.037,15.581999,0.030999,1,0,5
,,,,,,18795,251.7581614,-45.86403477,251.7581259,-45.8640431,18.0783,0.036,17.4936,0.046,17.0057,0.042,18.583999,0.118,17.923,0.266999,16.76,0.150999,1,0,5
,,,,,,5681,251.7536562,-45.84880216,251.753632,-45.8488075,18.0873,0.053,17.5556,0.049,17.1347,0.055,18.194,0.081,16.811,0.108999,16.211,0.101,1,0,5
,,,,,,10583,251.7507044,-45.84552152,251.7506821,-45.8455266,18.1503,0.046,17.4676,0.031,16.8957,0.04,18.752,0.165,16.777,0.064,16.024,0.094999,1,0,5
,,,,,,18943,251.7739082,-45.86265066,251.7738782,-45.8626556,18.2033,0.047,17.6336,0.04,17.1157,0.043,18.434999,0.089,17.062999,0.071999,16.284,0.059999,1,0,5
,,,,,,45624,251.7565185,-45.83686542,251.756505,-45.8368672,18.2343,0.059,17.6876,0.059,17.3137,0.066,18.628999,0.115,17.395999,0.083999,16.6,0.074,1,0,5
,,,,,,19163,251.7526465,-45.86043528,251.7526124,-45.8604437,18.2643,0.046,17.5586,0.029,17.0337,0.034,18.729,0.101999,17.128999,0.096,16.260999,0.087999,1,0,5
,,,,,,22463,251.7538495,-45.85214742,251.7538226,-45.8521535,18.3643,0.07,17.6506,0.063,17.0527,0.062,18.198999,0.112,16.291,0.07,15.472,0.071,1,0,5
,,,,,,6089,251.7503477,-45.8467298,251.7503243,-45.8467352,18.4593,0.051,17.8296,0.036,17.3497,0.05,18.524,0.108,16.621,0.104999,16.240999,0.074,1,0,5
,,,,,,12746,251.7488295,-45.85267163,251.7488008,-45.8526788,18.5253,0.054,17.8736,0.053,17.3097,0.055,18.538,0.093,16.868999,0.065999,16.350999,0.085,1,0,5
,,,,,,6134,251.7647169,-45.8374215,251.7647053,-45.8374218,99.9999,9.9999,99.9999,9.9999,99.9999,9.9999,9.7650003,0.231999,9.5959997,0.141,8.7410001,0.270999,1,0,5
,,,,,,5945,251.7554203,-45.8437302,251.7554008,-45.8437339,99.9999,9.9999,99.9999,9.9999,99.9999,9.9999,10.171999,0.207,9.3479995,0.112,8.6350002,0.188999,1,0,5
5.94E+18,251.7715813,-45.85750029,,,NOT_AVAILABLE,5593,251.7716013,-45.8574999,251.771575,-45.857504,99.9999,9.9999,99.9999,9.9999,99.9999,9.9999,12.329999,0.013,10.784,0.008,10.098999,0.017999,1,0,5
5.94E+18,251.753059,-45.85334607,,,NOT_AVAILABLE,3324,251.7530923,-45.8533467,251.7530642,-45.8533533,99.9999,9.9999,99.9999,9.9999,99.9999,9.9999,12.378,0.014999,11.276,0.010999,10.779999,0.017,1,0,5
,,,,,,4922,251.7693336,-45.8555462,251.7693083,-45.8555502,99.9999,9.9999,99.9999,9.9999,99.9999,9.9999,12.689,0.032999,10.923,0.07,9.7250003,0.115,1,0,5
,,,,,,3437,251.7795829,-45.8490198,251.7795658,-45.8490202,99.9999,9.9999,99.9999,9.9999,99.9999,9.9999,13.079999,0.014,10.251999,0.008999,8.8129997,0.017999,1,0,5
,,,,,,5923,251.7605819,-45.8494229,251.7605592,-45.849427,99.9999,9.9999,99.9999,9.9999,99.9999,9.9999,13.083,0.029999,12.015999,0.048,11.171999,0.119,1,0,5
5.94E+18,251.7532909,-45.83874703,,,NOT_AVAILABLE,1737,251.7532903,-45.8387666,251.7532743,-45.8387694,99.9999,9.9999,99.9999,9.9999,99.9999,9.9999,13.178999,0.010999,11.812999,0.007,11.156,0.013,1,0,5
5.94E+18,251.7561497,-45.83847942,,,NOT_AVAILABLE,1759,251.756158,-45.838484,251.7561431,-45.8384862,99.9999,9.9999,99.9999,9.9999,99.9999,9.9999,13.206999,0.013,11.258999,0.008,10.465,0.014,1,0,5
5.94E+18,251.7674324,-45.84068288,,,NOT_AVAILABLE,6106,251.767432,-45.840717,251.7674184,-45.8407177,99.9999,9.9999,99.9999,9.9999,99.9999,9.9999,13.251,0.017999,12.065999,0.028999,11.548,0.061999,1,0,5
5.94E+18,251.7553311,-45.85131549,,,NOT_AVAILABLE,5006,251.7553579,-45.8513188,251.7553321,-45.8513244,99.9999,9.9999,99.9999,9.9999,99.9999,9.9999,13.440999,0.012,12.295,0.009999,11.76,0.016,1,0,5
5.94E+18,251.7576431,-45.85231038,,,NOT_AVAILABLE,1280,251.7576618,-45.8523157,251.7576358,-45.8523211,99.9999,9.9999,99.9999,9.9999,99.9999,9.9999,13.453,0.013,12.258,0.009999,11.671999,0.016,1,0,5
,,,,,,5621,251.7758206,-45.8518632,251.7758001,-45.8518651,99.9999,9.9999,99.9999,9.9999,99.9999,9.9999,13.477999,0.016,12.078,0.008999,11.404999,0.020999,1,0,5
5.94E+18,251.7630181,-45.8532991,,,NOT_AVAILABLE,1222,251.7630371,-45.8533059,251.7630118,-45.8533106,99.9999,9.9999,99.9999,9.9999,99.9999,9.9999,13.789999,0.012,12.625,0.014,12.086,0.019999,1,0,5
,,,,,,5669,251.769442,-45.8417673,251.7694281,-45.8417678,99.9999,9.9999,99.9999,9.9999,99.9999,9.9999,13.822999,0.019999,12.939999,0.045,11.347,0.217999,1,0,5
5.94E+18,251.7547127,-45.85957034,,,NOT_AVAILABLE,3147,251.7547495,-45.8595696,251.7547167,-45.8595774,99.9999,9.9999,99.9999,9.9999,99.9999,9.9999,13.855999,0.014999,12.741999,0.008,12.222,0.014,1,0,5
5.94E+18,251.7546395,-45.85467367,,,NOT_AVAILABLE,5899,251.7546728,-45.8546816,251.754644,-45.8546882,99.9999,9.9999,99.9999,9.9999,99.9999,9.9999,13.873,0.028999,12.657999,0.017,12.149,0.039999,1,0,5
,,,,,,1744,251.7642403,-45.8387902,251.7642274,-45.838791,99.9999,9.9999,99.9999,9.9999,99.9999,9.9999,14.531999,0.020999,11.600999,0.010999,10.258999,0.012,1,0,5
,,,,,,6177,251.7796263,-45.8447903,251.7796127,-45.8447897,99.9999,9.9999,99.9999,9.9999,99.9999,9.9999,15.196999,0.093999,13.763999,0.086999,12.756999,0.082,1,0,5
,,,,,,904,251.7698438,-45.8628995,251.7698125,-45.8629053,99.9999,9.9999,99.9999,9.9999,99.9999,9.9999,15.229,0.096,14.213999,0.072999,13.699999,0.136,1,0,5
,,,,,,4832,251.7786334,-45.8605386,251.7786065,-45.8605421,99.9999,9.9999,99.9999,9.9999,99.9999,9.9999,15.628,0.075999,14.477999,0.059999,13.892,0.108999,1,0,5
,,,,,,6152,251.7671873,-45.8510114,251.7671651,-45.8510147,99.9999,9.9999,99.9999,9.9999,99.9999,9.9999,15.840999,0.043999,14.720999,0.076999,13.784999,0.155,1,0,5
,,,,,,5157,251.762556,-45.8426528,251.7625394,-45.8426549,99.9999,9.9999,99.9999,9.9999,99.9999,9.9999,16.020999,0.072999,14.086,0.061999,12.666,0.127,1,0,5
,,,,,,6105,251.7755368,-45.8408103,251.7755254,-45.8408094,99.9999,9.9999,99.9999,9.9999,99.9999,9.9999,16.150999,0.093999,14.859999,0.094999,14.045,0.094999,1,0,5
,,,,,,3753,251.7553748,-45.8367479,251.7553611,-45.8367498,99.9999,9.9999,99.9999,9.9999,99.9999,9.9999,17.326,0.079999,15.590999,0.052999,14.859999,0.093,1,0,5
,,,,,,5087,251.7547132,-45.8481932,251.7546898,-45.8481981,99.9999,9.9999,99.9999,9.9999,99.9999,9.9999,17.587999,0.063,16.257999,0.052999,15.449,0.082999,1,0,5
5.94E+18,251.7411202,-45.85768802,,,NOT_AVAILABLE,9141,251.7411846,-45.857683,251.7411495,-45.8576929,17.7093,0.061,17.3386,0.062,16.9967,0.06,99.9999,9.9999,99.9999,9.9999,99.9999,9.9999,0,0,5
5.94E+18,251.7391322,-45.85907328,,,NOT_AVAILABLE,7997,251.739197,-45.85906887,251.7391602,-45.8590795,15.6773,0.033,15.0876,0.053,14.7967,0.055,15.697999,0.013,14.593999,0.008999,14.045,0.018999,0,0,5
5.94E+18,251.7448454,-45.83933764,,,NOT_AVAILABLE,7211,251.7449178,-45.83933524,251.744899,-45.8393398,16.5703,0.023,15.9956,0.042,15.7507,0.035,16.565,0.018999,15.588,0.014999,15.131999,0.020999,0,0,5
5.94E+18,251.7356919,-45.85500085,,,NOT_AVAILABLE,11974,251.735759,-45.85499521,251.7357247,-45.8550055,15.5133,0.038,14.9856,0.051,14.7467,0.046,15.560999,0.013,14.477999,0.008,13.904999,0.017,0,0,5
5.94E+18,251.7397268,-45.84153749,,,NOT_AVAILABLE,6942,251.7398035,-45.84152944,251.7397815,-45.8415355,17.4973,0.037,17.0716,0.042,16.7337,0.044,17.708,0.043,16.527999,0.037,16.218999,0.054999,0,0,5
5.94E+18,251.7841108,-45.84463986,,,NOT_AVAILABLE,26862,251.7841262,-45.8446424,251.784114,-45.8446409,14.4223,0.043,13.8446,0.042,13.4907,0.036,14.437999,0.013,13.222,0.014999,12.645999,0.021999,0,0,5
5.94E+18,251.7813799,-45.86301854,,,NOT_AVAILABLE,892,251.781397,-45.8630159,251.7813689,-45.8630195,99.9999,9.9999,99.9999,9.9999,99.9999,9.9999,14.086999,0.010999,12.854999,0.014999,12.314,0.020999,0,0,5
5.94E+18,251.7825117,-45.84040935,,,NOT_AVAILABLE,27018,251.7825284,-45.84040927,251.7825193,-45.840407,15.5263,0.036,14.9926,0.041,14.6987,0.034,99.9999,9.9999,99.9999,9.9999,99.9999,9.9999,0,0,5
5.94E+18,251.7520794,-45.87080705,,,NOT_AVAILABLE,17633,251.7521089,-45.87079453,251.7520661,-45.8708057,16.4013,0.023,15.8856,0.036,15.6147,0.044,16.527,0.024,15.498,0.024,14.956999,0.034,0,0,5
5.94E+18,251.7656763,-45.83253787,,,NOT_AVAILABLE,1965,251.7656772,-45.8325456,251.7656699,-45.8325445,99.9999,9.9999,99.9999,9.9999,99.9999,9.9999,12.394,0.010999,11.170999,0.007,10.633999,0.009999,0,0,5
5.94E+18,251.7828434,-45.83969231,,,NOT_AVAILABLE,26875,251.7828608,-45.83969348,251.7828523,-45.8396909,14.5583,0.033,14.0926,0.056,13.7727,0.037,14.564999,0.014,13.501999,0.009999,12.993,0.014999,0,0,5
5.94E+18,251.7686001,-45.83237982,,,NOT_AVAILABLE,44954,251.7685625,-45.83238325,251.7685561,-45.8323816,16.8873,0.052,16.3926,0.048,16.2147,0.045,16.927999,0.023,15.897,0.027,15.638999,0.054999,0,0,5
5.94E+18,251.751665,-45.87258292,,,NOT_AVAILABLE,543,251.7517195,-45.8725589,251.7516751,-45.8725705,99.9999,9.9999,99.9999,9.9999,99.9999,9.9999,13.583999,0.012,11.843,0.008999,11.152999,0.016,0,0,5
5.94E+18,251.7748991,-45.8708644,,,NOT_AVAILABLE,17625,251.7749166,-45.87085846,251.7748802,-45.8708653,17.5163,0.043,17.1006,0.045,16.7397,0.045,99.9999,9.9999,99.9999,9.9999,99.9999,9.9999,0,0,5
5.94E+18,251.7906556,-45.84453734,,,NOT_AVAILABLE,1539,251.7906558,-45.8445478,251.7906455,-45.844545,99.9999,9.9999,99.9999,9.9999,99.9999,9.9999,12.767,0.013,11.595999,0.012,11.081999,0.018999,0,0,5
5.94E+18,251.7915312,-45.84384199,,,NOT_AVAILABLE,27952,251.7915551,-45.84383909,251.7915457,-45.843836,17.7843,0.056,17.3616,0.049,17.0737,0.058,17.829999,0.048999,16.773,0.061,16.444,0.064999,0,0,5
5.94E+18,251.7749765,-45.87304947,,,NOT_AVAILABLE,528,251.7750134,-45.8730396,251.7749752,-45.873047,99.9999,9.9999,99.9999,9.9999,99.9999,9.9999,13.845999,0.012,12.737,0.007,12.196,0.016,0,0,5
5.94E+18,251.7938666,-45.85026258,,,NOT_AVAILABLE,27122,251.7938838,-45.85026533,251.7938698,-45.8502634,15.9593,0.049,15.3556,0.049,15.0457,0.05,15.897999,0.014999,14.670999,0.014999,14.109999,0.023,0,0,5
5.94E+18,251.7932807,-45.84378412,,,NOT_AVAILABLE,26904,251.7933006,-45.84378656,251.7932918,-45.8437831,14.8213,0.04,14.3616,0.046,14.0107,0.043,14.965999,0.013,13.814,0.013,13.307999,0.020999,0,0,5
5.94E+18,251.7209724,-45.85083765,,,NOT_AVAILABLE,2213,251.7210352,-45.85082937,251.7210001,-45.8508414,14.3983,0.03,13.9236,0.045,13.6367,0.035,99.9999,9.9999,99.9999,9.9999,99.9999,9.9999,0,0,5
5.94E+18,251.7949079,-45.83451498,,,NOT_AVAILABLE,1901,251.7949053,-45.834523,251.7949045,-45.8345169,99.9999,9.9999,99.9999,9.9999,99.9999,9.9999,13.822999,0.014999,12.562999,0.010999,12.017999,0.017999,0,0,5
5.94E+18,251.7872177,-45.82813465,,,NOT_AVAILABLE,2098,251.7872122,-45.8281367,251.7872146,-45.8281304,99.9999,9.9999,99.9999,9.9999,99.9999,9.9999,14.095999,0.012,12.965,0.008999,12.451999,0.014,0,0,5
5.94E+18,251.7503863,-45.82139296,,,NOT_AVAILABLE,45157,251.7503399,-45.82139329,251.7503374,-45.8213923,17.3973,0.039,16.9626,0.035,16.7527,0.035,17.490999,0.035999,16.754999,0.046999,16.363,0.048,0,0,5
5.94E+18,251.744793,-45.82199979,,,NOT_AVAILABLE,44426,251.7447557,-45.82199652,251.7447512,-45.8219968,14.5623,0.033,14.0836,0.055,13.7787,0.03,14.565999,0.018999,13.548999,0.018999,13.06,0.021999,0,0,5
5.94E+18,251.8072512,-45.84792843,,,NOT_AVAILABLE,1408,251.8072603,-45.8479366,251.8072519,-45.8479315,99.9999,9.9999,99.9999,9.9999,99.9999,9.9999,13.512,0.009999,12.27,0.008,11.765999,0.012,0,0,5
5.94E+18,251.7165057,-45.83726614,,,NOT_AVAILABLE,7422,251.7165708,-45.83725765,251.7165457,-45.8372671,17.3113,0.04,16.8566,0.044,16.5787,0.047,99.9999,9.9999,99.9999,9.9999,99.9999,9.9999,0,0,5
5.94E+18,251.7805875,-45.81901798,,,NOT_AVAILABLE,4452,251.7805754,-45.8190089,251.7805834,-45.8190016,99.9999,9.9999,99.9999,9.9999,99.9999,9.9999,12.956999,0.014,11.340999,0.009999,10.578,0.016,0,0,5
5.94E+18,251.7407921,-45.81720338,,,NOT_AVAILABLE,45133,251.7407528,-45.81719874,251.7407511,-45.8171985,17.3323,0.055,16.8716,0.049,16.5897,0.059,99.9999,9.9999,99.9999,9.9999,99.9999,9.9999,0,0,5
5.94E+18,251.7254362,-45.82180305,,,NOT_AVAILABLE,4111,251.7254436,-45.8217835,251.7254338,-45.8217874,99.9999,9.9999,99.9999,9.9999,99.9999,9.9999,17.122999,0.043,16.301,0.039999,15.932,0.046999,0,0,5
5.94E+18,251.752552,-45.81327559,,,NOT_AVAILABLE,44391,251.7525194,-45.81327374,251.7525243,-45.8132703,14.0713,0.039,13.5316,0.043,13.2217,0.041,99.9999,9.9999,99.9999,9.9999,99.9999,9.9999,0,0,5
5.94E+18,251.7253794,-45.82091143,,,NOT_AVAILABLE,5443,251.725375,-45.8208911,251.7253659,-45.8208947,99.9999,9.9999,99.9999,9.9999,99.9999,9.9999,15.541,0.032999,14.475999,0.030999,13.956999,0.035,0,0,5
5.94E+18,251.8141993,-45.86685098,,,NOT_AVAILABLE,5548,251.8142318,-45.8668484,251.8142097,-45.8668468,99.9999,9.9999,99.9999,9.9999,99.9999,9.9999,13.468999,0.018999,11.916999,0.016,11.232999,0.026,0,0,5
5.94E+18,251.7612589,-45.80254039,,,NOT_AVAILABLE,44994,251.7612452,-45.80254155,251.7612614,-45.8025338,17.0113,0.043,16.4956,0.077,16.2167,0.069,99.9999,9.9999,99.9999,9.9999,99.9999,9.9999,0,0,5
,,,,,,,,,,,,,,,,,,,,,,,,,
,,,,,,,,,,,,,,,,,,,,,,,,,
,,,,,,,,,,,,,,,,,,,,,,,,,
,,,,,,,,,,,,,,,,,,,,,,,,,
,,,,,,,,,,,,,,,,,,,,,,,,,
,,,,,,,,,,,,,,,,,,,,,,,,,
,,,,,,,,,,,,,,,,,,,,,,,,,
,,,,,,,,,,,,,,,,,,,,,,,,,
,,,,,,,,,,,,,,,,,,,,,,,,,
,,,,,,,,,,,,,,,,,,,,,,,,,
,,,,,,,,,,,,,,,,,,,,,,,,,
,,,,,,,,,,,,,,,,,,,,,,,,,
,,,,,,,,,,,,,,,,,,,,,,,,,
,,,,,,,,,,,,,,,,,,,,,,,,,
,,,,,,,,,,,,,,,,,,,,,,,,,
,,,,,,,,,,,,,,,,,,,,,,,,,
,,,,,,,,,,,,,,,,,,,,,,,,,
,,,,,,,,,,,,,,,,,,,,,,,,,
,,,,,,,,,,,,,,,,,,,,,,,,,
,,,,,,,,,,,,,,,,,,,,,,,,,
,,,,,,,,,,,,,,,,,,,,,,,,,
,,,,,,,,,,,,,,,,,,,,,,,,,
,,,,,,,,,,,,,,,,,,,,,,,,,
,,,,,,,,,,,,,,,,,,,,,,,,,
,,,,,,,,,,,,,,,,,,,,,,,,,
,,,,,,,,,,,,,,,,,,,,,,,,,
,,,,,,,,,,,,,,,,,,,,,,,,,
,,,,,,,,,,,,,,,,,,,,,,,,,
,,,,,,,,,,,,,,,,,,,,,,,,,
,,,,,,,,,,,,,,,,,,,,,,,,,
,,,,,,,,,,,,,,,,,,,,,,,,,
,,,,,,,,,,,,,,,,,,,,,,,,,
,,,,,,,,,,,,,,,,,,,,,,,,,
,,,,,,,,,,,,,,,,,,,,,,,,,
,,,,,,,,,,,,,,,,,,,,,,,,,
,,,,,,,,,,,,,,,,,,,,,,,,,
,,,,,,,,,,,,,,,,,,,,,,,,,
,,,,,,,,,,,,,,,,,,,,,,,,,
,,,,,,,,,,,,,,,,,,,,,,,,,
,,,,,,,,,,,,,,,,,,,,,,,,,
,,,,,,,,,,,,,,,,,,,,,,,,,
,,,,,,,,,,,,,,,,,,,,,,,,,
,,,,,,,,,,,,,,,,,,,,,,,,,
,,,,,,,,,,,,,,,,,,,,,,,,,
,,,,,,,,,,,,,,,,,,,,,,,,,
,,,,,,,,,,,,,,,,,,,,,,,,,
,,,,,,,,,,,,,,,,,,,,,,,,,
,,,,,,,,,,,,,,,,,,,,,,,,,
,,,,,,,,,,,,,,,,,,,,,,,,,
,,,,,,,,,,,,,,,,,,,,,,,,,
,,,,,,,,,,,,,,,,,,,,,,,,,
,,,,,,,,,,,,,,,,,,,,,,,,,
,,,,,,,,,,,,,,,,,,,,,,,,,
,,,,,,,,,,,,,,,,,,,,,,,,,
,,,,,,,,,,,,,,,,,,,,,,,,,
,,,,,,,,,,,,,,,,,,,,,,,,,
,,,,,,,,,,,,,,,,,,,,,,,,,
,,,,,,,,,,,,,,,,,,,,,,,,,
,,,,,,,,,,,,,,,,,,,,,,,,,
,,,,,,,,,,,,,,,,,,,,,,,,,
,,,,,,,,,,,,,,,,,,,,,,,,,
,,,,,,,,,,,,,,,,,,,,,,,,,
,,,,,,,,,,,,,,,,,,,,,,,,,
,,,,,,,,,,,,,,,,,,,,,,,,,
,,,,,,,,,,,,,,,,,,,,,,,,,
,,,,,,,,,,,,,,,,,,,,,,,,,
,,,,,,,,,,,,,,,,,,,,,,,,,
,,,,,,,,,,,,,,,,,,,,,,,,,
,,,,,,,,,,,,,,,,,,,,,,,,,
,,,,,,,,,,,,,,,,,,,,,,,,,
,,,,,,,,,,,,,,,,,,,,,,,,,
,,,,,,,,,,,,,,,,,,,,,,,,,
,,,,,,,,,,,,,,,,,,,,,,,,,
,,,,,,,,,,,,,,,,,,,,,,,,,
,,,,,,,,,,,,,,,,,,,,,,,,,
,,,,,,,,,,,,,,,,,,,,,,,,,
,,,,,,,,,,,,,,,,,,,,,,,,,
,,,,,,,,,,,,,,,,,,,,,,,,,
,,,,,,,,,,,,,,,,,,,,,,,,,
,,,,,,,,,,,,,,,,,,,,,,,,,
,,,,,,,,,,,,,,,,,,,,,,,,,
,,,,,,,,,,,,,,,,,,,,,,,,,
,,,,,,,,,,,,,,,,,,,,,,,,,
,,,,,,,,,,,,,,,,,,,,,,,,,
,,,,,,,,,,,,,,,,,,,,,,,,,
,,,,,,,,,,,,,,,,,,,,,,,,,
,,,,,,,,,,,,,,,,,,,,,,,,,
,,,,,,,,,,,,,,,,,,,,,,,,,
,,,,,,,,,,,,,,,,,,,,,,,,,
,,,,,,,,,,,,,,,,,,,,,,,,,
,,,,,,,,,,,,,,,,,,,,,,,,,
,,,,,,,,,,,,,,,,,,,,,,,,,
,,,,,,,,,,,,,,,,,,,,,,,,,
,,,,,,,,,,,,,,,,,,,,,,,,,
,,,,,,,,,,,,,,,,,,,,,,,,,
,,,,,,,,,,,,,,,,,,,,,,,,,
,,,,,,,,,,,,,,,,,,,,,,,,,
,,,,,,,,,,,,,,,,,,,,,,,,,
,,,,,,,,,,,,,,,,,,,,,,,,,
,,,,,,,,,,,,,,,,,,,,,,,,,
,,,,,,,,,,,,,,,,,,,,,,,,,
,,,,,,,,,,,,,,,,,,,,,,,,,
,,,,,,,,,,,,,,,,,,,,,,,,,
,,,,,,,,,,,,,,,,,,,,,,,,,
,,,,,,,,,,,,,,,,,,,,,,,,,
,,,,,,,,,,,,,,,,,,,,,,,,,
,,,,,,,,,,,,,,,,,,,,,,,,,
,,,,,,,,,,,,,,,,,,,,,,,,,
,,,,,,,,,,,,,,,,,,,,,,,,,
,,,,,,,,,,,,,,,,,,,,,,,,,
,,,,,,,,,,,,,,,,,,,,,,,,,
,,,,,,,,,,,,,,,,,,,,,,,,,
,,,,,,,,,,,,,,,,,,,,,,,,,
,,,,,,,,,,,,,,,,,,,,,,,,,
,,,,,,,,,,,,,,,,,,,,,,,,,
,,,,,,,,,,,,,,,,,,,,,,,,,
,,,,,,,,,,,,,,,,,,,,,,,,,
,,,,,,,,,,,,,,,,,,,,,,,,,
,,,,,,,,,,,,,,,,,,,,,,,,,
,,,,,,,,,,,,,,,,,,,,,,,,,
,,,,,,,,,,,,,,,,,,,,,,,,,
,,,,,,,,,,,,,,,,,,,,,,,,,
,,,,,,,,,,,,,,,,,,,,,,,,,
,,,,,,,,,,,,,,,,,,,,,,,,,
,,,,,,,,,,,,,,,,,,,,,,,,,
,,,,,,,,,,,,,,,,,,,,,,,,,
,,,,,,,,,,,,,,,,,,,,,,,,,
,,,,,,,,,,,,,,,,,,,,,,,,,
,,,,,,,,,,,,,,,,,,,,,,,,,
,,,,,,,,,,,,,,,,,,,,,,,,,
,,,,,,,,,,,,,,,,,,,,,,,,,
,,,,,,,,,,,,,,,,,,,,,,,,,
,,,,,,,,,,,,,,,,,,,,,,,,,
,,,,,,,,,,,,,,,,,,,,,,,,,
,,,,,,,,,,,,,,,,,,,,,,,,,
,,,,,,,,,,,,,,,,,,,,,,,,,
,,,,,,,,,,,,,,,,,,,,,,,,,
,,,,,,,,,,,,,,,,,,,,,,,,,
,,,,,,,,,,,,,,,,,,,,,,,,,
,,,,,,,,,,,,,,,,,,,,,,,,,
,,,,,,,,,,,,,,,,,,,,,,,,,
,,,,,,,,,,,,,,,,,,,,,,,,,
,,,,,,,,,,,,,,,,,,,,,,,,,
,,,,,,,,,,,,,,,,,,,,,,,,,
,,,,,,,,,,,,,,,,,,,,,,,,,
,,,,,,,,,,,,,,,,,,,,,,,,,
,,,,,,,,,,,,,,,,,,,,,,,,,
,,,,,,,,,,,,,,,,,,,,,,,,,
,,,,,,,,,,,,,,,,,,,,,,,,,
,,,,,,,,,,,,,,,,,,,,,,,,,
,,,,,,,,,,,,,,,,,,,,,,,,,
,,,,,,,,,,,,,,,,,,,,,,,,,
,,,,,,,,,,,,,,,,,,,,,,,,,
,,,,,,,,,,,,,,,,,,,,,,,,,
,,,,,,,,,,,,,,,,,,,,,,,,,
,,,,,,,,,,,,,,,,,,,,,,,,,
,,,,,,,,,,,,,,,,,,,,,,,,,
,,,,,,,,,,,,,,,,,,,,,,,,,
,,,,,,,,,,,,,,,,,,,,,,,,,
,,,,,,,,,,,,,,,,,,,,,,,,,
,,,,,,,,,,,,,,,,,,,,,,,,,
,,,,,,,,,,,,,,,,,,,,,,,,,
,,,,,,,,,,,,,,,,,,,,,,,,,
,,,,,,,,,,,,,,,,,,,,,,,,,
,,,,,,,,,,,,,,,,,,,,,,,,,
,,,,,,,,,,,,,,,,,,,,,,,,,
,,,,,,,,,,,,,,,,,,,,,,,,,
,,,,,,,,,,,,,,,,,,,,,,,,,
,,,,,,,,,,,,,,,,,,,,,,,,,
,,,,,,,,,,,,,,,,,,,,,,,,,
,,,,,,,,,,,,,,,,,,,,,,,,,
,,,,,,,,,,,,,,,,,,,,,,,,,
,,,,,,,,,,,,,,,,,,,,,,,,,
,,,,,,,,,,,,,,,,,,,,,,,,,
,,,,,,,,,,,,,,,,,,,,,,,,,
,,,,,,,,,,,,,,,,,,,,,,,,,
,,,,,,,,,,,,,,,,,,,,,,,,,
,,,,,,,,,,,,,,,,,,,,,,,,,
,,,,,,,,,,,,,,,,,,,,,,,,,
,,,,,,,,,,,,,,,,,,,,,,,,,
,,,,,,,,,,,,,,,,,,,,,,,,,
,,,,,,,,,,,,,,,,,,,,,,,,,
,,,,,,,,,,,,,,,,,,,,,,,,,
,,,,,,,,,,,,,,,,,,,,,,,,,
,,,,,,,,,,,,,,,,,,,,,,,,,
,,,,,,,,,,,,,,,,,,,,,,,,,
,,,,,,,,,,,,,,,,,,,,,,,,,
,,,,,,,,,,,,,,,,,,,,,,,,,
,,,,,,,,,,,,,,,,,,,,,,,,,
,,,,,,,,,,,,,,,,,,,,,,,,,
,,,,,,,,,,,,,,,,,,,,,,,,,
,,,,,,,,,,,,,,,,,,,,,,,,,
,,,,,,,,,,,,,,,,,,,,,,,,,
,,,,,,,,,,,,,,,,,,,,,,,,,
,,,,,,,,,,,,,,,,,,,,,,,,,
,,,,,,,,,,,,,,,,,,,,,,,,,
,,,,,,,,,,,,,,,,,,,,,,,,,
,,,,,,,,,,,,,,,,,,,,,,,,,
,,,,,,,,,,,,,,,,,,,,,,,,,
,,,,,,,,,,,,,,,,,,,,,,,,,
,,,,,,,,,,,,,,,,,,,,,,,,,
,,,,,,,,,,,,,,,,,,,,,,,,,
,,,,,,,,,,,,,,,,,,,,,,,,,
,,,,,,,,,,,,,,,,,,,,,,,,,
,,,,,,,,,,,,,,,,,,,,,,,,,
,,,,,,,,,,,,,,,,,,,,,,,,,
,,,,,,,,,,,,,,,,,,,,,,,,,
,,,,,,,,,,,,,,,,,,,,,,,,,
,,,,,,,,,,,,,,,,,,,,,,,,,
,,,,,,,,,,,,,,,,,,,,,,,,,
,,,,,,,,,,,,,,,,,,,,,,,,,
,,,,,,,,,,,,,,,,,,,,,,,,,
,,,,,,,,,,,,,,,,,,,,,,,,,
,,,,,,,,,,,,,,,,,,,,,,,,,
,,,,,,,,,,,,,,,,,,,,,,,,,
,,,,,,,,,,,,,,,,,,,,,,,,,
,,,,,,,,,,,,,,,,,,,,,,,,,
,,,,,,,,,,,,,,,,,,,,,,,,,
,,,,,,,,,,,,,,,,,,,,,,,,,
,,,,,,,,,,,,,,,,,,,,,,,,,
,,,,,,,,,,,,,,,,,,,,,,,,,
,,,,,,,,,,,,,,,,,,,,,,,,,
,,,,,,,,,,,,,,,,,,,,,,,,,
,,,,,,,,,,,,,,,,,,,,,,,,,
,,,,,,,,,,,,,,,,,,,,,,,,,
,,,,,,,,,,,,,,,,,,,,,,,,,
,,,,,,,,,,,,,,,,,,,,,,,,,
,,,,,,,,,,,,,,,,,,,,,,,,,
,,,,,,,,,,,,,,,,,,,,,,,,,
,,,,,,,,,,,,,,,,,,,,,,,,,
,,,,,,,,,,,,,,,,,,,,,,,,,
,,,,,,,,,,,,,,,,,,,,,,,,,
,,,,,,,,,,,,,,,,,,,,,,,,,
,,,,,,,,,,,,,,,,,,,,,,,,,
,,,,,,,,,,,,,,,,,,,,,,,,,
,,,,,,,,,,,,,,,,,,,,,,,,,
,,,,,,,,,,,,,,,,,,,,,,,,,
,,,,,,,,,,,,,,,,,,,,,,,,,
,,,,,,,,,,,,,,,,,,,,,,,,,
,,,,,,,,,,,,,,,,,,,,,,,,,
,,,,,,,,,,,,,,,,,,,,,,,,,
,,,,,,,,,,,,,,,,,,,,,,,,,
,,,,,,,,,,,,,,,,,,,,,,,,,
,,,,,,,,,,,,,,,,,,,,,,,,,
,,,,,,,,,,,,,,,,,,,,,,,,,
,,,,,,,,,,,,,,,,,,,,,,,,,
,,,,,,,,,,,,,,,,,,,,,,,,,
,,,,,,,,,,,,,,,,,,,,,,,,,
,,,,,,,,,,,,,,,,,,,,,,,,,
,,,,,,,,,,,,,,,,,,,,,,,,,
,,,,,,,,,,,,,,,,,,,,,,,,,
,,,,,,,,,,,,,,,,,,,,,,,,,
,,,,,,,,,,,,,,,,,,,,,,,,,
,,,,,,,,,,,,,,,,,,,,,,,,,
,,,,,,,,,,,,,,,,,,,,,,,,,
,,,,,,,,,,,,,,,,,,,,,,,,,
,,,,,,,,,,,,,,,,,,,,,,,,,
,,,,,,,,,,,,,,,,,,,,,,,,,
,,,,,,,,,,,,,,,,,,,,,,,,,
,,,,,,,,,,,,,,,,,,,,,,,,,
,,,,,,,,,,,,,,,,,,,,,,,,,
,,,,,,,,,,,,,,,,,,,,,,,,,
,,,,,,,,,,,,,,,,,,,,,,,,,
,,,,,,,,,,,,,,,,,,,,,,,,,
,,,,,,,,,,,,,,,,,,,,,,,,,
,,,,,,,,,,,,,,,,,,,,,,,,,
,,,,,,,,,,,,,,,,,,,,,,,,,
,,,,,,,,,,,,,,,,,,,,,,,,,
,,,,,,,,,,,,,,,,,,,,,,,,,
,,,,,,,,,,,,,,,,,,,,,,,,,
,,,,,,,,,,,,,,,,,,,,,,,,,
,,,,,,,,,,,,,,,,,,,,,,,,,
,,,,,,,,,,,,,,,,,,,,,,,,,
,,,,,,,,,,,,,,,,,,,,,,,,,
,,,,,,,,,,,,,,,,,,,,,,,,,
,,,,,,,,,,,,,,,,,,,,,,,,,
,,,,,,,,,,,,,,,,,,,,,,,,,
,,,,,,,,,,,,,,,,,,,,,,,,,
,,,,,,,,,,,,,,,,,,,,,,,,,
,,,,,,,,,,,,,,,,,,,,,,,,,
,,,,,,,,,,,,,,,,,,,,,,,,,
,,,,,,,,,,,,,,,,,,,,,,,,,
,,,,,,,,,,,,,,,,,,,,,,,,,
,,,,,,,,,,,,,,,,,,,,,,,,,
,,,,,,,,,,,,,,,,,,,,,,,,,
,,,,,,,,,,,,,,,,,,,,,,,,,
,,,,,,,,,,,,,,,,,,,,,,,,,
,,,,,,,,,,,,,,,,,,,,,,,,,
,,,,,,,,,,,,,,,,,,,,,,,,,
,,,,,,,,,,,,,,,,,,,,,,,,,
,,,,,,,,,,,,,,,,,,,,,,,,,
,,,,,,,,,,,,,,,,,,,,,,,,,
,,,,,,,,,,,,,,,,,,,,,,,,,
,,,,,,,,,,,,,,,,,,,,,,,,,
,,,,,,,,,,,,,,,,,,,,,,,,,
,,,,,,,,,,,,,,,,,,,,,,,,,
,,,,,,,,,,,,,,,,,,,,,,,,,
,,,,,,,,,,,,,,,,,,,,,,,,,
,,,,,,,,,,,,,,,,,,,,,,,,,
,,,,,,,,,,,,,,,,,,,,,,,,,
,,,,,,,,,,,,,,,,,,,,,,,,,
,,,,,,,,,,,,,,,,,,,,,,,,,
,,,,,,,,,,,,,,,,,,,,,,,,,
,,,,,,,,,,,,,,,,,,,,,,,,,
,,,,,,,,,,,,,,,,,,,,,,,,,
,,,,,,,,,,,,,,,,,,,,,,,,,
,,,,,,,,,,,,,,,,,,,,,,,,,
,,,,,,,,,,,,,,,,,,,,,,,,,
,,,,,,,,,,,,,,,,,,,,,,,,,
,,,,,,,,,,,,,,,,,,,,,,,,,
,,,,,,,,,,,,,,,,,,,,,,,,,
,,,,,,,,,,,,,,,,,,,,,,,,,
,,,,,,,,,,,,,,,,,,,,,,,,,
,,,,,,,,,,,,,,,,,,,,,,,,,
,,,,,,,,,,,,,,,,,,,,,,,,,
,,,,,,,,,,,,,,,,,,,,,,,,,
,,,,,,,,,,,,,,,,,,,,,,,,,
,,,,,,,,,,,,,,,,,,,,,,,,,
,,,,,,,,,,,,,,,,,,,,,,,,,
,,,,,,,,,,,,,,,,,,,,,,,,,
,,,,,,,,,,,,,,,,,,,,,,,,,
,,,,,,,,,,,,,,,,,,,,,,,,,
,,,,,,,,,,,,,,,,,,,,,,,,,
,,,,,,,,,,,,,,,,,,,,,,,,,
,,,,,,,,,,,,,,,,,,,,,,,,,
,,,,,,,,,,,,,,,,,,,,,,,,,
,,,,,,,,,,,,,,,,,,,,,,,,,
,,,,,,,,,,,,,,,,,,,,,,,,,
,,,,,,,,,,,,,,,,,,,,,,,,,
,,,,,,,,,,,,,,,,,,,,,,,,,
,,,,,,,,,,,,,,,,,,,,,,,,,
,,,,,,,,,,,,,,,,,,,,,,,,,
,,,,,,,,,,,,,,,,,,,,,,,,,
,,,,,,,,,,,,,,,,,,,,,,,,,
,,,,,,,,,,,,,,,,,,,,,,,,,
,,,,,,,,,,,,,,,,,,,,,,,,,
,,,,,,,,,,,,,,,,,,,,,,,,,
,,,,,,,,,,,,,,,,,,,,,,,,,
,,,,,,,,,,,,,,,,,,,,,,,,,
,,,,,,,,,,,,,,,,,,,,,,,,,
,,,,,,,,,,,,,,,,,,,,,,,,,
,,,,,,,,,,,,,,,,,,,,,,,,,
,,,,,,,,,,,,,,,,,,,,,,,,,
,,,,,,,,,,,,,,,,,,,,,,,,,
,,,,,,,,,,,,,,,,,,,,,,,,,
,,,,,,,,,,,,,,,,,,,,,,,,,
,,,,,,,,,,,,,,,,,,,,,,,,,
,,,,,,,,,,,,,,,,,,,,,,,,,
,,,,,,,,,,,,,,,,,,,,,,,,,
,,,,,,,,,,,,,,,,,,,,,,,,,
,,,,,,,,,,,,,,,,,,,,,,,,,
,,,,,,,,,,,,,,,,,,,,,,,,,
,,,,,,,,,,,,,,,,,,,,,,,,,
,,,,,,,,,,,,,,,,,,,,,,,,,
,,,,,,,,,,,,,,,,,,,,,,,,,
,,,,,,,,,,,,,,,,,,,,,,,,,
,,,,,,,,,,,,,,,,,,,,,,,,,
,,,,,,,,,,,,,,,,,,,,,,,,,
,,,,,,,,,,,,,,,,,,,,,,,,,
,,,,,,,,,,,,,,,,,,,,,,,,,
,,,,,,,,,,,,,,,,,,,,,,,,,
,,,,,,,,,,,,,,,,,,,,,,,,,
,,,,,,,,,,,,,,,,,,,,,,,,,
,,,,,,,,,,,,,,,,,,,,,,,,,
,,,,,,,,,,,,,,,,,,,,,,,,,
,,,,,,,,,,,,,,,,,,,,,,,,,
,,,,,,,,,,,,,,,,,,,,,,,,,
,,,,,,,,,,,,,,,,,,,,,,,,,
,,,,,,,,,,,,,,,,,,,,,,,,,
,,,,,,,,,,,,,,,,,,,,,,,,,
,,,,,,,,,,,,,,,,,,,,,,,,,
,,,,,,,,,,,,,,,,,,,,,,,,,
,,,,,,,,,,,,,,,,,,,,,,,,,
,,,,,,,,,,,,,,,,,,,,,,,,,
,,,,,,,,,,,,,,,,,,,,,,,,,
,,,,,,,,,,,,,,,,,,,,,,,,,
,,,,,,,,,,,,,,,,,,,,,,,,,
,,,,,,,,,,,,,,,,,,,,,,,,,
,,,,,,,,,,,,,,,,,,,,,,,,,
,,,,,,,,,,,,,,,,,,,,,,,,,
,,,,,,,,,,,,,,,,,,,,,,,,,
,,,,,,,,,,,,,,,,,,,,,,,,,
,,,,,,,,,,,,,,,,,,,,,,,,,
,,,,,,,,,,,,,,,,,,,,,,,,,
,,,,,,,,,,,,,,,,,,,,,,,,,
,,,,,,,,,,,,,,,,,,,,,,,,,
,,,,,,,,,,,,,,,,,,,,,,,,,
,,,,,,,,,,,,,,,,,,,,,,,,,
,,,,,,,,,,,,,,,,,,,,,,,,,
,,,,,,,,,,,,,,,,,,,,,,,,,
,,,,,,,,,,,,,,,,,,,,,,,,,
,,,,,,,,,,,,,,,,,,,,,,,,,
,,,,,,,,,,,,,,,,,,,,,,,,,
,,,,,,,,,,,,,,,,,,,,,,,,,
,,,,,,,,,,,,,,,,,,,,,,,,,
,,,,,,,,,,,,,,,,,,,,,,,,,
,,,,,,,,,,,,,,,,,,,,,,,,,
,,,,,,,,,,,,,,,,,,,,,,,,,
,,,,,,,,,,,,,,,,,,,,,,,,,
,,,,,,,,,,,,,,,,,,,,,,,,,
,,,,,,,,,,,,,,,,,,,,,,,,,
,,,,,,,,,,,,,,,,,,,,,,,,,
,,,,,,,,,,,,,,,,,,,,,,,,,
,,,,,,,,,,,,,,,,,,,,,,,,,
,,,,,,,,,,,,,,,,,,,,,,,,,
,,,,,,,,,,,,,,,,,,,,,,,,,
,,,,,,,,,,,,,,,,,,,,,,,,,
,,,,,,,,,,,,,,,,,,,,,,,,,
,,,,,,,,,,,,,,,,,,,,,,,,,
,,,,,,,,,,,,,,,,,,,,,,,,,
,,,,,,,,,,,,,,,,,,,,,,,,,
,,,,,,,,,,,,,,,,,,,,,,,,,
,,,,,,,,,,,,,,,,,,,,,,,,,
,,,,,,,,,,,,,,,,,,,,,,,,,
,,,,,,,,,,,,,,,,,,,,,,,,,
,,,,,,,,,,,,,,,,,,,,,,,,,
,,,,,,,,,,,,,,,,,,,,,,,,,
,,,,,,,,,,,,,,,,,,,,,,,,,
,,,,,,,,,,,,,,,,,,,,,,,,,
,,,,,,,,,,,,,,,,,,,,,,,,,
,,,,,,,,,,,,,,,,,,,,,,,,,
,,,,,,,,,,,,,,,,,,,,,,,,,
,,,,,,,,,,,,,,,,,,,,,,,,,
,,,,,,,,,,,,,,,,,,,,,,,,,
,,,,,,,,,,,,,,,,,,,,,,,,,
,,,,,,,,,,,,,,,,,,,,,,,,,
,,,,,,,,,,,,,,,,,,,,,,,,,
,,,,,,,,,,,,,,,,,,,,,,,,,
,,,,,,,,,,,,,,,,,,,,,,,,,
,,,,,,,,,,,,,,,,,,,,,,,,,
,,,,,,,,,,,,,,,,,,,,,,,,,
,,,,,,,,,,,,,,,,,,,,,,,,,
,,,,,,,,,,,,,,,,,,,,,,,,,
,,,,,,,,,,,,,,,,,,,,,,,,,
,,,,,,,,,,,,,,,,,,,,,,,,,
,,,,,,,,,,,,,,,,,,,,,,,,,
,,,,,,,,,,,,,,,,,,,,,,,,,
,,,,,,,,,,,,,,,,,,,,,,,,,
,,,,,,,,,,,,,,,,,,,,,,,,,
,,,,,,,,,,,,,,,,,,,,,,,,,
,,,,,,,,,,,,,,,,,,,,,,,,,
,,,,,,,,,,,,,,,,,,,,,,,,,
,,,,,,,,,,,,,,,,,,,,,,,,,
,,,,,,,,,,,,,,,,,,,,,,,,,
,,,,,,,,,,,,,,,,,,,,,,,,,
,,,,,,,,,,,,,,,,,,,,,,,,,
,,,,,,,,,,,,,,,,,,,,,,,,,
,,,,,,,,,,,,,,,,,,,,,,,,,
,,,,,,,,,,,,,,,,,,,,,,,,,
,,,,,,,,,,,,,,,,,,,,,,,,,
,,,,,,,,,,,,,,,,,,,,,,,,,
,,,,,,,,,,,,,,,,,,,,,,,,,
,,,,,,,,,,,,,,,,,,,,,,,,,
,,,,,,,,,,,,,,,,,,,,,,,,,
,,,,,,,,,,,,,,,,,,,,,,,,,
,,,,,,,,,,,,,,,,,,,,,,,,,
,,,,,,,,,,,,,,,,,,,,,,,,,
,,,,,,,,,,,,,,,,,,,,,,,,,
,,,,,,,,,,,,,,,,,,,,,,,,,
,,,,,,,,,,,,,,,,,,,,,,,,,
,,,,,,,,,,,,,,,,,,,,,,,,,
,,,,,,,,,,,,,,,,,,,,,,,,,
,,,,,,,,,,,,,,,,,,,,,,,,,
,,,,,,,,,,,,,,,,,,,,,,,,,
,,,,,,,,,,,,,,,,,,,,,,,,,
,,,,,,,,,,,,,,,,,,,,,,,,,
,,,,,,,,,,,,,,,,,,,,,,,,,
,,,,,,,,,,,,,,,,,,,,,,,,,
,,,,,,,,,,,,,,,,,,,,,,,,,
,,,,,,,,,,,,,,,,,,,,,,,,,
,,,,,,,,,,,,,,,,,,,,,,,,,
,,,,,,,,,,,,,,,,,,,,,,,,,
,,,,,,,,,,,,,,,,,,,,,,,,,
,,,,,,,,,,,,,,,,,,,,,,,,,
,,,,,,,,,,,,,,,,,,,,,,,,,
,,,,,,,,,,,,,,,,,,,,,,,,,
,,,,,,,,,,,,,,,,,,,,,,,,,
,,,,,,,,,,,,,,,,,,,,,,,,,
,,,,,,,,,,,,,,,,,,,,,,,,,
,,,,,,,,,,,,,,,,,,,,,,,,,
,,,,,,,,,,,,,,,,,,,,,,,,,
,,,,,,,,,,,,,,,,,,,,,,,,,
,,,,,,,,,,,,,,,,,,,,,,,,,
,,,,,,,,,,,,,,,,,,,,,,,,,
,,,,,,,,,,,,,,,,,,,,,,,,,
,,,,,,,,,,,,,,,,,,,,,,,,,
,,,,,,,,,,,,,,,,,,,,,,,,,
,,,,,,,,,,,,,,,,,,,,,,,,,
,,,,,,,,,,,,,,,,,,,,,,,,,
,,,,,,,,,,,,,,,,,,,,,,,,,
,,,,,,,,,,,,,,,,,,,,,,,,,
,,,,,,,,,,,,,,,,,,,,,,,,,
,,,,,,,,,,,,,,,,,,,,,,,,,
,,,,,,,,,,,,,,,,,,,,,,,,,
,,,,,,,,,,,,,,,,,,,,,,,,,
,,,,,,,,,,,,,,,,,,,,,,,,,
,,,,,,,,,,,,,,,,,,,,,,,,,
,,,,,,,,,,,,,,,,,,,,,,,,,
,,,,,,,,,,,,,,,,,,,,,,,,,
,,,,,,,,,,,,,,,,,,,,,,,,,
,,,,,,,,,,,,,,,,,,,,,,,,,
,,,,,,,,,,,,,,,,,,,,,,,,,
,,,,,,,,,,,,,,,,,,,,,,,,,
,,,,,,,,,,,,,,,,,,,,,,,,,
,,,,,,,,,,,,,,,,,,,,,,,,,
,,,,,,,,,,,,,,,,,,,,,,,,,
,,,,,,,,,,,,,,,,,,,,,,,,,
,,,,,,,,,,,,,,,,,,,,,,,,,
,,,,,,,,,,,,,,,,,,,,,,,,,
,,,,,,,,,,,,,,,,,,,,,,,,,
,,,,,,,,,,,,,,,,,,,,,,,,,
,,,,,,,,,,,,,,,,,,,,,,,,,
,,,,,,,,,,,,,,,,,,,,,,,,,
,,,,,,,,,,,,,,,,,,,,,,,,,
,,,,,,,,,,,,,,,,,,,,,,,,,
,,,,,,,,,,,,,,,,,,,,,,,,,
,,,,,,,,,,,,,,,,,,,,,,,,,
,,,,,,,,,,,,,,,,,,,,,,,,,
,,,,,,,,,,,,,,,,,,,,,,,,,
,,,,,,,,,,,,,,,,,,,,,,,,,
,,,,,,,,,,,,,,,,,,,,,,,,,
,,,,,,,,,,,,,,,,,,,,,,,,,
,,,,,,,,,,,,,,,,,,,,,,,,,
,,,,,,,,,,,,,,,,,,,,,,,,,
,,,,,,,,,,,,,,,,,,,,,,,,,
,,,,,,,,,,,,,,,,,,,,,,,,,
,,,,,,,,,,,,,,,,,,,,,,,,,
,,,,,,,,,,,,,,,,,,,,,,,,,
,,,,,,,,,,,,,,,,,,,,,,,,,
,,,,,,,,,,,,,,,,,,,,,,,,,
,,,,,,,,,,,,,,,,,,,,,,,,,
,,,,,,,,,,,,,,,,,,,,,,,,,
,,,,,,,,,,,,,,,,,,,,,,,,,
,,,,,,,,,,,,,,,,,,,,,,,,,
,,,,,,,,,,,,,,,,,,,,,,,,,
,,,,,,,,,,,,,,,,,,,,,,,,,
,,,,,,,,,,,,,,,,,,,,,,,,,
,,,,,,,,,,,,,,,,,,,,,,,,,
,,,,,,,,,,,,,,,,,,,,,,,,,
,,,,,,,,,,,,,,,,,,,,,,,,,
,,,,,,,,,,,,,,,,,,,,,,,,,
,,,,,,,,,,,,,,,,,,,,,,,,,
,,,,,,,,,,,,,,,,,,,,,,,,,
,,,,,,,,,,,,,,,,,,,,,,,,,
,,,,,,,,,,,,,,,,,,,,,,,,,
,,,,,,,,,,,,,,,,,,,,,,,,,
,,,,,,,,,,,,,,,,,,,,,,,,,
,,,,,,,,,,,,,,,,,,,,,,,,,
,,,,,,,,,,,,,,,,,,,,,,,,,
,,,,,,,,,,,,,,,,,,,,,,,,,
,,,,,,,,,,,,,,,,,,,,,,,,,
,,,,,,,,,,,,,,,,,,,,,,,,,
,,,,,,,,,,,,,,,,,,,,,,,,,
,,,,,,,,,,,,,,,,,,,,,,,,,
,,,,,,,,,,,,,,,,,,,,,,,,,
,,,,,,,,,,,,,,,,,,,,,,,,,
,,,,,,,,,,,,,,,,,,,,,,,,,
,,,,,,,,,,,,,,,,,,,,,,,,,
,,,,,,,,,,,,,,,,,,,,,,,,,
,,,,,,,,,,,,,,,,,,,,,,,,,
,,,,,,,,,,,,,,,,,,,,,,,,,
,,,,,,,,,,,,,,,,,,,,,,,,,
,,,,,,,,,,,,,,,,,,,,,,,,,
,,,,,,,,,,,,,,,,,,,,,,,,,
,,,,,,,,,,,,,,,,,,,,,,,,,
,,,,,,,,,,,,,,,,,,,,,,,,,
,,,,,,,,,,,,,,,,,,,,,,,,,
,,,,,,,,,,,,,,,,,,,,,,,,,
,,,,,,,,,,,,,,,,,,,,,,,,,
,,,,,,,,,,,,,,,,,,,,,,,,,
,,,,,,,,,,,,,,,,,,,,,,,,,
,,,,,,,,,,,,,,,,,,,,,,,,,
,,,,,,,,,,,,,,,,,,,,,,,,,
,,,,,,,,,,,,,,,,,,,,,,,,,
,,,,,,,,,,,,,,,,,,,,,,,,,
,,,,,,,,,,,,,,,,,,,,,,,,,
,,,,,,,,,,,,,,,,,,,,,,,,,
,,,,,,,,,,,,,,,,,,,,,,,,,
,,,,,,,,,,,,,,,,,,,,,,,,,
,,,,,,,,,,,,,,,,,,,,,,,,,
,,,,,,,,,,,,,,,,,,,,,,,,,
,,,,,,,,,,,,,,,,,,,,,,,,,
,,,,,,,,,,,,,,,,,,,,,,,,,
,,,,,,,,,,,,,,,,,,,,,,,,,
,,,,,,,,,,,,,,,,,,,,,,,,,
,,,,,,,,,,,,,,,,,,,,,,,,,
,,,,,,,,,,,,,,,,,,,,,,,,,
,,,,,,,,,,,,,,,,,,,,,,,,,
,,,,,,,,,,,,,,,,,,,,,,,,,
,,,,,,,,,,,,,,,,,,,,,,,,,
,,,,,,,,,,,,,,,,,,,,,,,,,
,,,,,,,,,,,,,,,,,,,,,,,,,
,,,,,,,,,,,,,,,,,,,,,,,,,
,,,,,,,,,,,,,,,,,,,,,,,,,
,,,,,,,,,,,,,,,,,,,,,,,,,
,,,,,,,,,,,,,,,,,,,,,,,,,
,,,,,,,,,,,,,,,,,,,,,,,,,
,,,,,,,,,,,,,,,,,,,,,,,,,
,,,,,,,,,,,,,,,,,,,,,,,,,
,,,,,,,,,,,,,,,,,,,,,,,,,
,,,,,,,,,,,,,,,,,,,,,,,,,
,,,,,,,,,,,,,,,,,,,,,,,,,
,,,,,,,,,,,,,,,,,,,,,,,,,
,,,,,,,,,,,,,,,,,,,,,,,,,
,,,,,,,,,,,,,,,,,,,,,,,,,
,,,,,,,,,,,,,,,,,,,,,,,,,
,,,,,,,,,,,,,,,,,,,,,,,,,
,,,,,,,,,,,,,,,,,,,,,,,,,
,,,,,,,,,,,,,,,,,,,,,,,,,
,,,,,,,,,,,,,,,,,,,,,,,,,
,,,,,,,,,,,,,,,,,,,,,,,,,
,,,,,,,,,,,,,,,,,,,,,,,,,
,,,,,,,,,,,,,,,,,,,,,,,,,
,,,,,,,,,,,,,,,,,,,,,,,,,
,,,,,,,,,,,,,,,,,,,,,,,,,
,,,,,,,,,,,,,,,,,,,,,,,,,
,,,,,,,,,,,,,,,,,,,,,,,,,
,,,,,,,,,,,,,,,,,,,,,,,,,
,,,,,,,,,,,,,,,,,,,,,,,,,
,,,,,,,,,,,,,,,,,,,,,,,,,
,,,,,,,,,,,,,,,,,,,,,,,,,
,,,,,,,,,,,,,,,,,,,,,,,,,
,,,,,,,,,,,,,,,,,,,,,,,,,
,,,,,,,,,,,,,,,,,,,,,,,,,
,,,,,,,,,,,,,,,,,,,,,,,,,
,,,,,,,,,,,,,,,,,,,,,,,,,
,,,,,,,,,,,,,,,,,,,,,,,,,
,,,,,,,,,,,,,,,,,,,,,,,,,
,,,,,,,,,,,,,,,,,,,,,,,,,
,,,,,,,,,,,,,,,,,,,,,,,,,
,,,,,,,,,,,,,,,,,,,,,,,,,
,,,,,,,,,,,,,,,,,,,,,,,,,
,,,,,,,,,,,,,,,,,,,,,,,,,
,,,,,,,,,,,,,,,,,,,,,,,,,
,,,,,,,,,,,,,,,,,,,,,,,,,
,,,,,,,,,,,,,,,,,,,,,,,,,
,,,,,,,,,,,,,,,,,,,,,,,,,
,,,,,,,,,,,,,,,,,,,,,,,,,
,,,,,,,,,,,,,,,,,,,,,,,,,
,,,,,,,,,,,,,,,,,,,,,,,,,
,,,,,,,,,,,,,,,,,,,,,,,,,
,,,,,,,,,,,,,,,,,,,,,,,,,
,,,,,,,,,,,,,,,,,,,,,,,,,
,,,,,,,,,,,,,,,,,,,,,,,,,
,,,,,,,,,,,,,,,,,,,,,,,,,
,,,,,,,,,,,,,,,,,,,,,,,,,
,,,,,,,,,,,,,,,,,,,,,,,,,
,,,,,,,,,,,,,,,,,,,,,,,,,
,,,,,,,,,,,,,,,,,,,,,,,,,
,,,,,,,,,,,,,,,,,,,,,,,,,
,,,,,,,,,,,,,,,,,,,,,,,,,
,,,,,,,,,,,,,,,,,,,,,,,,,
,,,,,,,,,,,,,,,,,,,,,,,,,
,,,,,,,,,,,,,,,,,,,,,,,,,
,,,,,,,,,,,,,,,,,,,,,,,,,
,,,,,,,,,,,,,,,,,,,,,,,,,
,,,,,,,,,,,,,,,,,,,,,,,,,
,,,,,,,,,,,,,,,,,,,,,,,,,
,,,,,,,,,,,,,,,,,,,,,,,,,
,,,,,,,,,,,,,,,,,,,,,,,,,
,,,,,,,,,,,,,,,,,,,,,,,,,
,,,,,,,,,,,,,,,,,,,,,,,,,
,,,,,,,,,,,,,,,,,,,,,,,,,
,,,,,,,,,,,,,,,,,,,,,,,,,
,,,,,,,,,,,,,,,,,,,,,,,,,
,,,,,,,,,,,,,,,,,,,,,,,,,
,,,,,,,,,,,,,,,,,,,,,,,,,
,,,,,,,,,,,,,,,,,,,,,,,,,
,,,,,,,,,,,,,,,,,,,,,,,,,
,,,,,,,,,,,,,,,,,,,,,,,,,
,,,,,,,,,,,,,,,,,,,,,,,,,
,,,,,,,,,,,,,,,,,,,,,,,,,
,,,,,,,,,,,,,,,,,,,,,,,,,
,,,,,,,,,,,,,,,,,,,,,,,,,
,,,,,,,,,,,,,,,,,,,,,,,,,
,,,,,,,,,,,,,,,,,,,,,,,,,
,,,,,,,,,,,,,,,,,,,,,,,,,
,,,,,,,,,,,,,,,,,,,,,,,,,
,,,,,,,,,,,,,,,,,,,,,,,,,
,,,,,,,,,,,,,,,,,,,,,,,,,
,,,,,,,,,,,,,,,,,,,,,,,,,
,,,,,,,,,,,,,,,,,,,,,,,,,
,,,,,,,,,,,,,,,,,,,,,,,,,
,,,,,,,,,,,,,,,,,,,,,,,,,
,,,,,,,,,,,,,,,,,,,,,,,,,
,,,,,,,,,,,,,,,,,,,,,,,,,
,,,,,,,,,,,,,,,,,,,,,,,,,
,,,,,,,,,,,,,,,,,,,,,,,,,
,,,,,,,,,,,,,,,,,,,,,,,,,
,,,,,,,,,,,,,,,,,,,,,,,,,
,,,,,,,,,,,,,,,,,,,,,,,,,
,,,,,,,,,,,,,,,,,,,,,,,,,
,,,,,,,,,,,,,,,,,,,,,,,,,
,,,,,,,,,,,,,,,,,,,,,,,,,
,,,,,,,,,,,,,,,,,,,,,,,,,
,,,,,,,,,,,,,,,,,,,,,,,,,
,,,,,,,,,,,,,,,,,,,,,,,,,
,,,,,,,,,,,,,,,,,,,,,,,,,
,,,,,,,,,,,,,,,,,,,,,,,,,
,,,,,,,,,,,,,,,,,,,,,,,,,
,,,,,,,,,,,,,,,,,,,,,,,,,
,,,,,,,,,,,,,,,,,,,,,,,,,
,,,,,,,,,,,,,,,,,,,,,,,,,
,,,,,,,,,,,,,,,,,,,,,,,,,
,,,,,,,,,,,,,,,,,,,,,,,,,
,,,,,,,,,,,,,,,,,,,,,,,,,
,,,,,,,,,,,,,,,,,,,,,,,,,
,,,,,,,,,,,,,,,,,,,,,,,,,
,,,,,,,,,,,,,,,,,,,,,,,,,
,,,,,,,,,,,,,,,,,,,,,,,,,
,,,,,,,,,,,,,,,,,,,,,,,,,
,,,,,,,,,,,,,,,,,,,,,,,,,
,,,,,,,,,,,,,,,,,,,,,,,,,
,,,,,,,,,,,,,,,,,,,,,,,,,
,,,,,,,,,,,,,,,,,,,,,,,,,
,,,,,,,,,,,,,,,,,,,,,,,,,
,,,,,,,,,,,,,,,,,,,,,,,,,
,,,,,,,,,,,,,,,,,,,,,,,,,
,,,,,,,,,,,,,,,,,,,,,,,,,
,,,,,,,,,,,,,,,,,,,,,,,,,
,,,,,,,,,,,,,,,,,,,,,,,,,
,,,,,,,,,,,,,,,,,,,,,,,,,
,,,,,,,,,,,,,,,,,,,,,,,,,
,,,,,,,,,,,,,,,,,,,,,,,,,
,,,,,,,,,,,,,,,,,,,,,,,,,
,,,,,,,,,,,,,,,,,,,,,,,,,
,,,,,,,,,,,,,,,,,,,,,,,,,
,,,,,,,,,,,,,,,,,,,,,,,,,
,,,,,,,,,,,,,,,,,,,,,,,,,
,,,,,,,,,,,,,,,,,,,,,,,,,
,,,,,,,,,,,,,,,,,,,,,,,,,
,,,,,,,,,,,,,,,,,,,,,,,,,
,,,,,,,,,,,,,,,,,,,,,,,,,
,,,,,,,,,,,,,,,,,,,,,,,,,
,,,,,,,,,,,,,,,,,,,,,,,,,
,,,,,,,,,,,,,,,,,,,,,,,,,
,,,,,,,,,,,,,,,,,,,,,,,,,
,,,,,,,,,,,,,,,,,,,,,,,,,
,,,,,,,,,,,,,,,,,,,,,,,,,
,,,,,,,,,,,,,,,,,,,,,,,,,
,,,,,,,,,,,,,,,,,,,,,,,,,
,,,,,,,,,,,,,,,,,,,,,,,,,
,,,,,,,,,,,,,,,,,,,,,,,,,
,,,,,,,,,,,,,,,,,,,,,,,,,
,,,,,,,,,,,,,,,,,,,,,,,,,
,,,,,,,,,,,,,,,,,,,,,,,,,
,,,,,,,,,,,,,,,,,,,,,,,,,
,,,,,,,,,,,,,,,,,,,,,,,,,
,,,,,,,,,,,,,,,,,,,,,,,,,
,,,,,,,,,,,,,,,,,,,,,,,,,
,,,,,,,,,,,,,,,,,,,,,,,,,
,,,,,,,,,,,,,,,,,,,,,,,,,
,,,,,,,,,,,,,,,,,,,,,,,,,
,,,,,,,,,,,,,,,,,,,,,,,,,
,,,,,,,,,,,,,,,,,,,,,,,,,
,,,,,,,,,,,,,,,,,,,,,,,,,
,,,,,,,,,,,,,,,,,,,,,,,,,
,,,,,,,,,,,,,,,,,,,,,,,,,
,,,,,,,,,,,,,,,,,,,,,,,,,
,,,,,,,,,,,,,,,,,,,,,,,,,
,,,,,,,,,,,,,,,,,,,,,,,,,
,,,,,,,,,,,,,,,,,,,,,,,,,
,,,,,,,,,,,,,,,,,,,,,,,,,
,,,,,,,,,,,,,,,,,,,,,,,,,
,,,,,,,,,,,,,,,,,,,,,,,,,
,,,,,,,,,,,,,,,,,,,,,,,,,
,,,,,,,,,,,,,,,,,,,,,,,,,
,,,,,,,,,,,,,,,,,,,,,,,,,
,,,,,,,,,,,,,,,,,,,,,,,,,
,,,,,,,,,,,,,,,,,,,,,,,,,
,,,,,,,,,,,,,,,,,,,,,,,,,
,,,,,,,,,,,,,,,,,,,,,,,,,
,,,,,,,,,,,,,,,,,,,,,,,,,
,,,,,,,,,,,,,,,,,,,,,,,,,
,,,,,,,,,,,,,,,,,,,,,,,,,
,,,,,,,,,,,,,,,,,,,,,,,,,
,,,,,,,,,,,,,,,,,,,,,,,,,
,,,,,,,,,,,,,,,,,,,,,,,,,
,,,,,,,,,,,,,,,,,,,,,,,,,
,,,,,,,,,,,,,,,,,,,,,,,,,
,,,,,,,,,,,,,,,,,,,,,,,,,
,,,,,,,,,,,,,,,,,,,,,,,,,
,,,,,,,,,,,,,,,,,,,,,,,,,
,,,,,,,,,,,,,,,,,,,,,,,,,
,,,,,,,,,,,,,,,,,,,,,,,,,
,,,,,,,,,,,,,,,,,,,,,,,,,
,,,,,,,,,,,,,,,,,,,,,,,,,
,,,,,,,,,,,,,,,,,,,,,,,,,
,,,,,,,,,,,,,,,,,,,,,,,,,
,,,,,,,,,,,,,,,,,,,,,,,,,
,,,,,,,,,,,,,,,,,,,,,,,,,
,,,,,,,,,,,,,,,,,,,,,,,,,
,,,,,,,,,,,,,,,,,,,,,,,,,
,,,,,,,,,,,,,,,,,,,,,,,,,
,,,,,,,,,,,,,,,,,,,,,,,,,
,,,,,,,,,,,,,,,,,,,,,,,,,
,,,,,,,,,,,,,,,,,,,,,,,,,
,,,,,,,,,,,,,,,,,,,,,,,,,
,,,,,,,,,,,,,,,,,,,,,,,,,
,,,,,,,,,,,,,,,,,,,,,,,,,
,,,,,,,,,,,,,,,,,,,,,,,,,
,,,,,,,,,,,,,,,,,,,,,,,,,
,,,,,,,,,,,,,,,,,,,,,,,,,
,,,,,,,,,,,,,,,,,,,,,,,,,
,,,,,,,,,,,,,,,,,,,,,,,,,
,,,,,,,,,,,,,,,,,,,,,,,,,
,,,,,,,,,,,,,,,,,,,,,,,,,
,,,,,,,,,,,,,,,,,,,,,,,,,
,,,,,,,,,,,,,,,,,,,,,,,,,
,,,,,,,,,,,,,,,,,,,,,,,,,
,,,,,,,,,,,,,,,,,,,,,,,,,
,,,,,,,,,,,,,,,,,,,,,,,,,
,,,,,,,,,,,,,,,,,,,,,,,,,
,,,,,,,,,,,,,,,,,,,,,,,,,
,,,,,,,,,,,,,,,,,,,,,,,,,
,,,,,,,,,,,,,,,,,,,,,,,,,
,,,,,,,,,,,,,,,,,,,,,,,,,
,,,,,,,,,,,,,,,,,,,,,,,,,
,,,,,,,,,,,,,,,,,,,,,,,,,
,,,,,,,,,,,,,,,,,,,,,,,,,
,,,,,,,,,,,,,,,,,,,,,,,,,
,,,,,,,,,,,,,,,,,,,,,,,,,
,,,,,,,,,,,,,,,,,,,,,,,,,
,,,,,,,,,,,,,,,,,,,,,,,,,
,,,,,,,,,,,,,,,,,,,,,,,,,
,,,,,,,,,,,,,,,,,,,,,,,,,
,,,,,,,,,,,,,,,,,,,,,,,,,
,,,,,,,,,,,,,,,,,,,,,,,,,
,,,,,,,,,,,,,,,,,,,,,,,,,
,,,,,,,,,,,,,,,,,,,,,,,,,
,,,,,,,,,,,,,,,,,,,,,,,,,
,,,,,,,,,,,,,,,,,,,,,,,,,
,,,,,,,,,,,,,,,,,,,,,,,,,
,,,,,,,,,,,,,,,,,,,,,,,,,
,,,,,,,,,,,,,,,,,,,,,,,,,
,,,,,,,,,,,,,,,,,,,,,,,,,
,,,,,,,,,,,,,,,,,,,,,,,,,
,,,,,,,,,,,,,,,,,,,,,,,,,
,,,,,,,,,,,,,,,,,,,,,,,,,
,,,,,,,,,,,,,,,,,,,,,,,,,
,,,,,,,,,,,,,,,,,,,,,,,,,
,,,,,,,,,,,,,,,,,,,,,,,,,
,,,,,,,,,,,,,,,,,,,,,,,,,
,,,,,,,,,,,,,,,,,,,,,,,,,
,,,,,,,,,,,,,,,,,,,,,,,,,
,,,,,,,,,,,,,,,,,,,,,,,,,
,,,,,,,,,,,,,,,,,,,,,,,,,
,,,,,,,,,,,,,,,,,,,,,,,,,
,,,,,,,,,,,,,,,,,,,,,,,,,
,,,,,,,,,,,,,,,,,,,,,,,,,
,,,,,,,,,,,,,,,,,,,,,,,,,
,,,,,,,,,,,,,,,,,,,,,,,,,
,,,,,,,,,,,,,,,,,,,,,,,,,
,,,,,,,,,,,,,,,,,,,,,,,,,
,,,,,,,,,,,,,,,,,,,,,,,,,
,,,,,,,,,,,,,,,,,,,,,,,,,
,,,,,,,,,,,,,,,,,,,,,,,,,
,,,,,,,,,,,,,,,,,,,,,,,,,
,,,,,,,,,,,,,,,,,,,,,,,,,
,,,,,,,,,,,,,,,,,,,,,,,,,
,,,,,,,,,,,,,,,,,,,,,,,,,
,,,,,,,,,,,,,,,,,,,,,,,,,
,,,,,,,,,,,,,,,,,,,,,,,,,
,,,,,,,,,,,,,,,,,,,,,,,,,
,,,,,,,,,,,,,,,,,,,,,,,,,
,,,,,,,,,,,,,,,,,,,,,,,,,
,,,,,,,,,,,,,,,,,,,,,,,,,
,,,,,,,,,,,,,,,,,,,,,,,,,
,,,,,,,,,,,,,,,,,,,,,,,,,
,,,,,,,,,,,,,,,,,,,,,,,,,
,,,,,,,,,,,,,,,,,,,,,,,,,
,,,,,,,,,,,,,,,,,,,,,,,,,
,,,,,,,,,,,,,,,,,,,,,,,,,
,,,,,,,,,,,,,,,,,,,,,,,,,
,,,,,,,,,,,,,,,,,,,,,,,,,
,,,,,,,,,,,,,,,,,,,,,,,,,
,,,,,,,,,,,,,,,,,,,,,,,,,
,,,,,,,,,,,,,,,,,,,,,,,,,
,,,,,,,,,,,,,,,,,,,,,,,,,
,,,,,,,,,,,,,,,,,,,,,,,,,
,,,,,,,,,,,,,,,,,,,,,,,,,
,,,,,,,,,,,,,,,,,,,,,,,,,
,,,,,,,,,,,,,,,,,,,,,,,,,
,,,,,,,,,,,,,,,,,,,,,,,,,
,,,,,,,,,,,,,,,,,,,,,,,,,
,,,,,,,,,,,,,,,,,,,,,,,,,
,,,,,,,,,,,,,,,,,,,,,,,,,
,,,,,,,,,,,,,,,,,,,,,,,,,
,,,,,,,,,,,,,,,,,,,,,,,,,
,,,,,,,,,,,,,,,,,,,,,,,,,
,,,,,,,,,,,,,,,,,,,,,,,,,
,,,,,,,,,,,,,,,,,,,,,,,,,
,,,,,,,,,,,,,,,,,,,,,,,,,
,,,,,,,,,,,,,,,,,,,,,,,,,
,,,,,,,,,,,,,,,,,,,,,,,,,
,,,,,,,,,,,,,,,,,,,,,,,,,
,,,,,,,,,,,,,,,,,,,,,,,,,
,,,,,,,,,,,,,,,,,,,,,,,,,
,,,,,,,,,,,,,,,,,,,,,,,,,
,,,,,,,,,,,,,,,,,,,,,,,,,
,,,,,,,,,,,,,,,,,,,,,,,,,
,,,,,,,,,,,,,,,,,,,,,,,,,
,,,,,,,,,,,,,,,,,,,,,,,,,
,,,,,,,,,,,,,,,,,,,,,,,,,
,,,,,,,,,,,,,,,,,,,,,,,,,
,,,,,,,,,,,,,,,,,,,,,,,,,
,,,,,,,,,,,,,,,,,,,,,,,,,
,,,,,,,,,,,,,,,,,,,,,,,,,
,,,,,,,,,,,,,,,,,,,,,,,,,
,,,,,,,,,,,,,,,,,,,,,,,,,
,,,,,,,,,,,,,,,,,,,,,,,,,
,,,,,,,,,,,,,,,,,,,,,,,,,
,,,,,,,,,,,,,,,,,,,,,,,,,
,,,,,,,,,,,,,,,,,,,,,,,,,
,,,,,,,,,,,,,,,,,,,,,,,,,
,,,,,,,,,,,,,,,,,,,,,,,,,
,,,,,,,,,,,,,,,,,,,,,,,,,
,,,,,,,,,,,,,,,,,,,,,,,,,
,,,,,,,,,,,,,,,,,,,,,,,,,
,,,,,,,,,,,,,,,,,,,,,,,,,
,,,,,,,,,,,,,,,,,,,,,,,,,
,,,,,,,,,,,,,,,,,,,,,,,,,
,,,,,,,,,,,,,,,,,,,,,,,,,
,,,,,,,,,,,,,,,,,,,,,,,,,
,,,,,,,,,,,,,,,,,,,,,,,,,
,,,,,,,,,,,,,,,,,,,,,,,,,
,,,,,,,,,,,,,,,,,,,,,,,,,
,,,,,,,,,,,,,,,,,,,,,,,,,
,,,,,,,,,,,,,,,,,,,,,,,,,
,,,,,,,,,,,,,,,,,,,,,,,,,
,,,,,,,,,,,,,,,,,,,,,,,,,
,,,,,,,,,,,,,,,,,,,,,,,,,
,,,,,,,,,,,,,,,,,,,,,,,,,
,,,,,,,,,,,,,,,,,,,,,,,,,
,,,,,,,,,,,,,,,,,,,,,,,,,
,,,,,,,,,,,,,,,,,,,,,,,,,
,,,,,,,,,,,,,,,,,,,,,,,,,
,,,,,,,,,,,,,,,,,,,,,,,,,
,,,,,,,,,,,,,,,,,,,,,,,,,
,,,,,,,,,,,,,,,,,,,,,,,,,
,,,,,,,,,,,,,,,,,,,,,,,,,
,,,,,,,,,,,,,,,,,,,,,,,,,
,,,,,,,,,,,,,,,,,,,,,,,,,
,,,,,,,,,,,,,,,,,,,,,,,,,
,,,,,,,,,,,,,,,,,,,,,,,,,
,,,,,,,,,,,,,,,,,,,,,,,,,
,,,,,,,,,,,,,,,,,,,,,,,,,
,,,,,,,,,,,,,,,,,,,,,,,,,
,,,,,,,,,,,,,,,,,,,,,,,,,
,,,,,,,,,,,,,,,,,,,,,,,,,
,,,,,,,,,,,,,,,,,,,,,,,,,
,,,,,,,,,,,,,,,,,,,,,,,,,
,,,,,,,,,,,,,,,,,,,,,,,,,
,,,,,,,,,,,,,,,,,,,,,,,,,
,,,,,,,,,,,,,,,,,,,,,,,,,
,,,,,,,,,,,,,,,,,,,,,,,,,
,,,,,,,,,,,,,,,,,,,,,,,,,
,,,,,,,,,,,,,,,,,,,,,,,,,
,,,,,,,,,,,,,,,,,,,,,,,,,
,,,,,,,,,,,,,,,,,,,,,,,,,
,,,,,,,,,,,,,,,,,,,,,,,,,
,,,,,,,,,,,,,,,,,,,,,,,,,
,,,,,,,,,,,,,,,,,,,,,,,,,
,,,,,,,,,,,,,,,,,,,,,,,,,
,,,,,,,,,,,,,,,,,,,,,,,,,
,,,,,,,,,,,,,,,,,,,,,,,,,
,,,,,,,,,,,,,,,,,,,,,,,,,
,,,,,,,,,,,,,,,,,,,,,,,,,
,,,,,,,,,,,,,,,,,,,,,,,,,
,,,,,,,,,,,,,,,,,,,,,,,,,
,,,,,,,,,,,,,,,,,,,,,,,,,
,,,,,,,,,,,,,,,,,,,,,,,,,
,,,,,,,,,,,,,,,,,,,,,,,,,
,,,,,,,,,,,,,,,,,,,,,,,,,
,,,,,,,,,,,,,,,,,,,,,,,,,
,,,,,,,,,,,,,,,,,,,,,,,,,
,,,,,,,,,,,,,,,,,,,,,,,,,
,,,,,,,,,,,,,,,,,,,,,,,,,
,,,,,,,,,,,,,,,,,,,,,,,,,
,,,,,,,,,,,,,,,,,,,,,,,,,
,,,,,,,,,,,,,,,,,,,,,,,,,
,,,,,,,,,,,,,,,,,,,,,,,,,
,,,,,,,,,,,,,,,,,,,,,,,,,
,,,,,,,,,,,,,,,,,,,,,,,,,
,,,,,,,,,,,,,,,,,,,,,,,,,
,,,,,,,,,,,,,,,,,,,,,,,,,
,,,,,,,,,,,,,,,,,,,,,,,,,
,,,,,,,,,,,,,,,,,,,,,,,,,
,,,,,,,,,,,,,,,,,,,,,,,,,
,,,,,,,,,,,,,,,,,,,,,,,,,
,,,,,,,,,,,,,,,,,,,,,,,,,
,,,,,,,,,,,,,,,,,,,,,,,,,
,,,,,,,,,,,,,,,,,,,,,,,,,
,,,,,,,,,,,,,,,,,,,,,,,,,
,,,,,,,,,,,,,,,,,,,,,,,,,
,,,,,,,,,,,,,,,,,,,,,,,,,
,,,,,,,,,,,,,,,,,,,,,,,,,
,,,,,,,,,,,,,,,,,,,,,,,,,
,,,,,,,,,,,,,,,,,,,,,,,,,
,,,,,,,,,,,,,,,,,,,,,,,,,
,,,,,,,,,,,,,,,,,,,,,,,,,
,,,,,,,,,,,,,,,,,,,,,,,,,
,,,,,,,,,,,,,,,,,,,,,,,,,
,,,,,,,,,,,,,,,,,,,,,,,,,
,,,,,,,,,,,,,,,,,,,,,,,,,
,,,,,,,,,,,,,,,,,,,,,,,,,
,,,,,,,,,,,,,,,,,,,,,,,,,
,,,,,,,,,,,,,,,,,,,,,,,,,
,,,,,,,,,,,,,,,,,,,,,,,,,
,,,,,,,,,,,,,,,,,,,,,,,,,
,,,,,,,,,,,,,,,,,,,,,,,,,
,,,,,,,,,,,,,,,,,,,,,,,,,
,,,,,,,,,,,,,,,,,,,,,,,,,
,,,,,,,,,,,,,,,,,,,,,,,,,
,,,,,,,,,,,,,,,,,,,,,,,,,
,,,,,,,,,,,,,,,,,,,,,,,,,
,,,,,,,,,,,,,,,,,,,,,,,,,
,,,,,,,,,,,,,,,,,,,,,,,,,
,,,,,,,,,,,,,,,,,,,,,,,,,
,,,,,,,,,,,,,,,,,,,,,,,,,
,,,,,,,,,,,,,,,,,,,,,,,,,
,,,,,,,,,,,,,,,,,,,,,,,,,
,,,,,,,,,,,,,,,,,,,,,,,,,
,,,,,,,,,,,,,,,,,,,,,,,,,
,,,,,,,,,,,,,,,,,,,,,,,,,
,,,,,,,,,,,,,,,,,,,,,,,,,
,,,,,,,,,,,,,,,,,,,,,,,,,
,,,,,,,,,,,,,,,,,,,,,,,,,
,,,,,,,,,,,,,,,,,,,,,,,,,
,,,,,,,,,,,,,,,,,,,,,,,,,
,,,,,,,,,,,,,,,,,,,,,,,,,
,,,,,,,,,,,,,,,,,,,,,,,,,
,,,,,,,,,,,,,,,,,,,,,,,,,
,,,,,,,,,,,,,,,,,,,,,,,,,
,,,,,,,,,,,,,,,,,,,,,,,,,
,,,,,,,,,,,,,,,,,,,,,,,,,
,,,,,,,,,,,,,,,,,,,,,,,,,
,,,,,,,,,,,,,,,,,,,,,,,,,
,,,,,,,,,,,,,,,,,,,,,,,,,
,,,,,,,,,,,,,,,,,,,,,,,,,
,,,,,,,,,,,,,,,,,,,,,,,,,
,,,,,,,,,,,,,,,,,,,,,,,,,
,,,,,,,,,,,,,,,,,,,,,,,,,
,,,,,,,,,,,,,,,,,,,,,,,,,
,,,,,,,,,,,,,,,,,,,,,,,,,
,,,,,,,,,,,,,,,,,,,,,,,,,
,,,,,,,,,,,,,,,,,,,,,,,,,
,,,,,,,,,,,,,,,,,,,,,,,,,
,,,,,,,,,,,,,,,,,,,,,,,,,
,,,,,,,,,,,,,,,,,,,,,,,,,
,,,,,,,,,,,,,,,,,,,,,,,,,
,,,,,,,,,,,,,,,,,,,,,,,,,
,,,,,,,,,,,,,,,,,,,,,,,,,
,,,,,,,,,,,,,,,,,,,,,,,,,
,,,,,,,,,,,,,,,,,,,,,,,,,
,,,,,,,,,,,,,,,,,,,,,,,,,
,,,,,,,,,,,,,,,,,,,,,,,,,
,,,,,,,,,,,,,,,,,,,,,,,,,
,,,,,,,,,,,,,,,,,,,,,,,,,
,,,,,,,,,,,,,,,,,,,,,,,,,
,,,,,,,,,,,,,,,,,,,,,,,,,
,,,,,,,,,,,,,,,,,,,,,,,,,
,,,,,,,,,,,,,,,,,,,,,,,,,
,,,,,,,,,,,,,,,,,,,,,,,,,
,,,,,,,,,,,,,,,,,,,,,,,,,
,,,,,,,,,,,,,,,,,,,,,,,,,
,,,,,,,,,,,,,,,,,,,,,,,,,
,,,,,,,,,,,,,,,,,,,,,,,,,
,,,,,,,,,,,,,,,,,,,,,,,,,
,,,,,,,,,,,,,,,,,,,,,,,,,
,,,,,,,,,,,,,,,,,,,,,,,,,
,,,,,,,,,,,,,,,,,,,,,,,,,
,,,,,,,,,,,,,,,,,,,,,,,,,
,,,,,,,,,,,,,,,,,,,,,,,,,
,,,,,,,,,,,,,,,,,,,,,,,,,
,,,,,,,,,,,,,,,,,,,,,,,,,
,,,,,,,,,,,,,,,,,,,,,,,,,
,,,,,,,,,,,,,,,,,,,,,,,,,
,,,,,,,,,,,,,,,,,,,,,,,,,
,,,,,,,,,,,,,,,,,,,,,,,,,
,,,,,,,,,,,,,,,,,,,,,,,,,
,,,,,,,,,,,,,,,,,,,,,,,,,
,,,,,,,,,,,,,,,,,,,,,,,,,
,,,,,,,,,,,,,,,,,,,,,,,,,
,,,,,,,,,,,,,,,,,,,,,,,,,
,,,,,,,,,,,,,,,,,,,,,,,,,
,,,,,,,,,,,,,,,,,,,,,,,,,
,,,,,,,,,,,,,,,,,,,,,,,,,
,,,,,,,,,,,,,,,,,,,,,,,,,
,,,,,,,,,,,,,,,,,,,,,,,,,
,,,,,,,,,,,,,,,,,,,,,,,,,
,,,,,,,,,,,,,,,,,,,,,,,,,
,,,,,,,,,,,,,,,,,,,,,,,,,
,,,,,,,,,,,,,,,,,,,,,,,,,
,,,,,,,,,,,,,,,,,,,,,,,,,
,,,,,,,,,,,,,,,,,,,,,,,,,
,,,,,,,,,,,,,,,,,,,,,,,,,
,,,,,,,,,,,,,,,,,,,,,,,,,
,,,,,,,,,,,,,,,,,,,,,,,,,
,,,,,,,,,,,,,,,,,,,,,,,,,
,,,,,,,,,,,,,,,,,,,,,,,,,
,,,,,,,,,,,,,,,,,,,,,,,,,
,,,,,,,,,,,,,,,,,,,,,,,,,
,,,,,,,,,,,,,,,,,,,,,,,,,
,,,,,,,,,,,,,,,,,,,,,,,,,
,,,,,,,,,,,,,,,,,,,,,,,,,
,,,,,,,,,,,,,,,,,,,,,,,,,
,,,,,,,,,,,,,,,,,,,,,,,,,
,,,,,,,,,,,,,,,,,,,,,,,,,
,,,,,,,,,,,,,,,,,,,,,,,,,
,,,,,,,,,,,,,,,,,,,,,,,,,
,,,,,,,,,,,,,,,,,,,,,,,,,
,,,,,,,,,,,,,,,,,,,,,,,,,
,,,,,,,,,,,,,,,,,,,,,,,,,
,,,,,,,,,,,,,,,,,,,,,,,,,
,,,,,,,,,,,,,,,,,,,,,,,,,
,,,,,,,,,,,,,,,,,,,,,,,,,
,,,,,,,,,,,,,,,,,,,,,,,,,
,,,,,,,,,,,,,,,,,,,,,,,,,
,,,,,,,,,,,,,,,,,,,,,,,,,
,,,,,,,,,,,,,,,,,,,,,,,,,
,,,,,,,,,,,,,,,,,,,,,,,,,
,,,,,,,,,,,,,,,,,,,,,,,,,
,,,,,,,,,,,,,,,,,,,,,,,,,
,,,,,,,,,,,,,,,,,,,,,,,,,
,,,,,,,,,,,,,,,,,,,,,,,,,
,,,,,,,,,,,,,,,,,,,,,,,,,
,,,,,,,,,,,,,,,,,,,,,,,,,
,,,,,,,,,,,,,,,,,,,,,,,,,
,,,,,,,,,,,,,,,,,,,,,,,,,
,,,,,,,,,,,,,,,,,,,,,,,,,
,,,,,,,,,,,,,,,,,,,,,,,,,
,,,,,,,,,,,,,,,,,,,,,,,,,
,,,,,,,,,,,,,,,,,,,,,,,,,
,,,,,,,,,,,,,,,,,,,,,,,,,
,,,,,,,,,,,,,,,,,,,,,,,,,
,,,,,,,,,,,,,,,,,,,,,,,,,
,,,,,,,,,,,,,,,,,,,,,,,,,
,,,,,,,,,,,,,,,,,,,,,,,,,
,,,,,,,,,,,,,,,,,,,,,,,,,
,,,,,,,,,,,,,,,,,,,,,,,,,
,,,,,,,,,,,,,,,,,,,,,,,,,
,,,,,,,,,,,,,,,,,,,,,,,,,
,,,,,,,,,,,,,,,,,,,,,,,,,
,,,,,,,,,,,,,,,,,,,,,,,,,
,,,,,,,,,,,,,,,,,,,,,,,,,
,,,,,,,,,,,,,,,,,,,,,,,,,
,,,,,,,,,,,,,,,,,,,,,,,,,
,,,,,,,,,,,,,,,,,,,,,,,,,
,,,,,,,,,,,,,,,,,,,,,,,,,
,,,,,,,,,,,,,,,,,,,,,,,,,
,,,,,,,,,,,,,,,,,,,,,,,,,
,,,,,,,,,,,,,,,,,,,,,,,,,
,,,,,,,,,,,,,,,,,,,,,,,,,
,,,,,,,,,,,,,,,,,,,,,,,,,
,,,,,,,,,,,,,,,,,,,,,,,,,
,,,,,,,,,,,,,,,,,,,,,,,,,
,,,,,,,,,,,,,,,,,,,,,,,,,
,,,,,,,,,,,,,,,,,,,,,,,,,
,,,,,,,,,,,,,,,,,,,,,,,,,
,,,,,,,,,,,,,,,,,,,,,,,,,
,,,,,,,,,,,,,,,,,,,,,,,,,
,,,,,,,,,,,,,,,,,,,,,,,,,
,,,,,,,,,,,,,,,,,,,,,,,,,
,,,,,,,,,,,,,,,,,,,,,,,,,
,,,,,,,,,,,,,,,,,,,,,,,,,
,,,,,,,,,,,,,,,,,,,,,,,,,
,,,,,,,,,,,,,,,,,,,,,,,,,
,,,,,,,,,,,,,,,,,,,,,,,,,
,,,,,,,,,,,,,,,,,,,,,,,,,
,,,,,,,,,,,,,,,,,,,,,,,,,
,,,,,,,,,,,,,,,,,,,,,,,,,
,,,,,,,,,,,,,,,,,,,,,,,,,
,,,,,,,,,,,,,,,,,,,,,,,,,
,,,,,,,,,,,,,,,,,,,,,,,,,
,,,,,,,,,,,,,,,,,,,,,,,,,
,,,,,,,,,,,,,,,,,,,,,,,,,
,,,,,,,,,,,,,,,,,,,,,,,,,
,,,,,,,,,,,,,,,,,,,,,,,,,
,,,,,,,,,,,,,,,,,,,,,,,,,
,,,,,,,,,,,,,,,,,,,,,,,,,
,,,,,,,,,,,,,,,,,,,,,,,,,
,,,,,,,,,,,,,,,,,,,,,,,,,
,,,,,,,,,,,,,,,,,,,,,,,,,
,,,,,,,,,,,,,,,,,,,,,,,,,
,,,,,,,,,,,,,,,,,,,,,,,,,
,,,,,,,,,,,,,,,,,,,,,,,,,
,,,,,,,,,,,,,,,,,,,,,,,,,
,,,,,,,,,,,,,,,,,,,,,,,,,
,,,,,,,,,,,,,,,,,,,,,,,,,
,,,,,,,,,,,,,,,,,,,,,,,,,
,,,,,,,,,,,,,,,,,,,,,,,,,
,,,,,,,,,,,,,,,,,,,,,,,,,
,,,,,,,,,,,,,,,,,,,,,,,,,
,,,,,,,,,,,,,,,,,,,,,,,,,
,,,,,,,,,,,,,,,,,,,,,,,,,
,,,,,,,,,,,,,,,,,,,,,,,,,
,,,,,,,,,,,,,,,,,,,,,,,,,
,,,,,,,,,,,,,,,,,,,,,,,,,
,,,,,,,,,,,,,,,,,,,,,,,,,
,,,,,,,,,,,,,,,,,,,,,,,,,
,,,,,,,,,,,,,,,,,,,,,,,,,
,,,,,,,,,,,,,,,,,,,,,,,,,
,,,,,,,,,,,,,,,,,,,,,,,,,
,,,,,,,,,,,,,,,,,,,,,,,,,
,,,,,,,,,,,,,,,,,,,,,,,,,
,,,,,,,,,,,,,,,,,,,,,,,,,
,,,,,,,,,,,,,,,,,,,,,,,,,
,,,,,,,,,,,,,,,,,,,,,,,,,
,,,,,,,,,,,,,,,,,,,,,,,,,
,,,,,,,,,,,,,,,,,,,,,,,,,
,,,,,,,,,,,,,,,,,,,,,,,,,
,,,,,,,,,,,,,,,,,,,,,,,,,
,,,,,,,,,,,,,,,,,,,,,,,,,
,,,,,,,,,,,,,,,,,,,,,,,,,
,,,,,,,,,,,,,,,,,,,,,,,,,
,,,,,,,,,,,,,,,,,,,,,,,,,
,,,,,,,,,,,,,,,,,,,,,,,,,
,,,,,,,,,,,,,,,,,,,,,,,,,
,,,,,,,,,,,,,,,,,,,,,,,,,
,,,,,,,,,,,,,,,,,,,,,,,,,
,,,,,,,,,,,,,,,,,,,,,,,,,
,,,,,,,,,,,,,,,,,,,,,,,,,
,,,,,,,,,,,,,,,,,,,,,,,,,
,,,,,,,,,,,,,,,,,,,,,,,,,
,,,,,,,,,,,,,,,,,,,,,,,,,
,,,,,,,,,,,,,,,,,,,,,,,,,
,,,,,,,,,,,,,,,,,,,,,,,,,
,,,,,,,,,,,,,,,,,,,,,,,,,
,,,,,,,,,,,,,,,,,,,,,,,,,
,,,,,,,,,,,,,,,,,,,,,,,,,
,,,,,,,,,,,,,,,,,,,,,,,,,
,,,,,,,,,,,,,,,,,,,,,,,,,
,,,,,,,,,,,,,,,,,,,,,,,,,
,,,,,,,,,,,,,,,,,,,,,,,,,
,,,,,,,,,,,,,,,,,,,,,,,,,
,,,,,,,,,,,,,,,,,,,,,,,,,
,,,,,,,,,,,,,,,,,,,,,,,,,
,,,,,,,,,,,,,,,,,,,,,,,,,
,,,,,,,,,,,,,,,,,,,,,,,,,
,,,,,,,,,,,,,,,,,,,,,,,,,
,,,,,,,,,,,,,,,,,,,,,,,,,
,,,,,,,,,,,,,,,,,,,,,,,,,
,,,,,,,,,,,,,,,,,,,,,,,,,
,,,,,,,,,,,,,,,,,,,,,,,,,
,,,,,,,,,,,,,,,,,,,,,,,,,
,,,,,,,,,,,,,,,,,,,,,,,,,
,,,,,,,,,,,,,,,,,,,,,,,,,
,,,,,,,,,,,,,,,,,,,,,,,,,
,,,,,,,,,,,,,,,,,,,,,,,,,
,,,,,,,,,,,,,,,,,,,,,,,,,
,,,,,,,,,,,,,,,,,,,,,,,,,
,,,,,,,,,,,,,,,,,,,,,,,,,
,,,,,,,,,,,,,,,,,,,,,,,,,
,,,,,,,,,,,,,,,,,,,,,,,,,
,,,,,,,,,,,,,,,,,,,,,,,,,
,,,,,,,,,,,,,,,,,,,,,,,,,
,,,,,,,,,,,,,,,,,,,,,,,,,
,,,,,,,,,,,,,,,,,,,,,,,,,
,,,,,,,,,,,,,,,,,,,,,,,,,
,,,,,,,,,,,,,,,,,,,,,,,,,
,,,,,,,,,,,,,,,,,,,,,,,,,
,,,,,,,,,,,,,,,,,,,,,,,,,
,,,,,,,,,,,,,,,,,,,,,,,,,
,,,,,,,,,,,,,,,,,,,,,,,,,
,,,,,,,,,,,,,,,,,,,,,,,,,
,,,,,,,,,,,,,,,,,,,,,,,,,
,,,,,,,,,,,,,,,,,,,,,,,,,
,,,,,,,,,,,,,,,,,,,,,,,,,
,,,,,,,,,,,,,,,,,,,,,,,,,
,,,,,,,,,,,,,,,,,,,,,,,,,
,,,,,,,,,,,,,,,,,,,,,,,,,
,,,,,,,,,,,,,,,,,,,,,,,,,
,,,,,,,,,,,,,,,,,,,,,,,,,
,,,,,,,,,,,,,,,,,,,,,,,,,
,,,,,,,,,,,,,,,,,,,,,,,,,
,,,,,,,,,,,,,,,,,,,,,,,,,
,,,,,,,,,,,,,,,,,,,,,,,,,
,,,,,,,,,,,,,,,,,,,,,,,,,
,,,,,,,,,,,,,,,,,,,,,,,,,
,,,,,,,,,,,,,,,,,,,,,,,,,
,,,,,,,,,,,,,,,,,,,,,,,,,
,,,,,,,,,,,,,,,,,,,,,,,,,
,,,,,,,,,,,,,,,,,,,,,,,,,
,,,,,,,,,,,,,,,,,,,,,,,,,
,,,,,,,,,,,,,,,,,,,,,,,,,
,,,,,,,,,,,,,,,,,,,,,,,,,
,,,,,,,,,,,,,,,,,,,,,,,,,
,,,,,,,,,,,,,,,,,,,,,,,,,
,,,,,,,,,,,,,,,,,,,,,,,,,
,,,,,,,,,,,,,,,,,,,,,,,,,
,,,,,,,,,,,,,,,,,,,,,,,,,
,,,,,,,,,,,,,,,,,,,,,,,,,
,,,,,,,,,,,,,,,,,,,,,,,,,
,,,,,,,,,,,,,,,,,,,,,,,,,
,,,,,,,,,,,,,,,,,,,,,,,,,
,,,,,,,,,,,,,,,,,,,,,,,,,
,,,,,,,,,,,,,,,,,,,,,,,,,
,,,,,,,,,,,,,,,,,,,,,,,,,
,,,,,,,,,,,,,,,,,,,,,,,,,
,,,,,,,,,,,,,,,,,,,,,,,,,
,,,,,,,,,,,,,,,,,,,,,,,,,
,,,,,,,,,,,,,,,,,,,,,,,,,
,,,,,,,,,,,,,,,,,,,,,,,,,
,,,,,,,,,,,,,,,,,,,,,,,,,
,,,,,,,,,,,,,,,,,,,,,,,,,
,,,,,,,,,,,,,,,,,,,,,,,,,
,,,,,,,,,,,,,,,,,,,,,,,,,
,,,,,,,,,,,,,,,,,,,,,,,,,
,,,,,,,,,,,,,,,,,,,,,,,,,
,,,,,,,,,,,,,,,,,,,,,,,,,
,,,,,,,,,,,,,,,,,,,,,,,,,
,,,,,,,,,,,,,,,,,,,,,,,,,
,,,,,,,,,,,,,,,,,,,,,,,,,
,,,,,,,,,,,,,,,,,,,,,,,,,
,,,,,,,,,,,,,,,,,,,,,,,,,
,,,,,,,,,,,,,,,,,,,,,,,,,
,,,,,,,,,,,,,,,,,,,,,,,,,
,,,,,,,,,,,,,,,,,,,,,,,,,
,,,,,,,,,,,,,,,,,,,,,,,,,
,,,,,,,,,,,,,,,,,,,,,,,,,
,,,,,,,,,,,,,,,,,,,,,,,,,
,,,,,,,,,,,,,,,,,,,,,,,,,
,,,,,,,,,,,,,,,,,,,,,,,,,
,,,,,,,,,,,,,,,,,,,,,,,,,
,,,,,,,,,,,,,,,,,,,,,,,,,
,,,,,,,,,,,,,,,,,,,,,,,,,
,,,,,,,,,,,,,,,,,,,,,,,,,
,,,,,,,,,,,,,,,,,,,,,,,,,
,,,,,,,,,,,,,,,,,,,,,,,,,
,,,,,,,,,,,,,,,,,,,,,,,,,
,,,,,,,,,,,,,,,,,,,,,,,,,
,,,,,,,,,,,,,,,,,,,,,,,,,
,,,,,,,,,,,,,,,,,,,,,,,,,
,,,,,,,,,,,,,,,,,,,,,,,,,
,,,,,,,,,,,,,,,,,,,,,,,,,
,,,,,,,,,,,,,,,,,,,,,,,,,
,,,,,,,,,,,,,,,,,,,,,,,,,
,,,,,,,,,,,,,,,,,,,,,,,,,
,,,,,,,,,,,,,,,,,,,,,,,,,
,,,,,,,,,,,,,,,,,,,,,,,,,
,,,,,,,,,,,,,,,,,,,,,,,,,
,,,,,,,,,,,,,,,,,,,,,,,,,
,,,,,,,,,,,,,,,,,,,,,,,,,
,,,,,,,,,,,,,,,,,,,,,,,,,
,,,,,,,,,,,,,,,,,,,,,,,,,
,,,,,,,,,,,,,,,,,,,,,,,,,
,,,,,,,,,,,,,,,,,,,,,,,,,
,,,,,,,,,,,,,,,,,,,,,,,,,
,,,,,,,,,,,,,,,,,,,,,,,,,
,,,,,,,,,,,,,,,,,,,,,,,,,
,,,,,,,,,,,,,,,,,,,,,,,,,
,,,,,,,,,,,,,,,,,,,,,,,,,
,,,,,,,,,,,,,,,,,,,,,,,,,
,,,,,,,,,,,,,,,,,,,,,,,,,
,,,,,,,,,,,,,,,,,,,,,,,,,
,,,,,,,,,,,,,,,,,,,,,,,,,
,,,,,,,,,,,,,,,,,,,,,,,,,
,,,,,,,,,,,,,,,,,,,,,,,,,
,,,,,,,,,,,,,,,,,,,,,,,,,
,,,,,,,,,,,,,,,,,,,,,,,,,
,,,,,,,,,,,,,,,,,,,,,,,,,
,,,,,,,,,,,,,,,,,,,,,,,,,
,,,,,,,,,,,,,,,,,,,,,,,,,
,,,,,,,,,,,,,,,,,,,,,,,,,
,,,,,,,,,,,,,,,,,,,,,,,,,
,,,,,,,,,,,,,,,,,,,,,,,,,
,,,,,,,,,,,,,,,,,,,,,,,,,
,,,,,,,,,,,,,,,,,,,,,,,,,
,,,,,,,,,,,,,,,,,,,,,,,,,
,,,,,,,,,,,,,,,,,,,,,,,,,
,,,,,,,,,,,,,,,,,,,,,,,,,
,,,,,,,,,,,,,,,,,,,,,,,,,
,,,,,,,,,,,,,,,,,,,,,,,,,
,,,,,,,,,,,,,,,,,,,,,,,,,
,,,,,,,,,,,,,,,,,,,,,,,,,
,,,,,,,,,,,,,,,,,,,,,,,,,
,,,,,,,,,,,,,,,,,,,,,,,,,
,,,,,,,,,,,,,,,,,,,,,,,,,
,,,,,,,,,,,,,,,,,,,,,,,,,
,,,,,,,,,,,,,,,,,,,,,,,,,
,,,,,,,,,,,,,,,,,,,,,,,,,
,,,,,,,,,,,,,,,,,,,,,,,,,
,,,,,,,,,,,,,,,,,,,,,,,,,
,,,,,,,,,,,,,,,,,,,,,,,,,
,,,,,,,,,,,,,,,,,,,,,,,,,
,,,,,,,,,,,,,,,,,,,,,,,,,
,,,,,,,,,,,,,,,,,,,,,,,,,
,,,,,,,,,,,,,,,,,,,,,,,,,
,,,,,,,,,,,,,,,,,,,,,,,,,
,,,,,,,,,,,,,,,,,,,,,,,,,
,,,,,,,,,,,,,,,,,,,,,,,,,
,,,,,,,,,,,,,,,,,,,,,,,,,
,,,,,,,,,,,,,,,,,,,,,,,,,
,,,,,,,,,,,,,,,,,,,,,,,,,
,,,,,,,,,,,,,,,,,,,,,,,,,
,,,,,,,,,,,,,,,,,,,,,,,,,
,,,,,,,,,,,,,,,,,,,,,,,,,
,,,,,,,,,,,,,,,,,,,,,,,,,
,,,,,,,,,,,,,,,,,,,,,,,,,
,,,,,,,,,,,,,,,,,,,,,,,,,
,,,,,,,,,,,,,,,,,,,,,,,,,
,,,,,,,,,,,,,,,,,,,,,,,,,
,,,,,,,,,,,,,,,,,,,,,,,,,
,,,,,,,,,,,,,,,,,,,,,,,,,
,,,,,,,,,,,,,,,,,,,,,,,,,
,,,,,,,,,,,,,,,,,,,,,,,,,
,,,,,,,,,,,,,,,,,,,,,,,,,
,,,,,,,,,,,,,,,,,,,,,,,,,
,,,,,,,,,,,,,,,,,,,,,,,,,
,,,,,,,,,,,,,,,,,,,,,,,,,
,,,,,,,,,,,,,,,,,,,,,,,,,
,,,,,,,,,,,,,,,,,,,,,,,,,
,,,,,,,,,,,,,,,,,,,,,,,,,
,,,,,,,,,,,,,,,,,,,,,,,,,
,,,,,,,,,,,,,,,,,,,,,,,,,
,,,,,,,,,,,,,,,,,,,,,,,,,
,,,,,,,,,,,,,,,,,,,,,,,,,
,,,,,,,,,,,,,,,,,,,,,,,,,
,,,,,,,,,,,,,,,,,,,,,,,,,
,,,,,,,,,,,,,,,,,,,,,,,,,
,,,,,,,,,,,,,,,,,,,,,,,,,
,,,,,,,,,,,,,,,,,,,,,,,,,
,,,,,,,,,,,,,,,,,,,,,,,,,
,,,,,,,,,,,,,,,,,,,,,,,,,
,,,,,,,,,,,,,,,,,,,,,,,,,
,,,,,,,,,,,,,,,,,,,,,,,,,
,,,,,,,,,,,,,,,,,,,,,,,,,
,,,,,,,,,,,,,,,,,,,,,,,,,
,,,,,,,,,,,,,,,,,,,,,,,,,
,,,,,,,,,,,,,,,,,,,,,,,,,
,,,,,,,,,,,,,,,,,,,,,,,,,
,,,,,,,,,,,,,,,,,,,,,,,,,
,,,,,,,,,,,,,,,,,,,,,,,,,
,,,,,,,,,,,,,,,,,,,,,,,,,
,,,,,,,,,,,,,,,,,,,,,,,,,
,,,,,,,,,,,,,,,,,,,,,,,,,
,,,,,,,,,,,,,,,,,,,,,,,,,
,,,,,,,,,,,,,,,,,,,,,,,,,
,,,,,,,,,,,,,,,,,,,,,,,,,
,,,,,,,,,,,,,,,,,,,,,,,,,
,,,,,,,,,,,,,,,,,,,,,,,,,
,,,,,,,,,,,,,,,,,,,,,,,,,
,,,,,,,,,,,,,,,,,,,,,,,,,
,,,,,,,,,,,,,,,,,,,,,,,,,
,,,,,,,,,,,,,,,,,,,,,,,,,
,,,,,,,,,,,,,,,,,,,,,,,,,
,,,,,,,,,,,,,,,,,,,,,,,,,
,,,,,,,,,,,,,,,,,,,,,,,,,
,,,,,,,,,,,,,,,,,,,,,,,,,
,,,,,,,,,,,,,,,,,,,,,,,,,
,,,,,,,,,,,,,,,,,,,,,,,,,
,,,,,,,,,,,,,,,,,,,,,,,,,
,,,,,,,,,,,,,,,,,,,,,,,,,
,,,,,,,,,,,,,,,,,,,,,,,,,
,,,,,,,,,,,,,,,,,,,,,,,,,
,,,,,,,,,,,,,,,,,,,,,,,,,
,,,,,,,,,,,,,,,,,,,,,,,,,
,,,,,,,,,,,,,,,,,,,,,,,,,
,,,,,,,,,,,,,,,,,,,,,,,,,
,,,,,,,,,,,,,,,,,,,,,,,,,
,,,,,,,,,,,,,,,,,,,,,,,,,
,,,,,,,,,,,,,,,,,,,,,,,,,
,,,,,,,,,,,,,,,,,,,,,,,,,
,,,,,,,,,,,,,,,,,,,,,,,,,
,,,,,,,,,,,,,,,,,,,,,,,,,
,,,,,,,,,,,,,,,,,,,,,,,,,
,,,,,,,,,,,,,,,,,,,,,,,,,
,,,,,,,,,,,,,,,,,,,,,,,,,
,,,,,,,,,,,,,,,,,,,,,,,,,
,,,,,,,,,,,,,,,,,,,,,,,,,
,,,,,,,,,,,,,,,,,,,,,,,,,
,,,,,,,,,,,,,,,,,,,,,,,,,
,,,,,,,,,,,,,,,,,,,,,,,,,
,,,,,,,,,,,,,,,,,,,,,,,,,
,,,,,,,,,,,,,,,,,,,,,,,,,
,,,,,,,,,,,,,,,,,,,,,,,,,
,,,,,,,,,,,,,,,,,,,,,,,,,
,,,,,,,,,,,,,,,,,,,,,,,,,
,,,,,,,,,,,,,,,,,,,,,,,,,
,,,,,,,,,,,,,,,,,,,,,,,,,
,,,,,,,,,,,,,,,,,,,,,,,,,
,,,,,,,,,,,,,,,,,,,,,,,,,
,,,,,,,,,,,,,,,,,,,,,,,,,
,,,,,,,,,,,,,,,,,,,,,,,,,
,,,,,,,,,,,,,,,,,,,,,,,,,
,,,,,,,,,,,,,,,,,,,,,,,,,
,,,,,,,,,,,,,,,,,,,,,,,,,
,,,,,,,,,,,,,,,,,,,,,,,,,
,,,,,,,,,,,,,,,,,,,,,,,,,
,,,,,,,,,,,,,,,,,,,,,,,,,
,,,,,,,,,,,,,,,,,,,,,,,,,
,,,,,,,,,,,,,,,,,,,,,,,,,
,,,,,,,,,,,,,,,,,,,,,,,,,
,,,,,,,,,,,,,,,,,,,,,,,,,
,,,,,,,,,,,,,,,,,,,,,,,,,
,,,,,,,,,,,,,,,,,,,,,,,,,
,,,,,,,,,,,,,,,,,,,,,,,,,
,,,,,,,,,,,,,,,,,,,,,,,,,
,,,,,,,,,,,,,,,,,,,,,,,,,
,,,,,,,,,,,,,,,,,,,,,,,,,
,,,,,,,,,,,,,,,,,,,,,,,,,
,,,,,,,,,,,,,,,,,,,,,,,,,
,,,,,,,,,,,,,,,,,,,,,,,,,
,,,,,,,,,,,,,,,,,,,,,,,,,
,,,,,,,,,,,,,,,,,,,,,,,,,
,,,,,,,,,,,,,,,,,,,,,,,,,
,,,,,,,,,,,,,,,,,,,,,,,,,
,,,,,,,,,,,,,,,,,,,,,,,,,
,,,,,,,,,,,,,,,,,,,,,,,,,
,,,,,,,,,,,,,,,,,,,,,,,,,
,,,,,,,,,,,,,,,,,,,,,,,,,
,,,,,,,,,,,,,,,,,,,,,,,,,
,,,,,,,,,,,,,,,,,,,,,,,,,
,,,,,,,,,,,,,,,,,,,,,,,,,
,,,,,,,,,,,,,,,,,,,,,,,,,
,,,,,,,,,,,,,,,,,,,,,,,,,
,,,,,,,,,,,,,,,,,,,,,,,,,
,,,,,,,,,,,,,,,,,,,,,,,,,
,,,,,,,,,,,,,,,,,,,,,,,,,
,,,,,,,,,,,,,,,,,,,,,,,,,
,,,,,,,,,,,,,,,,,,,,,,,,,
,,,,,,,,,,,,,,,,,,,,,,,,,
,,,,,,,,,,,,,,,,,,,,,,,,,
,,,,,,,,,,,,,,,,,,,,,,,,,
,,,,,,,,,,,,,,,,,,,,,,,,,
,,,,,,,,,,,,,,,,,,,,,,,,,
,,,,,,,,,,,,,,,,,,,,,,,,,
,,,,,,,,,,,,,,,,,,,,,,,,,
,,,,,,,,,,,,,,,,,,,,,,,,,
,,,,,,,,,,,,,,,,,,,,,,,,,
,,,,,,,,,,,,,,,,,,,,,,,,,
,,,,,,,,,,,,,,,,,,,,,,,,,
,,,,,,,,,,,,,,,,,,,,,,,,,
,,,,,,,,,,,,,,,,,,,,,,,,,
,,,,,,,,,,,,,,,,,,,,,,,,,
,,,,,,,,,,,,,,,,,,,,,,,,,
,,,,,,,,,,,,,,,,,,,,,,,,,
,,,,,,,,,,,,,,,,,,,,,,,,,
,,,,,,,,,,,,,,,,,,,,,,,,,
,,,,,,,,,,,,,,,,,,,,,,,,,
,,,,,,,,,,,,,,,,,,,,,,,,,
,,,,,,,,,,,,,,,,,,,,,,,,,
,,,,,,,,,,,,,,,,,,,,,,,,,
,,,,,,,,,,,,,,,,,,,,,,,,,
,,,,,,,,,,,,,,,,,,,,,,,,,
,,,,,,,,,,,,,,,,,,,,,,,,,
,,,,,,,,,,,,,,,,,,,,,,,,,
,,,,,,,,,,,,,,,,,,,,,,,,,
,,,,,,,,,,,,,,,,,,,,,,,,,
,,,,,,,,,,,,,,,,,,,,,,,,,
,,,,,,,,,,,,,,,,,,,,,,,,,
,,,,,,,,,,,,,,,,,,,,,,,,,
,,,,,,,,,,,,,,,,,,,,,,,,,
,,,,,,,,,,,,,,,,,,,,,,,,,
,,,,,,,,,,,,,,,,,,,,,,,,,
,,,,,,,,,,,,,,,,,,,,,,,,,
,,,,,,,,,,,,,,,,,,,,,,,,,
,,,,,,,,,,,,,,,,,,,,,,,,,
,,,,,,,,,,,,,,,,,,,,,,,,,
,,,,,,,,,,,,,,,,,,,,,,,,,
,,,,,,,,,,,,,,,,,,,,,,,,,
,,,,,,,,,,,,,,,,,,,,,,,,,
,,,,,,,,,,,,,,,,,,,,,,,,,
,,,,,,,,,,,,,,,,,,,,,,,,,
,,,,,,,,,,,,,,,,,,,,,,,,,
,,,,,,,,,,,,,,,,,,,,,,,,,
,,,,,,,,,,,,,,,,,,,,,,,,,
,,,,,,,,,,,,,,,,,,,,,,,,,
,,,,,,,,,,,,,,,,,,,,,,,,,
,,,,,,,,,,,,,,,,,,,,,,,,,
,,,,,,,,,,,,,,,,,,,,,,,,,
,,,,,,,,,,,,,,,,,,,,,,,,,
,,,,,,,,,,,,,,,,,,,,,,,,,
,,,,,,,,,,,,,,,,,,,,,,,,,
,,,,,,,,,,,,,,,,,,,,,,,,,
,,,,,,,,,,,,,,,,,,,,,,,,,
,,,,,,,,,,,,,,,,,,,,,,,,,
,,,,,,,,,,,,,,,,,,,,,,,,,
,,,,,,,,,,,,,,,,,,,,,,,,,
,,,,,,,,,,,,,,,,,,,,,,,,,
,,,,,,,,,,,,,,,,,,,,,,,,,
,,,,,,,,,,,,,,,,,,,,,,,,,
,,,,,,,,,,,,,,,,,,,,,,,,,
,,,,,,,,,,,,,,,,,,,,,,,,,
,,,,,,,,,,,,,,,,,,,,,,,,,
,,,,,,,,,,,,,,,,,,,,,,,,,
,,,,,,,,,,,,,,,,,,,,,,,,,
,,,,,,,,,,,,,,,,,,,,,,,,,
,,,,,,,,,,,,,,,,,,,,,,,,,
,,,,,,,,,,,,,,,,,,,,,,,,,
,,,,,,,,,,,,,,,,,,,,,,,,,
,,,,,,,,,,,,,,,,,,,,,,,,,
,,,,,,,,,,,,,,,,,,,,,,,,,
,,,,,,,,,,,,,,,,,,,,,,,,,
,,,,,,,,,,,,,,,,,,,,,,,,,
,,,,,,,,,,,,,,,,,,,,,,,,,
,,,,,,,,,,,,,,,,,,,,,,,,,
,,,,,,,,,,,,,,,,,,,,,,,,,
,,,,,,,,,,,,,,,,,,,,,,,,,
,,,,,,,,,,,,,,,,,,,,,,,,,
,,,,,,,,,,,,,,,,,,,,,,,,,
,,,,,,,,,,,,,,,,,,,,,,,,,
,,,,,,,,,,,,,,,,,,,,,,,,,
,,,,,,,,,,,,,,,,,,,,,,,,,
,,,,,,,,,,,,,,,,,,,,,,,,,
,,,,,,,,,,,,,,,,,,,,,,,,,
,,,,,,,,,,,,,,,,,,,,,,,,,
,,,,,,,,,,,,,,,,,,,,,,,,,
,,,,,,,,,,,,,,,,,,,,,,,,,
,,,,,,,,,,,,,,,,,,,,,,,,,
,,,,,,,,,,,,,,,,,,,,,,,,,
,,,,,,,,,,,,,,,,,,,,,,,,,
,,,,,,,,,,,,,,,,,,,,,,,,,
,,,,,,,,,,,,,,,,,,,,,,,,,
,,,,,,,,,,,,,,,,,,,,,,,,,
,,,,,,,,,,,,,,,,,,,,,,,,,
,,,,,,,,,,,,,,,,,,,,,,,,,
,,,,,,,,,,,,,,,,,,,,,,,,,
,,,,,,,,,,,,,,,,,,,,,,,,,
,,,,,,,,,,,,,,,,,,,,,,,,,
,,,,,,,,,,,,,,,,,,,,,,,,,
,,,,,,,,,,,,,,,,,,,,,,,,,
,,,,,,,,,,,,,,,,,,,,,,,,,
,,,,,,,,,,,,,,,,,,,,,,,,,
,,,,,,,,,,,,,,,,,,,,,,,,,
,,,,,,,,,,,,,,,,,,,,,,,,,
,,,,,,,,,,,,,,,,,,,,,,,,,
,,,,,,,,,,,,,,,,,,,,,,,,,
,,,,,,,,,,,,,,,,,,,,,,,,,
,,,,,,,,,,,,,,,,,,,,,,,,,
,,,,,,,,,,,,,,,,,,,,,,,,,
,,,,,,,,,,,,,,,,,,,,,,,,,
,,,,,,,,,,,,,,,,,,,,,,,,,
,,,,,,,,,,,,,,,,,,,,,,,,,
,,,,,,,,,,,,,,,,,,,,,,,,,
,,,,,,,,,,,,,,,,,,,,,,,,,
,,,,,,,,,,,,,,,,,,,,,,,,,
,,,,,,,,,,,,,,,,,,,,,,,,,
,,,,,,,,,,,,,,,,,,,,,,,,,
,,,,,,,,,,,,,,,,,,,,,,,,,
,,,,,,,,,,,,,,,,,,,,,,,,,
,,,,,,,,,,,,,,,,,,,,,,,,,
,,,,,,,,,,,,,,,,,,,,,,,,,
,,,,,,,,,,,,,,,,,,,,,,,,,
,,,,,,,,,,,,,,,,,,,,,,,,,
,,,,,,,,,,,,,,,,,,,,,,,,,
,,,,,,,,,,,,,,,,,,,,,,,,,
,,,,,,,,,,,,,,,,,,,,,,,,,
,,,,,,,,,,,,,,,,,,,,,,,,,
,,,,,,,,,,,,,,,,,,,,,,,,,
,,,,,,,,,,,,,,,,,,,,,,,,,
,,,,,,,,,,,,,,,,,,,,,,,,,
,,,,,,,,,,,,,,,,,,,,,,,,,
,,,,,,,,,,,,,,,,,,,,,,,,,
,,,,,,,,,,,,,,,,,,,,,,,,,
,,,,,,,,,,,,,,,,,,,,,,,,,
,,,,,,,,,,,,,,,,,,,,,,,,,
,,,,,,,,,,,,,,,,,,,,,,,,,
,,,,,,,,,,,,,,,,,,,,,,,,,
,,,,,,,,,,,,,,,,,,,,,,,,,
,,,,,,,,,,,,,,,,,,,,,,,,,
,,,,,,,,,,,,,,,,,,,,,,,,,
,,,,,,,,,,,,,,,,,,,,,,,,,
,,,,,,,,,,,,,,,,,,,,,,,,,
,,,,,,,,,,,,,,,,,,,,,,,,,
,,,,,,,,,,,,,,,,,,,,,,,,,
,,,,,,,,,,,,,,,,,,,,,,,,,
,,,,,,,,,,,,,,,,,,,,,,,,,
,,,,,,,,,,,,,,,,,,,,,,,,,
,,,,,,,,,,,,,,,,,,,,,,,,,
,,,,,,,,,,,,,,,,,,,,,,,,,
,,,,,,,,,,,,,,,,,,,,,,,,,
,,,,,,,,,,,,,,,,,,,,,,,,,
,,,,,,,,,,,,,,,,,,,,,,,,,
,,,,,,,,,,,,,,,,,,,,,,,,,
,,,,,,,,,,,,,,,,,,,,,,,,,
,,,,,,,,,,,,,,,,,,,,,,,,,
,,,,,,,,,,,,,,,,,,,,,,,,,
,,,,,,,,,,,,,,,,,,,,,,,,,
,,,,,,,,,,,,,,,,,,,,,,,,,
,,,,,,,,,,,,,,,,,,,,,,,,,
,,,,,,,,,,,,,,,,,,,,,,,,,
,,,,,,,,,,,,,,,,,,,,,,,,,
,,,,,,,,,,,,,,,,,,,,,,,,,
,,,,,,,,,,,,,,,,,,,,,,,,,
,,,,,,,,,,,,,,,,,,,,,,,,,
,,,,,,,,,,,,,,,,,,,,,,,,,
,,,,,,,,,,,,,,,,,,,,,,,,,
,,,,,,,,,,,,,,,,,,,,,,,,,
,,,,,,,,,,,,,,,,,,,,,,,,,
,,,,,,,,,,,,,,,,,,,,,,,,,
,,,,,,,,,,,,,,,,,,,,,,,,,
,,,,,,,,,,,,,,,,,,,,,,,,,
,,,,,,,,,,,,,,,,,,,,,,,,,
,,,,,,,,,,,,,,,,,,,,,,,,,
,,,,,,,,,,,,,,,,,,,,,,,,,
,,,,,,,,,,,,,,,,,,,,,,,,,
,,,,,,,,,,,,,,,,,,,,,,,,,
,,,,,,,,,,,,,,,,,,,,,,,,,
,,,,,,,,,,,,,,,,,,,,,,,,,
,,,,,,,,,,,,,,,,,,,,,,,,,
,,,,,,,,,,,,,,,,,,,,,,,,,
,,,,,,,,,,,,,,,,,,,,,,,,,
,,,,,,,,,,,,,,,,,,,,,,,,,
,,,,,,,,,,,,,,,,,,,,,,,,,
,,,,,,,,,,,,,,,,,,,,,,,,,
,,,,,,,,,,,,,,,,,,,,,,,,,
,,,,,,,,,,,,,,,,,,,,,,,,,
,,,,,,,,,,,,,,,,,,,,,,,,,
,,,,,,,,,,,,,,,,,,,,,,,,,
,,,,,,,,,,,,,,,,,,,,,,,,,
,,,,,,,,,,,,,,,,,,,,,,,,,
,,,,,,,,,,,,,,,,,,,,,,,,,
,,,,,,,,,,,,,,,,,,,,,,,,,
,,,,,,,,,,,,,,,,,,,,,,,,,
,,,,,,,,,,,,,,,,,,,,,,,,,
,,,,,,,,,,,,,,,,,,,,,,,,,
,,,,,,,,,,,,,,,,,,,,,,,,,
,,,,,,,,,,,,,,,,,,,,,,,,,
,,,,,,,,,,,,,,,,,,,,,,,,,
,,,,,,,,,,,,,,,,,,,,,,,,,
,,,,,,,,,,,,,,,,,,,,,,,,,
,,,,,,,,,,,,,,,,,,,,,,,,,
,,,,,,,,,,,,,,,,,,,,,,,,,
,,,,,,,,,,,,,,,,,,,,,,,,,
,,,,,,,,,,,,,,,,,,,,,,,,,
,,,,,,,,,,,,,,,,,,,,,,,,,
,,,,,,,,,,,,,,,,,,,,,,,,,
,,,,,,,,,,,,,,,,,,,,,,,,,
,,,,,,,,,,,,,,,,,,,,,,,,,
,,,,,,,,,,,,,,,,,,,,,,,,,
,,,,,,,,,,,,,,,,,,,,,,,,,
,,,,,,,,,,,,,,,,,,,,,,,,,
,,,,,,,,,,,,,,,,,,,,,,,,,
,,,,,,,,,,,,,,,,,,,,,,,,,
,,,,,,,,,,,,,,,,,,,,,,,,,
,,,,,,,,,,,,,,,,,,,,,,,,,
,,,,,,,,,,,,,,,,,,,,,,,,,
,,,,,,,,,,,,,,,,,,,,,,,,,
,,,,,,,,,,,,,,,,,,,,,,,,,
,,,,,,,,,,,,,,,,,,,,,,,,,
,,,,,,,,,,,,,,,,,,,,,,,,,
,,,,,,,,,,,,,,,,,,,,,,,,,
,,,,,,,,,,,,,,,,,,,,,,,,,
,,,,,,,,,,,,,,,,,,,,,,,,,
,,,,,,,,,,,,,,,,,,,,,,,,,
,,,,,,,,,,,,,,,,,,,,,,,,,
,,,,,,,,,,,,,,,,,,,,,,,,,
,,,,,,,,,,,,,,,,,,,,,,,,,
,,,,,,,,,,,,,,,,,,,,,,,,,
,,,,,,,,,,,,,,,,,,,,,,,,,
,,,,,,,,,,,,,,,,,,,,,,,,,
,,,,,,,,,,,,,,,,,,,,,,,,,
,,,,,,,,,,,,,,,,,,,,,,,,,
,,,,,,,,,,,,,,,,,,,,,,,,,
,,,,,,,,,,,,,,,,,,,,,,,,,
,,,,,,,,,,,,,,,,,,,,,,,,,
,,,,,,,,,,,,,,,,,,,,,,,,,
,,,,,,,,,,,,,,,,,,,,,,,,,
,,,,,,,,,,,,,,,,,,,,,,,,,
,,,,,,,,,,,,,,,,,,,,,,,,,
,,,,,,,,,,,,,,,,,,,,,,,,,
,,,,,,,,,,,,,,,,,,,,,,,,,
,,,,,,,,,,,,,,,,,,,,,,,,,
,,,,,,,,,,,,,,,,,,,,,,,,,
,,,,,,,,,,,,,,,,,,,,,,,,,
,,,,,,,,,,,,,,,,,,,,,,,,,
,,,,,,,,,,,,,,,,,,,,,,,,,
,,,,,,,,,,,,,,,,,,,,,,,,,
,,,,,,,,,,,,,,,,,,,,,,,,,
,,,,,,,,,,,,,,,,,,,,,,,,,
,,,,,,,,,,,,,,,,,,,,,,,,,
,,,,,,,,,,,,,,,,,,,,,,,,,
,,,,,,,,,,,,,,,,,,,,,,,,,
,,,,,,,,,,,,,,,,,,,,,,,,,
,,,,,,,,,,,,,,,,,,,,,,,,,
,,,,,,,,,,,,,,,,,,,,,,,,,
,,,,,,,,,,,,,,,,,,,,,,,,,
,,,,,,,,,,,,,,,,,,,,,,,,,
,,,,,,,,,,,,,,,,,,,,,,,,,
,,,,,,,,,,,,,,,,,,,,,,,,,
,,,,,,,,,,,,,,,,,,,,,,,,,
,,,,,,,,,,,,,,,,,,,,,,,,,
,,,,,,,,,,,,,,,,,,,,,,,,,
,,,,,,,,,,,,,,,,,,,,,,,,,
,,,,,,,,,,,,,,,,,,,,,,,,,
,,,,,,,,,,,,,,,,,,,,,,,,,
,,,,,,,,,,,,,,,,,,,,,,,,,
,,,,,,,,,,,,,,,,,,,,,,,,,
,,,,,,,,,,,,,,,,,,,,,,,,,
,,,,,,,,,,,,,,,,,,,,,,,,,
,,,,,,,,,,,,,,,,,,,,,,,,,
,,,,,,,,,,,,,,,,,,,,,,,,,
,,,,,,,,,,,,,,,,,,,,,,,,,
,,,,,,,,,,,,,,,,,,,,,,,,,
,,,,,,,,,,,,,,,,,,,,,,,,,
,,,,,,,,,,,,,,,,,,,,,,,,,
,,,,,,,,,,,,,,,,,,,,,,,,,
,,,,,,,,,,,,,,,,,,,,,,,,,
,,,,,,,,,,,,,,,,,,,,,,,,,
,,,,,,,,,,,,,,,,,,,,,,,,,
,,,,,,,,,,,,,,,,,,,,,,,,,
,,,,,,,,,,,,,,,,,,,,,,,,,
,,,,,,,,,,,,,,,,,,,,,,,,,
,,,,,,,,,,,,,,,,,,,,,,,,,
,,,,,,,,,,,,,,,,,,,,,,,,,
,,,,,,,,,,,,,,,,,,,,,,,,,
,,,,,,,,,,,,,,,,,,,,,,,,,
,,,,,,,,,,,,,,,,,,,,,,,,,
,,,,,,,,,,,,,,,,,,,,,,,,,
,,,,,,,,,,,,,,,,,,,,,,,,,
,,,,,,,,,,,,,,,,,,,,,,,,,
,,,,,,,,,,,,,,,,,,,,,,,,,
,,,,,,,,,,,,,,,,,,,,,,,,,
,,,,,,,,,,,,,,,,,,,,,,,,,
,,,,,,,,,,,,,,,,,,,,,,,,,
,,,,,,,,,,,,,,,,,,,,,,,,,
,,,,,,,,,,,,,,,,,,,,,,,,,
,,,,,,,,,,,,,,,,,,,,,,,,,
,,,,,,,,,,,,,,,,,,,,,,,,,
,,,,,,,,,,,,,,,,,,,,,,,,,
,,,,,,,,,,,,,,,,,,,,,,,,,
,,,,,,,,,,,,,,,,,,,,,,,,,
,,,,,,,,,,,,,,,,,,,,,,,,,
,,,,,,,,,,,,,,,,,,,,,,,,,
,,,,,,,,,,,,,,,,,,,,,,,,,
,,,,,,,,,,,,,,,,,,,,,,,,,
,,,,,,,,,,,,,,,,,,,,,,,,,
,,,,,,,,,,,,,,,,,,,,,,,,,
,,,,,,,,,,,,,,,,,,,,,,,,,
,,,,,,,,,,,,,,,,,,,,,,,,,
,,,,,,,,,,,,,,,,,,,,,,,,,
,,,,,,,,,,,,,,,,,,,,,,,,,
,,,,,,,,,,,,,,,,,,,,,,,,,
,,,,,,,,,,,,,,,,,,,,,,,,,
,,,,,,,,,,,,,,,,,,,,,,,,,
,,,,,,,,,,,,,,,,,,,,,,,,,
,,,,,,,,,,,,,,,,,,,,,,,,,
,,,,,,,,,,,,,,,,,,,,,,,,,
,,,,,,,,,,,,,,,,,,,,,,,,,
,,,,,,,,,,,,,,,,,,,,,,,,,
,,,,,,,,,,,,,,,,,,,,,,,,,
,,,,,,,,,,,,,,,,,,,,,,,,,
,,,,,,,,,,,,,,,,,,,,,,,,,
,,,,,,,,,,,,,,,,,,,,,,,,,
,,,,,,,,,,,,,,,,,,,,,,,,,
,,,,,,,,,,,,,,,,,,,,,,,,,
,,,,,,,,,,,,,,,,,,,,,,,,,
,,,,,,,,,,,,,,,,,,,,,,,,,
,,,,,,,,,,,,,,,,,,,,,,,,,
,,,,,,,,,,,,,,,,,,,,,,,,,
,,,,,,,,,,,,,,,,,,,,,,,,,
,,,,,,,,,,,,,,,,,,,,,,,,,
,,,,,,,,,,,,,,,,,,,,,,,,,
,,,,,,,,,,,,,,,,,,,,,,,,,
,,,,,,,,,,,,,,,,,,,,,,,,,
,,,,,,,,,,,,,,,,,,,,,,,,,
,,,,,,,,,,,,,,,,,,,,,,,,,
,,,,,,,,,,,,,,,,,,,,,,,,,
,,,,,,,,,,,,,,,,,,,,,,,,,
,,,,,,,,,,,,,,,,,,,,,,,,,
,,,,,,,,,,,,,,,,,,,,,,,,,
,,,,,,,,,,,,,,,,,,,,,,,,,
,,,,,,,,,,,,,,,,,,,,,,,,,
,,,,,,,,,,,,,,,,,,,,,,,,,
,,,,,,,,,,,,,,,,,,,,,,,,,
,,,,,,,,,,,,,,,,,,,,,,,,,
,,,,,,,,,,,,,,,,,,,,,,,,,
,,,,,,,,,,,,,,,,,,,,,,,,,
,,,,,,,,,,,,,,,,,,,,,,,,,
,,,,,,,,,,,,,,,,,,,,,,,,,
,,,,,,,,,,,,,,,,,,,,,,,,,
,,,,,,,,,,,,,,,,,,,,,,,,,
,,,,,,,,,,,,,,,,,,,,,,,,,
,,,,,,,,,,,,,,,,,,,,,,,,,
,,,,,,,,,,,,,,,,,,,,,,,,,
,,,,,,,,,,,,,,,,,,,,,,,,,
,,,,,,,,,,,,,,,,,,,,,,,,,
,,,,,,,,,,,,,,,,,,,,,,,,,
,,,,,,,,,,,,,,,,,,,,,,,,,
,,,,,,,,,,,,,,,,,,,,,,,,,
,,,,,,,,,,,,,,,,,,,,,,,,,
,,,,,,,,,,,,,,,,,,,,,,,,,
,,,,,,,,,,,,,,,,,,,,,,,,,
,,,,,,,,,,,,,,,,,,,,,,,,,
,,,,,,,,,,,,,,,,,,,,,,,,,
,,,,,,,,,,,,,,,,,,,,,,,,,
,,,,,,,,,,,,,,,,,,,,,,,,,
,,,,,,,,,,,,,,,,,,,,,,,,,
,,,,,,,,,,,,,,,,,,,,,,,,,
,,,,,,,,,,,,,,,,,,,,,,,,,
,,,,,,,,,,,,,,,,,,,,,,,,,
,,,,,,,,,,,,,,,,,,,,,,,,,
,,,,,,,,,,,,,,,,,,,,,,,,,
,,,,,,,,,,,,,,,,,,,,,,,,,
,,,,,,,,,,,,,,,,,,,,,,,,,
,,,,,,,,,,,,,,,,,,,,,,,,,
,,,,,,,,,,,,,,,,,,,,,,,,,
,,,,,,,,,,,,,,,,,,,,,,,,,
,,,,,,,,,,,,,,,,,,,,,,,,,
,,,,,,,,,,,,,,,,,,,,,,,,,
,,,,,,,,,,,,,,,,,,,,,,,,,
,,,,,,,,,,,,,,,,,,,,,,,,,
,,,,,,,,,,,,,,,,,,,,,,,,,
,,,,,,,,,,,,,,,,,,,,,,,,,
,,,,,,,,,,,,,,,,,,,,,,,,,
,,,,,,,,,,,,,,,,,,,,,,,,,
,,,,,,,,,,,,,,,,,,,,,,,,,
,,,,,,,,,,,,,,,,,,,,,,,,,
,,,,,,,,,,,,,,,,,,,,,,,,,
,,,,,,,,,,,,,,,,,,,,,,,,,
,,,,,,,,,,,,,,,,,,,,,,,,,
,,,,,,,,,,,,,,,,,,,,,,,,,
,,,,,,,,,,,,,,,,,,,,,,,,,
,,,,,,,,,,,,,,,,,,,,,,,,,
,,,,,,,,,,,,,,,,,,,,,,,,,
,,,,,,,,,,,,,,,,,,,,,,,,,
,,,,,,,,,,,,,,,,,,,,,,,,,
,,,,,,,,,,,,,,,,,,,,,,,,,
,,,,,,,,,,,,,,,,,,,,,,,,,
,,,,,,,,,,,,,,,,,,,,,,,,,
,,,,,,,,,,,,,,,,,,,,,,,,,
,,,,,,,,,,,,,,,,,,,,,,,,,
,,,,,,,,,,,,,,,,,,,,,,,,,
,,,,,,,,,,,,,,,,,,,,,,,,,
,,,,,,,,,,,,,,,,,,,,,,,,,
,,,,,,,,,,,,,,,,,,,,,,,,,
,,,,,,,,,,,,,,,,,,,,,,,,,
,,,,,,,,,,,,,,,,,,,,,,,,,
,,,,,,,,,,,,,,,,,,,,,,,,,
,,,,,,,,,,,,,,,,,,,,,,,,,
,,,,,,,,,,,,,,,,,,,,,,,,,
,,,,,,,,,,,,,,,,,,,,,,,,,
,,,,,,,,,,,,,,,,,,,,,,,,,
,,,,,,,,,,,,,,,,,,,,,,,,,
,,,,,,,,,,,,,,,,,,,,,,,,,
,,,,,,,,,,,,,,,,,,,,,,,,,
,,,,,,,,,,,,,,,,,,,,,,,,,
,,,,,,,,,,,,,,,,,,,,,,,,,
,,,,,,,,,,,,,,,,,,,,,,,,,
,,,,,,,,,,,,,,,,,,,,,,,,,
,,,,,,,,,,,,,,,,,,,,,,,,,
,,,,,,,,,,,,,,,,,,,,,,,,,
,,,,,,,,,,,,,,,,,,,,,,,,,
,,,,,,,,,,,,,,,,,,,,,,,,,
,,,,,,,,,,,,,,,,,,,,,,,,,
,,,,,,,,,,,,,,,,,,,,,,,,,
,,,,,,,,,,,,,,,,,,,,,,,,,
,,,,,,,,,,,,,,,,,,,,,,,,,
,,,,,,,,,,,,,,,,,,,,,,,,,
,,,,,,,,,,,,,,,,,,,,,,,,,
,,,,,,,,,,,,,,,,,,,,,,,,,
,,,,,,,,,,,,,,,,,,,,,,,,,
,,,,,,,,,,,,,,,,,,,,,,,,,
,,,,,,,,,,,,,,,,,,,,,,,,,
,,,,,,,,,,,,,,,,,,,,,,,,,
,,,,,,,,,,,,,,,,,,,,,,,,,
,,,,,,,,,,,,,,,,,,,,,,,,,
,,,,,,,,,,,,,,,,,,,,,,,,,
,,,,,,,,,,,,,,,,,,,,,,,,,
,,,,,,,,,,,,,,,,,,,,,,,,,
,,,,,,,,,,,,,,,,,,,,,,,,,
,,,,,,,,,,,,,,,,,,,,,,,,,
,,,,,,,,,,,,,,,,,,,,,,,,,
,,,,,,,,,,,,,,,,,,,,,,,,,
,,,,,,,,,,,,,,,,,,,,,,,,,
,,,,,,,,,,,,,,,,,,,,,,,,,
,,,,,,,,,,,,,,,,,,,,,,,,,
,,,,,,,,,,,,,,,,,,,,,,,,,
,,,,,,,,,,,,,,,,,,,,,,,,,
,,,,,,,,,,,,,,,,,,,,,,,,,
,,,,,,,,,,,,,,,,,,,,,,,,,
,,,,,,,,,,,,,,,,,,,,,,,,,
,,,,,,,,,,,,,,,,,,,,,,,,,
,,,,,,,,,,,,,,,,,,,,,,,,,
,,,,,,,,,,,,,,,,,,,,,,,,,
,,,,,,,,,,,,,,,,,,,,,,,,,
,,,,,,,,,,,,,,,,,,,,,,,,,
,,,,,,,,,,,,,,,,,,,,,,,,,
,,,,,,,,,,,,,,,,,,,,,,,,,
,,,,,,,,,,,,,,,,,,,,,,,,,
,,,,,,,,,,,,,,,,,,,,,,,,,
,,,,,,,,,,,,,,,,,,,,,,,,,
,,,,,,,,,,,,,,,,,,,,,,,,,
,,,,,,,,,,,,,,,,,,,,,,,,,
,,,,,,,,,,,,,,,,,,,,,,,,,
,,,,,,,,,,,,,,,,,,,,,,,,,
,,,,,,,,,,,,,,,,,,,,,,,,,
,,,,,,,,,,,,,,,,,,,,,,,,,
,,,,,,,,,,,,,,,,,,,,,,,,,
,,,,,,,,,,,,,,,,,,,,,,,,,
,,,,,,,,,,,,,,,,,,,,,,,,,
,,,,,,,,,,,,,,,,,,,,,,,,,
,,,,,,,,,,,,,,,,,,,,,,,,,
,,,,,,,,,,,,,,,,,,,,,,,,,
,,,,,,,,,,,,,,,,,,,,,,,,,
,,,,,,,,,,,,,,,,,,,,,,,,,
,,,,,,,,,,,,,,,,,,,,,,,,,
,,,,,,,,,,,,,,,,,,,,,,,,,
,,,,,,,,,,,,,,,,,,,,,,,,,
,,,,,,,,,,,,,,,,,,,,,,,,,
,,,,,,,,,,,,,,,,,,,,,,,,,
,,,,,,,,,,,,,,,,,,,,,,,,,
,,,,,,,,,,,,,,,,,,,,,,,,,
,,,,,,,,,,,,,,,,,,,,,,,,,
,,,,,,,,,,,,,,,,,,,,,,,,,
,,,,,,,,,,,,,,,,,,,,,,,,,
,,,,,,,,,,,,,,,,,,,,,,,,,
,,,,,,,,,,,,,,,,,,,,,,,,,
,,,,,,,,,,,,,,,,,,,,,,,,,
,,,,,,,,,,,,,,,,,,,,,,,,,
,,,,,,,,,,,,,,,,,,,,,,,,,
,,,,,,,,,,,,,,,,,,,,,,,,,
,,,,,,,,,,,,,,,,,,,,,,,,,
,,,,,,,,,,,,,,,,,,,,,,,,,
,,,,,,,,,,,,,,,,,,,,,,,,,
,,,,,,,,,,,,,,,,,,,,,,,,,
,,,,,,,,,,,,,,,,,,,,,,,,,
,,,,,,,,,,,,,,,,,,,,,,,,,
,,,,,,,,,,,,,,,,,,,,,,,,,
,,,,,,,,,,,,,,,,,,,,,,,,,
,,,,,,,,,,,,,,,,,,,,,,,,,
,,,,,,,,,,,,,,,,,,,,,,,,,
,,,,,,,,,,,,,,,,,,,,,,,,,
,,,,,,,,,,,,,,,,,,,,,,,,,
,,,,,,,,,,,,,,,,,,,,,,,,,
,,,,,,,,,,,,,,,,,,,,,,,,,
,,,,,,,,,,,,,,,,,,,,,,,,,
,,,,,,,,,,,,,,,,,,,,,,,,,
,,,,,,,,,,,,,,,,,,,,,,,,,
,,,,,,,,,,,,,,,,,,,,,,,,,
,,,,,,,,,,,,,,,,,,,,,,,,,
,,,,,,,,,,,,,,,,,,,,,,,,,
,,,,,,,,,,,,,,,,,,,,,,,,,
,,,,,,,,,,,,,,,,,,,,,,,,,
,,,,,,,,,,,,,,,,,,,,,,,,,
,,,,,,,,,,,,,,,,,,,,,,,,,
,,,,,,,,,,,,,,,,,,,,,,,,,
,,,,,,,,,,,,,,,,,,,,,,,,,
,,,,,,,,,,,,,,,,,,,,,,,,,
,,,,,,,,,,,,,,,,,,,,,,,,,
,,,,,,,,,,,,,,,,,,,,,,,,,
,,,,,,,,,,,,,,,,,,,,,,,,,
,,,,,,,,,,,,,,,,,,,,,,,,,
,,,,,,,,,,,,,,,,,,,,,,,,,
,,,,,,,,,,,,,,,,,,,,,,,,,
,,,,,,,,,,,,,,,,,,,,,,,,,
,,,,,,,,,,,,,,,,,,,,,,,,,
,,,,,,,,,,,,,,,,,,,,,,,,,
,,,,,,,,,,,,,,,,,,,,,,,,,
,,,,,,,,,,,,,,,,,,,,,,,,,
,,,,,,,,,,,,,,,,,,,,,,,,,
,,,,,,,,,,,,,,,,,,,,,,,,,
,,,,,,,,,,,,,,,,,,,,,,,,,
,,,,,,,,,,,,,,,,,,,,,,,,,
,,,,,,,,,,,,,,,,,,,,,,,,,
,,,,,,,,,,,,,,,,,,,,,,,,,
,,,,,,,,,,,,,,,,,,,,,,,,,
,,,,,,,,,,,,,,,,,,,,,,,,,
,,,,,,,,,,,,,,,,,,,,,,,,,
,,,,,,,,,,,,,,,,,,,,,,,,,
,,,,,,,,,,,,,,,,,,,,,,,,,
,,,,,,,,,,,,,,,,,,,,,,,,,
,,,,,,,,,,,,,,,,,,,,,,,,,
,,,,,,,,,,,,,,,,,,,,,,,,,
,,,,,,,,,,,,,,,,,,,,,,,,,
,,,,,,,,,,,,,,,,,,,,,,,,,
,,,,,,,,,,,,,,,,,,,,,,,,,
,,,,,,,,,,,,,,,,,,,,,,,,,
,,,,,,,,,,,,,,,,,,,,,,,,,
,,,,,,,,,,,,,,,,,,,,,,,,,
,,,,,,,,,,,,,,,,,,,,,,,,,
,,,,,,,,,,,,,,,,,,,,,,,,,
,,,,,,,,,,,,,,,,,,,,,,,,,
,,,,,,,,,,,,,,,,,,,,,,,,,
,,,,,,,,,,,,,,,,,,,,,,,,,
,,,,,,,,,,,,,,,,,,,,,,,,,
,,,,,,,,,,,,,,,,,,,,,,,,,
,,,,,,,,,,,,,,,,,,,,,,,,,
,,,,,,,,,,,,,,,,,,,,,,,,,
,,,,,,,,,,,,,,,,,,,,,,,,,
,,,,,,,,,,,,,,,,,,,,,,,,,
,,,,,,,,,,,,,,,,,,,,,,,,,
,,,,,,,,,,,,,,,,,,,,,,,,,
,,,,,,,,,,,,,,,,,,,,,,,,,
,,,,,,,,,,,,,,,,,,,,,,,,,
,,,,,,,,,,,,,,,,,,,,,,,,,
,,,,,,,,,,,,,,,,,,,,,,,,,
,,,,,,,,,,,,,,,,,,,,,,,,,
,,,,,,,,,,,,,,,,,,,,,,,,,
,,,,,,,,,,,,,,,,,,,,,,,,,
,,,,,,,,,,,,,,,,,,,,,,,,,
,,,,,,,,,,,,,,,,,,,,,,,,,
,,,,,,,,,,,,,,,,,,,,,,,,,
,,,,,,,,,,,,,,,,,,,,,,,,,
,,,,,,,,,,,,,,,,,,,,,,,,,
,,,,,,,,,,,,,,,,,,,,,,,,,
,,,,,,,,,,,,,,,,,,,,,,,,,
,,,,,,,,,,,,,,,,,,,,,,,,,
,,,,,,,,,,,,,,,,,,,,,,,,,
,,,,,,,,,,,,,,,,,,,,,,,,,
,,,,,,,,,,,,,,,,,,,,,,,,,
,,,,,,,,,,,,,,,,,,,,,,,,,
,,,,,,,,,,,,,,,,,,,,,,,,,
,,,,,,,,,,,,,,,,,,,,,,,,,
,,,,,,,,,,,,,,,,,,,,,,,,,
,,,,,,,,,,,,,,,,,,,,,,,,,
,,,,,,,,,,,,,,,,,,,,,,,,,
,,,,,,,,,,,,,,,,,,,,,,,,,
,,,,,,,,,,,,,,,,,,,,,,,,,
,,,,,,,,,,,,,,,,,,,,,,,,,
,,,,,,,,,,,,,,,,,,,,,,,,,
,,,,,,,,,,,,,,,,,,,,,,,,,
,,,,,,,,,,,,,,,,,,,,,,,,,
,,,,,,,,,,,,,,,,,,,,,,,,,
,,,,,,,,,,,,,,,,,,,,,,,,,
,,,,,,,,,,,,,,,,,,,,,,,,,
,,,,,,,,,,,,,,,,,,,,,,,,,
,,,,,,,,,,,,,,,,,,,,,,,,,
,,,,,,,,,,,,,,,,,,,,,,,,,
,,,,,,,,,,,,,,,,,,,,,,,,,
,,,,,,,,,,,,,,,,,,,,,,,,,
,,,,,,,,,,,,,,,,,,,,,,,,,
,,,,,,,,,,,,,,,,,,,,,,,,,
,,,,,,,,,,,,,,,,,,,,,,,,,
,,,,,,,,,,,,,,,,,,,,,,,,,
,,,,,,,,,,,,,,,,,,,,,,,,,
,,,,,,,,,,,,,,,,,,,,,,,,,
,,,,,,,,,,,,,,,,,,,,,,,,,
,,,,,,,,,,,,,,,,,,,,,,,,,
,,,,,,,,,,,,,,,,,,,,,,,,,
,,,,,,,,,,,,,,,,,,,,,,,,,
,,,,,,,,,,,,,,,,,,,,,,,,,
,,,,,,,,,,,,,,,,,,,,,,,,,
,,,,,,,,,,,,,,,,,,,,,,,,,
,,,,,,,,,,,,,,,,,,,,,,,,,
,,,,,,,,,,,,,,,,,,,,,,,,,
,,,,,,,,,,,,,,,,,,,,,,,,,
,,,,,,,,,,,,,,,,,,,,,,,,,
,,,,,,,,,,,,,,,,,,,,,,,,,
,,,,,,,,,,,,,,,,,,,,,,,,,
,,,,,,,,,,,,,,,,,,,,,,,,,
,,,,,,,,,,,,,,,,,,,,,,,,,
,,,,,,,,,,,,,,,,,,,,,,,,,
,,,,,,,,,,,,,,,,,,,,,,,,,
,,,,,,,,,,,,,,,,,,,,,,,,,
,,,,,,,,,,,,,,,,,,,,,,,,,
,,,,,,,,,,,,,,,,,,,,,,,,,
,,,,,,,,,,,,,,,,,,,,,,,,,
,,,,,,,,,,,,,,,,,,,,,,,,,
,,,,,,,,,,,,,,,,,,,,,,,,,
,,,,,,,,,,,,,,,,,,,,,,,,,
,,,,,,,,,,,,,,,,,,,,,,,,,
,,,,,,,,,,,,,,,,,,,,,,,,,
,,,,,,,,,,,,,,,,,,,,,,,,,
,,,,,,,,,,,,,,,,,,,,,,,,,
,,,,,,,,,,,,,,,,,,,,,,,,,
,,,,,,,,,,,,,,,,,,,,,,,,,
,,,,,,,,,,,,,,,,,,,,,,,,,
,,,,,,,,,,,,,,,,,,,,,,,,,
,,,,,,,,,,,,,,,,,,,,,,,,,
,,,,,,,,,,,,,,,,,,,,,,,,,
,,,,,,,,,,,,,,,,,,,,,,,,,
,,,,,,,,,,,,,,,,,,,,,,,,,
,,,,,,,,,,,,,,,,,,,,,,,,,
,,,,,,,,,,,,,,,,,,,,,,,,,
,,,,,,,,,,,,,,,,,,,,,,,,,
,,,,,,,,,,,,,,,,,,,,,,,,,
,,,,,,,,,,,,,,,,,,,,,,,,,
,,,,,,,,,,,,,,,,,,,,,,,,,
,,,,,,,,,,,,,,,,,,,,,,,,,
,,,,,,,,,,,,,,,,,,,,,,,,,
,,,,,,,,,,,,,,,,,,,,,,,,,
,,,,,,,,,,,,,,,,,,,,,,,,,
,,,,,,,,,,,,,,,,,,,,,,,,,
,,,,,,,,,,,,,,,,,,,,,,,,,
,,,,,,,,,,,,,,,,,,,,,,,,,
,,,,,,,,,,,,,,,,,,,,,,,,,
,,,,,,,,,,,,,,,,,,,,,,,,,
,,,,,,,,,,,,,,,,,,,,,,,,,
,,,,,,,,,,,,,,,,,,,,,,,,,
,,,,,,,,,,,,,,,,,,,,,,,,,
,,,,,,,,,,,,,,,,,,,,,,,,,
,,,,,,,,,,,,,,,,,,,,,,,,,
,,,,,,,,,,,,,,,,,,,,,,,,,
,,,,,,,,,,,,,,,,,,,,,,,,,
,,,,,,,,,,,,,,,,,,,,,,,,,
,,,,,,,,,,,,,,,,,,,,,,,,,
,,,,,,,,,,,,,,,,,,,,,,,,,
,,,,,,,,,,,,,,,,,,,,,,,,,
,,,,,,,,,,,,,,,,,,,,,,,,,
,,,,,,,,,,,,,,,,,,,,,,,,,
,,,,,,,,,,,,,,,,,,,,,,,,,
,,,,,,,,,,,,,,,,,,,,,,,,,
,,,,,,,,,,,,,,,,,,,,,,,,,
,,,,,,,,,,,,,,,,,,,,,,,,,
,,,,,,,,,,,,,,,,,,,,,,,,,
,,,,,,,,,,,,,,,,,,,,,,,,,
,,,,,,,,,,,,,,,,,,,,,,,,,
,,,,,,,,,,,,,,,,,,,,,,,,,
,,,,,,,,,,,,,,,,,,,,,,,,,
,,,,,,,,,,,,,,,,,,,,,,,,,
,,,,,,,,,,,,,,,,,,,,,,,,,
,,,,,,,,,,,,,,,,,,,,,,,,,
,,,,,,,,,,,,,,,,,,,,,,,,,
,,,,,,,,,,,,,,,,,,,,,,,,,
,,,,,,,,,,,,,,,,,,,,,,,,,
,,,,,,,,,,,,,,,,,,,,,,,,,