,solution_id,DESIGNATION,SOURCE_ID,random_index,ref_epoch,RA,ra_error,DEC,dec_error,parallax,parallax_error,parallax_over_error,pm,pmra,pmra_error,pmdec,pmdec_error,ra_dec_corr,ra_parallax_corr,ra_pmra_corr,ra_pmdec_corr,dec_parallax_corr,dec_pmra_corr,dec_pmdec_corr,parallax_pmra_corr,parallax_pmdec_corr,pmra_pmdec_corr,astrometric_n_obs_al,astrometric_n_obs_ac,astrometric_n_good_obs_al,astrometric_n_bad_obs_al,astrometric_gof_al,astrometric_chi2_al,astrometric_excess_noise,astrometric_excess_noise_sig,astrometric_params_solved,astrometric_primary_flag,nu_eff_used_in_astrometry,pseudocolour,pseudocolour_error,ra_pseudocolour_corr,dec_pseudocolour_corr,parallax_pseudocolour_corr,pmra_pseudocolour_corr,pmdec_pseudocolour_corr,astrometric_matched_transits,visibility_periods_used,astrometric_sigma5d_max,matched_transits,new_matched_transits,matched_transits_removed,ipd_gof_harmonic_amplitude,ipd_gof_harmonic_phase,ipd_frac_multi_peak,ipd_frac_odd_win,ruwe,scan_direction_strength_k1,scan_direction_strength_k2,scan_direction_strength_k3,scan_direction_strength_k4,scan_direction_mean_k1,scan_direction_mean_k2,scan_direction_mean_k3,scan_direction_mean_k4,duplicated_source,phot_g_n_obs,phot_g_mean_flux,phot_g_mean_flux_error,phot_g_mean_flux_over_error,Gmag,phot_bp_n_obs,phot_bp_mean_flux,phot_bp_mean_flux_error,phot_bp_mean_flux_over_error,phot_bp_mean_mag,phot_rp_n_obs,phot_rp_mean_flux,phot_rp_mean_flux_error,phot_rp_mean_flux_over_error,phot_rp_mean_mag,phot_bp_rp_excess_factor,phot_bp_n_contaminated_transits,phot_bp_n_blended_transits,phot_rp_n_contaminated_transits,phot_rp_n_blended_transits,phot_proc_mode,bp_rp,bp_g,g_rp,radial_velocity,radial_velocity_error,rv_method_used,rv_nb_transits,rv_nb_deblended_transits,rv_visibility_periods_used,rv_expected_sig_to_noise,rv_renormalised_gof,rv_chisq_pvalue,rv_time_duration,rv_amplitude_robust,rv_template_teff,rv_template_logg,rv_template_fe_h,rv_atm_param_origin,vbroad,vbroad_error,vbroad_nb_transits,grvs_mag,grvs_mag_error,grvs_mag_nb_transits,rvs_spec_sig_to_noise,phot_variable_flag,l,b,ecl_lon,ecl_lat,in_qso_candidates,in_galaxy_candidates,non_single_star,has_xp_continuous,has_xp_sampled,has_rvs,has_epoch_photometry,has_epoch_rv,has_mcmc_gspphot,has_mcmc_msc,in_andromeda_survey,classprob_dsc_combmod_quasar,classprob_dsc_combmod_galaxy,classprob_dsc_combmod_star,teff_gspphot,teff_gspphot_lower,teff_gspphot_upper,logg_gspphot,logg_gspphot_lower,logg_gspphot_upper,mh_gspphot,mh_gspphot_lower,mh_gspphot_upper,distance_gspphot,distance_gspphot_lower,distance_gspphot_upper,azero_gspphot,azero_gspphot_lower,azero_gspphot_upper,ag_gspphot,ag_gspphot_lower,ag_gspphot_upper,ebpminrp_gspphot,ebpminrp_gspphot_lower,ebpminrp_gspphot_upper,libname_gspphot,dist,in_field,Weight
41,1636148068921376768,Gaia DR3 6210089815971933056,6210089815971933056,1267114093,2016.0,234.74735082235193,0.018427962,-28.594391079983797,0.016099833,4.484929176978195,0.020428116,219.54689,293.1521,-233.57893382117882,0.024107767,-177.14129794738872,0.020368233,-0.32533726,-0.23661217,-0.04597365,-0.22921981,-0.20642547,-0.29503578,0.45800677,0.13023746,-0.075657256,-0.4317778,210,210,210,0,-1.1247324,539.2729,0.1035928,11.779385,31,True,1.579321,,,,,,,,24,13,0.038034264,30,13,1,0.012306488,160.59666,0,0,0.9433757,,,,,,,,,False,232,418709.4895408837,116.00651,3609.362,11.632585,27,233805.19623964987,184.33444,1268.375,11.916407,27,268492.8187530794,99.79605,2690.4153,11.175564,1.1996337,0,0,0,0,0,0.7408428,0.28382206,0.45702076,-126.07419,0.78665024,1,14,4,12,31.374287,-0.6057118,0.7696048,797.5582,8.203384,6000.0,4.0,-2.0,110,,,,10.976739,0.011949925,10,,NOT_AVAILABLE,341.9294472988252,21.31565845836159,239.1431984245732,-8.853083814551121,False,False,0,True,True,False,False,False,True,True,False,1.0224366e-13,5.1070194e-13,0.9999822,6344.832,6290.1396,6365.3184,4.4721,4.4576,4.4772,-2.5239,-2.6303,-2.2912,223.1848,221.8233,225.8612,0.2663,0.2399,0.2758,0.2297,0.2066,0.238,0.1264,0.1137,0.131,MARCS,0.0013111377298280068,IN,1
58,1636148068921376768,Gaia DR3 6210089609813518848,6210089609813518848,1809010082,2016.0,234.7538056453908,0.019030754,-28.598809381549973,0.016683387,3.114297987812024,0.021163922,147.15126,16.461061,-2.6215438639423896,0.026071122,16.250970040555902,0.020632949,-0.33747303,-0.20836423,0.0014479334,-0.17885181,-0.16712317,-0.21553849,0.40745932,0.17969073,-0.034544185,-0.37687528,189,111,188,1,0.45360056,361.17105,0.087193914,5.848457,31,True,1.488256,,,,,,,,22,12,0.039456572,27,12,0,0.027100036,171.86118,0,0,1.0219682,,,,,,,,,False,212,126107.47867836436,34.195507,3687.8376,12.935514,25,58892.51629991202,49.320503,1194.0778,13.413392,24,95595.00842107495,35.184834,2716.938,12.296807,1.2250465,0,0,0,0,0,1.1165848,0.47787762,0.63870716,9.50789,2.6779008,2,11,3,10,12.814376,,,770.641,,5250.0,0.0,-0.5,111,,,,12.0509815,0.021123607,8,,NOT_AVAILABLE,341.9311071141855,21.308640635623245,239.1498161610162,-8.856064437376842,False,False,0,True,True,False,False,False,True,True,False,1.02354316e-13,5.112546e-13,0.9999671,5097.933,5090.094,5105.0073,4.3952,4.3911,4.3991,-0.1141,-0.1221,-0.1055,321.9528,319.5461,324.2549,0.2585,0.2523,0.2644,0.207,0.2019,0.2118,0.11,0.1073,0.1126,MARCS,0.006963440947266552,IN,1
46,1636148068921376768,Gaia DR3 6210089575453779712,6210089575453779712,1596639344,2016.0,234.74872311478947,0.01581789,-28.608879848883287,0.012230093,1.7511269043245952,0.016732872,104.65191,21.235415,-21.043013447997758,0.020787155,-2.8520937086764917,0.016253887,-0.26395842,-0.28447896,-0.19138844,-0.20798004,-0.11436313,-0.26484382,0.39920926,0.010934143,-0.008615868,-0.38267824,216,8,216,0,-0.4857142,211.25555,0.0,0.0,31,False,1.5505997,,,,,,,,25,14,0.03134426,29,13,0,0.0113648,140.26898,0,0,0.97488236,,,,,,,,,False,235,102208.16855949521,25.204222,4055.2004,13.163652,29,54273.33762676807,40.530693,1339.0676,13.502076,25,68567.82057276988,33.571003,2042.4716,12.657595,1.2018722,0,1,0,0,0,0.84448147,0.33842373,0.50605774,-30.024755,2.9280596,2,13,6,12,9.109758,,,770.641,,5500.0,4.0,-0.75,111,,,,12.461459,0.038706765,7,,NOT_AVAILABLE,341.9205235894714,21.30373116985865,239.14779167902913,-8.866896075316237,False,False,0,True,True,False,False,False,True,True,False,1.0258483e-13,5.124061e-13,0.9999443,5693.3423,5656.6357,5714.4976,4.2861,4.2787,4.2919,-0.6049,-0.6436,-0.5811,560.1458,555.2782,565.5997,0.1157,0.0928,0.1294,0.0971,0.0778,0.1086,0.0525,0.0421,0.0588,MARCS,0.015280119077555672,IN,1
71,1636148068921376768,Gaia DR3 6210089609813519104,6210089609813519104,1398851842,2016.0,234.76106093424798,0.060115457,-28.596405780904863,0.052108176,12.525954765983805,0.064790264,193.33083,45.725437,-31.106059388845118,0.08893396,33.514602516561425,0.07187637,-0.36490756,-0.1874688,0.09116801,-0.19345056,-0.0877822,-0.2114665,0.44126865,0.06290796,-0.01130553,-0.40501478,215,0,215,0,52.006496,3838.639,0.4739729,155.22685,31,False,1.340597,,,,,,,,25,13,0.13622652,29,12,0,0.010922888,168.93758,0,0,4.413683,0.20955226,0.39703938,0.16858707,0.55981624,-138.03094,27.763239,-20.120775,-35.807674,False,237,94226.25581820145,28.30465,3329.0027,13.251937,28,26762.14414512959,34.841583,768.1093,14.26974,29,99956.77391393983,76.03586,1314.6005,12.248364,1.3448366,0,1,0,0,0,2.0213757,1.0178032,1.0035725,-15.374021,1.5414425,1,15,5,13,17.570227,1.6178823,0.09388384,770.641,13.554344,3900.0,4.5,0.0,101,18.620886,16.491667,6,11.795738,0.014988423,10,,NOT_AVAILABLE,341.93801845739733,21.306427771460807,239.15552169524634,-8.852246793467977,False,False,1,True,True,False,False,False,False,True,False,1.0202512e-11,5.0961034e-11,1.0000273e-06,,,,,,,,,,,,,,,,,,,,,,,0.011344124196819492,IN,1
64,1636148068921376768,Gaia DR3 6210089506734308736,6210089506734308736,1173766911,2016.0,234.75709841918146,0.02937508,-28.618237001121052,0.024245754,0.6879507973548955,0.03206121,21.457418,14.934512,-14.870990212624974,0.04291298,-1.3759741855983985,0.033002056,-0.24536885,-0.21044597,-0.10499672,-0.15027125,-0.07447348,-0.13248867,0.44860303,0.038332168,0.039088104,-0.230088,179,0,179,0,-0.4632343,170.89247,0.0,0.0,31,True,1.5408,,,,,,,,21,13,0.06157052,23,9,0,0.016285684,127.721146,0,0,0.9733719,0.2086077,0.34854192,0.12184585,0.553055,-148.78946,22.857258,-28.161749,-35.06379,False,187,20695.07486269008,6.892778,3002.4287,14.897699,19,10780.868448587651,14.663669,735.2095,15.256907,20,14271.879476863527,20.861506,684.1251,14.361692,1.2105657,0,0,0,0,0,0.89521503,0.3592081,0.5360069,,,,,,,,,,,,,,,,,,,,,,,NOT_AVAILABLE,341.92019527562735,21.291834914475043,239.1572298123912,-8.874288927554648,False,False,0,False,False,False,False,False,True,True,False,1.0230693e-13,5.110181e-13,0.9999718,5805.8135,5774.326,5835.973,3.7688,3.7415,3.8942,-0.5813,-0.6057,-0.5513,2168.4001,1775.0695,2248.5632,0.3135,0.2917,0.3317,0.2629,0.2443,0.2783,0.1425,0.1325,0.1511,MARCS,0.025756207194574502,IN,1
69,1636148068921376768,Gaia DR3 6210089506734302464,6210089506734302464,445610138,2016.0,234.7603416600042,0.035373386,-28.614746894913164,0.030563982,0.47913214705545726,0.039342105,12.178609,3.9368603,-3.886420227361645,0.051139534,-0.628177375888098,0.04089346,-0.29541573,-0.10785326,-0.06002077,-0.20137264,-0.18956159,-0.17242803,0.50703305,0.030540492,-0.017952306,-0.2575808,180,0,180,0,0.48470503,191.3313,0.0,0.0,31,False,1.5205383,,,,,,,,21,12,0.07466013,25,10,0,0.012587038,137.18716,0,0,1.0240996,0.18031546,0.38269398,0.20450647,0.510416,-122.60816,24.069923,-24.787354,-34.097805,False,198,14119.712125042885,5.9790764,2361.5205,15.312802,22,7045.564668962645,25.61268,275.08112,15.718753,20,10049.356582893857,18.96658,529.8455,14.74255,1.2107131,0,0,0,0,0,0.97620296,0.40595055,0.5702524,,,,,,,,,,,,,,,,,,,,,,,NOT_AVAILABLE,341.9249379208983,21.29270658823725,239.15921193549167,-8.870232912866639,False,False,0,False,False,False,False,False,True,True,False,1.02786527e-13,5.1341386e-13,0.9999243,5308.377,5276.678,5389.6636,4.2491,4.1643,4.3023,-0.3556,-0.4001,-0.2819,1425.128,1311.0823,1660.3315,0.1195,0.0954,0.1748,0.0978,0.078,0.1434,0.0524,0.0418,0.0769,MARCS,0.023547485690964504,IN,1
16,1636148068921376768,Gaia DR3 6210089781612194432,6210089781612194432,1106961611,2016.0,234.7292605041463,0.03819972,-28.597283019964625,0.031483103,0.7851169638634509,0.04330469,18.130068,16.317556,-11.342220236086611,0.050788343,-11.731013878036656,0.04409811,-0.25187495,-0.18957491,-0.10839824,-0.13936435,-0.2206822,-0.20755318,0.36496603,-0.047003947,-0.07316465,-0.44680932,239,0,238,1,-0.93522495,222.16599,0.0,0.0,31,False,1.5289315,,,,,,,,28,14,0.08023745,34,15,0,0.015186141,158.85562,0,0,0.9555814,0.22610171,0.3762203,0.23445527,0.59130454,-123.66971,27.821692,-17.222645,-34.779354,False,270,9095.621903472767,3.8525505,2360.935,15.790286,32,4608.88397840178,10.005337,460.64258,16.179552,31,6406.982545018845,12.9414215,495.07565,15.231261,1.2111175,0,0,0,1,0,0.9482908,0.389266,0.5590248,,,,,,,,,,,,,,,,,,,,,,,NOT_AVAILABLE,341.91433462774023,21.323560963505802,239.12824356182728,-8.859588113215423,False,False,0,True,False,False,False,False,True,True,False,1.0211062e-13,5.100421e-13,0.9999913,5455.5293,5424.1577,5494.0664,4.6464,4.6319,4.6602,-0.7788,-0.8235,-0.7352,906.0176,886.9012,926.9917,0.1815,0.161,0.207,0.1499,0.1328,0.1712,0.0812,0.0718,0.0927,MARCS,0.01732555166900571,IN,1
4,1636148068921376768,Gaia DR3 6210089403655071616,6210089403655071616,1511349219,2016.0,234.72170883532132,0.041877314,-28.614038880102996,0.04006594,0.15779596078266267,0.049512614,3.186985,11.962136,-3.071785307273076,0.06513256,-11.561005452640122,0.059169475,-0.3427176,-0.07287361,0.09454812,-0.26683447,-0.38437143,-0.41390938,0.58621776,0.16226198,-0.27881154,-0.5829304,230,0,227,3,-0.7733708,214.44449,0.0,0.0,31,False,1.4964005,,,,,,,,26,13,0.11158862,31,13,0,0.014519739,169.75687,1,0,0.96204025,0.21229604,0.39136466,0.25001404,0.5767118,-114.11258,28.010084,-18.88874,-34.740833,False,260,8232.109651556628,3.5108173,2344.7844,15.898589,27,3903.008230572701,18.4482,211.5658,16.360044,27,6224.712884066491,13.5085335,460.79855,15.262597,1.2302704,0,0,0,0,0,1.0974474,0.46145535,0.63599205,,,,,,,,,,,,,,,,,,,,,,,NOT_AVAILABLE,341.89738366558356,21.314880031065037,239.125660096865,-8.877426232248714,False,False,0,True,False,False,False,False,True,True,False,1.02159736e-13,5.1030463e-13,0.9999864,5486.206,5421.446,5550.914,3.7287,3.6653,3.7701,-0.6651,-0.7566,-0.5961,2708.348,2542.256,2902.8484,0.5754,0.5337,0.6183,0.4697,0.4349,0.5056,0.2549,0.2365,0.2745,MARCS,0.031188459334888015,IN,1
53,1636148068921376768,Gaia DR3 6210089609813518464,6210089609813518464,1174314059,2016.0,234.75267044616865,0.04907291,-28.605826312344135,0.040694337,0.6566341569055584,0.054062936,12.145736,4.0049314,-2.618269205323343,0.07241396,3.0305351371621554,0.057141524,-0.3205136,-0.095764756,-0.08549908,-0.2207329,-0.16788697,-0.24607635,0.45780188,-0.15541719,-0.033082273,-0.41950688,216,0,216,0,-0.7359234,204.20863,0.0,0.0,31,False,1.5171282,,,,,,,,25,14,0.11048138,29,13,0,0.009747131,129.22888,0,0,0.9628302,0.19721644,0.40691856,0.18603514,0.5544443,-134.14388,27.631197,-21.240818,-36.07522,False,236,6483.396458105438,3.645824,1778.3076,16.15786,25,3200.585374805063,15.8546,201.8711,16.575468,26,4616.580647982552,12.424559,371.569,15.587094,1.2057208,0,4,0,3,0,0.98837376,0.41760826,0.5707655,,,,,,,,,,,,,,,,,,,,,,,NOT_AVAILABLE,341.9254788451325,21.303872463439017,239.150484982415,-8.863120919830116,False,False,0,True,False,False,False,False,True,True,False,1.02275833e-13,5.108681e-13,0.9999749,5225.906,5180.969,5266.3755,4.5971,4.5805,4.6127,-0.2901,-0.338,-0.2442,1121.0012,1090.6074,1150.4034,0.0674,0.0346,0.0975,0.0549,0.0281,0.0795,0.0293,0.015,0.0425,MARCS,0.012751736255663903,IN,1
55,1636148068921376768,Gaia DR3 6210089919051165184,6210089919051165184,1587336981,2016.0,234.75345631332803,0.04972874,-28.57984299193269,0.042107508,0.9706461577077162,0.05477705,17.719942,13.092891,-11.181178214376482,0.066099234,-6.812124067558455,0.059041936,-0.33941096,-0.17121172,-0.021170598,-0.2235448,-0.15442315,-0.27766672,0.45480797,-0.09603931,-0.027641596,-0.50152594,226,0,226,0,-0.50399405,219.05644,0.0,0.0,31,False,1.4688334,,,,,,,,26,14,0.10821251,30,13,0,0.014129365,169.3621,0,0,0.9746277,0.23791197,0.41164222,0.19172604,0.5771443,-136.09798,30.265867,-17.3394,-35.89527,False,249,6027.632650519131,3.109507,1938.4528,16.237,28,2655.9524515528683,10.863491,244.48425,16.777992,29,4766.979887785488,10.659941,447.18634,15.552287,1.2314838,0,2,0,2,0,1.2257051,0.54099274,0.6847124,,,,,,,,,,,,,,,,,,,,,,,NOT_AVAILABLE,341.94384142009244,21.32344211537358,239.14505492995417,-8.837688232841925,False,False,0,True,False,False,False,False,True,True,False,1.0219287e-13,5.1047106e-13,0.99998313,4893.1826,4869.122,4918.139,4.5155,4.4942,4.534,-0.0225,-0.0543,0.0027,1056.3551,1021.544,1094.6414,0.2808,0.2572,0.3042,0.221,0.2022,0.2396,0.1168,0.1068,0.1267,MARCS,0.014418414891299363,IN,1
35,1636148068921376768,Gaia DR3 6210089781612194304,6210089781612194304,257976868,2016.0,234.74330263038303,0.0635647,-28.599763591445537,0.055388693,0.35745732075281517,0.07108253,5.0287647,1.0298377,0.848036666053251,0.09557959,-0.5842940107115158,0.08341973,-0.35107124,-0.12723227,0.004226165,-0.17842022,-0.19571258,-0.19065645,0.35892,-0.13854374,0.048851606,-0.50162154,211,9,211,0,1.0106167,236.54395,0.15291212,0.94924206,31,False,1.4821216,,,,,,,,25,14,0.15385379,30,12,0,0.015662523,175.89578,0,0,1.0485561,,,,,,,,,False,243,4102.747216753351,2.771531,1480.318,16.65468,28,1876.6257266276375,13.519652,138.80725,17.155098,28,3141.1214304429473,10.869311,288.98993,16.005184,1.2230213,0,1,0,2,0,1.1499138,0.5004177,0.6494961,,,,,,,,,,,,,,,,,,,,,,,NOT_AVAILABLE,341.9228304758894,21.313787724352245,239.14096314637135,-8.859135193396321,False,False,0,True,False,False,False,False,True,True,False,1.02124716e-13,5.101209e-13,0.9999899,5027.2163,4980.802,5107.205,4.6682,4.6383,4.6903,-0.8041,-0.9083,-0.6614,998.8369,958.7816,1072.2784,0.2911,0.2553,0.3513,0.2326,0.2037,0.2812,0.1248,0.1092,0.1507,PHOENIX,0.007690656746356368,IN,1
32,1636148068921376768,Gaia DR3 6210089987770625536,6210089987770625536,1243271680,2016.0,234.74105309409552,0.06406329,-28.570130045925072,0.05442064,0.17039247853513736,0.07160691,2.3795536,4.5986886,-3.933430760790837,0.08550065,-2.3824483109113803,0.07645057,-0.30164757,-0.21354428,-0.033635877,-0.23301475,-0.19973095,-0.296443,0.4615458,-0.086592495,-0.036323242,-0.50031495,217,0,216,1,-0.8036404,202.71805,0.0,0.0,31,False,1.4971147,,,,,,,,25,14,0.14009258,30,12,0,0.017059755,161.23677,1,0,0.95957696,0.27937862,0.38984102,0.24214265,0.56894755,-134.9422,28.20432,-16.683964,-35.163048,False,250,3861.740214187462,2.6176262,1475.2833,16.72041,27,1839.4308432702812,15.624743,117.72551,17.176834,27,2884.417226532876,12.943749,222.84248,16.09775,1.2232434,0,0,0,0,0,1.0790844,0.4564247,0.6226597,,,,,,,,,,,,,,,,,,,,,,,NOT_AVAILABLE,341.9414880431638,21.33787056840619,239.1320495579691,-8.83077191844978,False,False,0,True,False,False,False,False,True,True,False,1.021567e-13,5.102795e-13,0.99998677,5085.014,5042.0776,5132.879,4.3797,4.355,4.4028,-0.7502,-0.8286,-0.6768,1738.6492,1670.1434,1817.2072,0.2301,0.1934,0.2668,0.1855,0.1557,0.2154,0.1001,0.0841,0.1161,MARCS,0.024374448826013223,IN,1
37,1636148068921376768,Gaia DR3 6210089575453763840,6210089575453763840,1354130325,2016.0,234.7449144221719,0.06537408,-28.60480456482139,0.055649225,0.5859594234302592,0.07175398,8.166229,2.2335482,0.42991079221460643,0.09936877,-2.1917834231412594,0.07929696,-0.3242943,-0.15508983,0.11631183,-0.209545,-0.17364986,-0.23040357,0.46964467,-0.027496634,-0.020831937,-0.40964374,219,0,219,0,-0.28194726,216.55356,0.0,0.0,31,False,1.4959,,,,,,,,25,13,0.15202421,30,11,0,0.018412434,165.52397,0,0,0.98485243,0.20127976,0.3977469,0.1741863,0.5573981,-135.96825,27.415348,-20.207449,-35.779633,False,252,3622.592567071416,2.6711104,1356.2123,16.789818,29,1691.5218228283406,15.979577,105.85523,17.267849,26,2719.884712120259,18.027931,150.87059,16.16152,1.2177485,0,14,0,14,0,1.106329,0.47803116,0.6282978,,,,,,,,,,,,,,,,,,,,,,,NOT_AVAILABLE,341.9205492694867,21.30900260502325,239.14354171300212,-8.86370932509991,False,False,0,True,False,False,False,False,True,True,False,1.0215718e-13,5.102845e-13,0.9999867,4960.306,4886.6514,5145.9194,4.6692,4.6169,4.7039,-0.6657,-0.8279,-0.4341,1126.9043,1044.6635,1296.3774,0.0852,0.0218,0.226,0.0681,0.0173,0.1817,0.0363,0.0092,0.0967,PHOENIX,0.011647947448187111,IN,1
54,1636148068921376768,Gaia DR3 6210089502436496256,6210089502436496256,1167154665,2016.0,234.75299560497942,0.075844996,-28.617190576381997,0.06306493,0.2102757219097577,0.08345439,2.5196483,27.096403,-26.564898316402495,0.11361556,-5.340525197072444,0.08902375,-0.22466445,-0.09221512,-0.078238524,-0.17852232,-0.14622256,-0.22277273,0.4768507,-0.11932966,0.002607427,-0.34674925,191,0,191,0,1.5478305,225.46738,0.18241073,1.0650893,31,False,1.563486,,,,,,,,22,14,0.16938081,26,10,0,0.018380012,129.99724,0,0,1.0794764,0.17978738,0.34217256,0.15563525,0.55646247,-134.18117,21.291525,-19.416578,-33.411526,False,215,3401.761514359266,2.915473,1166.7958,16.858107,24,1882.2699651674766,11.904983,158.10774,17.151838,22,2232.1991267264452,10.818666,206.32849,16.376062,1.2095113,0,8,0,8,0,0.7757759,0.2937317,0.48204422,,,,,,,,,,,,,,,,,,,,,,,NOT_AVAILABLE,341.91793462985953,21.294938123062362,239.15343826674308,-8.874107884608913,False,False,0,True,False,False,False,False,True,True,False,1.02331934e-13,7.262646e-12,0.999973,5826.28,5799.8276,5885.069,4.6171,4.6,4.6395,-2.2356,-2.4123,-2.0593,1766.8097,1722.6365,1811.7513,0.0176,0.0027,0.0551,0.0149,0.0023,0.0467,0.0082,0.0012,0.0257,PHOENIX,0.023911840176484955,IN,1
80,1636148068921376768,Gaia DR3 6210089953410903808,6210089953410903808,1583411801,2016.0,234.7676334690037,0.073928125,-28.57323238769924,0.060735192,0.4662046469682434,0.08424165,5.5341344,3.8918567,1.1257308044345675,0.10172367,-3.7254904002394356,0.0861243,-0.26299858,-0.100430734,-0.051467843,-0.13853939,-0.24377477,-0.18902686,0.3782788,-0.06685915,-0.08281104,-0.43728533,229,0,229,0,1.5303453,267.90643,0.20089264,1.1613965,31,False,1.5130119,,,,,,,,27,14,0.15872175,31,15,0,0.017757433,16.976753,0,0,1.0716432,0.20402305,0.38091597,0.22437145,0.57193786,-124.874855,25.978502,-20.039925,-35.233624,False,251,3079.854379130548,2.42817,1268.385,16.966042,26,1510.618469201323,15.7090645,96.16222,17.390656,27,2189.0212264271263,11.641069,188.04297,16.39727,1.2012385,0,2,0,1,0,0.9933853,0.42461395,0.56877136,,,,,,,,,,,,,,,,,,,,,,,NOT_AVAILABLE,341.9586601363697,21.320588496295766,239.1557559863597,-8.828366640725028,False,False,0,True,False,False,False,False,True,True,False,1.02167366e-13,5.1049914e-13,0.99998575,5035.7456,5026.3965,5049.1245,4.6121,4.576,4.6566,-1.4213,-1.4996,-1.3243,1349.0973,1261.7744,1427.3776,0.0053,0.0012,0.0147,0.0043,0.001,0.0119,0.0023,0.0005,0.0065,MARCS,0.026380122879873413,IN,1
40,1636148068921376768,Gaia DR3 6210089983472921216,6210089983472921216,1618798089,2016.0,234.7463959636662,0.07238623,-28.570862651956272,0.065171316,0.3010063056605914,0.079720624,3.7757645,14.429014,-9.895510103385757,0.09974332,-10.501205637066912,0.09104694,-0.38388819,-0.19372076,0.00031774276,-0.2245548,-0.16941845,-0.26563698,0.43489742,-0.1096508,-0.039052185,-0.52553684,227,0,226,1,-0.52293766,218.00644,0.0,0.0,31,False,1.5287745,,,,,,,,26,14,0.16591913,31,14,0,0.014536195,150.61292,1,0,0.97373444,0.29292518,0.4311009,0.18437904,0.6229611,-139.43605,34.961872,-14.895278,-36.33911,False,256,2973.870025095589,2.3212004,1281.1776,17.004063,28,1481.7502053267092,12.2936735,120.52949,17.411604,27,2063.8677522979874,10.961178,188.28886,16.461191,1.1922572,0,3,0,1,0,0.95041275,0.40754128,0.5428715,,,,,,,,,,,,,,,,,,,,,,,NOT_AVAILABLE,341.9448658167963,21.334313173890408,239.13684040929158,-8.830394154493165,False,False,0,True,False,False,False,False,True,True,False,1.0215136e-13,5.1098145e-13,0.99998736,5239.272,5219.4663,5295.2617,4.706,4.667,4.7338,-1.2319,-1.3741,-1.0151,1353.503,1308.4271,1446.1545,0.0192,0.0042,0.062,0.0157,0.0034,0.0509,0.0085,0.0018,0.0276,MARCS,0.02281587372892981,IN,1
94,1636148068921376768,Gaia DR3 6210089541094041472,6210089541094041472,480862824,2016.0,234.77405557033748,0.07646686,-28.610520926485286,0.060988527,0.6691957889494066,0.0864143,7.74404,2.0718687,-0.7142005427747264,0.11832703,1.9448797746823867,0.08720781,-0.18730476,-0.0550645,-0.11590582,-0.107949205,-0.24686305,-0.12358113,0.39330676,-0.08655729,-0.061920512,-0.27020568,205,0,205,0,-0.6421502,194.94,0.0,0.0,31,False,1.469512,,,,,,,,24,14,0.1702078,28,12,0,0.008163213,61.00389,0,0,0.96641666,0.18912058,0.35174477,0.22276522,0.5426035,-124.38716,19.378511,-22.052805,-33.89431,False,229,2883.7745741685853,2.3016043,1252.941,17.037464,26,1316.301861453089,12.664564,103.93582,17.540154,24,2257.357340791924,11.489796,196.46628,16.363895,1.2392297,0,0,0,0,0,1.1762581,0.50268936,0.6735687,,,,,,,,,,,,,,,,,,,,,,,NOT_AVAILABLE,341.937781226719,21.288279858068137,239.17007013014612,-8.86332637693722,False,False,0,True,False,False,False,False,True,True,False,1.0237531e-13,5.1254677e-13,0.99996513,4672.145,4656.18,4702.352,4.7467,4.7287,4.7659,-0.8624,-0.9495,-0.792,965.8237,935.1586,1001.0684,0.0237,0.0053,0.0543,0.0186,0.0042,0.0426,0.0099,0.0022,0.0228,PHOENIX,0.028072320691733516,IN,1
6,1636148068921376768,Gaia DR3 6210089850331671808,6210089850331671808,588525819,2016.0,234.72293229730843,0.07280611,-28.580869185396995,0.062310725,0.26659977346580954,0.08325852,3.2020721,5.3617353,-4.455436681386557,0.100558795,-2.98283239907192,0.08945528,-0.2796515,-0.121254675,-0.059489917,-0.17774247,-0.24901178,-0.23137549,0.4084855,-0.08887751,-0.07694092,-0.4706476,235,0,235,0,-0.8847238,219.57843,0.0,0.0,31,False,1.5086542,,,,,,,,27,14,0.1618972,32,15,0,0.011988919,156.17319,0,0,0.9576056,0.20228463,0.37395576,0.22254132,0.5845139,-122.17411,26.429604,-18.174664,-34.755653,False,269,2745.929655216445,2.6349738,1042.1089,17.090643,29,1344.3582833158941,13.082252,102.76199,17.517254,26,1999.2753629340716,16.893644,118.344826,16.495714,1.2176691,0,0,0,0,0,1.0215397,0.42661095,0.59492874,,,,,,,,,,,,,,,,,,,,,,,NOT_AVAILABLE,341.92097574049933,21.33974805474087,239.1189121365313,-8.8449158019951,False,False,0,True,False,False,False,False,True,True,False,1.02159566e-13,6.1095036e-13,0.99998707,5120.121,5086.131,5157.5405,4.6092,4.5931,4.632,-0.2885,-0.3454,-0.2293,1610.4459,1552.0085,1657.1746,0.0453,0.0169,0.0738,0.0366,0.0136,0.0598,0.0195,0.0072,0.0319,MARCS,0.025841558875124092,IN,1
49,1636148068921376768,Gaia DR3 6210089506734302336,6210089506734302336,1451648937,2016.0,234.75154212291616,0.082726955,-28.61594082510833,0.069335945,0.45195945222061684,0.091572925,4.935514,6.713941,-5.429305221198744,0.12587479,-3.949639085108365,0.09813058,-0.23248711,-0.0786708,-0.058361977,-0.18196616,-0.16333458,-0.22077216,0.49304718,-0.13565071,-0.0044615963,-0.35184962,191,0,190,1,-1.546281,162.83855,0.0,0.0,31,False,1.4847833,,,,,,,,22,14,0.18775493,26,10,0,0.01667009,120.21816,0,0,0.9189472,0.19358274,0.3450333,0.15793788,0.549529,-135.93205,21.26425,-19.799961,-33.605747,False,210,2689.416111534815,2.171748,1238.3647,17.113222,24,1229.4050083675904,12.112898,101.49553,17.614305,24,1999.8815408900448,11.179413,178.88968,16.495384,1.2007389,0,0,0,0,0,1.1189213,0.5010834,0.6178379,,,,,,,,,,,,,,,,,,,,,,,NOT_AVAILABLE,341.9177354719086,21.29671448078557,239.1518883303654,-8.873188787933891,False,False,0,True,False,False,False,False,True,True,False,1.0232151e-13,5.754209e-13,0.99997103,4859.7886,4830.8853,4889.4473,4.4935,4.4707,4.5145,-0.3231,-0.401,-0.2638,1708.335,1637.9382,1778.1213,0.0095,0.0025,0.0249,0.0075,0.0019,0.0197,0.004,0.001,0.0104,PHOENIX,0.022494990460801986,IN,1
93,1636148068921376768,Gaia DR3 6210089747252473728,6210089747252473728,1659558530,2016.0,234.77377964228864,0.090772495,-28.572490542766495,0.07396229,0.28406130796395107,0.10306887,2.756034,2.3158662,1.3199207327103624,0.12791802,-1.902904568311664,0.105253704,-0.25149366,-0.08678387,-0.00038052775,-0.12784733,-0.24117838,-0.17041571,0.3772229,-0.039162315,-0.08970885,-0.40044528,225,0,224,1,3.4536343,310.56467,0.33610377,2.511991,31,False,1.5399767,,,,,,,,26,14,0.19548184,30,13,0,0.008009016,32.912666,0,0,1.1678765,0.18345971,0.37506175,0.20729628,0.56825846,-125.33983,24.149595,-20.942154,-35.222042,False,248,2434.352943114393,2.1614273,1126.271,17.221409,28,1254.0151593747921,10.840143,115.682526,17.592785,29,1656.4726208713957,10.790602,153.51068,16.699934,1.1955899,0,0,0,0,0,0.8928509,0.37137604,0.52147484,,,,,,,,,,,,,,,,,,,,,,,NOT_AVAILABLE,341.9636292342032,21.317715080411602,239.16089468145282,-8.826391700527324,False,False,0,True,False,False,False,False,True,True,False,4.010837e-11,6.250275e-13,0.9999812,5451.964,5440.8916,5464.342,4.6943,4.6777,4.7137,-1.6947,-1.7748,-1.6119,1653.4314,1630.371,1674.6302,0.006,0.0016,0.0156,0.005,0.0013,0.0129,0.0027,0.0007,0.0071,PHOENIX,0.03060673521404208,IN,1
29,1636148068921376768,Gaia DR3 6210089880393704448,6210089880393704448,10107373,2016.0,234.7384091535196,0.0825088,-28.575533583171357,0.07206807,0.45489611898916116,0.09260024,4.9124722,4.5167823,-1.022489573195863,0.11364684,-4.399526698306854,0.103204,-0.32521152,-0.17178282,0.000534198,-0.24024184,-0.20869061,-0.28745317,0.46089566,-0.11425269,-0.02916354,-0.5119311,232,0,232,0,-1.0368193,213.68085,0.0,0.0,31,False,1.472962,,,,,,,,27,14,0.18806593,32,13,0,0.011510459,147.458,0,0,0.9502924,0.2485067,0.41126925,0.21488196,0.5905018,-131.43138,31.626312,-15.52753,-35.547886,False,255,2376.9603266138206,2.1921682,1084.2965,17.247313,27,1042.1165994718021,10.3626995,100.5642,17.79375,29,1849.4796234294,7.5799217,243.9972,16.58027,1.21651,0,0,0,0,0,1.21348,0.5464382,0.6670418,,,,,,,,,,,,,,,,,,,,,,,NOT_AVAILABLE,341.9358679154139,21.335190046598143,239.13103488233523,-8.836567115490267,False,False,0,True,False,False,False,False,True,True,False,1.0219174e-13,5.1200206e-13,0.99998325,4620.5645,4598.4956,4679.6123,4.7907,4.7555,4.8079,-1.1386,-1.228,-1.0128,948.6127,919.2633,1011.0912,0.037,0.0068,0.1075,0.0289,0.0053,0.0844,0.0155,0.0028,0.0452,PHOENIX,0.02013921756652021,IN,2
68,1636148068921376768,Gaia DR3 6210089536796236160,6210089536796236160,1473529877,2016.0,234.75936294185652,0.20608695,-28.607716999177335,0.17990868,0.8014240581020984,0.23746647,3.3748937,2.283154,-1.6677146007781802,0.28932592,1.5593334215376051,0.23641796,-0.2803142,-0.14532664,0.00086098316,-0.19419827,-0.24384311,-0.19220063,0.50473166,-0.111139864,-0.099355094,-0.33670944,172,0,171,1,17.398252,756.5581,1.2650298,25.996807,31,False,1.4738501,,,,,,,,20,13,0.43569505,25,10,0,0.082227364,88.86073,1,0,2.0910687,0.24592817,0.36757404,0.24737799,0.5220346,-120.71692,21.920588,-18.836418,-33.51088,False,189,2053.65915539671,7.0907135,289.6266,17.406046,21,1013.1598653415003,9.402909,107.74962,17.824347,20,1731.1000414315347,12.737613,135.90459,16.65209,1.3362782,0,9,0,8,0,1.1722565,0.41830063,0.75395584,,,,,,,,,,,,,,,,,,,,,,,NOT_AVAILABLE,341.929040961682,21.298668405334013,239.15671336082693,-8.863594907236912,False,False,0,False,False,False,False,False,True,True,False,6.320571e-11,3.35499e-11,0.9999925,4753.436,4718.436,4917.111,4.826,4.7419,4.8506,-1.4652,-1.5865,-1.0604,982.5963,944.5816,1176.8094,0.0622,0.019,0.241,0.0491,0.0149,0.1914,0.0264,0.008,0.1027,PHOENIX,0.0170156375501389,IN,2
15,1636148068921376768,Gaia DR3 6210089197496641280,6210089197496641280,70722889,2016.0,234.72911483060994,0.11335801,-28.615948847988687,0.11569103,0.38289124112755396,0.11943295,3.2059095,4.750114,0.27274558738865307,0.2099694,-4.742277249257531,0.19175504,-0.5229459,0.070915,0.34783313,-0.4476995,-0.37039688,-0.5238424,0.6700287,0.09687155,-0.18435064,-0.7007856,195,0,195,0,1.3772185,226.41643,0.059504814,0.052058253,31,False,1.5055783,,,,,,,,22,12,0.374486,28,10,0,0.01906168,165.20279,0,0,1.0696806,0.1824932,0.4332233,0.24708313,0.60213447,-103.039215,32.856262,-18.852749,-35.831146,False,228,1806.5243560254135,2.0304842,889.70123,17.545258,27,891.4536407492714,14.473178,61.5935,17.963295,26,1301.5451243829002,9.2852,140.17416,16.961748,1.2139326,0,0,0,0,0,1.0015469,0.4180374,0.58350945,,,,,,,,,,,,,,,,,,,,,,,NOT_AVAILABLE,341.9014528402826,21.309263505239144,239.13250946556442,-8.877772284757974,False,False,0,True,False,False,False,False,True,True,False,1.02124574e-13,5.4228177e-13,0.99999017,5098.1763,5069.3467,5282.5444,4.7499,4.7036,4.7754,-1.1865,-1.3556,-0.8329,1548.7207,1485.212,1783.2574,0.023,0.004,0.1702,0.0186,0.0033,0.1387,0.01,0.0017,0.0744,PHOENIX,0.02811326727337936,IN,2
43,1636148068921376768,Gaia DR3 6210089605515791488,6210089605515791488,383680984,2016.0,234.74860221463226,0.114496276,-28.602060988998325,0.099654146,0.4003897784776109,0.12618186,3.173117,6.963804,-6.890195979846284,0.17835318,-1.0098339634353435,0.14451487,-0.32706547,-0.108031966,0.1508981,-0.23244001,-0.22233726,-0.2537728,0.49184936,-0.045683708,-0.03768468,-0.43235505,217,0,217,0,-0.021242335,220.26057,0.11813275,0.15591915,31,False,1.4438144,,,,,,,,25,13,0.27652422,28,10,0,0.014096428,171.45695,0,0,0.9973972,0.19440341,0.392626,0.16916202,0.5645935,-135.222,27.403786,-19.663324,-35.596992,False,227,1451.3270983941263,1.9827734,731.9682,17.782953,27,558.3689094078921,16.089563,34.703796,18.47124,25,1189.4208883706424,12.686448,93.75523,17.059557,1.2042701,0,0,0,0,0,1.4116821,0.6882858,0.7233963,,,,,,,,,,,,,,,,,,,,,,,NOT_AVAILABLE,341.92510422059536,21.30905058229749,239.14608363131632,-8.86028850743211,False,False,0,False,False,False,False,False,True,True,False,5.1290073e-11,1.0789888e-12,0.9999932,4372.0977,4346.2334,4439.437,4.6408,4.608,4.6698,-0.449,-0.5706,-0.2589,1307.8224,1232.663,1398.8903,0.0153,0.004,0.0401,0.0116,0.003,0.0305,0.0061,0.0016,0.0161,PHOENIX,0.00846059747740143,IN,2
28,1636148068921376768,Gaia DR3 6210089781612193920,6210089781612193920,1483313744,2016.0,234.73825426587666,0.11951946,-28.604496544177373,0.10466834,0.04057669817081411,0.13508551,0.30037788,8.443817,-7.062259149541566,0.17354146,-4.628450209582436,0.15188746,-0.25139737,-0.0812937,0.007547074,-0.159963,-0.24019153,-0.18225935,0.32781228,-0.09689581,-0.07323402,-0.40908659,209,0,209,0,0.6901917,226.64906,0.0,0.0,31,False,1.5355959,,,,,,,,24,14,0.2713137,29,12,0,0.029384438,0.340273,0,0,1.0327114,0.18151096,0.33510667,0.16341187,0.6723478,-122.84655,29.372307,-13.978233,-34.348946,False,234,1301.1558265640056,1.8254999,712.76685,17.901543,28,663.8028107842215,10.735756,61.831028,18.283445,28,903.2673598667692,11.387435,79.3214,17.358355,1.2043678,0,0,0,0,0,0.9250908,0.3819027,0.5431881,,,,,,,,,,,,,,,,,,,,,,,NOT_AVAILABLE,341.9159258448285,21.31296902309013,239.13771336566015,-8.864768628318233,False,False,0,False,False,False,False,False,True,True,False,6.111306e-11,6.2311484e-13,0.9999762,5270.1064,5255.972,5285.9736,4.7224,4.688,4.7542,-1.8411,-2.0178,-1.6911,1978.9014,1899.2697,2082.151,0.0069,0.0019,0.0164,0.0056,0.0015,0.0135,0.0031,0.0008,0.0074,MARCS,0.01415314591864197,IN,2
31,1636148068921376768,Gaia DR3 6210089811674225792,6210089811674225792,1170451549,2016.0,234.74071074772283,0.12074881,-28.58315459493607,0.11426512,0.18668880132588725,0.13755643,1.3571798,9.605457,-9.572996281365775,0.16946614,-0.78902251420701,0.15798753,-0.39916167,-0.08854675,0.059093054,-0.2968648,-0.3002052,-0.3102343,0.5212601,-0.10019883,-0.09627525,-0.53029996,226,0,225,1,-0.09959178,226.2879,0.0,0.0,31,False,1.5473619,,,,,,,,26,13,0.2874887,31,14,0,0.022965956,174.63937,0,0,0.99374354,0.26356032,0.4523676,0.24729773,0.5825559,-124.2354,34.16672,-17.222218,-35.77905,False,252,1299.229536489238,1.6025368,810.73303,17.903152,26,688.3652293255204,9.720551,70.81546,18.243996,26,865.0524332615443,8.758587,98.76621,17.405289,1.1956453,0,1,0,0,0,0.838707,0.3408432,0.49786377,,,,,,,,,,,,,,,,,,,,,,,NOT_AVAILABLE,341.93232063324734,21.328031362190284,239.1348167102685,-8.843509769394739,False,False,0,False,False,False,False,False,True,True,False,1.1411756e-10,5.874374e-13,0.99994224,5485.441,5471.3477,5498.662,4.7301,4.7122,4.7412,-1.2126,-1.3552,-1.065,2324.808,2274.988,2391.9954,0.0032,0.0007,0.0089,0.0027,0.0006,0.0074,0.0014,0.0003,0.0041,MARCS,0.012506222703577263,IN,2
79,1636148068921376768,Gaia DR3 6210089536796235264,6210089536796235264,1291368238,2016.0,234.76761735445564,0.1393656,-28.61398304419724,0.11646086,1.8647512709149083,0.1544944,12.0700245,19.925941,19.901038914515325,0.21821104,-0.9958942858895496,0.16983671,-0.25603592,-0.039077256,-0.041411355,-0.17609164,-0.21548237,-0.2110045,0.5054072,-0.1515599,-0.0054795807,-0.3446223,197,0,197,0,-2.0089176,173.22563,0.0,0.0,95,False,,1.2857167,0.0336162,-0.16570145,-0.0054555633,-0.079626605,0.06287265,-0.15258393,23,14,0.32450822,27,11,0,0.0015161425,160.7853,0,0,0.89731246,0.22208278,0.3634202,0.18908826,0.5363349,-137.58858,22.658049,-20.979485,-34.510094,False,223,1209.8954901392808,2.0943744,577.68823,17.980497,22,262.64950832958584,18.826569,13.951003,19.2901,24,1454.335728584674,11.21963,129.6242,16.841234,1.4191186,0,0,0,1,0,2.448866,1.3096027,1.1392632,,,,,,,,,,,,,,,,,,,,,,,NOT_AVAILABLE,341.93073970530094,21.289220140417225,239.165319926571,-8.868006410892361,False,False,0,False,False,False,False,False,True,True,False,1.06588065e-13,5.3863777e-13,0.9996796,3557.7358,3550.92,3569.0564,4.3052,4.2617,4.3408,-0.3722,-0.4379,-0.2995,783.9973,764.036,812.5613,0.8542,0.8142,0.8898,0.5663,0.5397,0.5901,0.3491,0.3336,0.363,MARCS,0.026380133263405218,IN,2
72,1636148068921376768,Gaia DR3 6210089536796236416,6210089536796236416,1051497983,2016.0,234.76169439357932,0.16077471,-28.60678126421824,0.12623414,0.07804394015569628,0.17485645,0.44633147,7.2397637,-6.575710171706883,0.23449288,-3.0288969015888094,0.18106794,-0.16328152,0.08177748,-0.046935122,-0.16396268,-0.19600575,-0.23763134,0.5307064,-0.12750262,-0.012281005,-0.33490488,181,0,181,0,0.7982241,199.16966,0.0,0.0,31,False,1.4233505,,,,,,,,21,14,0.34774202,26,10,0,0.013992367,121.56822,0,0,1.0409257,0.14484887,0.35123706,0.13694692,0.52904004,-141.46246,17.39439,-26.471436,-33.758507,False,180,1124.7029481382365,1.7641577,637.5297,18.059772,23,452.862238626936,10.870836,41.658455,18.698627,23,934.3272315507904,8.919943,104.74588,17.321648,1.2333829,0,1,0,0,0,1.3769798,0.638855,0.73812485,,,,,,,,,,,,,,,,,,,,,,,NOT_AVAILABLE,341.93137344302033,21.298083228125577,239.1585082779741,-8.86220931091107,False,False,0,False,False,False,False,False,True,True,False,1.02183974e-13,7.390206e-13,0.99998724,4477.942,4448.813,4493.0664,4.5491,4.5201,4.5789,0.0099,-0.0874,0.107,1876.3856,1804.8817,1951.9384,0.012,0.0031,0.0282,0.0091,0.0023,0.0213,0.0048,0.0012,0.0113,PHOENIX,0.017523534351025213,IN,2
5,1636148068921376768,Gaia DR3 6210089399357361408,6210089399357361408,274263618,2016.0,234.7228427274039,0.3995243,-28.6013882836942,0.3996422,0.47895690559031445,0.43005812,1.1137028,12.99383,-7.866879139878469,0.61342686,-10.341751489214428,0.6013644,-0.4688644,-0.023720615,0.17001991,-0.3831735,-0.2811337,-0.49353087,0.6648495,0.074771896,-0.21709809,-0.6493287,225,0,225,0,30.416893,1745.7256,2.8580987,60.52992,31,False,1.4076568,,,,,,,,26,13,1.1200469,31,12,0,0.1540241,162.88075,0,0,2.7559834,0.25155494,0.4335344,0.24505997,0.5751024,-124.73154,32.389805,-17.259602,-35.55873,False,258,1109.7514830163166,7.6575174,144.92314,18.074303,28,456.6149196701086,10.99921,41.513428,18.689667,30,1092.3249869733622,10.04824,108.70809,17.152016,1.3957539,0,1,0,2,0,1.5376511,0.6153641,0.922287,,,,,,,,,,,,,,,,,,,,,,,NOT_AVAILABLE,341.90686493870174,21.32399136267308,239.12366295332396,-8.864890889708448,False,False,0,False,False,False,False,False,True,True,False,1.1416944e-13,1.9459852e-09,0.9999765,4926.2485,4902.8623,4947.527,3.8243,3.8072,3.8524,0.1961,0.1112,0.2536,4385.3667,4268.1035,4455.659,1.0588,1.0347,1.0794,0.8136,0.7943,0.8301,0.4313,0.4203,0.4402,MARCS,0.0238702997332193,IN,2
18,1636148068921376768,Gaia DR3 6210089399357360128,6210089399357360128,258760374,2016.0,234.73084561827878,0.13219284,-28.606784536555693,0.113482796,-0.06633191265112728,0.15563627,-0.4261983,10.606633,2.5191113477628226,0.19866918,-10.303142019993697,0.16465837,-0.2559916,-0.12626353,0.048710972,-0.17388943,-0.30686054,-0.19009703,0.42978102,-0.12131982,-0.076987356,-0.42462644,233,0,233,0,-0.87184924,218.13649,0.0,0.0,31,False,1.5153258,,,,,,,,27,14,0.30732545,32,13,0,0.013495388,154.99046,0,0,0.9580094,0.22939225,0.37213564,0.24279729,0.57598484,-122.57474,25.772207,-17.06443,-34.74429,False,265,1080.1791555892853,1.4626529,738.50684,18.103628,32,539.6235224393819,9.661809,55.85119,18.508314,30,764.1599709332704,11.4598,66.68179,17.539934,1.2070067,0,0,0,1,0,0.96838,0.40468597,0.563694,,,,,,,,,,,,,,,,,,,,,,,NOT_AVAILABLE,341.90898161477986,21.315354352899604,239.13184893769724,-8.868505819499012,False,False,0,False,False,False,False,False,True,True,False,3.5596914e-11,1.0921649e-12,0.99998,5119.3823,5100.7773,5138.5654,4.685,4.6564,4.7086,-0.7392,-0.8866,-0.6269,2277.0034,2176.694,2364.8877,0.0052,0.0011,0.0149,0.0042,0.0009,0.0121,0.0023,0.0005,0.0065,MARCS,0.020377008802429323,IN,2
17,1636148068921376768,Gaia DR3 6210089781612194560,6210089781612194560,1055303532,2016.0,234.72929242564408,0.13414685,-28.594755069079234,0.114367515,0.43335153596196946,0.1550173,2.7955043,5.630842,-4.67082496426929,0.18666558,-3.144801660753624,0.16713023,-0.28616938,-0.05056931,-0.025793556,-0.20195442,-0.28293774,-0.24021697,0.432876,-0.12998223,-0.074914716,-0.4878442,234,0,234,0,-1.3211002,209.95511,0.0,0.0,31,False,1.485496,,,,,,,,27,14,0.30334783,32,14,0,0.015287261,161.55173,0,0,0.9374836,0.19946744,0.3744965,0.22418477,0.58681077,-122.03583,26.271025,-18.353762,-34.881435,False,267,1066.605825404947,1.5147303,704.1556,18.117357,29,476.593351496431,9.8565235,48.35309,18.643173,29,772.829558076352,9.447607,81.80162,17.527687,1.1714008,0,1,0,1,0,1.1154861,0.52581596,0.5896702,,,,,,,,,,,,,,,,,,,,,,,NOT_AVAILABLE,341.91608828271114,21.32549039295348,239.12767639560195,-8.85712290088469,False,False,0,False,False,False,False,False,True,True,False,3.0616454e-11,8.701665e-13,0.9999925,4856.2017,4844.1636,4870.456,4.7662,4.7498,4.7833,-1.0444,-1.1792,-0.9584,1766.7233,1711.6488,1813.4789,0.0075,0.0018,0.0189,0.006,0.0014,0.0151,0.0032,0.0007,0.0081,PHOENIX,0.01694124417658758,IN,2
20,1636148068921376768,Gaia DR3 6210089193198929024,6210089193198929024,1638637786,2016.0,234.73136173093775,0.16617604,-28.617519740046422,0.1635652,0.5141001208796682,0.18971935,2.7097929,1.7705469,1.7027543876359963,0.28943694,0.48524619289976795,0.2563337,-0.43574095,0.116063885,0.11670099,-0.39054352,-0.37299696,-0.45365775,0.6747326,-0.07605868,-0.2206874,-0.6091821,216,0,215,1,-0.13622065,215.59732,0.0,0.0,31,False,1.4226453,,,,,,,,25,13,0.49393094,30,12,0,0.029815026,102.58786,0,0,0.9917771,0.1869307,0.40047148,0.22276673,0.5542512,-118.77747,26.744854,-21.303968,-35.259644,False,247,941.9627114249047,2.7448096,343.17963,18.252283,23,392.00519088952564,10.590196,37.015858,18.855312,25,803.1177200604095,16.580435,48.437675,17.485947,1.2687582,0,1,0,2,0,1.3693657,0.60302925,0.76633644,,,,,,,,,,,,,,,,,,,,,,,NOT_AVAILABLE,341.9020086926759,21.306795714133262,239.1348207348412,-8.878841604433143,False,False,0,False,False,False,False,False,False,False,False,5.4436383e-10,2.3737027e-07,0.9999978,4785.9575,4779.113,4806.3154,4.9021,4.8913,4.9106,-2.4758,-2.494,-2.4282,1101.3085,1090.304,1122.2444,0.5313,0.5082,0.5569,0.4123,0.3946,0.4322,0.2254,0.2157,0.2363,PHOENIX,0.02827779358294704,IN,2
99,1636148068921376768,Gaia DR3 6210089742954668416,6210089742954668416,851134312,2016.0,234.77581259173164,0.15094292,-28.586757981530198,0.12717667,0.7796280382476249,0.1731005,4.503904,19.729797,-18.04277825059937,0.23381835,-7.982673493833495,0.18089496,-0.21547014,-0.06816503,0.074459285,-0.12728874,-0.2995246,-0.16286956,0.4110944,-0.018942453,-0.09845291,-0.35546,216,0,215,1,-1.4180863,189.58319,0.0,0.0,31,False,1.4070885,,,,,,,,25,13,0.34746587,29,12,0,0.01151054,19.924112,0,0,0.9300589,0.1558543,0.3531703,0.17694332,0.57667696,-119.04142,23.359518,-20.570118,-33.999702,False,239,912.3731110514212,1.5360981,593.95496,18.286936,25,336.73825557607887,6.3502083,53.02791,19.020311,24,811.6440145782458,10.157191,79.90831,17.474482,1.2586762,0,1,0,0,0,1.5458298,0.73337555,0.8124542,,,,,,,,,,,,,,,,,,,,,,,NOT_AVAILABLE,341.9553310105753,21.30559146269992,239.16600446737166,-8.83985471090081,False,False,0,False,False,False,False,False,True,False,False,1.192518e-13,1.5180596e-11,0.9999776,4303.133,4277.524,4334.624,4.5244,4.4967,4.5467,0.0071,-0.0519,0.0744,1911.8092,1861.0671,1978.341,0.1088,0.0624,0.1641,0.0813,0.0465,0.1229,0.043,0.0246,0.0649,MARCS,0.02490370966761163,IN,2
85,1636148068921376768,Gaia DR3 6210089536796236544,6210089536796236544,323824072,2016.0,234.7699711768273,0.16691364,-28.605664777138,0.13475917,0.43051222249284465,0.19037598,2.2613788,7.5406947,-6.610980058646903,0.2770555,-3.627261044165479,0.19793393,-0.1464228,0.03916151,-0.03545065,-0.071487784,-0.2804292,-0.049677603,0.45114568,-0.10848156,-0.0654863,-0.16142896,199,0,199,0,0.5453797,213.09343,0.0,0.0,31,False,1.454347,,,,,,,,23,13,0.3883802,27,10,0,0.01302071,72.21757,0,0,1.0260813,0.16094735,0.34210786,0.19166774,0.5368942,-123.90012,16.61435,-23.332008,-33.15397,False,223,867.768493690212,1.6379132,529.8013,18.341356,25,362.3264938879695,7.0351086,51.502617,18.940792,26,672.9935908397223,7.5515175,89.12031,17.677868,1.1930833,0,1,0,0,0,1.2629242,0.5994358,0.6634884,,,,,,,,,,,,,,,,,,,,,,,NOT_AVAILABLE,341.9381434659645,21.29430695403287,239.1653989424223,-8.859435671452305,False,False,0,False,False,False,False,False,True,False,False,6.511742e-11,7.0651715e-13,0.9999884,4568.221,4554.334,4583.7812,4.792,4.7462,4.8115,-1.0243,-1.1508,-0.8164,1543.8685,1493.6658,1668.2302,0.0084,0.0021,0.0213,0.0065,0.0016,0.0165,0.0035,0.0008,0.0089,PHOENIX,0.02235009697154588,IN,2
44,1636148068921376768,Gaia DR3 6210089815971933312,6210089815971933312,807682659,2016.0,234.7487205877985,0.16565362,-28.585740263751234,0.14582692,0.1981278517987155,0.18579845,1.066359,7.7302356,-6.082896337155202,0.22979923,-4.770211223605229,0.22092801,-0.31235102,-0.04893839,0.023511073,-0.29951742,-0.25598124,-0.3240036,0.4641227,-0.14676514,-0.05652918,-0.5210359,216,0,216,0,-0.017313687,218.89703,0.0,0.0,31,False,1.5148798,,,,,,,,25,14,0.3921222,30,13,0,0.024899991,171.19698,0,0,0.9975784,0.2044645,0.37721157,0.19501325,0.6341227,-128.51466,30.492651,-13.28514,-34.887108,False,240,837.0397272510697,1.3966227,599.33136,18.3805,25,400.10827421443776,8.348204,47.92747,18.833097,24,589.8190888738532,11.056655,53.345165,17.821098,1.1826528,0,0,0,0,0,1.0119991,0.45259666,0.55940247,,,,,,,,,,,,,,,,,,,,,,,NOT_AVAILABLE,341.9363651115391,21.321553565835067,239.1423481004546,-8.84439029548566,False,False,0,False,False,False,False,False,True,False,False,1.2734212e-10,1.8177722e-10,0.99998784,5047.428,5030.5264,5065.6553,4.7901,4.7722,4.7979,-1.4351,-1.5372,-1.3418,2094.0876,2051.605,2149.3865,0.0028,0.0006,0.0099,0.0022,0.0005,0.008,0.0012,0.0002,0.0044,MARCS,0.0078618537349137,IN,2
57,1636148068921376768,Gaia DR3 6210089605517317760,6210089605517317760,835449311,2016.0,234.75367385994159,0.21019813,-28.600218534814225,0.18659987,3.07324017048734,0.22862914,13.442032,15.115228,-2.1529012338741635,0.33620554,14.961120810768975,0.25173944,-0.20553958,-0.15628672,0.37038085,-0.09549975,-0.32708827,-0.04741186,0.54965985,-0.09005066,-0.102335736,-0.20541333,188,0,187,1,0.885105,210.0957,0.38972634,0.6888208,31,False,1.256513,,,,,,,,22,12,0.4845702,27,11,0,0.006138748,157.25475,0,0,1.0448899,0.19409367,0.42823726,0.15656649,0.54954135,-136.32622,30.866697,-28.860031,-36.596405,False,184,826.4368370069755,1.5621384,529.042,18.394342,25,157.57194163920863,13.955269,11.291215,19.844845,24,1156.390975452416,15.260431,75.777084,17.090134,1.5899132,0,0,0,0,0,2.7547112,1.4505024,1.3042088,,,,,,,,,,,,,,,,,,,,,,,NOT_AVAILABLE,341.9300466060071,21.307629233559712,239.15003359362416,-8.857461915301366,False,False,0,False,False,False,False,False,False,False,False,2.5447402e-12,1.5134404e-12,0.9996796,3482.1575,3469.7502,3498.5425,4.3051,4.2803,4.3316,0.1048,0.0778,0.1327,815.3115,796.6206,834.8377,1.3119,1.2511,1.3798,0.8312,0.7925,0.8745,0.5548,0.5317,0.5817,MARCS,0.008006180018922773,IN,2
70,1636148068921376768,Gaia DR3 6210089914753443072,6210089914753443072,1076464686,2016.0,234.76095984907354,0.17240831,-28.574987127767027,0.15302698,0.2525695840047438,0.19590802,1.2892253,3.4914756,-0.3820155820714065,0.23370954,-3.47051373381366,0.21382996,-0.36375496,-0.21944046,0.010762182,-0.21710823,-0.16523293,-0.2821343,0.48506194,-0.111963175,-0.07141419,-0.5240771,224,0,223,1,0.30504635,233.27112,0.0,1.361153e-15,31,False,1.5087745,,,,,,,,26,14,0.3900258,29,13,0,0.025204878,26.445715,0,0,1.0131085,0.27922612,0.45231354,0.18471603,0.57648575,-141.92416,34.24412,-11.589875,-35.755325,False,229,802.3067258658924,1.4608904,549.19025,18.426516,25,376.24594700880897,8.883727,42.352264,18.899862,23,580.4093143147529,9.057401,64.08122,17.83856,1.1923809,0,1,0,1,0,1.0613022,0.4733467,0.5879555,,,,,,,,,,,,,,,,,,,,,,,NOT_AVAILABLE,341.952614065473,21.322977142233658,239.1503995192469,-8.831434543181999,False,False,0,False,False,False,False,False,True,False,False,2.5150879e-10,1.5399049e-10,0.9999923,4945.7207,4925.2563,4972.5015,4.8363,4.7574,4.8672,-1.7328,-2.0245,-1.1056,1845.2141,1767.7769,2132.3787,0.0165,0.0041,0.0436,0.0133,0.0033,0.0351,0.0072,0.0018,0.0191,MARCS,0.021572216132901223,IN,2
19,1636148068921376768,Gaia DR3 6210089846033963648,6210089846033963648,810530152,2016.0,234.73093217897133,0.16094162,-28.588142378942827,0.14515676,0.5382618015937525,0.18949479,2.8405097,13.118999,-9.633229281316662,0.23349273,-8.905560900704307,0.21202777,-0.29140452,-0.1265779,-0.0007685784,-0.2218304,-0.31482464,-0.26374045,0.4561733,-0.11109708,-0.08243948,-0.50669783,246,0,245,1,-0.360472,241.53305,0.0,0.0,31,False,1.3891484,,,,,,,,28,14,0.38478175,33,14,0,0.02165897,164.37428,0,0,0.98221105,0.24256158,0.37931797,0.24989074,0.59765786,-122.73691,29.076708,-15.920224,-34.610317,False,279,783.8137267556109,1.3917165,563.1993,18.451836,31,263.39462419326344,7.3142104,36.011356,19.287025,29,713.5821696612401,7.875866,90.603645,17.614286,1.24644,0,1,0,0,0,1.672739,0.8351898,0.8375492,,,,,,,,,,,,,,,,,,,,,,,NOT_AVAILABLE,341.9218057744281,21.329665925627655,239.12753792739719,-8.850356664527743,False,False,0,False,False,False,False,False,True,False,False,1.0446634e-13,2.7663403e-12,0.9999951,3989.6956,3940.7632,4193.146,4.7672,4.6573,4.8365,-0.5415,-0.7751,-0.0617,1094.3793,938.6808,1459.6515,0.0455,0.0084,0.1389,0.0331,0.0061,0.1017,0.0178,0.0032,0.0548,PHOENIX,0.016397664536468765,IN,2
2,1636148068921376768,Gaia DR3 6210092835331204992,6210092835331204992,1397364999,2016.0,234.72139495327588,0.18119806,-28.57269727403418,0.15872587,0.15347933416430332,0.22140463,0.69320744,6.8125095,-1.3194647840954024,0.25678295,-6.683509616095183,0.22766799,-0.24395189,-0.15013723,0.013452369,-0.18483254,-0.33834416,-0.21099645,0.4534875,-0.16221872,-0.10266136,-0.46839643,224,0,224,0,1.4206076,260.02548,0.5115006,1.3503321,31,False,1.4727954,,,,,,,,26,14,0.4132325,32,13,0,0.010377165,116.488754,0,0,1.0670857,0.24752805,0.37401372,0.26686954,0.56123513,-121.99685,23.67591,-17.125294,-34.89725,False,268,766.5828467229375,1.3326025,575.25244,18.47597,28,337.00485240455396,10.560907,31.910597,19.019451,29,603.855183025533,9.888011,61.069427,17.795563,1.227343,0,0,0,1,0,1.2238884,0.5434818,0.6804066,,,,,,,,,,,,,,,,,,,,,,,NOT_AVAILABLE,341.9254538359649,21.346903877413812,239.11566050674526,-8.837281703541207,False,False,0,False,False,False,False,False,True,False,False,2.7930653e-11,7.19381e-13,0.9999915,4623.566,4610.9355,4637.298,4.8364,4.8171,4.8633,-1.3935,-1.5537,-1.2775,1538.452,1471.716,1586.1355,0.0079,0.0017,0.0198,0.0062,0.0013,0.0155,0.0033,0.0007,0.0084,MARCS,0.031705292513851284,IN,2
1,1636148068921376768,Gaia DR3 6210089399357360256,6210089399357360256,1664825651,2016.0,234.72131962439045,0.24084298,-28.605552731339188,0.2488103,0.6468694664874793,0.24379672,2.6533148,3.4768786,-3.2545998892918293,0.39456958,-1.223219200175802,0.3898942,-0.60638124,0.2212926,0.37957925,-0.5005734,-0.43927807,-0.5581043,0.71996516,0.08709927,-0.22072138,-0.7555534,202,0,201,1,-1.8444424,169.85124,0.0,0.0,95,False,,1.3703827,0.05213538,-0.33781275,0.33378127,-0.23683718,-0.07377743,0.15233836,23,13,0.750243,29,11,0,0.014045204,130.30421,0,0,0.9064175,0.20196477,0.4571484,0.2507767,0.55135393,-116.244644,32.001675,-22.413206,-36.835003,False,232,673.7015524738144,1.4392751,468.08392,18.616198,23,233.18469657997213,9.927641,23.48843,19.419292,23,649.5486356336779,22.131908,29.348967,17.716366,1.3102735,0,1,0,1,0,1.7029266,0.80309486,0.8998318,,,,,,,,,,,,,,,,,,,,,,,NOT_AVAILABLE,341.90290880657136,21.32163569403511,239.1233266525015,-8.869252122947897,False,False,0,False,False,False,False,False,True,False,False,2.7228808e-11,1.9029e-12,0.9999861,3915.4788,3905.0354,3927.4097,4.9273,4.8866,5.0087,-1.0555,-1.2688,-0.9491,820.3381,681.7521,890.0405,0.0021,0.0004,0.0064,0.0015,0.0003,0.0047,0.0008,1e-04,0.0025,PHOENIX,0.026722882479507645,IN,2
25,1636148068921376768,Gaia DR3 6210089880393704576,6210089880393704576,1199600795,2016.0,234.73630847723436,0.1953227,-28.575415332844315,0.19006778,0.2969302078121632,0.22577935,1.3151345,6.0026503,-5.147349064044068,0.28252777,-3.088140226182783,0.27049446,-0.40643293,-0.052010696,0.08130473,-0.3283121,-0.33738506,-0.3457419,0.5617752,-0.106363945,-0.112493075,-0.5633374,224,0,221,3,-1.0986104,201.57307,0.0,0.0,31,False,1.4923196,,,,,,,,26,13,0.49175444,31,13,0,0.006305653,141.11243,0,0,0.9460961,0.2491383,0.44917727,0.23832558,0.5746189,-123.9657,33.5001,-17.42636,-35.63556,False,254,645.1654596567532,1.3292211,485.37106,18.663189,26,304.89681721701066,11.156296,27.329575,19.12816,27,494.6957595337335,13.315882,37.150806,18.01205,1.2393605,0,1,0,2,0,1.1161098,0.46497154,0.6511383,,,,,,,,,,,,,,,,,,,,,,,NOT_AVAILABLE,341.9344235169007,21.336457765830662,239.1291912403271,-8.83688084150291,False,False,0,False,False,False,False,False,True,False,False,1.2594609e-10,3.4316103e-10,0.999988,4853.2593,4833.9307,4875.496,4.7829,4.7529,4.8082,-1.2657,-1.4477,-1.0646,2158.104,2069.972,2268.407,0.0066,0.0016,0.0185,0.0053,0.0013,0.0147,0.0028,0.0007,0.008,PHOENIX,0.021121182236284355,IN,3
30,1636148068921376768,Gaia DR3 6210089811674288640,6210089811674288640,1166561693,2016.0,234.74043319713215,0.1965517,-28.5921421669752,0.17748389,0.32690844165587324,0.22245401,1.4695551,4.6402383,-3.5222942986754378,0.30212244,-3.0208035395421993,0.26731956,-0.3300108,-0.10343778,0.13131286,-0.26956034,-0.27673158,-0.2833379,0.48565543,-0.10683978,-0.04571832,-0.4880978,216,0,216,0,-0.62730867,206.16641,0.0,0.0,31,False,1.4952662,,,,,,,,25,14,0.49175072,29,11,0,0.007737419,121.88762,0,0,0.96805584,0.20489198,0.37795156,0.1963703,0.6342653,-127.91001,30.570625,-12.910142,-34.98594,False,238,631.7187535814071,1.370386,460.9787,18.686058,24,293.14138808933035,9.941973,29.485233,19.170849,23,469.11478055265405,10.623779,44.15705,18.069698,1.2066385,0,0,0,1,0,1.1011505,0.4847908,0.6163597,,,,,,,,,,,,,,,,,,,,,,,NOT_AVAILABLE,341.92596543390124,21.321264650739934,239.1366906256879,-8.8523079149603,False,False,0,False,False,False,False,False,True,False,False,1.8003919e-10,2.8964783e-10,0.99999386,4931.411,4912.826,4947.5674,4.8631,4.8396,4.8742,-1.9772,-2.0447,-1.7648,1985.6647,1936.8385,2041.0306,0.0049,0.0012,0.012,0.0039,0.0009,0.0096,0.0021,0.0005,0.0053,MARCS,0.007267824689946258,IN,3
101,1636148068921376768,Gaia DR3 6210089747249918080,6210089747249918080,1103839626,2016.0,234.77658244561866,0.1936093,-28.584408860790447,0.16662599,0.6496687647876791,0.22472395,2.8909638,16.356657,-13.71866902518633,0.28939554,-8.907206446588724,0.23875797,-0.2789014,-0.0699937,0.01864899,-0.13576353,-0.34499526,-0.16509092,0.39704293,-0.06940576,-0.10966825,-0.42430115,235,0,235,0,-0.6838734,221.33772,0.0,0.0,95,False,,1.4810165,0.04930803,-0.20271201,0.13074477,-0.09702643,0.11030476,-0.0701279,27,14,0.44593993,31,13,0,0.020864496,21.067785,2,0,0.96677583,0.21230416,0.37929866,0.21813253,0.5795,-125.255455,27.091578,-18.646288,-35.028652,False,259,618.492161581605,1.5235343,405.9588,18.709032,28,302.1570651679407,11.894346,25.40342,19.13796,29,573.4966878650516,19.188303,29.887827,17.851568,1.4157879,0,17,0,19,0,1.2863922,0.42892838,0.85746384,,,,,,,,,,,,,,,,,,,,,,,NOT_AVAILABLE,341.9574987791942,21.306968617906993,239.1661179245791,-8.837412828243377,False,False,0,False,False,False,False,False,True,False,False,7.011109e-08,6.056075e-05,0.99993426,4735.6934,4688.901,4784.836,4.747,4.6888,4.8772,-3.7819,-4.045,-3.4305,1855.329,1587.4473,2054.5962,0.0407,0.0093,0.0919,0.0321,0.0073,0.0729,0.0177,0.004,0.0402,MARCS,0.026281262528572727,IN,3
59,1636148068921376768,Gaia DR3 6210089502436496512,6210089502436496512,1277925917,2016.0,234.75396959778908,0.23816665,-28.614089509672404,0.20845099,0.4372156571078276,0.27792642,1.5731345,7.5547333,-1.975738415835949,0.40649995,-7.2918070365929255,0.3068143,-0.22891153,-0.001488744,0.037092257,-0.20346195,-0.28756833,-0.20258266,0.56765676,-0.22162737,-0.059356976,-0.3488539,186,0,186,0,0.20366037,192.03145,0.0,0.0,31,False,1.4350599,,,,,,,,22,14,0.6021679,24,9,0,0.016153242,1.0548676,1,0,1.0088756,0.20018718,0.3465968,0.17155859,0.53488714,-134.5477,18.77663,-19.272242,-33.44541,False,193,562.1217501193078,1.531198,367.11237,18.812792,22,224.48496802301085,7.4682255,30.058676,19.460573,19,419.1263944629396,8.49041,49.364685,18.192034,1.1449679,0,0,0,0,0,1.2685394,0.6477814,0.62075806,,,,,,,,,,,,,,,,,,,,,,,NOT_AVAILABLE,341.9207643648875,21.296781075364883,239.153550750002,-8.870893024499306,False,False,0,False,False,False,False,False,True,False,False,5.022269e-11,4.5226206e-12,0.9999959,4465.996,4448.94,4483.0854,4.8608,4.8212,4.8933,-1.2923,-1.46,-1.0807,1599.774,1514.1224,1718.492,0.0032,0.0008,0.0093,0.0025,0.0006,0.0072,0.0013,0.0003,0.0039,MARCS,0.02103575114045789,IN,3
95,1636148068921376768,Gaia DR3 6210089639875452288,6210089639875452288,1599077995,2016.0,234.7742976863363,0.23201023,-28.59981977367994,0.18916735,0.41205954644411164,0.26817262,1.536546,6.438608,-6.165120698136155,0.39392838,-1.8565992440092716,0.27605885,-0.11047053,-0.012671839,-0.043789387,-0.08770086,-0.33064434,-0.06798284,0.4642494,-0.10137864,-0.074611925,-0.14364494,190,0,190,0,0.6089581,204.67433,0.17762241,0.097197935,31,False,1.4894928,,,,,,,,22,13,0.5504776,27,10,0,0.021017114,90.31564,0,0,1.0300045,0.21127549,0.33612782,0.23407815,0.5296914,-127.44515,14.027792,-21.822739,-32.42292,False,216,560.8562527679043,1.3777605,407.0782,18.815237,24,250.45627628189072,9.762818,25.654097,19.341713,23,416.2510365643393,13.581601,30.648157,18.199507,1.1887312,0,0,0,1,0,1.1422062,0.5264759,0.6157303,,,,,,,,,,,,,,,,,,,,,,,NOT_AVAILABLE,341.945285417415,21.296383711611547,239.1677644954682,-8.852868367738656,False,False,0,False,False,False,False,False,True,False,False,3.6650055e-10,3.0898287e-10,0.9999911,4889.211,4864.035,4914.709,4.8652,4.843,4.881,-2.0197,-2.1772,-1.8547,2044.8785,1988.6123,2127.2832,0.0083,0.002,0.0245,0.0066,0.0016,0.0197,0.0036,0.0008,0.0107,MARCS,0.023453256931717525,IN,3
52,1636148068921376768,Gaia DR3 6210089914753444352,6210089914753444352,332296006,2016.0,234.7526406504599,0.21966238,-28.571330483568335,0.19485041,0.047064457476224925,0.26561457,0.1771908,6.2057934,-3.5113264338356087,0.31347108,-5.116879719670414,0.28945798,-0.23092152,-0.122093335,-0.041944005,-0.18420933,-0.3501914,-0.19625396,0.35230765,-0.12017972,-0.12424604,-0.43710694,234,0,234,0,1.8236387,281.70993,0.6062641,1.2017369,31,False,1.5314468,,,,,,,,27,14,0.5054104,31,14,0,0.030955741,19.654774,0,0,1.084916,0.23444158,0.3633391,0.2507155,0.64745086,-119.41324,30.282024,-13.112348,-34.402733,False,249,529.6643322703595,1.2746698,415.53064,18.877365,28,272.7862273881692,18.659695,14.619008,19.248985,27,368.31793254344745,11.179093,32.94703,18.332338,1.2103971,0,1,0,1,0,0.91664696,0.37162018,0.5450268,,,,,,,,,,,,,,,,,,,,,,,NOT_AVAILABLE,341.9490793006002,21.330454203307838,239.14234855195755,-8.829575025198329,False,False,0,False,False,False,False,False,True,False,False,9.529098e-10,2.1075472e-09,0.9999751,5160.0806,5137.973,5180.176,4.7937,4.7792,4.8071,-1.7629,-1.969,-1.5729,2782.4524,2732.6665,2845.72,0.0019,0.0004,0.0057,0.0015,0.0003,0.0046,0.0008,0.0002,0.0026,MARCS,0.022559013146887623,IN,3
92,1636148068921376768,Gaia DR3 6210089536796236032,6210089536796236032,1515822450,2016.0,234.7735608639477,0.25575727,-28.608415098262824,0.2046053,0.8496533711250889,0.29356813,2.8942287,10.079591,-7.700119224688935,0.4126884,-6.504330138323631,0.2994962,-0.20850497,0.042087898,-0.08866505,-0.087922774,-0.34865624,-0.10467725,0.41601118,-0.13128962,-0.10857771,-0.26234424,206,0,205,1,0.52612555,226.9927,0.5336709,0.7890549,95,False,,1.2977645,0.062377695,-0.2371021,0.10339086,-0.09082713,0.01500259,-0.10452313,24,14,0.5911213,28,11,0,0.035194132,98.16808,0,0,1.0247986,0.19497414,0.35509673,0.22047323,0.54188704,-125.766304,20.137781,-21.66197,-33.86059,False,230,517.9510870738333,1.3670899,378.87128,18.901646,25,141.96984807262743,8.222291,17.266459,19.958052,24,583.7819172450231,9.451137,61.768436,17.83227,1.4011976,0,0,0,0,0,2.125782,1.056406,1.069376,,,,,,,,,,,,,,,,,,,,,,,NOT_AVAILABLE,341.93886440638914,21.290178415767677,239.16914768515912,-8.861378962144462,False,False,0,False,False,False,False,False,True,False,False,3.5829024e-11,8.1374024e-13,0.99996614,3463.5024,3430.1086,3540.3525,4.6913,4.6099,4.8536,-1.1655,-1.2761,-0.8456,486.9261,434.0443,575.9915,0.1384,0.0722,0.2354,0.0941,0.0489,0.1606,0.0551,0.0286,0.0941,MARCS,0.026494661433404006,IN,3
47,1636148068921376768,Gaia DR3 6210089914753442432,6210089914753442432,297369397,2016.0,234.74959258878286,0.234705,-28.57868310901914,0.22401801,0.3944449471506744,0.2665493,1.47982,11.088463,-7.276703967123889,0.34054974,-8.366814129427409,0.33778426,-0.36522084,-0.122343585,0.07629928,-0.29862082,-0.27575985,-0.30081573,0.4338438,-0.14484946,-0.06155257,-0.54397506,218,0,218,0,-1.1814971,196.99817,0.0,0.0,31,False,1.428177,,,,,,,,25,14,0.5938309,30,13,0,0.017170979,0.20179065,0,0,0.94177157,0.2731341,0.4093963,0.19387256,0.6733566,-135.46896,35.864304,-11.449924,-35.789913,False,251,491.26601077125514,1.1336155,433.36212,18.959076,26,195.57901945565553,9.848009,19.859753,19.610237,28,392.3963970336866,8.089484,48.506973,18.263582,1.1968576,0,0,0,0,0,1.3466549,0.6511612,0.6954937,,,,,,,,,,,,,,,,,,,,,,,NOT_AVAILABLE,341.94183087122525,21.32649984929171,239.1414424567399,-8.837348352514825,False,False,0,False,False,False,False,False,True,False,False,4.299742e-11,2.4931804e-12,0.9999722,4405.1455,4386.3975,4422.6914,4.8858,4.8468,4.913,-1.4446,-1.5894,-1.2535,1559.135,1486.6877,1675.2361,0.0089,0.0021,0.025,0.0068,0.0016,0.0191,0.0037,0.0008,0.0103,PHOENIX,0.01494593712806506,IN,3
75,1636148068921376768,Gaia DR3 6210089953408351616,6210089953408351616,1596136239,2016.0,234.76338074991904,0.23269907,-28.573516155135547,0.20647463,0.2766257242355255,0.28332224,0.9763643,16.509375,-14.724250632585202,0.34504497,-7.466989003947323,0.30642486,-0.30617395,-0.10987544,-0.0871599,-0.10990018,-0.347483,-0.13249007,0.32963055,-0.15804152,-0.053804807,-0.53322387,230,0,229,1,0.004580303,233.02415,0.0,0.0,31,True,1.4339064,,,,,,,,27,14,0.5628144,31,14,0,0.012258196,131.2256,0,0,0.9987286,0.25701624,0.43429655,0.2828619,0.5798812,-119.40702,33.001213,-17.056814,-35.63251,False,252,469.52941810269164,1.2038196,390.03302,19.00821,24,180.1306043808995,8.379575,21.49639,19.699574,23,369.9328328158723,9.379017,39.442604,18.327589,1.1715207,0,0,0,2,0,1.3719845,0.6913643,0.6806202,,,,,,,,,,,,,,,,,,,,,,,NOT_AVAILABLE,341.95537890965943,21.322753194395823,239.1521464713173,-8.829510006169757,False,False,0,False,False,False,False,False,False,False,False,2.1126388e-10,2.7119066e-11,0.9999872,,,,,,,,,,,,,,,,,,,,,,,0.023940889979967694,IN,3
13,1636148068921376768,Gaia DR3 6210089846037563904,6210089846037563904,1311562353,2016.0,234.72815668215355,0.23004156,-28.5897781270277,0.21090525,0.21049107734085695,0.27439815,0.767101,5.698967,-5.687265757617672,0.3400379,-0.3650082023967936,0.3142203,-0.31087175,-0.11402468,0.013453704,-0.22960442,-0.32795608,-0.26261076,0.4612426,-0.13706037,-0.071390145,-0.53585523,245,0,244,1,-1.5961215,214.59438,0.0,1.2999787e-15,31,False,1.5206543,,,,,,,,28,14,0.5697133,33,15,0,0.01891808,138.56644,0,0,0.9265307,0.23919162,0.3877934,0.24746014,0.5959792,-122.53083,29.787397,-15.86208,-34.76348,False,273,465.6510753658133,1.0895753,427.36935,19.017216,30,227.27688746064726,6.2528567,36.347687,19.447153,30,329.623714213742,10.865801,30.335888,18.452848,1.1959611,0,0,0,1,0,0.99430466,0.42993736,0.5643673,,,,,,,,,,,,,,,,,,,,,,,NOT_AVAILABLE,341.9186706503673,21.329960060794427,239.12552385269152,-8.852514128694496,False,False,0,False,False,False,False,False,False,False,False,5.1718896e-10,2.827595e-12,0.9999743,,,,,,,,,,,,,,,,,,,,,,,0.01830309073147811,IN,3
63,1636148068921376768,Gaia DR3 6210089914753519744,6210089914753519744,1370203770,2016.0,234.7570519235395,0.2642676,-28.574445638231502,0.24239138,0.06165331288546348,0.32859403,0.18762761,2.0277233,-1.9438333651765571,0.38993022,0.5772119845491657,0.35389116,-0.24557659,-0.107541166,-0.022799062,-0.16293843,-0.3997544,-0.19719362,0.41844866,-0.11415178,-0.121317685,-0.4899522,242,0,240,2,-0.10771591,242.28348,0.0,0.0,31,False,1.4191384,,,,,,,,28,14,0.6360898,32,14,0,0.04051,71.688225,0,0,0.9936198,0.25378478,0.37985936,0.24677996,0.5893821,-124.679146,28.619734,-15.873533,-34.79216,False,261,371.811177547462,1.038984,357.86038,19.26156,28,143.80264100551014,6.603292,21.777416,19.944124,29,305.1542901444424,10.468694,29.149223,18.536596,1.2074864,0,4,0,3,0,1.4075279,0.6825638,0.72496414,,,,,,,,,,,,,,,,,,,,,,,NOT_AVAILABLE,341.9501481446081,21.32558378992467,239.14689413058903,-8.831705021954864,False,False,0,False,False,False,False,False,False,False,False,2.531523e-10,1.5531029e-12,0.9999981,,,,,,,,,,,,,,,,,,,,,,,0.020560892666980607,IN,3
67,1636148068921376768,Gaia DR3 6210089536796250752,6210089536796250752,1759702621,2016.0,234.75924643754487,0.3463931,-28.612971894867602,0.31947532,-0.3474664538052588,0.39859304,-0.87173235,7.1211166,-1.7603566073875885,0.59460634,-6.900105019729528,0.45373103,-0.31142116,0.10005042,0.031557135,-0.19270284,-0.32809314,-0.09807307,0.53720695,-0.18796001,-0.06270779,-0.2440311,173,0,173,0,-0.10085384,173.03177,0.36681557,0.18859734,31,False,1.4584062,,,,,,,,20,12,0.8557871,24,9,0,0.025218757,111.235085,0,0,0.9925232,0.21392216,0.391468,0.18420419,0.5286613,-135.21745,27.219473,-28.293343,-35.442814,False,196,348.39111707852345,1.2329675,282.5631,19.3322,19,170.79207472818777,6.2577477,27.292898,19.757374,20,256.3528997995515,11.252448,22.781967,18.7258,1.2260501,0,0,0,0,0,1.0315742,0.4251747,0.60639954,,,,,,,,,,,,,,,,,,,,,,,NOT_AVAILABLE,341.9253585101818,21.29468685671501,239.1578481408626,-8.86872981268668,False,False,0,False,False,False,False,False,False,False,False,3.7791592e-10,1.2535943e-09,0.99999374,,,,,,,,,,,,,,,,,,,,,,,0.02153065740059783,IN,3
12,1636148068921376768,Gaia DR3 6210089846033963264,6210089846033963264,1381174688,2016.0,234.7271518548721,0.3156213,-28.589272853546195,0.29078093,0.8916663172329649,0.37061855,2.405887,6.9862747,-5.548588987662738,0.45338354,-4.245137755059863,0.42919612,-0.32028648,-0.07261507,0.044779465,-0.2279496,-0.36076376,-0.29545158,0.48688835,-0.10147121,-0.08724457,-0.5495295,241,0,240,1,0.9152187,268.17938,0.640894,0.69349223,95,False,,1.3578365,0.07618203,-0.22906864,0.11153612,-0.15085846,0.041470725,-0.073408976,28,14,0.7738918,33,14,0,0.02404803,116.20174,0,0,1.0411588,0.23682266,0.38066623,0.24410702,0.5967214,-122.36036,29.022678,-16.55174,-34.683224,False,268,340.3393315086321,1.0553778,322.48102,19.357586,22,107.71119770257073,5.561954,19.365711,20.25789,24,344.3880770283022,9.31173,36.984325,18.405275,1.328378,0,1,0,1,0,1.8526154,0.9003048,0.95231056,,,,,,,,,,,,,,,,,,,,,,,NOT_AVAILABLE,341.91828691923473,21.330911903190028,239.12453649318473,-8.852227809142684,False,False,0,False,False,False,False,False,False,False,False,2.204959e-11,1.8744153e-10,0.9999938,,,,,,,,,,,,,,,,,,,,,,,0.01927398368978572,IN,3
62,1636148068921376768,Gaia DR3 6210089605515727744,6210089605515727744,1279330360,2016.0,234.75645768330762,0.35366064,-28.60809258159402,0.3234869,-0.3507756077518852,0.4043339,-0.86753947,2.8576288,-2.295374229330368,0.5783757,-1.7021454055297196,0.45663202,-0.3869022,0.14358902,0.01567243,-0.26622647,-0.33374143,-0.18747188,0.5480632,-0.21349934,-0.10091211,-0.36524236,182,0,180,2,-1.6637604,151.9016,0.0,0.0,31,False,1.4811748,,,,,,,,21,13,0.8698266,25,11,0,0.0140608195,94.47377,3,0,0.9105529,0.16493389,0.43119922,0.1722159,0.53863865,-141.00981,28.44257,-33.12581,-37.284924,False,194,339.5576919082334,1.2232262,277.59192,19.360083,21,158.43204905111514,11.1606455,14.1956,19.838934,20,243.96953780799691,8.96675,27.208246,18.779556,1.1850758,0,0,0,0,0,1.0593777,0.47885132,0.58052635,,,,,,,,,,,,,,,,,,,,,,,NOT_AVAILABLE,341.9266755955431,21.30000622454754,239.15429087811944,-8.864552725403971,False,False,0,False,False,False,False,False,False,False,False,2.1513398e-09,1.9566876e-08,0.9999907,,,,,,,,,,,,,,,,,,,,,,,0.0160722277792785,IN,3
91,1636148068921376768,Gaia DR3 6210089639875452544,6210089639875452544,1763183870,2016.0,234.7734217671587,0.64359635,-28.59717928490949,0.52682006,3.0075965593605423,0.6992625,4.301098,25.307196,-24.462577315179093,0.9774082,-6.483555316996537,0.7540926,-0.3220792,-0.014135982,-0.08505623,-0.14873871,-0.2117085,-0.17285924,0.44918975,-0.11718624,-0.018866621,-0.3879546,198,0,197,1,16.713753,786.2496,3.8167138,22.870592,95,False,,1.3328732,0.15302622,-0.23603605,0.099428385,-0.07888982,0.021449693,-0.031009113,23,14,1.464006,27,10,0,0.13638064,28.176487,0,0,1.9652059,0.2180171,0.3726146,0.1990126,0.5352251,-135.12274,23.992393,-21.027159,-34.818214,False,218,325.1890667441527,2.6488507,122.766106,19.407026,19,62.36868913660427,7.336958,8.50062,20.851126,23,489.71022736854,8.287756,59.088398,18.023048,1.6977167,0,0,0,2,0,2.8280773,1.4440994,1.3839779,,,,,,,,,,,,,,,,,,,,,,,NOT_AVAILABLE,341.94645830581135,21.2989074864558,239.1663869207521,-8.85047863013338,False,False,0,False,False,False,False,False,False,False,False,3.4525688e-11,6.4636124e-10,0.99999166,,,,,,,,,,,,,,,,,,,,,,,0.022136046982166823,IN,3
81,1636148068921376768,Gaia DR3 6210089708594945280,6210089708594945280,231706177,2016.0,234.76778304502383,0.32902977,-28.58880573730571,0.2853162,1.1166626596586133,0.3870959,2.8847184,3.918716,-2.773927142350512,0.4980646,-2.767970838624283,0.41279572,-0.26924002,-0.039601907,0.045054168,-0.14787638,-0.37510282,-0.1812282,0.41658735,-0.06137742,-0.12554488,-0.42682394,235,0,234,1,1.0139334,270.92697,0.78588426,0.97533286,95,False,,1.2661234,0.08407706,-0.18137684,0.13936818,-0.09846126,0.06940128,-0.06648797,27,14,0.7702095,32,14,0,0.023392405,176.75821,0,0,1.046371,0.21412374,0.38203287,0.21525352,0.57910794,-126.40843,27.399956,-18.56819,-35.113384,False,257,323.1804295196898,1.1128417,290.41006,19.413754,22,110.35693793080306,7.9748354,13.838146,20.231543,24,341.1096212187964,11.182384,30.504196,18.41566,1.3969489,0,0,0,2,0,1.8158817,0.8177891,0.99809265,,,,,,,,,,,,,,,,,,,,,,,NOT_AVAILABLE,341.94810161895396,21.30851399418809,239.15954532401585,-8.843483723376819,False,False,0,False,False,False,False,False,False,False,False,1.4856913e-10,7.643251e-08,0.99998885,,,,,,,,,,,,,,,,,,,,,,,0.017561827010329666,IN,3
97,1636148068921376768,Gaia DR3 6210089639875466240,6210089639875466240,201775404,2016.0,234.77535080798006,0.3388935,-28.60668882772212,0.27621335,0.41299338536300256,0.40452987,1.0209218,4.955091,-3.0564423481874172,0.5741275,-3.9001393278251464,0.4077588,-0.18022943,0.07965284,-0.082060784,-0.12164205,-0.36552912,-0.06863256,0.4355696,-0.22076538,-0.09953017,-0.22792856,206,0,206,0,-0.13046655,207.21826,0.0,0.0,31,False,1.4845297,,,,,,,,24,14,0.8155453,28,11,0,0.014037844,78.78562,0,0,0.99184567,0.18906179,0.35051256,0.21735112,0.5440266,-125.89331,18.974798,-22.009777,-33.839508,False,231,316.9950188955776,1.1107413,285.3905,19.434736,24,165.68627289468438,6.5737624,25.204178,19.790325,25,230.31853448192643,9.241798,24.921398,18.842073,1.2492461,0,0,0,0,0,0.9482517,0.3555889,0.5926628,,,,,,,,,,,,,,,,,,,,,,,NOT_AVAILABLE,341.94134516447343,21.290504884594895,239.1702889258333,-8.859334979983482,False,False,0,False,False,False,False,False,False,False,False,1.4201655e-09,2.3479452e-09,0.9999826,,,,,,,,,,,,,,,,,,,,,,,0.026931722870144083,IN,3
60,1636148068921376768,Gaia DR3 6210089506731830784,6210089506731830784,33692125,2016.0,234.7552565319089,0.3764353,-28.617729449288152,0.32428318,0.3806782533892646,0.42955884,0.88620746,3.5551677,1.0574100768212902,0.67353153,-3.3942747329654486,0.503451,-0.2505499,0.0659851,0.033344798,-0.14343742,-0.26896837,-0.10246076,0.53635305,-0.22511409,-0.001309243,-0.24364936,187,0,186,1,-0.4305009,177.87885,0.0,0.0,95,False,,1.5389448,0.09212193,-0.1754787,0.11482949,-0.10099759,0.111154184,-0.15415919,22,13,0.96608204,24,8,0,0.010623286,152.62134,0,0,0.9755594,0.16520439,0.35156885,0.14520146,0.5305057,-138.65451,19.630135,-22.749361,-33.730476,False,194,306.82140662008777,1.2785441,239.97719,19.470152,21,154.71203471369256,11.233326,13.7725935,19.864733,21,256.33315220213973,9.06914,28.264328,18.725883,1.3396888,0,13,0,13,0,1.1388493,0.39458084,0.7442684,,,,,,,,,,,,,,,,,,,,,,,NOT_AVAILABLE,341.91920628978613,21.29325715054377,239.15551878535913,-8.874170895347824,False,False,0,False,False,False,False,False,False,False,False,4.9564868e-09,3.7718423e-06,0.9999876,,,,,,,,,,,,,,,,,,,,,,,0.024838522244484035,IN,3
9,1636148068921376768,Gaia DR3 6210089399357436672,6210089399357436672,329992629,2016.0,234.7243771342376,0.34866434,-28.614851373230138,0.36554444,1.0733654982647274,0.41160667,2.6077456,8.117681,1.1107386090886537,0.6323754,-8.041330980989166,0.5959363,-0.4305163,0.053758707,0.26670572,-0.37156257,-0.45429114,-0.44675398,0.64232266,0.026504802,-0.18683012,-0.67357534,222,0,219,3,-0.15418507,220.71016,0.0,0.0,31,False,1.5128585,,,,,,,,25,13,1.1296359,30,12,0,0.01336066,123.407745,1,0,0.9910031,0.22169985,0.428675,0.29279178,0.5610236,-105.47016,30.99443,-20.317497,-35.57916,False,249,301.83928005404397,0.9936264,303.77542,19.487928,26,164.17716491923983,7.207177,22.779676,19.80026,27,191.0655632483486,8.055983,23.717226,19.044939,1.1769267,0,1,0,0,0,0.7553215,0.31233215,0.44298935,,,,,,,,,,,,,,,,,,,,,,,NOT_AVAILABLE,341.89876473237337,21.312760686632487,239.1281571269956,-8.877671818874841,False,False,0,False,False,False,False,False,False,False,False,7.442402e-08,3.4636795e-07,0.9999282,,,,,,,,,,,,,,,,,,,,,,,0.03002831036414443,IN,3
77,1636148068921376768,Gaia DR3 6210089953408352768,6210089953408352768,1796401115,2016.0,234.7641145665564,0.32642522,-28.572700001971842,0.30945843,0.608023999615338,0.4015925,1.5140322,2.234342,2.1011598225637864,0.5054606,0.7598761545071152,0.47089228,-0.3083901,-0.08980197,-0.00361875,-0.20613174,-0.38269618,-0.23683758,0.42274192,-0.16517346,-0.02798878,-0.5938282,220,0,220,0,1.1627055,251.4771,0.49675035,0.3346294,31,False,1.5231133,,,,,,,,26,14,0.86230516,30,13,0,0.011441257,41.494507,0,0,1.0550127,0.2954618,0.43325812,0.28879157,0.5808834,-125.51527,33.81462,-16.142803,-35.71994,False,243,300.9648700304563,0.97905153,307.4045,19.491077,25,149.6476524551361,9.42542,15.8770275,19.900867,25,216.65505419643205,8.321576,26.03534,18.908474,1.2170945,0,2,0,0,0,0.9923935,0.40979004,0.58260345,,,,,,,,,,,,,,,,,,,,,,,NOT_AVAILABLE,341.9564706177267,21.3229703854223,239.15258898590787,-8.828566498275107,False,False,0,False,False,False,False,False,False,False,False,7.840819e-09,2.031646e-11,0.9999932,,,,,,,,,,,,,,,,,,,,,,,0.024976499352795434,IN,3
100,1636148068921376768,Gaia DR3 6210089742954668672,6210089742954668672,503226832,2016.0,234.7761635589819,0.35188586,-28.58425406614214,0.31302214,0.353361323359886,0.40407506,0.87449425,3.5743113,-1.925121000624778,0.52011204,-3.011579313675855,0.48317894,-0.1836373,-0.021599153,0.032164942,-0.15155225,-0.34970212,-0.15473934,0.22883686,-0.061487377,-0.1075408,-0.35207993,187,0,186,1,-0.7868429,191.90079,0.0,0.0,95,False,,1.1253725,0.09563055,-0.17881694,0.22363274,-0.10323048,0.097408295,-0.1454449,22,12,0.81331015,31,13,0,0.026790641,101.804375,0,36,0.9569922,0.12386316,0.2437722,0.18567948,0.82304573,-58.36251,28.078053,-1.6985528,-32.084038,False,216,289.84228309382917,1.1622504,249.38023,19.531963,0,,,,,0,,,,,,,,,,2,,,,,,,,,,,,,,,,,,,,,,,,,,NOT_AVAILABLE,341.9573008492485,21.307322534304866,239.16571947559117,-8.837347667236712,False,False,0,False,False,False,False,False,False,False,False,,,,,,,,,,,,,,,,,,,,,,,,,,0.025992273487417263,IN,4
3,1636148068921376768,Gaia DR3 6210089846034039680,6210089846034039680,1572333184,2016.0,234.7216578400632,0.37084365,-28.586616196404268,0.35163742,0.034459712013622266,0.45741662,0.0753355,14.351749,-3.4195050749633173,0.55742866,-13.938425044290229,0.5267696,-0.25899115,-0.15634593,0.037211616,-0.25226745,-0.39516765,-0.2980137,0.4803631,-0.111478515,-0.07150493,-0.5601118,238,0,238,0,0.15630603,247.46965,0.0,0.0,31,False,1.461636,,,,,,,,28,14,0.9528728,33,14,0,0.02198566,165.35391,0,0,1.0058157,0.26250562,0.37651348,0.2730838,0.5979072,-122.805405,29.023067,-15.374509,-34.432755,False,266,256.77108630320964,1.0272311,249.96428,19.663502,29,124.40917344730403,6.7366977,18.467382,20.101412,29,172.29903367798607,7.735058,22.27508,19.157188,1.1555359,0,0,0,1,0,0.9442234,0.43791008,0.5063133,,,,,,,,,,,,,,,,,,,,,,,NOT_AVAILABLE,341.9161159685063,21.33603454967394,239.11916283526176,-8.850765521041499,False,False,0,False,False,False,False,False,False,False,False,4.665991e-09,2.1490393e-07,0.99997836,,,,,,,,,,,,,,,,,,,,,,,0.02461773844948845,IN,4
36,1636148068921376768,Gaia DR3 6210089811674302080,6210089811674302080,415246119,2016.0,234.74420496312467,0.42214286,-28.583984954510324,0.39740983,0.2155811521876896,0.48595163,0.4436268,6.3860044,-4.055912939889339,0.6268267,-4.932608254595283,0.59112924,-0.33988935,-0.12636879,0.0942372,-0.2787754,-0.2712588,-0.31338713,0.52880627,-0.13721456,-0.03888036,-0.53863513,229,0,228,1,1.21237,261.4882,1.3082085,1.6252503,31,False,1.4621674,,,,,,,,27,14,1.0686879,32,13,0,0.0087678,146.38683,0,0,1.0564305,0.24104173,0.39444238,0.20003086,0.59277225,-131.18535,30.973145,-14.176223,-34.94621,False,254,245.18632534648103,0.9923342,247.0804,19.713627,27,100.63251331455417,7.4739966,13.464351,20.331696,27,179.20595713076034,7.6185064,23.522453,19.114515,1.1413299,0,0,0,0,0,1.2171803,0.6180687,0.59911156,,,,,,,,,,,,,,,,,,,,,,,NOT_AVAILABLE,341.9342889056784,21.325434723030757,239.1380322417102,-8.843604375727821,False,False,0,False,False,False,False,False,False,False,False,8.9133884e-10,9.164201e-09,0.9999914,,,,,,,,,,,,,,,,,,,,,,,0.01034231658566559,IN,4
65,1636148068921376768,Gaia DR3 6210089914753518336,6210089914753518336,1245471115,2016.0,234.7574885282048,0.43882328,-28.580797951701012,0.3669817,0.10855841460291174,0.5041269,0.21533947,3.785604,-0.7737538802179758,0.599297,-3.705685187180557,0.547414,-0.20839044,0.050950322,0.037831645,-0.0655505,-0.3566819,-0.13268605,0.39190063,-0.054178376,-0.06478195,-0.35534728,212,9,209,3,1.721072,248.91919,1.1355312,1.2170476,95,False,,1.4784361,0.111135416,-0.2560942,0.17050359,-0.13026413,0.003177853,-0.09246772,25,13,0.93474984,28,12,0,0.05347464,179.62897,0,0,1.0849323,,,,,,,,,False,225,242.9179827451725,1.0984703,221.14204,19.723719,24,94.59231752700497,6.310607,14.989417,20.398903,24,199.28505086269104,10.768541,18.506226,18.999208,1.2097802,0,0,0,0,0,1.3996944,0.67518425,0.7245102,,,,,,,,,,,,,,,,,,,,,,,NOT_AVAILABLE,341.94611439832033,21.320447720852886,239.14876482864014,-8.837794515257155,False,False,0,False,False,False,False,False,False,False,False,2.93771e-10,6.632298e-09,0.9999928,,,,,,,,,,,,,,,,,,,,,,,0.015020625494792517,IN,4
56,1636148068921376768,Gaia DR3 6210089506731732352,6210089506731732352,668905205,2016.0,234.75350790324208,0.55378073,-28.617121178416905,0.4863706,0.12284305165333734,0.6710379,0.18306424,8.986734,-6.214871577474963,1.0417593,-6.4912836154890705,0.7529701,-0.18758243,0.058335956,0.012291513,-0.07696969,-0.28963,-0.03982719,0.5088191,-0.34507793,0.08206319,-0.3097532,163,0,163,0,2.4785218,215.77135,1.6123967,2.1169968,95,False,,1.3323141,0.13515796,-0.1393046,0.14304568,-0.17111258,0.16427724,-0.13366726,19,13,1.5127152,23,8,1,0.03679436,134.16187,0,50,1.1408635,0.1956217,0.34462804,0.21747479,0.50771916,-116.0072,17.821745,-18.945553,-32.936253,False,180,228.1722251707711,1.1449255,199.29002,19.79171,0,,,,,0,,,,,,,,,,2,,,,,,,,,,,,,,,,,,,,,,,,,,NOT_AVAILABLE,341.91835387609484,21.29470472447874,239.15386465622166,-8.873935899813418,False,False,0,False,False,False,False,False,False,False,False,,,,,,,,,,,,,,,,,,,,,,,,,,0.023921247208355572,IN,4
87,1636148068921376768,Gaia DR3 6210089639875467264,6210089639875467264,1553103471,2016.0,234.77176856409181,0.56367373,-28.600038652600627,0.5326827,-0.5635585821146256,0.6342143,-0.8885933,35.553875,-31.89051682348574,0.9954524,-15.718551223978984,0.7833271,-0.38330755,0.18594941,0.14423445,-0.28232542,-0.44500855,-0.2638635,0.6540219,0.006738428,-0.25197306,-0.36244714,183,0,183,0,1.7989763,228.27505,1.4544263,1.5881253,95,False,,1.2583572,0.13777308,-0.33096713,0.32964718,-0.16538414,-0.08807378,0.15796022,21,12,1.5062536,25,8,0,0.021246303,66.84579,0,0,1.0951806,0.1837955,0.3792091,0.18399478,0.50712293,-130.51006,23.216002,-24.39661,-34.08172,False,209,222.7154003943771,1.0468159,212.75508,19.817991,19,76.52701030294403,9.6151705,7.9589863,20.629005,21,227.27481427245928,18.377277,12.367165,18.856518,1.3640809,0,0,0,1,0,1.7724876,0.8110142,0.96147346,,,,,,,,,,,,,,,,,,,,,,,NOT_AVAILABLE,341.9433004893336,21.29763209198656,239.16563006089862,-8.853596894647186,False,False,0,False,False,False,False,False,False,False,False,2.2213162e-10,4.982426e-10,0.99999803,,,,,,,,,,,,,,,,,,,,,,,0.02138514355419324,IN,4
83,1636148068921376768,Gaia DR3 6210089712890179840,6210089712890179840,836285339,2016.0,234.76967630692621,0.4547912,-28.58386380434265,0.3920231,-0.06064685719421069,0.5565303,-0.108973145,6.110908,-6.089894212192392,0.70243293,0.5063428489592398,0.5782606,-0.27970052,-0.16452208,-0.009855746,-0.06349312,-0.3575949,-0.09519238,0.31779492,-0.06893262,-0.085298635,-0.4844424,218,0,216,2,0.82196134,240.09135,0.58569616,0.234116,31,False,1.4800056,,,,,,,,25,14,1.0967863,29,13,0,0.03366113,40.24301,0,0,1.0386778,0.24085875,0.44210446,0.2554309,0.55751735,-125.71339,32.09426,-17.491013,-35.877495,False,239,215.4953603663837,1.1399804,189.03426,19.853771,22,94.14555179396636,9.046364,10.407004,20.404043,25,154.53804884056987,9.916277,15.584281,19.275307,1.1540091,0,0,0,1,0,1.1287365,0.550272,0.5784645,,,,,,,,,,,,,,,,,,,,,,,NOT_AVAILABLE,341.9528604489877,21.31125824574772,239.16002033117277,-8.838290824522893,False,False,0,False,False,False,False,False,False,False,False,9.255841e-09,9.272874e-08,0.9999988,,,,,,,,,,,,,,,,,,,,,,,0.020956679067690286,IN,4
0,1636148068921376768,Gaia DR3 6210089399357437440,6210089399357437440,531594699,2016.0,234.7212708005135,0.5485536,-28.610098768753897,0.55110955,-1.0740994496006464,0.62393034,-1.7215054,5.3463554,-4.305408689200899,0.91523874,-3.1696962541234575,0.8486537,-0.41140002,0.09191146,0.29947957,-0.30337512,-0.4708104,-0.36886117,0.64520824,0.050046302,-0.22198845,-0.55847424,212,0,210,2,2.6468468,272.79538,1.470895,1.4970015,95,False,,1.4627094,0.12874094,-0.31608462,0.24656256,-0.20806175,-0.031146493,0.027955962,25,13,1.5737911,30,11,0,0.017506175,163.0433,0,0,1.1321565,0.19909264,0.38539827,0.24678524,0.5527646,-107.98491,26.209833,-19.617132,-34.405624,False,242,213.7598327989344,0.99799466,214.18935,19.86255,26,108.1658244543923,8.304683,13.024679,20.253317,26,138.64094071264887,8.799359,15.755799,19.393167,1.1545985,0,0,0,0,0,0.8601494,0.39076614,0.46938324,,,,,,,,,,,,,,,,,,,,,,,NOT_AVAILABLE,341.89976210319304,21.318160722223467,239.12435429975173,-8.87368352804635,False,False,0,False,False,False,False,False,False,False,False,1.0854842e-07,1.1764202e-07,0.99997497,,,,,,,,,,,,,,,,,,,,,,,0.029077054952684762,IN,4
48,1636148068921376768,Gaia DR3 6210089506731732480,6210089506731732480,575479541,2016.0,234.7504654973353,0.53550124,-28.61648871774087,0.4714281,0.6861186002456874,0.62030274,1.1061028,15.7319355,-6.9200616688422425,0.9489745,-14.128217561127157,0.71767247,-0.259065,0.092126876,0.019143078,-0.21111342,-0.27880472,-0.19752337,0.559623,-0.2529004,-0.015453861,-0.3546042,182,0,180,2,0.34750885,190.86888,1.0244054,0.68872553,31,False,1.304115,,,,,,,,21,14,1.4076359,25,10,0,0.033860084,2.443718,0,0,1.0167166,0.1404744,0.34805715,0.13417827,0.5367409,-140.80496,17.358282,-25.964266,-33.691635,False,204,212.42903535271267,1.10612,192.04881,19.869331,21,56.19668574442945,6.5912356,8.525971,20.964266,24,233.15470619280092,9.305022,25.056868,18.828785,1.3621085,0,0,0,2,0,2.1354809,1.0949345,1.0405464,,,,,,,,,,,,,,,,,,,,,,,NOT_AVAILABLE,341.91657913861854,21.29689531504082,239.15108679251392,-8.873941283205617,False,False,0,False,False,False,False,False,False,False,False,1.4890766e-10,6.029031e-10,0.9999917,,,,,,,,,,,,,,,,,,,,,,,0.022950365896133175,IN,4
24,1636148068921376768,Gaia DR3 6210089811674300800,6210089811674300800,1576040140,2016.0,234.73516040772915,0.49010596,-28.58861260342436,0.568467,0.28724066901178075,0.5797187,0.49548286,9.263367,-4.163890062338786,0.8167102,-8.27478004513362,0.8855382,-0.4874768,-0.028209083,0.30776474,-0.45259255,-0.45126498,-0.5318752,0.7058335,0.022650704,-0.24746236,-0.7328909,209,0,209,0,-1.7179654,181.18843,0.0,1.4070842e-15,31,False,1.5440608,,,,,,,,24,13,1.6175991,29,11,0,0.019239333,115.35436,0,0,0.9145788,0.35790882,0.43365875,0.2734886,0.58951336,-132.03757,33.40176,-15.309341,-36.308037,False,239,201.63239855558047,0.97690034,206.40018,19.925966,27,107.19662421353709,6.0141177,17.824165,20.26309,27,136.218134983969,6.60116,20.635485,19.412308,1.2072204,0,0,0,0,0,0.8507824,0.33712387,0.5136585,,,,,,,,,,,,,,,,,,,,,,,NOT_AVAILABLE,341.92455385511596,21.32693599978474,239.13130308930351,-8.849951030255907,False,False,0,False,False,False,False,False,False,False,False,1.37186245e-08,2.1338149e-08,0.9999925,,,,,,,,,,,,,,,,,,,,,,,0.01276481497331929,IN,4
61,1636148068921376768,Gaia DR3 6210089506731831168,6210089506731831168,801524156,2016.0,234.75547424263914,0.56004196,-28.617235099002535,0.5026836,0.4320037394379593,0.6541151,0.66043997,3.857903,2.031336271431384,1.0487287,-3.2798001202726015,0.78690785,-0.25615776,0.06252441,0.06717811,-0.17421573,-0.32193807,-0.11776602,0.5707847,-0.25496885,-0.030449767,-0.24402586,190,0,190,0,0.5810006,204.34285,0.0,0.0,95,False,,1.3838869,0.13412642,-0.18468343,0.10553649,-0.12288879,0.07435429,-0.1536791,22,13,1.5073972,24,8,0,0.033634916,176.52568,0,0,1.0286099,0.17509605,0.35065308,0.15455776,0.5303138,-136.63489,20.040943,-22.3557,-33.720512,False,198,184.46536664224607,1.0345153,178.31091,20.02258,0,,,,,0,,,,,,,,,,2,,,,,,,,,,,,,,,,,,,,,,,,,,NOT_AVAILABLE,341.9197026911508,21.29351597118206,239.15559068103155,-8.873645670658094,False,False,0,False,False,False,False,False,False,False,False,,,,,,,,,,,,,,,,,,,,,,,,,,0.024405541256570126,IN,4
96,1636148068921376768,Gaia DR3 6210089742954684672,6210089742954684672,1644677627,2016.0,234.77477437966397,0.52524966,-28.577428663871274,0.5182626,0.07086294434138905,0.5972469,0.11864933,10.242312,-5.184650146285561,0.82250154,-8.833140008457171,0.7451049,-0.41583815,-0.05373748,0.24311517,-0.3468646,-0.36616802,-0.35651276,0.59152395,-0.044390462,-0.12282031,-0.5487212,214,0,214,0,1.1372975,246.54626,0.0,0.0,31,False,1.4727359,,,,,,,,25,13,1.395783,28,11,0,0.016954621,159.47795,0,0,1.0545158,0.25928873,0.44128326,0.24456492,0.5611416,-126.48579,32.23681,-19.470766,-35.942097,False,229,180.65224299083044,0.8835735,204.45639,20.045258,21,67.98799339838519,7.118154,9.551352,20.757462,21,136.32671800189274,10.079476,13.525179,19.411444,1.1309835,0,0,0,0,0,1.3460178,0.712204,0.63381386,,,,,,,,,,,,,,,,,,,,,,,NOT_AVAILABLE,341.96096828412624,21.313355824414767,239.1629148884673,-8.830992033994299,False,False,0,False,False,False,False,False,False,False,False,4.2594843e-09,1.18702644e-07,0.99999326,,,,,,,,,,,,,,,,,,,,,,,0.028144703889669345,IN,4
33,1636148068921376768,Gaia DR3 6210089983472921472,6210089983472921472,1200236171,2016.0,234.74253048698316,0.5711073,-28.571663153878514,0.55822366,0.735291814319133,0.650085,1.1310704,5.8822126,3.386426054674996,0.8570473,4.809630488580697,0.8602265,-0.37663054,-0.030192882,0.15198395,-0.2609477,-0.3247465,-0.33856854,0.5668437,-0.10076683,-0.0312711,-0.5570288,223,0,223,0,0.93724185,247.57314,1.184615,0.71655756,95,False,,1.5583951,0.14447875,-0.2384207,0.09487438,-0.18961582,0.056321654,-0.15084885,26,14,1.5196493,31,12,0,0.015355692,114.578636,0,0,1.0437661,0.21506254,0.38955966,0.17617923,0.5788388,-132.44925,29.553429,-16.155128,-34.995148,False,252,165.9783472111645,0.90578204,183.24315,20.137238,9,109.26645466525852,37.87656,2.884804,20.242325,11,196.61827379337302,13.146202,14.95628,19.013836,1.8429195,0,2,0,3,0,1.2284889,0.10508728,1.1234016,,,,,,,,,,,,,,,,,,,,,,,NOT_AVAILABLE,341.941510909699,21.335862227469157,239.13368719867114,-8.83196155403017,False,False,0,False,False,False,False,False,False,False,False,1.5553107e-08,7.961012e-06,0.9999752,,,,,,,,,,,,,,,,,,,,,,,0.022563631772246993,IN,4
34,1636148068921376768,Gaia DR3 6210089987767937792,6210089987767937792,9627981,2016.0,234.74263397256755,0.5567404,-28.571019799920567,0.5457493,0.15496125888159465,0.6572753,0.2357631,4.4238586,-2.6620750624337886,0.84469795,-3.5332539133010203,0.8322798,-0.3536838,-0.12545046,0.13389392,-0.33212468,-0.32776806,-0.3812827,0.5697918,-0.13494731,-0.06243238,-0.61605996,225,0,225,0,0.05998203,236.9444,0.71930295,0.2681872,31,False,1.6067454,,,,,,,,27,14,1.5127717,31,12,0,0.03187047,165.1981,0,0,1.0013447,0.23677965,0.40046057,0.19713774,0.58750844,-133.52646,30.491716,-15.404049,-35.252205,False,247,158.78740105835894,1.0248064,154.9438,20.185328,14,79.04306867901344,8.94799,8.8336115,20.593884,14,115.13962006773069,11.024065,10.444388,19.594833,1.2229099,0,1,0,2,0,0.99905014,0.40855598,0.59049416,,,,,,,,,,,,,,,,,,,,,,,NOT_AVAILABLE,341.9420266354399,21.33629972036847,239.13362536362095,-8.831314691870443,False,False,0,False,False,False,False,False,False,False,False,6.3115664e-07,6.856741e-11,0.9999948,,,,,,,,,,,,,,,,,,,,,,,0.0231691042271032,IN,4
82,1636148068921376768,Gaia DR3 6210089712890180736,6210089712890180736,252071137,2016.0,234.76879829404183,0.5966975,-28.581751837380978,0.5226801,0.858197964921296,0.7482706,1.1469086,13.706075,1.3147836459566058,0.93350494,-13.64286719854835,0.76295197,-0.23803385,-0.11638602,0.036262345,-0.03015538,-0.44856355,-0.029993229,0.30732208,-0.15156844,-0.08117832,-0.4502741,214,0,213,1,0.623405,238.10657,0.0,0.0,95,False,,1.282467,0.14964314,-0.24098328,0.18684563,-0.12932763,0.10110346,-0.09451591,25,14,1.4382987,30,13,0,0.006877013,163.57451,0,0,1.0291684,0.28080064,0.41219512,0.30663016,0.54854816,-120.69182,28.793724,-16.853018,-35.780045,False,237,149.68008495284806,1.017249,147.14204,20.249456,14,38.07617525393697,12.044444,3.1613061,21.38691,23,180.65460205969651,11.346183,15.92206,19.105772,1.4613218,0,0,0,0,0,2.2811375,1.1374531,1.1436844,,,,,,,,,,,,,,,,,,,,,,,NOT_AVAILABLE,341.9536698481188,21.313376327129212,239.15876505310865,-8.836415638427612,False,False,0,False,False,False,False,False,False,False,False,2.7502538e-12,3.1463023e-11,0.9999985,,,,,,,,,,,,,,,,,,,,,,,0.021371868366349956,IN,4
7,1636148068921376768,Gaia DR3 6210089850328978688,6210089850328978688,285810009,2016.0,234.72311732162876,0.6320023,-28.595870883675165,0.6328266,0.1891408656837984,0.7475769,0.25300524,9.956864,-5.550793873605274,0.9453747,-8.266064741398138,0.9717357,-0.295201,-0.09205172,0.1697482,-0.23221146,-0.34513167,-0.34015474,0.6013082,-0.16827257,-0.04714043,-0.5647862,209,0,208,1,-1.04098,193.58719,0.0,0.0,95,False,,1.3882729,0.15755147,-0.26195988,0.05725624,-0.15097134,0.038849425,-0.16623008,24,14,1.7043748,29,11,0,0.008516034,24.052778,0,0,0.947038,0.23892382,0.3539765,0.20224075,0.5793908,-127.34301,26.475838,-11.209763,-33.63313,False,238,140.94677775601767,0.87190205,161.65437,20.31473,14,49.83216748075057,9.592702,5.1948,21.094769,24,133.0883897573547,8.839007,15.056938,19.437546,1.2977988,0,1,0,1,0,1.6572227,0.78003883,0.8771839,,,,,,,,,,,,,,,,,,,,,,,NOT_AVAILABLE,341.910840805317,21.328088069028063,239.12260195538403,-8.859468636535345,False,False,0,False,False,False,False,False,False,False,False,3.6568815e-10,1.7687213e-09,0.9999985,,,,,,,,,,,,,,,,,,,,,,,0.022438827182010016,IN,4
14,1636148068921376768,Gaia DR3 6210089846034040064,6210089846034040064,451936694,2016.0,234.7289159652416,0.75703377,-28.586223440442183,0.70361185,0.19736846212712314,0.82863504,0.23818503,10.70035,1.3329561540535384,1.2182162,-10.617001557418067,1.0790577,-0.2797111,-0.17554748,0.37652004,-0.24843718,-0.30085132,-0.22365892,0.6295696,-0.22808112,0.017505059,-0.44048584,182,0,182,0,1.249739,213.73991,1.2276212,0.5589476,95,False,,1.363205,0.1765305,-0.23577714,0.15831517,-0.16230674,0.08674339,-0.06068834,22,12,1.9747071,26,8,0,0.019634208,164.20601,0,0,1.0654105,0.32708654,0.37205735,0.22865728,0.5188547,-137.47218,23.538517,-10.254026,-34.644356,False,205,140.6952542518845,0.95996094,146.56352,20.316668,16,36.87691070616549,5.0100746,7.3605514,21.421656,21,147.07402646704762,10.08544,14.582808,19.329056,1.3074424,0,1,0,1,0,2.0925999,1.1049881,0.9876118,,,,,,,,,,,,,,,,,,,,,,,NOT_AVAILABLE,341.9216554860039,21.332273051244957,239.12534381874792,-8.848901835933487,False,False,0,False,False,False,False,False,False,False,False,7.237684e-11,2.2660638e-09,0.99999726,,,,,,,,,,,,,,,,,,,,,,,0.018745710648574686,IN,4
98,1636148068921376768,Gaia DR3 6210089742954684288,6210089742954684288,765938166,2016.0,234.77550466285211,1.2065187,-28.58332432665267,1.0972387,0.0037785837283826895,1.3684161,0.0027612827,10.039687,-10.02649767505519,1.9584135,0.5144613685036394,1.595694,-0.48741716,-0.12446054,0.11716943,-0.3452634,-0.1559018,-0.3302406,0.5883072,-0.32150823,0.049951695,-0.5889787,191,0,190,1,10.365589,498.05466,5.963726,10.756037,31,False,1.5349876,,,,,,,,23,13,3.2051804,28,11,0,0.19770914,41.24977,0,0,1.5826143,0.32445222,0.4118161,0.21306127,0.52740335,-143.27368,27.02897,-16.837084,-36.81448,False,215,140.16317810115837,1.6844732,83.20891,20.320782,23,91.67880391820894,12.450078,7.3637133,20.432869,22,112.95639283064689,6.515613,17.336266,19.615618,1.4599783,0,1,0,1,0,0.8172512,0.11208725,0.70516396,,,,,,,,,,,,,,,,,,,,,,,NOT_AVAILABLE,341.9574595892988,21.308407573208502,239.16493147339006,-8.83657767536089,False,False,0,False,False,False,False,False,False,False,False,0.055733956,6.214354e-05,0.94419104,,,,,,,,,,,,,,,,,,,,,,,0.02580925285282253,IN,4
51,1636148068921376768,Gaia DR3 6210089609810961664,6210089609810961664,725920248,2016.0,234.75192253509766,0.8348344,-28.593132541829174,0.7178677,0.865297869254295,0.889259,0.97305495,3.7165823,-2.6733060316163946,1.3129997,2.5819409858417957,1.0544529,-0.35921726,0.13410212,0.30844152,-0.23993582,-0.3405308,-0.25526118,0.5407174,0.01265369,-0.053282756,-0.47056872,173,0,169,4,-0.5247819,163.56406,0.0,0.0,95,False,,1.450071,0.19720875,-0.059269357,0.088084504,-0.105030656,0.18023686,-0.058286984,21,12,2.0668757,26,11,0,0.17701977,17.835522,0,0,0.9690519,0.13183185,0.39667252,0.17469856,0.52183855,-175.89183,18.810286,-43.22572,-37.784527,False,195,126.61918321536155,1.0710952,118.21468,20.431118,15,33.08708573006349,6.7997684,4.8659134,21.539396,22,121.30989874947376,9.88814,12.268223,19.538155,1.2193806,0,0,0,0,1,2.0012417,1.1082783,0.8929634,,,,,,,,,,,,,,,,,,,,,,,NOT_AVAILABLE,341.93362744578343,21.314067162489604,239.14685382111236,-8.850927058510017,False,False,0,False,False,False,False,False,False,False,False,2.1957302e-08,1.1536929e-08,0.9999988,,,,,,,,,,,,,,,,,,,,,,,0.0030047867634233577,IN,4
86,1636148068921376768,Gaia DR3 6210089644170696960,6210089644170696960,455171013,2016.0,234.77011910188233,0.7525886,-28.598766682570652,0.6188578,0.8021611001163135,0.9160821,0.87564325,2.9138882,-0.96179165177122,1.4101778,-2.7505820435897297,0.88488895,-0.1322534,0.08485338,0.035638228,-0.019848533,-0.45749682,0.07248714,0.43638712,-0.26899052,-0.13586809,-0.09472753,182,0,182,0,-0.6036972,175.18341,0.0,0.0,95,False,,1.431681,0.18817839,-0.23083612,0.21850064,-0.15039487,0.042745925,-0.087003864,22,14,1.9628862,26,10,0,0.024726592,10.527721,0,0,0.9661231,0.19548024,0.3472745,0.22322625,0.5318965,-121.75518,10.258074,-20.012877,-32.499393,False,206,125.94121069603953,0.8975313,140.31958,20.436947,19,48.06648568580127,7.189688,6.685476,21.133936,21,114.96198529725646,6.947701,16.546766,19.59651,1.2944807,0,0,0,0,0,1.537426,0.69698906,0.84043694,,,,,,,,,,,,,,,,,,,,,,,NOT_AVAILABLE,341.94297477508513,21.299535541811313,239.16390551644633,-8.852696004074753,False,False,0,False,False,False,False,False,False,False,False,1.1919828e-08,8.885169e-12,0.9999919,,,,,,,,,,,,,,,,,,,,,,,0.019636643635896314,IN,4
84,1636148068921376768,Gaia DR3 6210089708594944896,6210089708594944896,437012297,2016.0,234.76974073761988,0.7679369,-28.593833422900136,0.7304564,-1.457559467335324,0.81277734,-1.7933072,5.702546,-1.0705760389562071,1.2750015,-5.601151473110035,1.1254376,-0.2551343,0.003470394,0.31630322,-0.16767482,-0.26913062,-0.23744881,0.6102405,-0.06709383,0.02599311,-0.41145885,192,0,192,0,-0.31239346,189.35292,0.0,1.473597e-15,95,False,,1.3584838,0.18246932,-0.23271614,0.110814825,-0.17180556,0.0905648,-0.14977345,23,13,2.032651,26,10,0,0.041706372,146.57082,0,0,0.9820651,0.11515439,0.3424012,0.06682181,0.58124435,-133.43837,25.619009,-16.563675,-33.34947,False,207,123.59737406687388,0.93456376,132.2514,20.457344,17,47.24033400561179,8.902518,5.3064013,21.15276,18,90.82428798440576,9.201187,9.870932,19.85239,1.1170514,0,0,0,0,0,1.3003693,0.6954155,0.60495377,,,,,,,,,,,,,,,,,,,,,,,NOT_AVAILABLE,341.94607884440916,21.303545994112913,239.16241905507692,-8.847974759619962,False,False,0,False,False,False,False,False,False,False,False,3.6925172e-08,2.1552944e-09,0.9999982,,,,,,,,,,,,,,,,,,,,,,,0.018614575355787668,IN,5
11,1636148068921376768,Gaia DR3 6210089884688873472,6210089884688873472,782060633,2016.0,234.72529331818453,0.75001913,-28.57583427339784,0.7014644,-0.5398121197724238,0.9084045,-0.594242,8.027398,8.027256304421567,1.0745903,0.04763537316194544,1.0444866,-0.26306242,-0.18240851,0.15547703,-0.2596196,-0.41665265,-0.33196205,0.54387516,-0.12173308,-0.068576805,-0.56868213,196,0,196,0,0.27985063,214.5275,1.1164285,0.46961388,95,False,,1.2399622,0.18144722,-0.2660015,0.08725798,-0.09675753,0.036308426,-0.11356879,23,14,1.8806059,25,8,0,0.04698274,173.08357,0,0,1.0126281,0.305375,0.3758346,0.28414208,0.53993756,-132.49977,22.765528,-16.214247,-34.924076,False,201,123.43104634293296,0.87017065,141.84694,20.458805,15,48.324333004953225,10.500926,4.6019115,21.128128,19,150.07444857503762,8.963684,16.742496,19.307129,1.6073653,0,1,0,1,1,1.8209991,0.66932297,1.1516762,,,,,,,,,,,,,,,,,,,,,,,NOT_AVAILABLE,341.92613744831306,21.342304317916362,239.11976832481412,-8.839536821109332,False,False,0,False,False,False,False,False,False,False,False,1.14198824e-10,3.0690903e-09,0.9999993,,,,,,,,,,,,,,,,,,,,,,,0.02706315971003487,IN,5
45,1636148068921376768,Gaia DR3 6210089575451214080,6210089575451214080,784828773,2016.0,234.7487207471712,0.91719896,-28.607743180203176,0.8800629,-0.8710188985869977,1.1362156,-0.76659656,7.643637,-6.9979626110823165,1.7408621,-3.074688678220805,1.3175484,-0.39373428,-0.06546142,0.21047124,-0.33413953,-0.29433507,-0.22156607,0.6483976,-0.4224729,-0.014454446,-0.44856235,174,0,174,0,1.1683674,202.52202,2.094418,1.2082696,95,False,,1.4512736,0.22196107,-0.20767649,0.2154025,-0.12712893,0.058358394,-0.004243023,21,12,2.6755402,23,10,0,0.050867327,85.82195,2,0,1.0623869,0.31125042,0.39427042,0.20387994,0.47845024,-141.43877,20.656721,-15.162859,-36.0737,False,181,122.92799223928539,0.9629059,127.66356,20.46324,8,82.48671641252257,18.632248,4.427094,20.547583,8,157.7032407408286,19.998869,7.885608,19.253294,1.9539077,0,0,0,0,0,1.2942886,0.08434296,1.2099457,,,,,,,,,,,,,,,,,,,,,,,NOT_AVAILABLE,341.92130004283405,21.304607937076444,239.14752232375514,-8.865791000069386,False,False,0,False,False,False,False,False,False,False,False,2.3040937e-07,6.8567856e-06,0.9999807,,,,,,,,,,,,,,,,,,,,,,,0.014143493600115993,IN,5
90,1636148068921376768,Gaia DR3 6210089644170699392,6210089644170699392,353284402,2016.0,234.77334455119714,1.0499332,-28.596029604486123,1.0540037,1.0579805593894571,1.194775,0.88550615,5.1618633,-3.501485070528541,2.298411,-3.792681655021598,1.6165253,-0.37524706,0.061932858,0.35463858,-0.29557922,-0.35972872,-0.22090581,0.7429566,-0.08173029,-0.1879478,-0.33246446,144,0,144,0,1.0278932,163.95172,1.4280291,0.50498617,95,False,,1.5787296,0.24621329,-0.10772245,0.18567866,-0.29003316,0.02357524,0.026407061,17,11,3.3740103,21,6,0,0.024664452,132.73088,0,0,1.0600418,0.17665315,0.40191862,0.15681699,0.42642164,-136.59943,18.598154,-24.158548,-33.385582,False,166,114.86968275056743,1.0811872,106.244026,20.536854,18,56.94683949830956,8.764116,6.4977274,20.949867,15,72.4942577164781,5.638226,12.8576355,20.097136,1.1268517,0,0,0,0,0,0.8527317,0.41301346,0.43971825,,,,,,,,,,,,,,,,,,,,,,,NOT_AVAILABLE,341.9471896851424,21.299835939283323,239.16605000255018,-8.8493761174075,False,False,0,False,False,False,False,False,False,False,False,2.4997775e-05,1.5845226e-08,0.9999693,,,,,,,,,,,,,,,,,,,,,,,0.021912217909748875,IN,5
22,1636148068921376768,Gaia DR3 6210089884688875776,6210089884688875776,7703097,2016.0,234.73429371027035,0.9358319,-28.57046469285507,0.8907459,1.972666661003209,0.9346785,2.1105297,6.0680532,-5.83689674390051,1.5589886,-1.6588880194339992,1.3627788,-0.2773536,-0.0024774102,0.51373607,-0.26828635,-0.30964342,-0.28118196,0.7122678,-0.037471436,-0.04676792,-0.39921126,149,0,147,2,-1.0356495,136.06017,0.0,0.0,31,False,1.5002056,,,,,,,,18,11,2.5082905,20,6,0,0.1093072,95.060585,0,0,0.9368814,0.109492406,0.40933093,0.1336053,0.46212432,-139.36595,18.598623,-32.573746,-35.50395,False,155,114.74307359188877,0.97916806,117.18425,20.538052,15,71.0279984409037,6.742736,10.534003,20.709969,16,80.17231181015241,11.444602,7.0052514,19.987835,1.3177294,0,0,0,0,0,0.72213364,0.17191696,0.5502167,,,,,,,,,,,,,,,,,,,,,,,NOT_AVAILABLE,341.9363504067606,21.341399252644532,239.12628522080723,-8.832477000591908,False,False,0,False,False,False,False,False,False,False,False,6.290746e-06,1.594922e-08,0.9999845,,,,,,,,,,,,,,,,,,,,,,,0.026302447951718773,IN,5
8,1636148068921376768,Gaia DR3 6210092839626372992,6210092839626372992,1738069692,2016.0,234.72391641646675,0.85822344,-28.575931378384606,0.9821822,-0.6971889182438158,0.9491652,-0.7345285,3.393249,-3.392291552373852,1.4234251,-0.08060110288205548,1.5737237,-0.4983811,0.122463696,0.39238718,-0.4276618,-0.4722027,-0.54237086,0.7384753,0.09852888,-0.2090139,-0.69541514,191,0,189,2,1.1390378,216.76587,0.9932162,0.2938227,95,False,,1.5772927,0.1908456,-0.31860343,0.21296027,-0.24948777,-0.07281402,0.017206011,23,13,2.8305042,27,10,0,0.014773781,153.36816,0,0,1.0582687,0.156296,0.40018162,0.17157419,0.5234653,-125.38392,26.3069,-25.274323,-35.261272,False,215,114.47981370793816,0.8346154,137.16475,20.540545,21,58.77625660591713,9.328397,6.300789,20.915537,20,106.8174033423713,9.4643545,11.286285,19.67629,1.4464879,0,0,0,1,0,1.2392464,0.37499237,0.864254,,,,,,,,,,,,,,,,,,,,,,,NOT_AVAILABLE,341.92507097099235,21.343000599465388,239.1186009907398,-8.839912374603092,False,False,0,False,False,False,False,False,False,False,False,2.8583806e-06,6.4695556e-08,0.99999666,,,,,,,,,,,,,,,,,,,,,,,0.02792492760516634,IN,5
38,1636148068921376768,Gaia DR3 6210089987768089088,6210089987768089088,350817787,2016.0,234.74511048938027,0.82176304,-28.57473489446793,0.7919796,0.9277954298527737,0.9806613,0.9460916,5.2685757,-4.268988908184209,1.278366,-3.087656870844188,1.3480749,-0.3102262,-0.116811134,0.19881186,-0.23533069,-0.3645169,-0.26757213,0.4920184,-0.22821043,0.04789245,-0.55593026,190,0,190,0,-0.116587974,193.1923,0.0,0.0,95,False,,1.5426877,0.20783849,-0.283969,0.09373432,-0.15867628,0.054591723,-0.1989952,22,14,2.308693,26,10,0,0.023040537,143.79355,0,0,0.9921212,0.22755988,0.38731354,0.25693652,0.5929044,-114.11048,29.722017,-14.522603,-35.20963,False,213,106.31244485260451,0.86989087,122.21354,20.620907,16,39.66453938170274,5.674072,6.9904895,21.342537,25,94.07776467899475,8.3718605,11.237378,19.814178,1.2580117,0,0,0,0,0,1.5283585,0.7216301,0.80672836,,,,,,,,,,,,,,,,,,,,,,,NOT_AVAILABLE,341.94128061738445,21.332051280841036,239.13663974285578,-8.834422727063687,False,False,0,False,False,False,False,False,False,False,False,4.830666e-09,2.4464429e-08,0.9999972,,,,,,,,,,,,,,,,,,,,,,,0.019104807757733492,IN,5
26,1636148068921376768,Gaia DR3 6210089884688871296,6210089884688871296,1612919654,2016.0,234.73732406259532,1.1261914,-28.583059788886896,1.2501953,0.14728362323994915,1.1765729,0.12518018,9.912619,-9.200049245411059,1.6111387,-3.690407010305472,1.8573139,-0.6509985,0.2633492,0.33573565,-0.45355606,-0.46957436,-0.52945805,0.7199028,0.10554459,-0.25198954,-0.7434223,159,0,159,0,0.7492492,176.24487,0.0,0.0,95,False,,1.4298648,0.22800206,-0.35322413,0.29623628,-0.26649308,-0.09648995,0.05830518,18,11,3.3532624,21,9,0,0.026254466,173.91348,0,0,1.0409273,0.15828407,0.55042595,0.2123322,0.50663954,-119.12514,35.53995,-30.660023,-38.37044,False,175,104.28854718291954,1.026574,101.58893,20.641775,18,50.459745316167236,7.100237,7.106769,21.081179,16,65.76976351441256,9.038221,7.276848,20.20283,1.1144992,0,1,0,0,0,0.8783493,0.43940353,0.43894577,,,,,,,,,,,,,,,,,,,,,,,NOT_AVAILABLE,341.92992663249134,21.3300011890233,239.13186710556056,-8.844108701070677,False,False,0,False,False,False,False,False,False,False,False,2.0528854e-07,2.6597565e-08,0.99999344,,,,,,,,,,,,,,,,,,,,,,,0.014426977557993433,IN,5
74,1636148068921376768,Gaia DR3 6210089609810958720,6210089609810958720,1478984213,2016.0,234.76325020587916,1.1242287,-28.598098961706494,1.0636265,-0.5441115760566798,1.461065,-0.3724075,6.9774437,-0.880953227146499,2.6351964,-6.921606956073688,1.8141651,-0.16270936,-0.04137567,0.21037446,-0.102281824,-0.3053999,0.047532294,0.5692047,-0.5674717,0.087113716,-0.21228074,129,0,128,1,1.0172579,154.2629,1.8687047,0.634832,95,False,,1.2518129,0.2784695,-0.25663197,0.20406844,-0.16757722,0.103890434,-0.12964295,16,11,3.7642317,18,5,0,0.11144878,90.04662,0,0,1.0630354,0.14995173,0.35422605,0.15049173,0.5112924,-121.45993,14.374011,-14.096754,-34.433792,False,134,101.63221700351025,1.0335767,98.3306,20.669788,9,49.77872328731107,8.62246,5.773146,21.095932,14,116.09748828867959,7.2807593,15.945794,19.585838,1.6321223,0,0,0,0,0,1.5100937,0.42614365,1.08395,,,,,,,,,,,,,,,,,,,,,,,NOT_AVAILABLE,341.93844771792357,21.303897603560472,239.15781188166835,-8.853447192799967,False,False,0,False,False,False,False,False,False,False,False,1.0348064e-09,1.7523828e-08,0.9999948,,,,,,,,,,,,,,,,,,,,,,,0.013674995136929564,IN,5
42,1636148068921376768,Gaia DR3 6210089987768089856,6210089987768089856,994705876,2016.0,234.7485742874102,1.1711408,-28.57244009205691,1.4498272,-2.1909936923416224,1.3438785,-1.6303511,6.631066,-6.624106292327985,1.7147247,0.3037305373633932,2.1654272,-0.5336351,0.06899293,0.36571708,-0.44775262,-0.48347792,-0.5465932,0.7576421,0.12921298,-0.3579251,-0.69556993,155,0,154,1,2.5518987,203.80177,2.3959858,1.0509584,95,False,,1.6452754,0.26601118,-0.31120092,0.146827,-0.21741498,-0.10316108,0.04960838,18,11,3.761509,21,8,1,0.030999962,15.926921,0,0,1.1495744,0.2724465,0.4452413,0.1933281,0.60356694,-123.349144,36.260212,-9.661923,-34.311687,False,171,100.9232916147251,1.0146186,99.469185,20.67739,10,39.811269330688255,12.575219,3.1658509,21.338528,15,115.96467004110931,14.9673,7.747868,19.587082,1.5435083,0,0,0,0,0,1.7514458,0.66113853,1.0903072,,,,,,,,,,,,,,,,,,,,,,,NOT_AVAILABLE,341.9453670775205,21.331878003269296,239.13909433012444,-8.831483941961816,False,False,0,False,False,False,False,False,False,False,False,3.6414521e-10,3.500268e-10,0.9999963,,,,,,,,,,,,,,,,,,,,,,,0.02116048269742185,IN,5
88,1636148068921376768,Gaia DR3 6210089541091477376,6210089541091477376,457226363,2016.0,234.7718065127242,1.3402015,-28.607900947719422,1.746307,1.9183248258734638,2.1064966,0.9106708,9.511905,-3.097781566539971,2.3108826,-8.993335509521069,2.1785624,-0.12165232,-0.19251572,0.08270848,-0.13503768,-0.6879192,-0.45601866,0.81275743,0.12019899,-0.5043849,-0.5739338,126,0,126,0,-0.3370352,119.1434,0.0,0.0,95,False,,0.94578546,0.30409735,-0.3014274,-0.018971823,-0.042736918,0.043111898,-0.13152699,15,11,4.1560903,15,4,1,0.042903516,33.90277,0,0,0.9755673,0.4798192,0.42012239,0.35769978,0.4235555,-132.77759,24.321033,-17.597586,-33.931744,False,126,96.55288749645813,1.144807,84.33988,20.725454,10,29.006337239536673,3.251173,8.921806,21.68231,10,123.47895553467325,13.262023,9.310718,19.518913,1.5792929,0,0,0,0,0,2.1633968,0.9568558,1.2065411,,,,,,,,,,,,,,,,,,,,,,,NOT_AVAILABLE,341.93794372420706,21.291557030842597,239.16751068262016,-8.861236522106779,False,False,0,False,False,False,False,False,False,False,False,2.7813907e-09,8.864861e-09,0.9999926,,,,,,,,,,,,,,,,,,,,,,,0.024934019648471823,IN,5
10,1636148068921376768,Gaia DR3 6210089850329127680,6210089850329127680,835698140,2016.0,234.72521205194565,2.2991133,-28.59465086514367,2.328772,,,,,,,,,-0.65634435,,,,,,,,,,150,0,150,0,7.6679873,317.57645,7.056086,6.485017,3,False,,,,,,,,,17,9,8.311434,19,5,0,0.2746173,19.829384,0,0,,0.25949565,0.47485656,0.15544815,0.4044149,-150.39575,21.357475,-22.208681,-38.592144,False,154,89.52859512005624,1.3076668,68.46438,20.807463,13,53.889124112960495,9.700234,5.5554457,21.009789,17,102.742286442669,6.064043,16.94287,19.718523,1.7495127,0,0,0,2,0,1.2912655,0.20232582,1.0889397,,,,,,,,,,,,,,,,,,,,,,,NOT_AVAILABLE,341.91319691940856,21.327855179277925,239.1241253005276,-8.857854440163736,False,False,0,False,False,False,False,False,False,False,False,2.8381437e-05,7.196811e-06,0.9991468,,,,,,,,,,,,,,,,,,,,,,,0.020511475397203417,IN,5
21,1636148068921376768,Gaia DR3 6210089884688871936,6210089884688871936,1393618339,2016.0,234.73234532294865,1.6683285,-28.58002591985176,2.3258867,,,,,,,,,-0.3745025,,,,,,,,,,87,0,87,0,1.3707086,100.07272,0.0,0.0,3,False,,,,,,,,,10,9,6.8467927,12,2,0,0.04195603,101.13989,0,0,,0.37438163,0.3585835,0.21362975,0.47568968,-143.48547,16.93397,-12.686217,-33.72641,False,93,88.67255003690349,1.1084979,79.99344,20.817894,5,44.93310253400427,11.201168,4.011466,21.207127,11,112.07899658134339,15.070175,7.4371395,19.624084,1.7706957,0,0,0,0,0,1.5830421,0.38923264,1.1938095,,,,,,,,,,,,,,,,,,,,,,,NOT_AVAILABLE,341.9283887677079,21.33512630735155,239.1268500370376,-8.842174076364147,False,False,0,False,False,False,False,False,False,False,False,3.8613238e-05,9.676143e-06,0.99952173,,,,,,,,,,,,,,,,,,,,,,,0.019660747654010106,IN,5
76,1636148068921376768,Gaia DR3 6210089712890271232,6210089712890271232,30656142,2016.0,234.7639557737114,1.9722521,-28.582622711809698,2.1328166,,,,,,,,,0.062456522,,,,,,,,,,65,0,62,3,1.3621314,72.033516,3.577353,1.0505757,3,False,,,,,,,,,8,6,16.217648,9,3,0,0.055177994,128.90514,0,0,,0.08268425,0.46131894,0.18744124,0.33706477,-107.29041,20.04442,-38.065437,-39.42391,False,63,83.71955559216286,1.606114,52.125538,20.8803,5,52.48209732761573,5.508642,9.527229,21.038515,7,81.90449014123956,12.834718,6.3814797,19.964626,1.6051995,0,0,0,0,0,1.0738888,0.15821457,0.9156742,,,,,,,,,,,,,,,,,,,,,,,NOT_AVAILABLE,341.94955878660727,21.315419172622452,239.1547839368077,-8.838250269067652,False,False,0,False,False,False,False,False,False,False,False,0.00023749564,1.68624e-05,0.99865746,,,,,,,,,,,,,,,,,,,,,,,0.01742681963977494,IN,5
73,1636148068921376768,Gaia DR3 6210089712890178816,6210089712890178816,474449703,2016.0,234.76239248678317,2.082253,-28.588527357623963,2.0667598,,,,,,,,,-0.14990486,,,,,,,,,,69,0,69,0,2.961087,102.76932,5.368789,2.205399,3,False,,,,,,,,,8,8,10.393326,10,3,0,0.04324646,139.31895,0,0,,0.21732895,0.31579196,0.2075424,0.58674586,-12.586155,6.8496604,-30.800072,-31.117159,False,69,79.99344871060492,1.2268006,65.20493,20.929731,5,47.688985707218485,10.435747,4.5697722,21.142496,8,80.06809485658644,13.36106,5.9926453,19.989246,1.5970943,0,0,0,0,0,1.1532497,0.21276474,0.940485,,,,,,,,,,,,,,,,,,,,,,,NOT_AVAILABLE,341.9443801678268,21.311748461234735,239.15482059693323,-8.844312274612207,False,False,0,False,False,False,False,False,False,False,False,0.00023962233,2.3025648e-05,0.99896693,,,,,,,,,,,,,,,,,,,,,,,0.013177139720413497,IN,5
27,1636148068921376768,Gaia DR3 6210089575451214720,6210089575451214720,1765966793,2016.0,234.73744479747495,32.44485,-28.607133565336387,25.377232,,,,,,,,,-0.9938667,,,,,,,,,,50,0,49,1,0.13528177,44.60514,2.7096336,0.3786964,3,False,,,,,,,,,6,4,1904.0974,8,2,1,0.052409317,42.077732,0,0,,0.61094767,0.57156456,0.16803928,0.5002061,-177.3222,21.073101,-51.143726,43.39341,False,58,77.60557698343291,1.6549951,46.891724,20.962635,4,23.23510180680027,9.595376,2.4214895,21.923182,5,123.5085008885337,23.274488,5.3066044,19.518654,1.8908899,0,0,0,0,1,2.4045277,0.9605465,1.4439812,,,,,,,,,,,,,,,,,,,,,,,NOT_AVAILABLE,341.91353312748765,21.311391024060836,239.13763411904316,-8.867498607730383,False,False,0,False,False,False,False,False,False,False,False,0.00013058912,6.9107646e-06,0.999411,,,,,,,,,,,,,,,,,,,,,,,0.016675526252250605,IN,5
66,1636148068921376768,Gaia DR3 6210089609810956416,6210089609810956416,104658604,2016.0,234.7592162950987,12.2587385,-28.602325947538993,3.5701745,,,,,,,,,-0.29322016,,,,,,,,,,69,0,66,3,-0.40696213,55.982513,3.6174333,2.4976351,3,False,,,,,,,,,8,6,135.25607,10,2,0,0.19836205,4.3087955,0,0,,0.07148157,0.4650128,0.17970777,0.31670627,-116.619934,14.2444725,-43.133644,-35.90289,False,73,77.42471915875511,1.5282738,50.661552,20.965168,6,25.470113988858923,12.497078,2.0380855,21.823465,9,74.44362054232533,12.351111,6.0272813,20.068327,1.290463,0,0,0,0,0,1.7551384,0.85829735,0.89684105,,,,,,,,,,,,,,,,,,,,,,,NOT_AVAILABLE,341.9326258877482,21.302902107945346,239.15531918284026,-8.85838123276908,False,False,0,False,False,False,False,False,False,False,False,0.00011815778,8.361436e-06,0.9996069,,,,,,,,,,,,,,,,,,,,,,,0.012804885283840226,IN,5
23,1636148068921376768,Gaia DR3 6210089884688873600,6210089884688873600,1010690502,2016.0,234.7346191267212,14.165627,-28.575991143013685,5.5845704,,,,,,,,,0.20253871,,,,,,,,,,51,0,50,1,2.2297912,68.75327,5.640568,1.6736574,3,False,,,,,,,,,6,5,10406.489,7,1,0,0.16305776,98.187744,0,0,,0.29628977,0.6046834,0.32589743,0.47226843,-15.19169,-11.368801,-36.074284,-28.90998,False,60,72.33546656548185,1.1993352,60.31297,21.038988,4,249.77676132335412,194.77449,1.2823895,19.344662,5,81.17272634150896,27.201696,2.9841053,19.974371,4.5752034,0,0,0,0,1,-0.62970924,-1.6943264,1.0646172,,,,,,,,,,,,,,,,,,,,,,,NOT_AVAILABLE,341.93280251603164,21.33696049517085,239.12786640190873,-8.83778568863512,False,False,0,False,False,False,False,False,False,False,False,0.00027244134,1.3816838e-05,0.9990717,,,,,,,,,,,,,,,,,,,,,,,0.021437467049275575,IN,5
50,1636148068921376768,Gaia DR3 6210089575451309184,6210089575451309184,533393599,2016.0,234.75174191246597,14.137473,-28.61204763897549,5.897378,,,,,,,,,0.1414179,,,,,,,,,,49,0,49,0,2.910548,76.373344,3.7679095,0.76750916,3,False,,,,,,,,,6,5,4621.1396,7,2,0,0.080787815,30.587225,0,0,,0.35159793,0.29497087,0.09392591,0.7171007,6.6659226,15.823273,28.101223,-32.29252,False,48,69.84945097314018,1.551606,45.017517,21.07696,4,18.520753312508766,7.3698673,2.5130374,22.169395,4,78.38454343067576,7.233076,10.836958,20.01232,1.3873452,0,0,0,0,0,2.157076,1.0924358,1.06464,,,,,,,,,,,,,,,,,,,,,,,NOT_AVAILABLE,341.9205456901616,21.2996010400922,239.15114546948573,-8.869361394413458,False,False,0,False,False,False,False,False,False,False,False,0.00026685063,6.410514e-06,0.99917156,,,,,,,,,,,,,,,,,,,,,,,0.018659765874605765,IN,5
78,1636148068921376768,Gaia DR3 6210089712890176000,6210089712890176000,1355704704,2016.0,234.76505050772852,2.3183446,-28.59553544177196,3.3789513,,,,,,,,,-0.016289072,,,,,,,,,,61,0,60,1,1.0423628,65.91767,3.2088282,0.85658777,3,False,,,,,,,,,7,6,11.661466,9,0,0,0.22020842,14.533272,0,0,,0.2205727,0.5683159,0.24307656,0.6440738,-114.77163,-18.084421,-16.804823,-27.730978,False,68,68.41108142376868,1.1377692,60.12738,21.09955,3,29.892000618182653,10.068782,2.9687803,21.649654,8,92.18682468979921,13.606815,6.775048,19.836224,1.784489,0,0,0,0,0,1.8134308,0.55010414,1.2633266,,,,,,,,,,,,,,,,,,,,,,,NOT_AVAILABLE,341.9415096923762,21.30486306930574,239.15876528742612,-8.850586645134488,False,False,0,False,False,False,False,False,False,False,False,4.8305486e-05,1.5472475e-05,0.9994506,,,,,,,,,,,,,,,,,,,,,,,0.01462338514853628,IN,5
39,1636148068921376768,Gaia DR3 6210089815969393536,6210089815969393536,1108413679,2016.0,234.7453678805283,5.2469234,-28.588533729930273,5.601757,,,,,,,,,-0.8309991,,,,,,,,,,48,0,48,0,-0.02925104,42.068874,0.0,0.0,3,False,,,,,,,,,6,5,28.73115,7,2,0,0.06380583,89.99112,0,0,,0.14076021,0.6361847,0.6211968,0.47048342,-152.60257,29.364183,-42.79826,39.941875,False,48,66.73116519943338,2.5912502,25.752497,21.126545,2,125.69496822754964,120.11856,1.0464242,20.090248,4,58.953951145151784,21.31566,2.7657576,20.321613,2.7670567,0,0,0,0,0,-0.2313652,-1.0362968,0.80493164,,,,,,,,,,,,,,,,,,,,,,,NOT_AVAILABLE,341.9320184455255,21.321280116213863,239.14010711544043,-8.847791357334241,False,False,0,False,False,False,False,False,False,False,False,0.0038180067,3.442309e-05,0.9956297,,,,,,,,,,,,,,,,,,,,,,,0.005782829964188933,IN,5
89,1636148068921376768,Gaia DR3 6210089644170697344,6210089644170697344,1465609990,2016.0,234.77197362486118,5.2734804,-28.598746039358314,5.7734323,,,,,,,,,-0.83820355,,,,,,,,,,68,0,68,0,2.8828294,100.30461,5.1950145,1.7411766,3,False,,,,,,,,,8,6,50.792004,10,2,0,0.11760748,62.7398,0,0,,0.33138075,0.5557154,0.49622694,0.24505055,-149.58731,14.21229,-34.192947,44.78776,False,0,,,,,0,,,,,7,109.83392465123748,12.691182,8.654349,19.646053,,,,0,0,0,,,,,,,,,,,,,,,,,,,,,,,,,,NOT_AVAILABLE,341.9443345338216,21.298512478379216,239.16550350508783,-8.852297807777559,False,False,0,False,False,False,False,False,False,False,False,2.7623179e-05,2.5216328e-05,0.99946547,,,,,,,,,,,,,,,,,,,,,,,0.021206891172393886,IN,5
