,r_cntr,object_id,ngood,flags,smss_j,RA,DEC,e_raj2000,e_dej2000,mean_epoch,nimaflags,class_star,u_psf,e_u_psf,u_petro,e_u_petro,u_apc05,e_u_apc05,v_psf,e_v_psf,v_petro,e_v_petro,v_apc05,e_v_apc05,g_band,e_g_psf,g_petro,e_g_petro,g_apc05,e_g_apc05,r_band,e_r_psf,r_petro,e_r_petro,r_apc05,e_r_apc05,i_band,e_i_psf,i_petro,e_i_petro,i_apc05,e_i_apc05,z_band,e_z_psf,z_petro,e_z_petro,z_apc05,e_z_apc05,self_dist1,self_id1
0,5.94,266608083,39,3,181841.58-134630.9,274.673321,-13.775257,47,36,57396.2346,8,0.994,16.8896,0.0268,16.881,0.0657,16.8885,0.0312,16.3334,0.0244,16.2493,0.0573,16.352,0.0236,14.6357,0.0173,14.5969,0.0272,14.6334,0.0171,13.8228,0.0146,13.7909,0.017,13.8266,0.0113,13.0734,0.0179,13.0436,0.0126,13.0904,0.0139,12.634,0.024,12.5327,0.024,12.6455,0.0214,10.06,266608091.0
1,6.54,266608104,6,1,181842.22-134624.4,274.675934,-13.773425,55,38,57219.3098,0,0.977,,,,,,,,,,,,,,,,,,,,,,,,,17.9272,0.0729,18.0255,0.0735,17.9327,0.0384,17.0853,0.0395,17.2335,0.1037,17.1013,0.0556,4.9,2374957661.0
2,7.21,266608098,4,1,181842.48-134631.2,274.677031,-13.775351,55,68,57038.0339,0,0.835,,,,,,,,,,,,,,,,,,,,,,,,,17.2898,0.1879,17.6603,0.0823,17.5633,0.0652,16.2282,0.2461,16.0543,0.6599,16.6228,0.1552,4.08,2374957661.0
3,7.77,2374957661,0,1043,181842.49-134627.1,274.677072,-13.774218,36,36,58430.72,0,0.944,,,,,,,,,,,,,,,,,,,,,,,,,18.6631,,19.1678,,18.8472,,17.519,,17.8671,,17.4469,,4.08,266608098.0
4,11.94,2374957651,0,17,181842.81-134631.7,274.678376,-13.775499,36,36,58741.3762,0,0.874,,,,,,,,,,,,,,,,,,,,,,,,,,,,,,,18.0385,,18.5409,,18.2639,,4.73,266608098.0
5,14.57,266608081,41,3,181841.69-134643.8,274.673735,-13.778857,36,36,57575.2117,16,0.991,14.0834,0.0218,14.0167,0.0217,14.1105,0.0201,13.8686,0.0125,13.8077,0.0137,13.8826,0.0113,13.2027,0.0112,13.0412,0.0915,13.2109,0.0097,12.9132,0.013,12.8617,0.0218,12.9205,0.0111,12.6839,0.0136,12.6333,0.0168,12.6891,0.0141,12.5418,0.0179,12.4662,0.0254,12.5505,0.0185,10.89,266608095.0
6,14.6,266608091,1,1043,181841.07-134624.3,274.671156,-13.773418,65,86,57498.754,0,0.979,,,,,,,,,,,,,,,,,,,,,,,,,18.0226,,18.4685,,18.1399,,17.2806,0.0509,17.7957,0.2006,17.3187,0.1134,3.15,266608092.0
7,15.12,266608093,37,3,181841.80-134615.1,274.674241,-13.770866,74,66,57733.2669,0,0.986,,,,,,,,,,,,,16.7159,0.0285,16.7896,0.0164,16.6851,0.0265,15.561,0.0118,15.6738,0.0117,15.5544,0.0104,14.4968,0.0107,14.5169,0.0212,14.4968,0.011,13.8906,0.0164,13.8861,0.0359,13.8959,0.0171,6.56,266608105.0
8,15.51,266608105,13,3,181842.26-134615.0,274.676118,-13.770831,48,62,57400.8078,0,0.982,,,,,,,,,,,,,,,,,,,,,,,,,16.9442,0.0504,16.8223,0.0295,16.9367,0.0336,16.177,0.0507,15.977,0.0702,16.1427,0.0286,4.36,266608106.0
9,16.33,266608099,11,1,181843.10-134628.3,274.679633,-13.774437,43,76,57469.7636,0,0.981,,,,,,,,,,,,,,,,,,,18.1719,0.0493,18.2209,0.2773,18.2304,0.0556,17.1063,0.0313,17.4495,0.0547,17.2083,0.0382,16.3115,0.0497,16.5479,0.0983,16.3743,0.0561,5.83,2374957651.0
10,17.1,266608092,9,3,181840.97-134621.4,274.670762,-13.77263,104,182,57279.7034,0,0.982,,,,,,,,,,,,,,,,,,,,,,,,,17.2244,0.0747,16.8685,0.1429,17.0567,0.069,16.1561,0.0813,15.923,0.0978,16.2192,0.0387,3.15,266608091.0
11,17.17,266608082,4,1024,181840.88-134635.8,274.670385,-13.776627,36,38,56938.6061,0,0.941,,,,,,,,,,,,,,,,,,,,,,,,,17.0176,0.0239,17.3878,0.0653,17.0617,0.0402,16.1637,,16.7184,,16.2026,,11.39,266608083.0
12,18.14,266608097,1,3,181842.88-134642.7,274.678694,-13.778537,36,36,57235.491,0,0.936,,,,,,,,,,,,,,,,,,,13.4927,0.0834,13.4353,0.0215,13.5443,0.0246,,,,,,,,,,,,,8.08,2374957648.0
13,19.79,266608106,1,0,181842.40-134611.0,274.676689,-13.769754,36,36,57498.754,0,0.51,,,,,,,,,,,,,,,,,,,,,,,,,,,,,,,17.3711,0.062,17.7217,0.1406,17.5407,0.1328,4.36,266608105.0
14,21.32,1309068158,2,0,181841.22-134611.9,274.671771,-13.769976,36,36,57210.5581,0,0.699,,,,,,,,,,,,,,,,,,,,,,,,,18.8983,0.2045,19.6287,0.0972,19.4689,0.0987,18.0708,0.1157,18.7133,0.1026,18.5038,0.1058,5.84,266608094.0
15,22.19,266608095,31,3,181842.19-134652.0,274.67581,-13.781113,38,36,57431.7564,8,0.999,12.8884,0.0268,12.8869,0.0243,12.8993,0.0261,12.7721,0.0133,12.7774,0.0116,12.7869,0.0127,12.2007,0.0132,12.2105,0.0115,12.2191,0.0111,11.9532,0.014,11.962,0.0093,11.9721,0.011,11.7574,0.0187,11.7708,0.014,11.7825,0.0152,11.6405,0.0249,11.6506,0.0189,11.6708,0.021,8.52,266608096.0
16,22.76,266608094,13,3,181841.53-134608.3,274.673075,-13.768962,53,65,57400.8078,3,0.983,,,,,,,,,,,,,,,,,,,,,,,,,17.0855,0.0495,17.1458,0.0411,17.0303,0.0215,16.1885,0.0522,16.2635,0.0797,16.1653,0.0246,5.84,1309068158.0
17,22.84,266608100,5,0,181843.57-134632.0,274.681505,-13.775594,60,36,57359.1614,0,0.963,,,,,,,,,,,,,,,,,,,,,,,,,17.9908,0.2267,17.9673,0.2119,18.0958,0.1319,17.3481,0.045,17.4878,0.044,17.4127,0.0423,4.71,1309068168.0
18,23.81,266608096,25,3,181842.77-134650.9,274.678229,-13.780822,36,36,57508.0908,6,1.0,10.5708,0.0235,10.5132,0.024,10.6546,0.0253,10.6239,0.0129,10.5737,0.0255,10.6563,0.0195,10.2101,0.0113,10.1825,0.0108,10.209,0.0129,9.987,0.0131,9.9607,0.0122,9.9792,0.0146,9.8157,0.025,9.7742,0.0247,9.8101,0.0266,9.7496,0.05,9.6909,0.05,9.7461,0.0528,4.79,2374957648.0
19,23.98,266608107,2,1025,181843.23-134614.6,274.680215,-13.770674,36,36,57948.5455,0,0.944,,,,,,,,,,,,,,,,,,,,,,,,,18.7455,,18.9174,,18.7655,,17.7025,0.2206,17.6555,0.1748,17.6993,0.2588,7.18,266608108.0
20,25.78,2374957648,0,24,181843.09-134650.1,274.679581,-13.78061,139,211,58301.5849,285,0.984,13.696,,13.6088,,13.5849,,13.2471,,13.1845,,13.2343,,12.7836,,12.6904,,12.7889,,12.1986,,12.14,,12.2416,,12.21,,12.2408,,12.7097,,11.8613,,11.8969,,12.5014,,4.79,266608096.0
21,26.37,1309068168,2,1,181843.76-134635.7,274.682357,-13.776606,36,136,58741.3755,0,0.961,,,,,,,,,,,,,,,,,,,,,,,,,18.5353,0.1636,18.7315,0.0771,18.7096,0.0716,17.6039,0.0742,17.6112,0.0818,17.61,0.0771,4.38,266608102.0
22,26.66,266608086,47,3,181840.35-134618.0,274.668181,-13.771687,38,36,57714.3269,10,1.0,14.5145,0.0184,14.5011,0.0182,14.5189,0.0192,14.2887,0.0107,14.2829,0.0106,14.292,0.0114,13.4558,0.0064,13.4497,0.0062,13.4571,0.0079,13.0503,0.008,13.0487,0.0104,13.0489,0.0098,12.6845,0.0129,12.7052,0.0126,12.6791,0.0141,12.4512,0.0165,12.4351,0.0239,12.4443,0.018,8.94,1309068159.0
23,27.1,266608108,16,3,181843.07-134607.7,274.679438,-13.768827,87,107,57869.9115,0,0.839,,,,,,,,,,,,,,,,,,,,,,,,,17.0852,0.1154,16.9851,0.0976,17.2955,0.0717,16.0698,0.1016,15.955,0.0982,16.278,0.0313,1.48,2374957667.0
24,27.55,266608079,12,1537,181840.10-134631.2,274.667129,-13.775343,45,36,57528.1172,113,0.983,,,,,,,,,,,,,18.762,,19.7107,,18.9056,,17.3606,,17.9298,,17.4267,,16.1457,0.0131,16.3554,0.0489,16.1569,0.0131,15.4395,0.0319,15.6904,0.0521,15.4445,0.033,8.86,266608084.0
25,28.46,266608118,12,0,181841.99-134601.5,274.674989,-13.767094,103,55,57470.8631,0,0.975,,,,,,,,,,,,,,,,,,,,,,,,,17.493,0.0311,17.6776,0.0683,17.5071,0.0377,16.5908,0.025,16.5847,0.0802,16.589,0.0307,6.2,266608128.0
26,28.5,2374957667,2,19,181843.09-134606.3,274.679546,-13.76843,59,39,57028.0597,0,0.98,,,,,,,,,,,,,,,,,,,,,,,,,17.8305,0.0693,17.6908,0.0625,17.7664,0.052,17.0281,,17.2484,,17.0273,,1.48,266608108.0
27,28.63,266608129,14,3,181842.66-134603.1,274.67766,-13.767479,533,158,57793.7641,0,0.98,,,,,,,,,,,,,,,,,,,,,,,,,17.1731,0.1098,16.8853,0.1551,17.1678,0.0424,16.4373,0.0722,16.2818,0.1316,16.4197,0.035,3.32,266608128.0
28,28.73,266608080,34,3,181840.75-134652.3,274.669818,-13.781192,36,36,57471.1587,3,1.0,11.4967,0.0206,11.4818,0.0178,11.5385,0.019,11.4314,0.0125,11.4259,0.0102,11.4481,0.0111,10.8816,0.0151,10.8852,0.0094,10.9052,0.011,10.6355,0.016,10.6322,0.0105,10.6404,0.0125,10.4374,0.0224,10.4377,0.0157,10.4435,0.017,10.3698,0.0302,10.333,0.0231,10.3407,0.0251,12.92,266605688.0
29,28.81,266608128,13,3,181842.43-134601.9,274.67676,-13.767182,413,130,57349.7952,0,0.98,,,,,,,,,,,,,,,,,,,,,,,,,17.2237,0.0171,17.2355,0.1007,17.2089,0.0184,16.3096,0.0304,16.2705,0.0541,16.3166,0.0255,3.32,266608129.0
30,29.17,266608077,7,1,181840.18-134642.3,274.667429,-13.778402,75,222,56995.4217,0,0.916,,,,,,,,,,,,,17.6525,0.104,18.0795,0.187,17.6828,0.0765,17.1425,0.0245,17.3751,0.1026,17.1686,0.0432,16.3373,0.0754,16.1722,0.159,16.2291,0.0608,15.8184,0.1082,16.3183,0.1031,15.7832,0.0514,8.2,266608076.0
31,29.56,1309068159,1,3,181840.53-134609.5,274.668906,-13.769307,36,36,57210.5588,0,0.482,,,,,,,,,,,,,,,,,,,,,,,,,,,,,,,18.0733,0.2111,18.1118,0.0762,18.1317,0.0871,3.73,1309068155.0
32,30.55,266608102,7,3,181844.02-134638.0,274.683432,-13.777228,62,36,57497.207,0,0.975,,,,,,,,,,,,,,,,,,,,,,,,,17.8551,0.0376,18.1184,0.1613,17.9665,0.0998,16.916,0.0467,16.8347,0.2466,16.9989,0.0379,4.38,1309068168.0
33,31.73,1309068166,0,4096,181843.62-134651.1,274.681751,-13.78089,100,36,57975.9675,0,0.685,,,,,,,,,,,,,,,,,,,,,,,,,,,,,,,18.2255,,18.3193,,18.1909,,7.65,2374957648.0
34,32.72,1309068155,1,3,181840.47-134605.9,274.668684,-13.768294,36,36,57210.5588,0,0.605,,,,,,,,,,,,,,,,,,,,,,,,,,,,,,,17.9289,0.1094,17.8279,0.0702,17.9372,0.0807,3.73,1309068159.0
35,33.54,1309068184,1,0,181843.97-134613.0,274.683266,-13.770272,36,36,57210.5588,0,0.582,,,,,,,,,,,,,,,,,,,,,,,,,,,,,,,18.0608,0.3412,18.4763,0.0975,18.4054,0.0999,4.94,266608109.0
36,33.55,266608109,19,515,181843.74-134608.7,274.682465,-13.769143,278,100,57959.1044,0,0.979,,,,,,,,,,,,,18.032,,,,19.3315,,17.9436,0.1359,17.5339,0.2583,18.1193,0.0271,17.0285,0.0313,16.8007,0.0844,16.9501,0.0475,16.2384,0.0711,15.965,0.1251,16.1301,0.0621,4.94,1309068184.0
37,33.87,266608131,2,1,181843.46-134603.8,274.681129,-13.767713,36,72,57210.5574,0,0.712,,,,,,,,,,,,,,,,,,,,,,,,,,,,,,,17.8747,0.0844,17.94,0.2608,17.8844,0.1506,2.9,2374957696.0
38,34.19,1309068172,4,3,181844.20-134642.0,274.684139,-13.778379,36,42,57511.9874,0,0.859,,,,,,,,,,,,,,,,,,,,,,,,,17.7488,0.0619,17.7396,0.1502,17.8261,0.122,16.9402,0.0905,16.8206,0.1304,16.7686,0.098,4.82,266608102.0
39,34.81,2374957696,0,24,181843.35-134601.3,274.680661,-13.767047,36,36,57498.7533,7,0.942,,,,,,,,,,,,,,,,,,,17.163,,18.4466,,18.0943,,,,,,,,,,,,,,2.9,266608131.0
40,35.49,266608103,7,3,181844.39-134636.1,274.684982,-13.776788,78,53,57280.6559,0,0.984,,,,,,,,,,,,,17.988,0.0803,17.7607,0.1392,17.9893,0.089,17.3463,0.0311,17.3981,0.1525,17.3966,0.0422,16.7183,0.1032,16.5183,0.0737,16.7335,0.0542,16.3373,0.0685,16.2642,0.1046,16.3176,0.0385,5.65,266608102.0
41,35.8,266605696,11,3,181841.90-134705.7,274.674625,-13.784939,78,97,57082.7159,11,0.63,,,,,,,,,,,,,,,,,,,17.3559,0.0892,17.5382,0.1435,17.4083,0.0425,16.2026,0.0705,16.2563,0.1085,16.2621,0.0425,15.5276,0.131,15.6475,0.1676,15.6385,0.0772,7.46,266605695.0
42,35.82,266608084,6,0,181839.53-134628.3,274.664771,-13.774441,110,216,57790.6362,0,0.641,,,,,,,,,,,,,,,,,,,18.645,0.0462,18.7553,0.0474,18.6511,0.0388,17.6933,0.0421,18.2683,0.1836,17.7907,0.0829,16.868,0.0473,17.4207,0.132,16.8906,0.06,6.5,266608078.0
43,36.21,266608133,12,3,181843.11-134557.7,274.679642,-13.76601,97,96,57666.7484,0,0.978,,,,,,,,,,,,,,,,,,,,,,,,,17.8542,0.0393,17.783,0.0226,17.8616,0.0199,17.1911,0.0399,17.0862,0.1163,17.1494,0.0423,4.72,266608130.0
44,36.38,266608076,7,513,181839.61-134641.1,274.665102,-13.778112,51,58,57088.7348,0,0.952,,,,,,,,,,,,,17.8579,,18.1306,,17.9394,,17.0034,0.0246,17.2534,0.0772,17.0642,0.033,16.3545,0.0457,16.5445,0.0631,16.4189,0.0458,16.1319,0.0481,16.4399,0.0777,16.1883,0.0573,8.2,266608077.0
45,36.44,266608090,3,3,181839.65-134617.2,274.665214,-13.77152,36,36,57193.2692,0,0.498,,,,,,,,,,,,,,,,,,,,,,,,,17.6711,0.2229,17.4578,0.1639,17.7581,0.1005,16.9633,0.1001,17.2532,0.1423,17.0138,0.1094,3.51,266608088.0
46,36.64,266605706,11,1,181842.50-134705.9,274.677121,-13.784968,49,36,56892.687,0,0.98,,,,,,,,,,,,,17.5016,0.0261,18.045,0.1009,17.5616,0.0553,16.7027,0.025,17.0437,0.0614,16.7158,0.0336,16.1284,0.0218,16.4265,0.0388,16.1535,0.0224,15.9474,0.0662,16.352,0.0764,15.9776,0.0604,8.73,266605696.0
47,37.01,266608119,7,0,181841.48-134553.7,274.672867,-13.764929,53,50,57194.3146,2,0.978,,,,,,,,,,,,,,,,,,,,,,,,,17.1464,0.0366,17.342,0.0659,17.2286,0.0547,16.2696,0.0273,16.4127,0.0578,16.282,0.042,8.13,266608120.0
48,37.81,266605693,3,1,181841.08-134705.3,274.671195,-13.78483,36,36,57281.0232,0,0.91,,,,,,,,,,,,,,,,,,,,,,,,,17.1932,0.0303,17.4249,0.075,17.2825,0.0534,16.5176,0.0555,16.8132,0.0954,16.6277,0.0767,5.81,266605695.0
49,37.86,266608120,0,1536,181842.03-134552.0,274.675148,-13.764485,75,182,57798.616,0,0.654,,,,,,,,,,,,,,,,,,,,,,,,,,,,,,,17.6798,,18.1501,,17.8818,,8.13,266608119.0
50,37.98,2374957669,1,259,181844.44-134616.7,274.685186,-13.771332,36,36,57235.4913,0,0.64,,,,,,,,,,,,,,,,,,,,,,,,,17.3218,0.5312,17.9376,0.1707,18.0216,0.1443,16.7217,,17.0431,,16.9743,,4.5,2374957674.0
51,38.83,1309068173,2,3,181844.54-134642.2,274.685549,-13.77837,217,167,57988.4339,0,0.97,,,,,,,,,,,,,,,,,,,,,,,,,,,,,,,17.3378,0.0795,17.4514,0.3756,17.466,0.0713,4.93,1309068172.0
52,38.85,266605707,8,1,181843.33-134703.7,274.680533,-13.784358,82,68,57454.521,0,0.98,,,,,,,,,,,,,,,,,,,,,,,,,17.4142,0.0935,17.4337,0.0759,17.5065,0.062,16.7015,0.028,16.7045,0.1016,16.7023,0.0415,7.64,1309065036.0
53,38.94,2374957672,0,4096,181844.34-134611.3,274.684774,-13.769816,36,36,58686.535,0,0.712,,,,,,,,,,,,,,,,,,,,,,,,,,,,,,,18.173,,18.9386,,18.1609,,5.52,1309068184.0
54,39.25,266605695,13,3,181841.42-134708.4,274.672623,-13.785655,101,45,57067.7024,1,0.979,,,,,,,,,,,,,,,,,,,17.0849,0.057,17.3601,0.0995,17.1316,0.0573,16.0279,0.0245,15.9518,0.134,16.0465,0.0295,15.3989,0.0577,15.0097,0.2025,15.4453,0.0307,5.81,266605693.0
55,39.35,266608078,2,1,181839.31-134633.5,274.663791,-13.775976,63,48,57367.1228,0,0.471,,,,,,,,,,,,,,,,,,,,,,,,,,,,,,,16.9671,0.103,16.676,0.1019,16.9117,0.0598,6.5,266608084.0
56,39.37,266608130,3,1,181842.97-134553.4,274.679094,-13.764812,36,36,57210.557,0,0.701,,,,,,,,,,,,,,,,,,,,,,,,,18.7428,0.1054,18.9393,0.0424,18.7953,0.0423,18.1016,0.0784,18.4286,0.091,18.2633,0.0924,4.72,266608133.0
57,39.77,266608088,1,3,181839.41-134617.4,274.66421,-13.771508,36,36,57498.754,0,0.576,,,,,,,,,,,,,,,,,,,,,,,,,,,,,,,17.3819,0.2317,17.7564,0.1787,17.6462,0.1452,2.47,2374957635.0
58,39.81,266608117,12,1539,181840.88-134553.6,274.670384,-13.76489,36,36,57198.751,0,0.985,,,,,,,,,,,,,18.4745,,18.9498,,18.5951,,17.4527,,17.8576,,17.6493,,16.6816,0.0165,16.8902,0.0382,16.7248,0.0176,16.3023,0.0247,16.5274,0.0753,16.3437,0.0284,8.68,266608119.0
59,40.1,266608113,36,2,181840.26-134558.7,274.667783,-13.766344,36,80,57822.0043,0,0.987,,,,,,,18.2587,0.0376,18.2461,0.0926,18.2964,0.0367,16.1548,0.0094,16.217,0.0106,16.1562,0.0095,15.1971,0.008,15.2576,0.008,15.1941,0.0095,14.2841,0.0141,14.2987,0.0109,14.2929,0.0123,13.7471,0.023,13.739,0.017,13.7545,0.0189,7.06,2374957677.0
60,40.16,266605710,19,3,181843.83-134700.0,274.682637,-13.783331,54,36,57220.8352,0,0.983,,,,,,,18.5812,0.1868,18.5058,0.0945,18.6441,0.0721,16.7747,0.0266,16.6736,0.1093,16.7737,0.0222,16.0992,0.0185,16.1438,0.0915,16.1082,0.018,15.5771,0.0173,15.6262,0.0211,15.5804,0.0194,15.3009,0.0268,15.2417,0.0346,15.3075,0.022,5.96,266605708.0
61,40.4,266608132,26,3,181843.75-134558.8,274.682334,-13.766329,54,57,57731.4286,0,0.994,,,,,,,,,,,,,17.463,0.0209,17.3386,0.0549,17.4687,0.0217,16.4141,0.0179,16.4682,0.0299,16.4111,0.0201,15.3477,0.0117,15.3442,0.0209,15.351,0.0125,14.7966,0.02,14.8146,0.038,14.8027,0.0194,6.4,2374957696.0
62,40.47,2374957635,1,3,181839.42-134614.9,274.664255,-13.770824,36,36,57210.5575,0,0.611,,,,,,,,,,,,,,,,,,,,,,,,,15.8564,0.4384,16.2063,0.0325,17.1159,0.0354,,,,,,,1.63,266608089.0
63,41.52,266605688,6,2051,181840.08-134700.7,274.667031,-13.78355,36,36,57530.3483,10,1.0,15.7719,0.0418,15.7902,0.0464,15.7751,0.044,14.9532,0.0343,14.9565,0.0392,14.956,0.0361,13.8119,0.0225,13.8076,0.0199,13.8199,0.0216,13.3076,0.0235,13.3133,0.0213,13.3131,0.0245,12.9147,,12.8764,,12.899,,12.4682,0.0604,12.4233,0.0378,12.4696,0.046,3.28,266605687.0
64,41.69,266605687,30,2051,181839.94-134658.5,274.666327,-13.782948,238,108,57526.2844,2,0.983,14.295,0.2182,14.5607,0.0301,15.5815,0.0458,13.3046,0.1527,14.0262,0.0236,15.5268,0.0641,12.0421,0.1853,12.9269,0.0267,14.6402,0.0409,11.5425,0.1706,12.4007,0.028,14.2065,0.061,11.1151,0.1935,11.9532,0.0591,13.6416,0.0487,10.5583,0.1306,11.6746,0.0195,13.1404,0.0412,3.22,266605689.0
65,41.7,266608085,2,3,181839.18-134622.9,274.663243,-13.773054,93,36,57354.6557,0,0.976,,,,,,,,,,,,,,,,,,,,,,,,,18.2095,0.0342,18.2509,0.0586,18.1995,0.0452,17.4995,0.0863,18.1471,0.2053,18.0026,0.195,5.47,266608036.0
66,41.97,266608089,8,3,181839.33-134613.7,274.663923,-13.770507,36,57,57150.72,0,0.971,,,,,,,,,,,,,,,,,,,,,,,,,17.0798,0.0497,16.2496,0.2851,17.0691,0.0431,16.2464,0.0534,15.7535,0.2752,16.2872,0.0317,1.63,2374957635.0
67,42.03,266605689,7,2051,181839.75-134656.4,274.665651,-13.782339,36,36,57703.352,2,0.99,15.1072,0.0376,15.0796,0.0528,15.1064,0.0418,14.7269,0.0336,14.7427,0.037,14.7248,0.0351,13.9289,0.0253,13.9083,0.0201,13.9372,0.0217,13.5464,0.0244,13.5414,0.0216,13.5506,0.0246,13.2137,0.0491,13.1066,0.0222,13.2341,0.0271,12.9866,0.0718,12.8781,0.0378,13.0093,0.046,3.22,266605687.0
68,42.22,1309068185,2,0,181844.31-134604.8,274.684682,-13.767992,87,36,57210.5581,0,0.504,,,,,,,,,,,,,,,,,,,,,,,,,19.9968,0.0383,20.8932,0.3823,20.6504,0.2795,18.0195,0.4054,18.5597,0.1009,18.5085,0.1061,6.57,2374957672.0
69,42.39,2374957674,4,3,181844.70-134614.3,274.686272,-13.770663,36,91,57110.3098,0,0.965,,,,,,,,,,,,,,,,,,,18.0031,0.2743,17.856,0.2973,18.2277,0.1752,16.7998,0.0928,16.5511,0.219,16.7921,0.0651,15.9368,0.0548,15.8758,0.0612,15.9418,0.0533,4.5,2374957669.0
70,43.31,266605711,5,3,181844.35-134656.8,274.684769,-13.782398,509,173,57754.8724,0,0.966,,,,,,,,,,,,,,,,,,,,,,,,,17.8433,0.0852,17.9659,0.047,17.7248,0.1358,16.9191,0.1657,16.7757,0.2287,16.8129,0.0889,2.73,1309065041.0
71,43.61,266605692,2,1,181840.74-134709.7,274.669788,-13.786007,36,36,57975.9647,0,0.666,,,,,,,,,,,,,,,,,,,,,,,,,19.4607,0.0712,20.0359,0.1257,19.8807,0.1118,18.3772,,18.9424,,18.5865,,5.08,266605691.0
72,43.79,266608134,5,0,181842.97-134548.5,274.679062,-13.763495,76,36,58080.2281,0,0.957,,,,,,,,,,,,,,,,,,,,,,,,,17.9598,0.1719,18.3491,0.1586,18.1674,0.1379,17.0765,0.0352,17.1514,0.0652,17.0945,0.0421,4.74,266608130.0
73,43.81,266608110,36,3,181844.98-134624.9,274.687445,-13.773587,36,36,57582.5341,0,0.999,13.1719,0.0204,13.1535,0.0191,13.192,0.0201,13.0089,0.0099,12.9892,0.0095,13.0152,0.0105,12.3109,0.0102,12.3006,0.0094,12.3199,0.0111,11.9849,0.0127,11.9673,0.0113,11.9915,0.0125,11.7106,0.0154,11.6885,0.0143,11.7206,0.0155,11.5442,0.0227,11.431,0.0308,11.5607,0.0224,11.3,2374957674.0
74,43.98,266608101,24,3,181844.65-134650.8,274.686083,-13.780778,95,134,57672.5837,0,0.983,,,,,,,,,,,,,17.8711,0.0365,18.1467,0.1544,17.8933,0.0162,16.7941,0.0392,16.9234,0.0307,16.8316,0.0288,15.5627,0.0754,15.4059,0.0323,15.7809,0.0231,14.6152,0.1326,14.6335,0.026,15.2282,0.03,7.24,1309065041.0
75,44.0,266605694,30,3,181842.03-134714.1,274.675134,-13.787222,36,36,57632.7976,11,0.982,17.6958,0.0316,17.8118,0.0905,17.7276,0.0356,17.0297,0.014,17.0512,0.0243,17.0275,0.0159,15.7073,0.0127,15.7251,0.0249,15.7037,0.0142,15.1817,0.0113,15.1924,0.0259,15.1803,0.0126,14.7261,0.018,14.6325,0.0409,14.7325,0.016,14.4664,0.0328,14.3892,0.0565,14.4683,0.029,7.72,266605702.0
76,44.8,2374957677,0,1025,181839.78-134558.9,274.665764,-13.766374,36,36,57210.5575,0,0.961,,,,,,,,,,,,,,,,,,,,,,,,,18.3858,,18.7646,,18.5125,,,,,,,,7.06,266608113.0
77,45.19,266605708,10,3,181843.88-134705.8,274.682848,-13.784975,36,56,56984.9692,0,0.982,,,,,,,,,,,,,,,,,,,17.0515,0.0226,17.0762,0.0415,17.0526,0.0322,16.0851,0.0228,16.0885,0.0329,16.0906,0.0219,15.4094,0.0442,15.2984,0.0696,15.4261,0.0316,4.2,1309065036.0
78,45.96,1309065041,2,3,181844.51-134657.7,274.685483,-13.782704,36,36,58741.3755,0,0.976,,,,,,,,,,,,,,,,,,,,,,,,,17.9245,0.0577,17.9284,0.0437,17.8857,0.0397,17.0352,0.1126,16.9279,0.0628,16.9412,0.0553,2.73,266605711.0
79,46.22,266608121,19,1,181841.32-134544.9,274.672188,-13.762456,62,60,57675.1482,0,0.983,,,,,,,,,,,,,,,,,,,,,,,,,16.7205,0.0185,16.7691,0.0306,16.7121,0.0166,15.8616,0.0184,15.9302,0.0426,15.847,0.0194,8.84,266608122.0
80,46.28,1309065036,0,1027,181843.69-134709.0,274.682072,-13.785866,36,36,58741.3762,0,0.96,,,,,,,,,,,,,,,,,,,,,,,,,,,,,,,17.0963,,17.2717,,17.1437,,4.2,266605708.0
81,46.44,266605691,9,3,181840.93-134713.7,274.670603,-13.787174,48,44,57576.9981,0,0.98,,,,,,,,,,,,,,,,,,,,,,,,,17.526,0.0339,17.5446,0.0474,17.4554,0.0194,16.6744,0.0702,16.7174,0.1662,16.6091,0.0356,4.85,266605681.0
82,46.93,266608122,5,0,181841.92-134543.0,274.674665,-13.761968,36,36,57198.1897,0,0.963,,,,,,,,,,,,,,,,,,,,,,,,,17.9466,0.0249,18.052,0.0287,17.9612,0.0291,17.0895,0.039,17.3091,0.0709,17.1238,0.0546,8.84,266608121.0
83,47.07,266608036,5,3,181838.80-134623.3,274.661679,-13.773109,36,62,57125.1912,0,0.972,,,,,,,,,,,,,,,,,,,,,,,,,18.1289,0.0606,18.2569,0.0489,18.2128,0.0454,17.2446,0.0668,17.5244,0.1363,17.3822,0.0697,5.47,266608085.0
84,47.96,2374954246,1,1,181843.51-134712.5,274.681301,-13.786833,36,36,58741.3748,0,0.677,,,,,,,,,,,,,,,,,,,,,,,,,18.7728,0.3718,18.448,0.1098,18.9797,0.0887,,,,,,,4.4,1309065036.0
85,48.02,266605704,1,0,181843.01-134715.7,274.679208,-13.787696,36,36,56845.5623,0,0.512,,,,,,,,,,,,,,,,,,,,,,,,,,,,,,,17.0773,0.2372,17.1182,0.1353,17.1668,0.0907,1.27,1309065031.0
86,48.11,266605702,4,1,181842.50-134717.5,274.677096,-13.788208,36,173,57038.0337,0,0.965,,,,,,,,,,,,,,,,,,,17.7174,0.0431,18.0551,0.1829,17.7886,0.0868,16.5981,0.0429,16.6737,0.0588,16.5517,0.0345,15.9339,0.0982,16.0112,0.0659,15.9023,0.0527,6.5,1309065031.0
87,48.15,266608112,20,3,181839.17-134604.9,274.66324,-13.76804,36,53,57225.813,0,0.987,,,,,,,,,,,,,17.9011,0.0395,18.2711,0.0803,17.9374,0.0627,16.7877,0.0258,16.9723,0.0612,16.8142,0.0294,15.7137,0.0269,15.7872,0.043,15.7223,0.0291,15.0956,0.0245,15.2419,0.0325,15.1022,0.0238,6.66,2374957637.0
88,48.2,2374957637,3,3,181838.96-134610.8,274.66235,-13.769677,157,88,58798.5561,0,0.98,,,,,,,,,,,,,16.5849,0.2114,16.238,0.0208,16.9595,0.0211,15.1515,0.2942,14.987,0.0201,16.133,0.0307,,,,,,,14.1529,0.148,13.7806,0.0712,14.4596,0.0709,2.02,266608087.0
89,48.34,266605684,0,1025,181841.34-134717.3,274.672331,-13.788176,45,105,58358.6705,0,0.856,,,,,,,,,,,,,,,,,,,,,,,,,19.106,,19.4022,,19.2352,,18.2083,,,,18.246,,5.48,266605681.0
90,48.36,266605686,11,3,181840.33-134711.8,274.668056,-13.786617,42,38,57397.0053,0,0.982,,,,,,,,,,,,,,,,,,,,,,,,,17.563,0.0547,17.557,0.0518,17.5383,0.0429,16.9722,0.1137,17.0052,0.1382,16.9632,0.1164,5.19,266605690.0
91,48.49,266608022,30,2051,181838.81-134644.2,274.661744,-13.778957,36,36,57506.8032,3,1.0,12.0986,0.0183,12.0975,0.0178,12.0958,0.019,12.1125,0.0103,12.1151,0.0102,12.1112,0.0111,11.3003,0.0109,11.3037,0.0094,11.2939,0.011,10.6903,0.0118,10.6973,0.0105,10.6818,0.0125,10.1303,0.0195,10.1305,0.0193,10.1247,0.0209,9.8785,0.05,9.874,0.05,9.8767,0.0528,12.13,266608076.0
92,48.5,266608087,23,3,181838.88-134612.5,274.662056,-13.770159,36,41,57268.3933,0,0.987,,,,,,,18.5871,0.349,18.2792,0.1061,19.0581,0.1014,16.6963,0.0288,16.6291,0.041,16.7057,0.0216,15.6778,0.02,15.627,0.0426,15.6782,0.0159,14.6964,0.0125,14.6755,0.0313,14.7063,0.0124,14.1369,0.0217,14.1735,0.0336,14.1345,0.023,2.02,2374957637.0
93,48.52,1309065031,2,0,181842.90-134717.0,274.678933,-13.787926,677,827,57788.4833,0,0.835,,,,,,,,,,,,,,,,,,,,,,,,,,,,,,,17.1237,0.2105,17.559,0.4368,17.3832,0.366,1.27,266605704.0
94,49.36,266608024,1,0,181838.62-134629.8,274.660884,-13.774981,36,36,57498.7533,3,0.676,,,,,,,,,,,,,,,,,,,17.6164,0.0688,17.6244,0.1181,17.579,0.0942,,,,,,,,,,,,,7.29,266608036.0
95,49.42,1309068174,2,3,181845.31-134640.1,274.688832,-13.777829,36,62,58741.3755,0,0.985,,,,,,,,,,,,,,,,,,,,,,,,,14.0594,0.0574,14.0364,0.0222,14.0803,0.0272,13.622,0.0567,13.6118,0.0378,13.6231,0.0461,11.64,1309068173.0
96,49.57,266608116,3,1,181840.45-134545.8,274.668523,-13.762752,36,36,57306.6225,0,0.96,,,,,,,,,,,,,,,,,,,,,,,,,18.4446,0.143,18.3015,0.0482,18.4801,0.0504,17.344,0.1156,17.3292,0.0931,17.3957,0.0602,5.52,266608126.0
97,49.58,266605690,2,3,181840.60-134715.0,274.669181,-13.787558,119,36,58120.0651,0,0.811,,,,,,,,,,,,,,,,,,,,,,,,,,,,,,,16.9057,0.0452,16.9221,0.0808,16.8693,0.0471,3.31,266605676.0
98,49.95,1309065015,3,2051,181839.49-134704.3,274.66462,-13.784534,84,81,57719.1708,0,0.889,18.5312,0.0876,18.3704,0.2042,18.5178,0.1059,,,,,,,16.5901,0.064,16.6909,0.0898,16.609,0.0444,15.9107,0.0298,16.0097,0.0556,15.9148,0.0339,,,,,,,,,,,,,7.6,1309065013.0
99,50.61,266608115,8,0,181839.73-134551.7,274.665556,-13.764346,36,46,56960.7302,0,0.978,,,,,,,,,,,,,,,,,,,,,,,,,16.6616,0.0329,16.9973,0.0521,16.6883,0.0336,15.7681,0.0336,15.9125,0.0956,15.7753,0.0381,7.34,2374957677.0
100,50.79,266605681,18,2051,181841.01-134718.2,274.670802,-13.788506,37,65,57584.3229,0,0.983,,,,,,,,,,,,,,,,,,,18.2253,0.1334,18.4707,0.2069,18.341,0.1806,16.9766,0.0276,16.9051,0.0884,17.0167,0.0291,15.9248,0.0407,15.8622,0.0715,15.9821,0.0193,4.85,266605691.0
101,51.4,266608111,17,1,181845.08-134604.8,274.687839,-13.768046,36,38,57195.0001,0,0.97,,,,,,,19.2034,0.0771,19.8414,0.6708,19.1803,0.1327,17.5074,0.0216,17.7762,0.1021,17.4964,0.0371,16.7618,0.0247,16.938,0.1699,16.8036,0.0263,16.2186,0.0169,16.336,0.0588,16.2253,0.021,15.7368,0.0887,15.5077,0.1139,15.8364,0.0322,10.81,2374957701.0
102,52.51,266605682,5,2051,181841.84-134722.4,274.67435,-13.789572,36,36,57393.4487,2,0.514,,,,,,,,,,,,,,,,,,,17.2522,0.0745,17.3177,0.0975,17.208,0.0507,15.732,0.2006,15.792,0.0502,15.8265,0.0409,15.0567,0.1557,15.0155,0.0882,15.1708,0.0359,4.69,266605683.0
103,52.52,266605683,14,3,181842.04-134722.5,274.675691,-13.789574,70,39,57089.0895,3,0.988,,,,,,,,,,,,,17.4741,0.1084,17.0074,0.0849,17.5183,0.0676,16.4976,0.0588,16.0091,0.1905,16.5193,0.0276,15.3894,0.1053,14.8028,0.1678,15.4891,0.035,14.813,0.0403,14.8329,0.0978,14.7894,0.035,2.72,2374954214.0
104,52.86,266605676,22,2051,181840.47-134717.9,274.668686,-13.788343,104,141,57553.4467,0,0.98,,,,,,,,,,,,,,,,,,,17.5371,0.0644,17.3433,0.1427,17.5194,0.0737,16.4789,0.0219,16.3213,0.0374,16.5044,0.0169,15.8849,0.0304,15.6417,0.0989,15.8829,0.0265,3.31,266605690.0
105,52.86,266608126,3,1,181840.61-134541.1,274.669282,-13.761406,201,146,57193.2693,0,0.643,,,,,,,,,,,,,,,,,,,,,,,,,,,,,,,17.2271,0.1043,16.692,0.3752,17.3182,0.1571,5.52,266608116.0
106,55.24,2374954214,2,3,181842.16-134725.1,274.6757,-13.79033,315,691,57210.5581,45,0.825,,,,,,,,,,,,,13.0826,,13.5269,,16.3655,,,,,,,,13.6346,0.5307,12.3325,0.0284,15.652,0.0333,11.9276,0.4584,11.9943,0.0485,15.4692,0.0626,2.72,266605683.0
107,55.37,2374954239,1,0,181843.70-134719.4,274.682117,-13.788739,36,36,57210.5561,0,0.521,,,,,,,,,,,,,,,,,,,,,,,,,,,,,,,18.434,0.0515,18.7026,0.1398,18.4235,0.0969,6.96,266605703.0
108,55.39,266608137,14,0,181843.01-134536.7,274.679267,-13.760184,162,116,57858.8901,0,0.924,,,,,,,,,,,,,,,,,,,,,,,,,17.7546,0.067,17.7115,0.055,17.8163,0.0246,16.6399,0.0793,16.4692,0.0776,16.7853,0.0315,9.16,266608140.0
109,55.53,2374954251,0,1024,181844.95-134705.1,274.687296,-13.784761,36,65,58087.5392,0,0.977,,,,,,,,,,,,,,,,,,,,,,,,,17.9493,,18.4916,,18.0994,,17.6249,,18.0426,,17.807,,5.08,1309065043.0
110,55.62,1309065043,0,4096,181845.16-134701.0,274.688186,-13.783644,36,36,58741.3762,0,0.545,,,,,,,,,,,,,,,,,,,,,,,,,,,,,,,18.6331,,19.0669,,18.8271,,5.08,2374954251.0
111,55.8,266608135,42,3,181844.52-134548.0,274.685542,-13.763363,36,36,57743.8655,7,0.998,14.0285,0.0203,14.0107,0.0192,14.0443,0.0202,13.8373,0.0099,13.8261,0.0096,13.8434,0.0106,13.0305,0.0101,13.0235,0.0094,13.036,0.0111,12.6117,0.0106,12.5915,0.0145,12.6172,0.0116,12.2459,0.012,12.2457,0.0117,12.2501,0.013,12.0258,0.017,12.0296,0.0169,12.027,0.0186,8.78,2374957701.0
112,55.94,2374957701,1,1,181844.95-134554.3,274.68732,-13.765085,36,36,57235.4916,0,0.579,,,,,,,,,,,,,,,,,,,,,,,,,,,,,,,17.5983,0.0566,17.591,0.2395,17.5965,0.1329,8.78,266608135.0
113,56.07,266609103,23,3,181845.85-134630.8,274.691034,-13.775249,36,36,57866.9461,14,1.0,10.6321,0.0212,10.6254,0.0204,10.6396,0.0215,10.6364,0.0114,10.6285,0.0108,10.6354,0.0119,9.9832,0.0137,9.9798,0.0136,9.9812,0.0162,9.6796,0.0366,9.6676,0.0374,9.667,0.0433,9.3394,0.0491,9.1952,0.0491,9.3376,0.0493,9.1577,0.0436,9.0813,0.0435,9.1675,0.0451,12.06,1309068174.0
114,56.55,1309065013,9,2051,181839.38-134711.6,274.664066,-13.786575,36,36,58239.9602,0,0.959,18.75,0.0969,18.846,0.1025,18.6859,0.1129,18.3657,0.0758,17.9907,0.09,18.4962,0.0402,16.2215,0.0272,16.2563,0.0444,16.2482,0.0484,15.3753,0.0368,15.3464,0.0307,15.3868,0.0289,,,,,,,,,,,,,6.22,266605685.0
115,56.55,1309065000,3,3,181840.18-134720.0,274.667446,-13.788891,36,36,57720.8304,0,0.978,,,,,,,,,,,,,,,,,,,,,,,,,18.0592,0.0421,18.2495,0.0574,18.079,0.0326,16.9052,0.2027,16.6014,0.0558,16.9774,0.0661,4.76,266605676.0
116,56.61,266605703,4,259,181843.30-134723.3,274.680456,-13.789805,102,132,57962.2551,0,0.792,,,,,,,,,,,,,,,,,,,,,,,,,18.3323,0.154,18.4147,0.0388,18.531,0.028,17.7452,,17.7469,,17.6913,,6.96,2374954239.0
117,56.9,266605712,10,3,181845.45-134657.2,274.689272,-13.782595,104,42,57068.7411,5,0.924,,,,,,,,,,,,,17.6079,0.0819,17.7147,0.093,17.6464,0.0933,17.209,0.0268,17.4701,0.0993,17.2877,0.0588,16.5409,0.0579,16.5232,0.1668,16.449,0.0575,,,,,,,5.36,1309065043.0
118,57.56,1309064941,10,2049,181838.47-134656.0,274.660293,-13.782183,36,65,57609.8593,0,0.981,,,,,,,18.1747,0.0387,18.2047,0.1058,18.1789,0.0345,16.476,0.039,16.5554,0.0988,16.4976,0.0457,15.8553,0.0144,15.9121,0.0369,15.8571,0.0182,15.3463,0.03,15.3944,0.0344,15.3558,0.0329,,,,,,,12.67,266608022.0
119,57.94,266608114,1,1,181839.15-134549.5,274.663159,-13.763742,36,36,57210.5547,0,0.803,,,,,,,,,,,,,,,,,,,,,,,,,19.4194,0.0509,19.8734,0.2177,19.4979,0.0999,,,,,,,8.03,266608065.0
120,59.56,266605680,4,2050,181840.88-134727.4,274.670353,-13.790917,113,195,57641.3781,0,0.543,,,,,,,,,,,,,,,,,,,19.3309,0.0739,21.8223,1.2332,19.3078,0.0796,17.6692,0.1226,17.8965,0.164,17.6365,0.0913,16.8619,0.0918,16.9801,0.0815,16.8249,0.0567,4.71,266605678.0
121,59.99,266605679,3,3,181841.74-134729.8,274.673959,-13.791634,36,43,57410.9998,4,0.036,,,,,,,,,,,,,,,,,,,,,,,,,15.7108,0.3988,15.9975,0.0655,16.3723,0.0484,14.789,0.3023,15.0996,0.0638,15.7011,0.0385,6.52,1309065003.0
122,60.26,2374954233,0,24,181842.97-134728.5,274.679044,-13.791272,36,36,58301.5858,6,0.498,,,,,,,,,,,,,,,,,,,,,,,,,,,,,,,16.9602,,17.5394,,17.2487,,3.28,266605699.0
123,60.32,1309065005,0,1025,181840.55-134726.6,274.66901,-13.790714,36,76,57975.9661,0,0.814,,,,,,,,,,,,,,,,,,,,,,,,,19.2803,,19.2823,,19.2407,,,,,,,,4.75,266605680.0
124,60.4,266605699,5,3,181842.75-134729.1,274.678134,-13.791499,36,66,57079.5197,0,0.096,,,,,,,,,,,,,,,,,,,16.626,0.2747,16.5904,0.081,16.8604,0.0567,15.7122,0.1835,15.8572,0.1612,15.9332,0.0865,15.0839,0.1745,15.0588,0.1169,15.2763,0.0878,3.28,2374954233.0
125,60.45,266608023,30,2051,181837.86-134634.8,274.657769,-13.776364,36,106,57555.2179,7,0.999,12.033,0.0203,12.0232,0.0198,12.0316,0.021,11.9607,0.0108,11.9561,0.0106,11.9625,0.0115,11.3155,0.0133,11.2999,0.0105,11.3271,0.0123,10.975,0.0181,10.9358,0.0101,10.9778,0.0118,10.6615,0.0338,10.5871,0.0152,10.6784,0.0166,10.4946,0.0536,10.3656,0.0231,10.5131,0.0251,9.2,2374957556.0
126,60.61,266605698,36,3,181842.25-134730.4,274.676059,-13.791804,40,59,57524.1346,7,0.984,16.113,0.0189,16.096,0.0218,16.1124,0.0206,15.3451,0.0104,15.338,0.0132,15.342,0.0113,14.3216,0.0114,14.2411,0.0323,14.327,0.0116,13.9501,0.0121,13.8648,0.0396,13.957,0.0113,13.5623,0.0284,13.3452,0.0428,13.6052,0.0154,13.2875,0.0704,13.0602,0.0948,13.3472,0.0286,5.45,2374954214.0
127,60.77,266606888,16,3,181845.83-134654.0,274.690962,-13.781681,326,185,57199.3948,0,0.982,,,,,,,,,,,,,17.4722,0.0442,17.4882,0.1907,17.522,0.0798,16.4486,0.02,16.4952,0.0384,16.4743,0.0315,15.3944,0.0252,15.3186,0.0529,15.4651,0.0598,14.5594,0.1224,14.4697,0.119,14.9498,0.0275,6.76,266605712.0
128,61.54,266608064,42,3,181838.46-134556.1,274.660287,-13.765616,36,36,57677.1644,12,0.998,13.8673,0.0187,13.8764,0.0179,13.8517,0.0191,13.7185,0.0108,13.7377,0.0103,13.7134,0.0112,12.8774,0.0075,12.8832,0.0069,12.8715,0.0086,12.4083,0.0104,12.4248,0.0093,12.3994,0.011,11.9424,0.0124,11.9172,0.0409,11.9512,0.0129,11.6648,0.0226,11.6342,0.0504,11.7624,0.0793,9.77,266608063.0
129,61.74,266608139,2,3,181842.57-134529.0,274.677433,-13.758013,95,139,57948.5448,0,0.966,,,,,,,,,,,,,,,,,,,,,,,,,18.4234,0.0589,18.435,0.0707,18.3693,0.0482,17.0378,0.2166,16.6293,0.067,17.0552,0.0682,6.26,266608140.0
130,61.95,2374954241,1,512,181844.41-134721.0,274.685044,-13.789175,36,56,57235.4916,0,0.935,,,,,,,,,,,,,,,,,,,,,,,,,17.3223,,17.4768,,17.3737,,16.4458,0.0827,16.4799,0.0777,16.3945,0.0616,8.68,2374954240.0
131,62.04,266605685,1,1,181838.96-134713.6,274.662373,-13.787109,36,36,57498.754,0,0.718,,,,,,,,,,,,,,,,,,,,,,,,,,,,,,,17.262,0.1204,17.3796,0.1226,17.3914,0.1202,6.22,1309065013.0
132,62.26,266608127,33,3,181840.96-134529.5,274.67069,-13.758219,36,36,57470.3225,1,1.0,12.6059,0.0196,12.5985,0.019,12.6077,0.0201,12.5121,0.0104,12.5098,0.0102,12.514,0.0111,11.7408,0.0096,11.7364,0.0094,11.7409,0.011,11.2904,0.0098,11.2969,0.0093,11.2889,0.011,10.8655,0.0158,10.8711,0.0157,10.8662,0.017,10.6281,0.0264,10.6262,0.0263,10.6256,0.0284,12.48,266608126.0
133,62.91,266608138,1,0,181843.78-134532.8,274.682467,-13.759102,36,36,57210.5561,0,0.371,,,,,,,,,,,,,,,,,,,,,,,,,,,,,,,18.6607,0.0818,18.8711,0.2265,18.6045,0.1091,6.47,2374957708.0
134,63.46,266605678,2,3,181840.99-134731.8,274.670803,-13.792151,36,210,57367.1228,0,0.458,,,,,,,,,,,,,,,,,,,,,,,,,,,,,,,17.359,0.0943,17.4133,0.1796,17.3072,0.0772,4.71,266605680.0
135,63.48,266605675,9,0,181839.36-134720.6,274.664032,-13.789053,78,39,57285.7969,3,0.82,,,,,,,,,,,,,,,,,,,,,,,,,17.3061,0.046,17.461,0.0665,17.2476,0.038,16.4135,0.06,16.5074,0.0613,16.4091,0.0277,8.92,1309065013.0
136,63.6,1309069278,3,1027,181846.20-134646.9,274.692542,-13.779678,37,36,58221.1343,0,0.955,,,,,,,,,,,,,,,,,,,,,,,,,18.1785,,18.3972,,18.2409,,17.4989,0.1083,17.0433,0.1373,17.3418,0.0715,8.62,266606890.0
137,63.63,2374954240,0,4096,181843.96-134726.8,274.683194,-13.790781,42,36,57711.6904,0,0.902,,,,,,,,,,,,,,,,,,,,,,,,,19.3501,,,,20.6905,,18.2285,,19.8215,,18.6132,,8.26,2374954239.0
138,64.18,266608140,22,3,181843.00-134527.7,274.679182,-13.75764,111,89,57936.6823,0,0.988,,,,,,,,,,,,,19.6064,0.0211,20.4866,0.1382,19.5811,0.0392,18.1685,0.0204,18.3517,0.023,18.1576,0.0212,16.8532,0.0152,16.9609,0.0262,16.8725,0.0176,16.0835,0.0201,16.1695,0.0758,16.1159,0.0277,6.06,266608141.0
139,64.57,266605709,8,0,181845.45-134710.2,274.689429,-13.786194,45,36,57492.793,0,0.983,,,,,,,,,,,,,,,,,,,,,,,,,17.0536,0.0496,17.2492,0.1324,17.0695,0.0577,16.3337,0.0331,16.5743,0.0954,16.3953,0.031,8.82,1309066676.0
140,65.27,266605627,41,2051,181838.40-134709.0,274.66005,-13.785858,36,36,57692.3431,14,0.994,13.8781,0.0186,13.8983,0.0179,13.8638,0.0191,13.6869,0.0107,13.7072,0.0103,13.6799,0.0112,12.9477,0.01,12.9578,0.0094,12.9413,0.0111,12.5711,0.0098,12.5831,0.0093,12.567,0.011,12.2145,0.017,12.1123,0.0532,12.2244,0.0155,12.0231,0.0175,11.7945,0.0318,12.0283,0.0177,9.29,266605685.0
141,65.93,266608065,9,3,181838.80-134543.4,274.661682,-13.762035,36,41,57286.5736,0,0.979,,,,,,,,,,,,,,,,,,,,,,,,,17.9632,0.0286,17.9747,0.0561,17.9756,0.0244,17.1649,0.0513,16.3949,0.2962,17.1025,0.0699,4.32,266608072.0
142,65.95,266608136,41,3,181845.03-134541.0,274.68765,-13.761412,36,36,57663.0551,5,0.996,13.8255,0.0204,13.7928,0.0191,13.8442,0.0202,13.6668,0.0104,13.6325,0.0101,13.6767,0.0106,12.8633,0.0118,12.8255,0.0112,12.8738,0.0111,12.4372,0.0157,12.3818,0.0105,12.4513,0.0126,12.0609,0.0141,11.9866,0.0127,12.0764,0.013,11.8438,0.0216,11.7426,0.0192,11.8588,0.0207,10.18,266608135.0
143,66.07,266605674,10,2051,181840.25-134731.1,274.667721,-13.791938,36,69,57537.661,0,0.972,,,,,,,,,,,,,,,,,,,17.6712,0.1024,17.873,0.1246,17.6615,0.1052,16.5508,0.0352,16.4562,0.0333,16.5011,0.0367,15.8666,0.0569,15.7353,0.1201,15.8575,0.0304,6.3,1309065005.0
144,66.1,2374958915,1,0,181846.14-134603.2,274.692281,-13.767558,36,36,59104.3921,0,0.349,,,,,,,18.6706,0.4165,21.2612,0.304,19.3479,0.1746,,,,,,,,,,,,,,,,,,,,,,,,,5.92,1309069303.0
145,66.31,2374956034,0,1536,181846.02-134700.8,274.691781,-13.783581,45,159,57988.4339,0,0.765,,,,,,,,,,,,,,,,,,,,,,,,,,,,,,,17.2902,,17.6811,,17.5945,,7.42,266606888.0
146,66.33,1309068080,1,0,181837.64-134649.2,274.656853,-13.780367,36,36,58741.3748,0,0.507,,,,,,,,,,,,,,,,,,,,,,,,,18.7343,0.0979,18.8754,0.0977,18.7266,0.0727,,,,,,,7.58,266608019.0
147,66.43,1309065003,2,1,181841.64-134736.2,274.673527,-13.793397,133,36,57975.9675,0,0.933,,,,,,,,,,,,,,,,,,,,,,,,,,,,,,,17.9181,0.1466,18.3676,0.0966,18.2231,0.0722,4.03,266605654.0
148,66.87,2374957708,1,0,181843.57-134527.1,274.681543,-13.757545,36,36,57210.5588,0,0.542,,,,,,,,,,,,,,,,,,,,,,,,,,,,,,,18.5485,0.0582,20.2384,0.5018,19.0466,0.1544,4.53,2374957712.0
149,67.28,1309069303,1,1,181846.03-134557.3,274.691847,-13.765969,36,36,58686.5322,0,0.0,,,,,,,18.031,0.4808,18.6543,0.3084,19.396,0.1381,,,,,,,,,,,,,,,,,,,,,,,,,5.92,2374958915.0
150,67.43,2374954230,2,2051,181842.20-134737.3,274.675868,-13.793711,102,78,57367.1222,0,0.927,,,,,,,,,,,,,,,,,,,16.793,0.0486,16.632,0.0638,16.7829,0.037,,,,,,,,,,,,,6.9,266605698.0
151,68.37,266608060,6,3,181837.67-134603.3,274.656996,-13.767587,54,73,57193.2692,0,0.908,,,,,,,,,,,,,,,,,,,,,,,,,17.0546,0.0739,16.8651,0.1478,17.0719,0.0382,16.2349,0.07,15.9556,0.1435,16.2092,0.0355,4.42,2374957571.0
152,68.6,1309064933,1,1,181838.74-134719.6,274.661463,-13.788793,36,36,58741.3762,0,0.332,,,,,,,,,,,,,,,,,,,,,,,,,,,,,,,18.0399,0.4861,17.7447,0.1431,18.4154,0.137,3.2,1309064932.0
153,68.76,266605700,6,1,181843.26-134736.3,274.680253,-13.793405,36,88,57711.6895,0,0.964,,,,,,,,,,,,,,,,,,,,,,,,,18.5253,0.0639,18.71,0.0598,18.5659,0.0647,17.731,0.0554,18.0573,0.2021,17.8649,0.1247,7.47,266605668.0
154,69.33,266605705,40,3,181845.24-134720.7,274.688558,-13.789054,74,98,57827.6481,7,0.984,15.9357,0.0218,16.031,0.0242,15.9244,0.0213,15.5916,0.0133,15.6875,0.0145,15.5777,0.0121,14.4278,0.0284,14.4105,0.0167,14.4785,0.0138,13.6917,0.0652,13.7389,0.0173,13.865,0.015,13.0385,0.0611,13.0308,0.0329,13.2481,0.0181,12.5615,0.0636,12.5651,0.0416,12.8304,0.023,2.14,2374954243.0
155,69.38,266608063,3,3,181837.80-134557.3,274.657508,-13.765904,36,108,57193.2692,0,0.52,,,,,,,,,,,,,,,,,,,,,,,,,17.5046,0.3737,17.328,0.1063,17.8725,0.1095,17.2462,0.0979,16.9091,0.2917,17.3514,0.0801,4.12,266608062.0
156,69.58,266608124,2,1,181839.42-134531.6,274.664261,-13.758729,36,51,57367.1227,0,0.473,,,,,,,,,,,,,,,,,,,,,,,,,17.3642,0.3079,16.8209,0.1262,17.594,0.1,16.5321,0.2108,16.2794,0.1467,16.5694,0.0671,6.58,266608123.0
157,69.64,266605677,39,2051,181840.96-134738.0,274.670698,-13.793888,36,36,57850.5589,0,0.989,18.0785,0.0829,18.2556,0.0916,18.0521,0.0906,17.7659,0.0361,17.851,0.0832,17.7649,0.0387,15.8843,0.0118,15.8638,0.0157,15.8923,0.0102,15.204,0.0106,15.2049,0.0174,15.2103,0.0106,14.6044,0.0172,14.4766,0.0288,14.6365,0.0102,14.2974,0.0294,14.0189,0.0305,14.3554,0.0169,5.82,266605651.0
158,69.65,2374957556,0,16,181837.23-134635.6,274.655146,-13.776562,36,36,58687.5331,0,0.363,,,,,,,16.7153,,18.1082,,18.4521,,,,,,,,,,,,,,,,,,,,,,,,,,9.2,266608023.0
159,70.0,2374957571,6,3,181837.47-134606.5,274.656136,-13.768486,132,251,57577.5591,0,0.813,,,,,,,,,,,,,18.0691,0.3835,19.6657,0.2739,18.756,0.0344,,,,,,,15.6009,0.1402,15.6643,0.1617,16.4268,0.1958,14.7555,0.2542,14.2804,0.0604,15.1518,0.0552,1.36,266608037.0
160,70.07,266608037,9,3,181837.42-134607.8,274.655991,-13.768838,164,36,57141.7985,0,0.909,,,,,,,,,,,,,,,,,,,17.0776,0.0784,17.2617,0.2506,17.1297,0.1474,15.9889,0.0659,15.9046,0.0864,16.0246,0.046,15.7782,0.3302,15.2496,0.3061,15.5515,0.2873,1.36,2374957571.0
161,70.11,266605654,1,1,181841.74-134740.0,274.67393,-13.794446,36,36,57210.5547,0,0.515,,,,,,,,,,,,,,,,,,,,,,,,,19.7232,0.1064,20.2845,0.2919,19.6211,0.1094,,,,,,,4.03,1309065003.0
162,70.18,266608072,7,3,181838.56-134540.9,274.660654,-13.761368,64,36,57146.0187,0,0.978,,,,,,,,,,,,,,,,,,,,,,,,,18.1323,0.0307,18.0542,0.0375,18.1137,0.0309,17.2395,0.0522,17.1323,0.1426,17.2146,0.0477,4.32,266608065.0
163,70.23,266608141,3,3,181843.07-134521.4,274.679462,-13.755978,74,62,57210.557,0,0.921,,,,,,,,,,,,,,,,,,,,,,,,,18.8395,0.181,18.1435,0.27,18.9441,0.0527,17.7301,0.2389,16.6446,0.0739,17.8172,0.0779,4.16,266608142.0
164,70.32,1309064932,4,1,181838.53-134719.0,274.660569,-13.788604,36,53,57975.9668,0,0.773,,,,,,,,,,,,,,,,,,,,,,,,,19.4508,0.1457,19.785,0.3949,19.6309,0.3427,18.0649,0.2415,18.1532,0.2599,18.3978,0.0801,3.2,1309064933.0
165,70.59,2374957712,1,0,181843.82-134524.6,274.682616,-13.756839,36,97,57210.5575,0,0.718,,,,,,,,,,,,,,,,,,,,,,,,,19.676,0.061,21.1132,0.4766,20.3675,0.2162,18.4946,,19.8175,,18.7789,,4.53,2374957708.0
166,70.73,2374954243,2,3,181845.40-134720.4,274.689168,-13.789023,234,65,58688.0249,1,0.876,,,,,,,,,,,,,13.9766,0.1689,14.4215,0.059,14.9886,0.0916,,,,,,,,,,,,,,,,,,,2.14,266605705.0
167,71.44,266608142,13,3,181843.36-134521.4,274.68065,-13.75593,212,116,57670.5977,0,0.979,,,,,,,,,,,,,,,,,,,,,,,,,18.014,0.0191,17.8824,0.1382,18.0573,0.0247,17.2584,0.0274,17.1505,0.1655,17.2566,0.0445,4.16,266608141.0
168,71.72,266606890,7,3,181846.68-134652.0,274.694527,-13.781097,36,47,57554.3356,0,0.973,,,,,,,,,,,,,,,,,,,16.9467,0.2309,16.8525,0.0752,17.154,0.0707,16.1994,0.0333,16.1308,0.0369,16.2156,0.0264,15.7142,0.0405,15.598,0.118,15.6765,0.0375,7.97,266606889.0
169,72.05,1309066676,1,515,181846.06-134711.0,274.691943,-13.786394,36,36,58741.3748,7,0.521,,,,,,,,,,,,,,,,,,,,,,,,,18.9144,0.189,18.8506,0.2144,18.9466,0.087,15.4341,,20.4176,,17.7512,,6.14,1309066665.0
170,73.0,266605673,42,2051,181839.79-134735.8,274.665805,-13.793207,37,92,57895.022,1,0.984,18.0622,0.0347,18.4152,0.0862,18.1045,0.0414,17.8598,0.0316,17.8387,0.1069,17.8551,0.0342,15.3666,0.0303,15.2229,0.0413,15.483,0.03,14.3287,0.0445,14.1912,0.0724,14.5044,0.0305,13.4427,0.043,13.4202,0.0216,13.6063,0.0157,12.9786,0.0459,12.9162,0.0158,13.1032,0.018,8.11,266605674.0
171,73.44,266605628,32,2049,181837.34-134658.2,274.655615,-13.782857,51,54,57836.152,4,0.994,,,,,,,,,,,,,17.0944,0.0128,17.0961,0.0228,17.1106,0.0098,16.3506,0.0119,16.3598,0.0208,16.3606,0.0117,15.8154,0.0117,15.8399,0.0209,15.819,0.0118,15.5639,0.0179,15.6552,0.0315,15.5773,0.0195,8.14,266608019.0
172,73.47,266608062,2,3,181837.54-134555.7,274.656415,-13.765479,76,36,57498.7539,0,0.821,,,,,,,,,,,,,,,,,,,,,,,,,17.4386,0.4,17.2361,0.1313,17.8182,0.119,17.3098,0.2725,17.4938,0.1599,17.4761,0.128,1.59,2374957604.0
173,73.49,266608035,1,515,181837.13-134610.5,274.654724,-13.76962,36,36,57498.754,0,0.35,,,,,,,,,,,,,,,,,,,,,,,,,17.8688,,18.4051,,17.8766,,17.1046,0.1036,17.1921,0.1272,17.2066,0.106,5.25,266608037.0
174,73.5,266606889,42,3,181846.60-134659.8,274.69421,-13.78329,37,40,58003.2524,5,0.995,15.0562,0.0207,15.0654,0.021,15.0618,0.0216,14.6106,0.0101,14.6104,0.0105,14.6097,0.0113,13.7513,0.0096,13.714,0.0197,13.7674,0.0114,13.3952,0.0132,13.3122,0.0699,13.3975,0.0135,13.1002,0.0129,13.004,0.0595,13.1884,0.0623,12.8765,0.018,12.7383,0.0748,12.8857,0.0181,7.97,266606890.0
175,73.61,266608123,2,1,181838.95-134531.3,274.662382,-13.758634,213,100,58092.6445,0,0.796,,,,,,,,,,,,,,,,,,,,,,,,,,,,,,,17.4175,0.2637,17.1308,0.5281,17.4661,0.2706,6.58,266608124.0
176,73.67,1309066665,1,3,181845.90-134716.6,274.691291,-13.787978,36,36,58741.3762,0,0.001,,,,,,,,,,,,,,,,,,,,,,,,,,,,,,,17.7924,0.3894,16.6615,0.0951,17.9909,0.0994,6.14,1309066676.0
177,73.87,266608019,5,1,181837.11-134650.7,274.654725,-13.780768,36,42,58118.0793,0,0.928,,,,,,,,,,,,,,,,,,,,,,,,,18.9608,0.0601,18.777,0.0482,18.9678,0.0369,18.1839,0.046,18.2561,0.1226,18.1463,0.1105,6.61,2374957550.0
178,73.95,266605620,21,2051,181838.81-134727.4,274.661721,-13.790989,80,168,57500.7627,1,0.983,,,,,,,,,,,,,17.4395,0.0458,17.3741,0.1268,17.4758,0.0436,16.8026,0.0224,16.7028,0.0663,16.79,0.026,16.3007,0.019,16.1524,0.0437,16.2883,0.0149,16.0307,0.0324,15.7357,0.1054,16.0069,0.0229,5.9,266605621.0
179,74.04,2374957604,2,3,181837.45-134556.7,274.656075,-13.765772,45,36,57210.5561,0,0.142,,,,,,,,,,,,,,,,,,,,,,,,,15.7284,0.2936,16.0646,0.051,17.0103,0.0251,,,,,,,1.38,266608061.0
180,74.43,266605653,4,1,181842.04-134744.4,274.675211,-13.795675,36,346,58048.0149,0,0.682,,,,,,,,,,,,,,,,,,,,,,,,,18.8527,0.1319,18.7244,0.1566,18.7791,0.1305,17.8577,0.239,17.903,0.3967,17.8042,0.1624,5.6,266605652.0
181,74.48,2374954140,0,4096,181837.59-134707.7,274.656638,-13.785487,54,58,57720.829,0,0.886,,,,,,,,,,,,,,,,,,,,,,,,,18.8498,,19.4044,,19.2069,,,,,,,,10.12,266605628.0
182,74.5,266605666,10,2,181842.60-134743.9,274.677541,-13.795546,36,36,57923.232,0,0.98,,,,,,,,,,,,,,,,,,,,,,,,,17.8747,0.1083,17.8396,0.1057,17.8113,0.1018,16.8916,0.0469,16.74,0.1228,16.8838,0.046,6.39,266605665.0
183,74.88,266605651,3,2051,181841.07-134743.6,274.671112,-13.795454,199,36,57912.9612,0,0.983,,,,,,,,,,,,,,,,,,,17.2128,0.4252,17.3879,0.1051,17.5225,0.0885,,,,,,,15.9249,0.0773,15.8833,0.0587,15.9182,0.0442,4.77,266605649.0
184,75.16,2374957783,0,513,181842.21-134514.9,274.675876,-13.754139,131,172,57210.5581,0,0.51,,,,,,,,,,,,,,,,,,,,,,,,,19.6702,,,,19.7794,,19.058,,,,19.0626,,5.79,266608193.0
185,75.24,266608061,12,3,181837.34-134556.8,274.65568,-13.765798,36,36,57258.0941,0,0.949,,,,,,,,,,,,,18.0593,0.4074,17.7742,0.0429,18.8252,0.0359,17.9451,0.1169,17.6366,0.2157,17.9339,0.0786,17.0583,0.0339,16.7566,0.1871,17.0114,0.058,16.2211,0.0793,15.7393,0.1279,16.2352,0.0439,1.38,2374957604.0
186,75.46,266605669,21,3,181843.76-134740.8,274.682336,-13.794713,36,59,57979.7132,0,0.982,,,,,,,,,,,,,19.9525,0.0448,20.2586,0.1603,19.9925,0.0854,18.6724,0.0218,18.776,0.1232,18.6679,0.0235,17.3311,0.0136,17.4315,0.0242,17.3389,0.0148,16.5241,0.0235,16.5541,0.1041,16.5575,0.0318,7.92,266605671.0
187,75.61,2374958892,1,0,181847.17-134634.9,274.696578,-13.776365,36,36,58741.3748,0,0.559,,,,,,,,,,,,,,,,,,,,,,,,,19.6739,0.067,20.0127,0.2911,19.9564,0.208,,,,,,,9.62,2374958893.0
188,75.63,266605668,6,3,181843.18-134743.7,274.679929,-13.795455,36,36,57664.153,0,0.978,,,,,,,,,,,,,,,,,,,,,,,,,17.9712,0.0216,18.1961,0.0521,18.0202,0.0339,17.0841,0.0479,17.1352,0.106,17.0997,0.0628,4.11,266605667.0
189,75.83,266605621,5,3,181838.44-134725.4,274.660161,-13.790363,36,54,57880.524,0,0.893,,,,,,,,,,,,,,,,,,,,,,,,,18.0317,0.0985,17.7334,0.0522,17.9757,0.044,17.4535,0.0868,16.9414,0.3845,17.1744,0.1585,5.9,266605620.0
190,76.05,2374954166,1,1,181840.23-134741.5,274.667627,-13.794873,36,36,57498.754,0,0.27,,,,,,,,,,,,,,,,,,,,,,,,,,,,,,,17.1917,0.2449,17.0957,0.1086,17.2281,0.1065,6.25,266605650.0
191,76.15,266609121,24,1,181846.35-134547.9,274.693153,-13.763313,36,36,58131.178,6,0.984,18.4712,0.0472,19.0749,0.3327,18.576,0.066,18.0914,0.0398,18.608,0.1459,18.1559,0.0434,16.3767,0.0248,16.5494,0.0404,16.3816,0.0266,15.7772,0.0283,16.0234,0.0524,15.7806,0.0246,15.2193,0.0148,15.2854,0.0138,15.2124,0.0151,14.9988,0.023,15.1486,0.0211,15.0007,0.0226,10.6,1309069303.0
192,76.2,266608193,9,3,181841.81-134513.8,274.674247,-13.753847,75,370,57357.5004,3,0.638,,,,,,,,,,,,,,,,,,,,,,,,,18.0081,0.1215,17.4913,0.2001,17.8532,0.076,16.6602,0.0927,16.6064,0.1242,16.7739,0.0458,5.79,2374957783.0
193,76.46,1309068218,1,1,181843.53-134517.2,274.681601,-13.754751,36,36,58686.5281,0,0.571,,,,,,,,,,,,,19.282,0.301,18.6974,0.0866,19.914,0.0802,,,,,,,,,,,,,,,,,,,5.39,266608142.0
194,76.59,266608125,19,7,181840.09-134518.5,274.667072,-13.755166,36,36,57844.8142,7725,1.0,10.6296,0.0196,10.6243,0.019,10.6315,0.0201,10.5627,0.0115,10.5608,0.011,10.5628,0.012,9.6857,0.0138,9.6839,0.0136,9.6865,0.0162,9.1345,,9.1905,,9.1968,,8.6173,0.0491,8.5078,0.0491,8.6213,0.0493,7.9127,,8.2335,,8.3273,,15.0,
195,76.95,266605650,54,2051,181840.61-134744.3,274.669237,-13.79563,41,40,57799.21,4,0.998,15.8464,0.0191,15.8881,0.0206,15.8409,0.0201,15.4303,0.0116,15.4598,0.0122,15.4317,0.0122,14.0856,0.0072,14.0491,0.0328,14.1206,0.029,13.5686,0.0083,13.5629,0.0121,13.5759,0.0097,13.1504,0.0115,13.0935,0.0124,13.1686,0.01,12.9464,0.0176,12.8406,0.0251,12.9689,0.016,6.25,2374954166.0
196,76.95,2374957550,1,1,181836.83-134645.8,274.653464,-13.7794,36,36,58741.3748,0,0.082,,,,,,,,,,,,,,,,,,,,,,,,,18.2718,0.3586,18.1111,0.0875,18.5852,0.0652,,,,,,,6.61,266608019.0
197,77.08,266605622,14,3587,181838.06-134721.6,274.658621,-13.78933,36,37,57453.111,3,0.984,,,,,,,,,,,,,,,,,,,17.6626,,18.1934,,17.7793,,16.2696,0.0295,16.4201,0.0703,16.2985,0.0387,15.5406,0.0236,15.724,0.0506,15.5662,0.0253,6.54,266605621.0
198,78.06,266608144,42,3,181844.97-134525.0,274.687393,-13.756964,36,36,57779.0788,0,0.996,15.2779,0.0198,15.2804,0.0202,15.2772,0.0206,15.0943,0.01,15.0971,0.0183,15.0937,0.0111,13.8363,0.0081,13.8419,0.0109,13.8365,0.0098,13.0623,0.0086,13.0162,0.0314,13.0642,0.0109,12.2946,0.0119,12.2502,0.034,12.2935,0.013,11.8263,0.0193,11.7817,0.0423,11.8264,0.0207,14.77,266608203.0
199,78.57,266605649,5,2051,181841.23-134747.7,274.671793,-13.796601,36,36,57614.6454,0,0.982,,,,,,,,,,,,,,,,,,,17.6839,0.0805,17.6433,0.0987,17.6369,0.0678,16.6378,0.1488,16.7773,0.1076,16.7309,0.0564,16.1938,0.0366,16.2168,0.1238,16.1556,0.0446,4.77,266605651.0
200,79.04,266609104,4,3,181847.55-134627.0,274.69754,-13.773311,82,55,57210.5568,0,0.78,,,,,,,,,,,,,,,,,,,,,,,,,17.6895,0.3971,17.4996,0.0436,18.5641,0.0376,17.4051,0.2858,17.4868,0.0584,17.8148,0.0532,3.81,2374958893.0
201,79.08,266605652,6,2,181841.84-134749.1,274.674306,-13.796957,90,36,57836.972,0,0.974,,,,,,,,,,,,,,,,,,,,,,,,,18.1985,0.0404,18.12,0.0629,18.168,0.0286,17.3601,0.1515,17.1441,0.0651,17.3464,0.065,5.6,266605653.0
202,79.1,266608200,8,3,181843.11-134512.8,274.67961,-13.753489,125,170,58220.5962,0,0.849,,,,,,,,,,,,,,,,,,,,,,,,,18.7434,0.0599,18.0421,0.1556,18.6844,0.0812,17.8129,0.0947,16.3838,0.731,17.5878,0.2192,6.46,1309068285.0
203,79.11,1309069282,3,1,181847.26-134648.9,274.696972,-13.780247,67,50,58212.822,0,0.882,,,,,,,,,,,,,,,,,,,,,,,,,18.5314,0.1725,18.384,0.1292,18.6359,0.0773,18.6021,,18.9305,,18.663,,8.56,266606892.0
204,79.42,266608073,37,3,181837.99-134536.1,274.658319,-13.760026,36,36,57987.7664,0,0.994,17.9567,0.0358,18.3961,0.1874,17.9544,0.0428,17.5965,0.0193,17.7496,0.0897,17.5925,0.0257,16.0747,0.0094,16.1919,0.015,16.069,0.0085,15.5196,0.0109,15.6356,0.0119,15.5118,0.0103,15.0601,0.0111,15.0964,0.0111,15.0607,0.0123,14.8443,0.0216,14.8697,0.0441,14.8417,0.0219,7.13,1309068134.0
205,79.53,266605667,22,3,181843.30-134746.9,274.680553,-13.796423,64,55,57935.9123,0,0.985,,,,,,,,,,,,,19.4786,0.0404,19.9672,0.1248,19.5209,0.0579,18.1943,0.0244,18.3909,0.0345,18.1971,0.0262,16.9274,0.0134,16.9911,0.0342,16.9501,0.0133,16.2461,0.0323,16.3117,0.0591,16.3005,0.027,4.11,266605668.0
206,79.92,266608032,1,1,181836.58-134616.8,274.652455,-13.771337,36,36,57498.754,0,0.679,,,,,,,,,,,,,,,,,,,,,,,,,,,,,,,17.4443,0.0603,18.4615,0.4959,17.4609,0.126,5.24,266608033.0
207,80.43,266608075,2,0,181838.45-134528.3,274.660241,-13.757865,36,36,57210.5561,0,0.549,,,,,,,,,,,,,,,,,,,,,,,,,19.7885,0.1127,20.4064,0.3265,19.9341,0.1035,,,,,,,7.98,266608123.0
208,80.47,266605645,29,2051,181839.81-134743.9,274.66592,-13.79554,77,44,57686.053,11,0.992,,,,,,,,,,,,,17.0433,0.144,16.8366,0.0667,16.9687,0.1023,16.0079,0.1117,15.9833,0.1466,16.1195,0.1591,14.583,0.0436,14.5567,0.0466,14.7384,0.0518,13.9057,0.0444,13.866,0.0386,14.0713,0.049,6.43,2374954166.0
209,80.62,1309068285,1,3,181842.69-134510.0,274.677912,-13.752784,36,36,57210.5588,0,0.053,,,,,,,,,,,,,,,,,,,,,,,,,,,,,,,18.9232,0.2296,18.4164,0.2219,19.0075,0.1503,2.09,1309068284.0
210,80.68,1309068284,3,3,181842.51-134509.7,274.677321,-13.752702,92,36,57210.5574,0,0.725,,,,,,,,,,,,,,,,,,,,,,,,,18.2321,0.4595,18.0458,0.135,19.2683,0.0863,18.6444,0.3764,17.7094,0.4502,18.6046,0.2025,2.09,1309068285.0
211,80.86,266605665,1,1025,181842.61-134750.3,274.677571,-13.797322,36,45,58741.3762,0,0.966,,,,,,,,,,,,,,,,,,,,,,,,,18.3147,,18.4047,,18.3932,,17.3952,0.0797,17.16,0.1008,17.3593,0.0675,6.39,266605666.0
212,81.04,2374958893,6,3,181847.55-134627.0,274.698162,-13.774179,36,45,57756.7502,0,0.941,,,,,,,,,,,,,,,,,,,,,,,,,18.6096,0.0464,18.5718,0.0428,18.5861,0.0379,17.7055,0.0954,17.453,0.3377,17.5891,0.1274,3.81,266609104.0
213,81.3,266605671,1,1027,181844.24-134744.4,274.684379,-13.795664,38,36,57210.5547,0,0.701,,,,,,,,,,,,,,,,,,,,,,,,,19.0095,0.0868,18.958,0.0934,18.9733,0.0674,17.9903,,18.3363,,17.9654,,7.92,266605669.0
214,81.4,2374956024,1,0,181846.51-134717.8,274.693831,-13.788294,36,36,58686.5322,0,0.08,,,,,,,18.3945,0.4403,18.0264,0.1396,19.354,0.1317,,,,,,,,,,,,,,,,,,,,,,,,,6.45,266606880.0
215,81.56,266609120,1,1539,181847.09-134556.7,274.696305,-13.765778,153,53,57210.5588,0,0.941,,,,,,,,,,,,,,,,,,,,,,,,,18.746,,18.8136,,18.7712,,17.5114,0.1442,17.4551,0.0947,17.5153,0.0719,7.01,266609122.0
216,81.57,266609110,15,0,181847.36-134606.8,274.697367,-13.768556,36,97,57550.0936,0,0.985,,,,,,,,,,,,,18.3912,0.0195,18.7831,0.0435,18.3946,0.0215,17.6441,0.044,17.903,0.0375,17.6591,0.0318,16.9759,0.0162,17.0894,0.0375,17.0045,0.0221,16.6903,0.0361,16.8438,0.0689,16.7057,0.0364,9.82,2374958899.0
217,81.77,266605619,3,1,181838.05-134728.6,274.658596,-13.791188,89,53,57720.8294,0,0.726,,,,,,,,,,,,,,,,,,,,,,,,,19.7144,0.0406,19.9631,0.3672,19.8897,0.099,17.8819,0.3154,17.6503,0.1866,17.956,0.0967,6.23,266605621.0
218,82.29,266608194,8,3,181841.71-134507.8,274.673818,-13.752171,85,82,57375.8681,0,0.9,,,,,,,,,,,,,,,,,,,,,,,,,17.8148,0.0521,18.266,0.1019,18.0389,0.0804,17.1187,0.0417,17.1513,0.1336,17.118,0.0468,6.22,266608193.0
219,82.49,266608203,24,1,181844.26-134514.4,274.684462,-13.754011,55,39,57599.7372,0,0.985,,,,,,,18.6518,0.0732,18.8037,0.1709,18.7619,0.1117,16.7962,0.0116,16.7407,0.0271,16.7983,0.0097,15.8138,0.0168,15.6896,0.0405,15.8206,0.0164,14.8292,0.0159,14.824,0.0159,14.8299,0.0163,14.1539,0.0244,14.1118,0.0563,14.1558,0.025,10.35,1309068218.0
220,82.67,1309068134,1,1,181837.54-134538.8,274.656435,-13.76078,36,36,57210.5588,0,0.364,,,,,,,,,,,,,,,,,,,,,,,,,,,,,,,17.9267,0.3203,17.7589,0.0888,18.076,0.085,7.13,266608073.0
221,82.69,266606880,6,3,181846.29-134723.8,274.693004,-13.789896,139,149,57607.4764,0,0.521,,,,,,,,,,,,,,,,,,,,,,,,,17.8886,0.0476,18.1493,0.3585,17.9507,0.0417,17.3074,0.1384,16.6466,0.2279,17.3202,0.0646,5.05,266606879.0
222,82.75,266605617,16,2051,181838.34-134733.6,274.659737,-13.792566,51,97,57900.2293,0,0.979,,,,,,,,,,,,,,,,,,,18.7914,0.0431,18.7048,0.0752,18.7775,0.0547,17.721,0.0229,17.9219,0.0448,17.763,0.0335,16.9507,0.0253,17.0373,0.0856,16.959,0.0497,6.37,266605619.0
223,84.0,266608033,11,3,181836.35-134612.8,274.651484,-13.77023,40,36,57317.5742,0,0.981,,,,,,,,,,,,,,,,,,,,,,,,,17.5446,0.0232,17.5461,0.0494,17.5471,0.0278,16.8001,0.0292,16.8946,0.2121,16.8492,0.0497,5.24,266608032.0
224,84.33,266608059,23,3,181836.72-134555.3,274.653011,-13.765377,52,36,57497.1768,1,0.984,,,,,,,,,,,,,18.0398,0.0951,18.2187,0.1331,17.9244,0.069,17.256,0.0353,17.2449,0.0889,17.2835,0.0345,16.7595,0.0135,16.8506,0.0213,16.7678,0.0145,16.4785,0.0205,16.588,0.0259,16.4907,0.0244,9.45,266608061.0
225,84.34,266605626,11,3,181836.54-134658.5,274.652295,-13.782911,51,54,57507.678,3,0.99,,,,,,,,,,,,,,,,,,,18.4307,,19.2765,,18.5808,,17.3953,0.036,17.7002,0.1462,17.4548,0.0817,16.9695,0.0261,16.8949,0.1833,17.0077,0.0396,5.27,266605625.0
226,84.52,266606892,20,3,181847.49-134656.7,274.69793,-13.782435,56,44,57683.4712,0,0.983,,,,,,,,,,,,,17.4679,0.0762,17.4175,0.0706,17.5248,0.0535,16.615,0.0807,16.2698,0.1027,16.6991,0.0296,16.2328,0.0195,16.174,0.0285,16.2374,0.0146,15.9258,0.0281,15.7022,0.0791,15.9138,0.0194,5.25,1309066685.0
227,84.64,266608027,30,3,181836.23-134619.0,274.651005,-13.7719,73,179,57787.0654,0,0.988,,,,,,,,,,,,,17.1493,0.0181,17.2635,0.0555,17.1556,0.0195,16.1423,0.0168,16.319,0.0232,16.1565,0.0151,15.1933,0.013,15.1862,0.0196,15.2149,0.0126,14.6629,0.0181,14.6763,0.0216,14.6805,0.0192,5.46,266608032.0
228,84.68,266606878,15,3,181846.05-134730.5,274.691897,-13.791853,104,179,57287.6581,0,0.912,,,,,,,,,,,,,,,,,,,17.2759,0.1227,15.6714,0.2864,17.411,0.0576,16.5462,0.0534,15.8947,0.1502,16.5801,0.02,15.8063,0.1062,15.2786,0.2095,15.8741,0.0291,4.97,2374956017.0
229,85.02,2374956017,0,515,181845.82-134734.2,274.690918,-13.792855,36,36,57235.4916,0,0.649,,,,,,,,,,,,,,,,,,,,,,,,,,,,,,,17.3402,,19.0487,,17.3255,,4.97,266606878.0
230,85.49,266606891,7,3,181847.39-134703.6,274.697486,-13.784328,39,140,57941.5677,0,0.976,,,,,,,,,,,,,,,,,,,,,,,,,18.2744,0.0387,18.1411,0.0559,18.294,0.0463,17.3933,0.0791,16.9581,0.3582,17.3702,0.1067,6.99,266606892.0
231,85.56,2374957787,19,3,181842.59-134504.8,274.677474,-13.751356,36,178,57588.8022,0,0.543,,,,,,,,,,,,,17.6719,0.4308,18.5367,0.1565,18.7825,0.0323,17.9392,0.1748,17.5946,0.2844,18.1696,0.091,16.9117,0.0607,16.3664,0.0834,16.9578,0.026,16.0761,0.0707,15.7288,0.1313,16.1985,0.0263,4.88,1309068284.0
232,85.76,266608031,9,3,181836.32-134607.0,274.65138,-13.768583,144,74,57767.9467,0,0.915,,,,,,,,,,,,,,,,,,,,,,,,,18.3142,0.0943,17.8297,0.1419,18.3576,0.0674,16.3108,0.2674,16.1113,0.1653,17.2011,0.1051,4.97,266608030.0
233,86.22,266605618,2,1,181837.20-134720.6,274.655055,-13.789083,78,108,57498.7539,0,0.936,,,,,,,,,,,,,,,,,,,,,,,,,17.3634,0.1151,17.2916,0.1005,17.4313,0.0883,16.5242,0.1489,16.5143,0.0778,16.6158,0.0759,7.07,2374954128.0
234,86.46,266608021,18,2051,181836.08-134636.4,274.650339,-13.776748,41,36,57595.6185,3,0.992,,,,,,,,,,,,,,,,,,,16.2683,0.0166,16.4118,0.0607,16.2662,0.0221,15.2242,0.015,15.2097,0.0477,15.2245,0.0136,14.6238,0.018,14.5522,0.0497,14.6227,0.0178,5.88,266608020.0
235,86.47,1309064962,1,0,181839.92-134750.9,274.666366,-13.797508,36,36,58741.3762,0,0.873,,,,,,,,,,,,,,,,,,,,,,,,,,,,,,,17.6191,0.0471,17.7568,0.0745,17.6185,0.0771,6.7,266605643.0
236,86.67,1309064985,2,2,181843.58-134753.5,274.681609,-13.798203,36,200,57975.9675,0,0.897,,,,,,,,,,,,,,,,,,,,,,,,,,,,,,,17.8507,0.1486,18.0758,0.0859,17.7937,0.0575,5.0,266605664.0
237,87.7,266608025,7,3,181835.97-134629.3,274.649919,-13.774821,36,36,57403.0305,0,0.982,,,,,,,,,,,,,,,,,,,,,,,,,17.3659,0.0282,17.4636,0.0386,17.4217,0.0314,16.8283,0.0273,16.7731,0.1305,16.8527,0.0381,7.09,266608021.0
238,87.72,266606879,2,515,181846.58-134726.4,274.694187,-13.790701,36,36,57040.527,0,0.503,,,,,,,,,,,,,,,,,,,,,,,,,18.2899,,,,18.2339,,17.449,0.0951,17.2829,0.135,17.3676,0.0831,5.05,266606880.0
239,87.89,266606882,6,1,181846.90-134721.3,274.695415,-13.789244,58,64,58250.7564,0,0.876,,,,,,,,,,,,,,,,,,,,,,,,,18.5469,0.0373,18.6785,0.1537,18.5079,0.0462,17.8588,0.1885,18.3208,0.2855,18.0825,0.0894,6.51,2374956024.0
240,88.18,1309068075,3,1,181836.11-134650.7,274.650481,-13.780737,36,44,57816.8959,2,0.932,,,,,,,,,,,,,,,,,,,,,,,,,18.6233,0.1065,18.5158,0.0638,18.6532,0.0562,17.8549,0.132,17.139,0.7115,17.6259,0.2918,9.08,266608020.0
241,88.45,266608074,14,1027,181837.90-134524.7,274.657919,-13.756879,51,62,57359.3738,0,0.983,,,,,,,,,,,,,18.7663,,19.6982,,18.8851,,17.6812,0.0717,18.0935,0.0849,17.7627,0.0747,16.9639,0.0154,17.124,0.0364,16.9839,0.0175,16.5485,0.0313,16.7733,0.0736,16.5545,0.0432,8.86,266608075.0
242,88.45,266609122,16,3,181847.44-134552.5,274.697946,-13.764658,87,76,57963.2797,0,0.97,,,,,,,,,,,,,19.2881,0.3667,19.1604,0.1801,19.8513,0.0765,,,,,,,17.7192,0.0395,17.3035,0.1151,17.5168,0.0808,16.7533,0.0668,16.3469,0.1751,16.6855,0.0741,7.01,266609120.0
243,88.48,266609105,5,0,181848.07-134635.7,274.700255,-13.776546,47,83,57800.9476,0,0.862,,,,,,,,,,,,,,,,,,,,,,,,,18.958,0.0354,19.1328,0.0748,19.0159,0.0515,17.7307,0.0795,17.6212,0.1925,17.671,0.101,10.62,266609107.0
244,88.59,266605663,36,2051,181842.29-134758.5,274.676243,-13.799579,50,49,57761.6082,6,0.994,,,,,,,,,,,,,16.9118,0.014,17.1046,0.01,16.9174,0.0093,15.4787,0.0093,15.5467,0.008,15.472,0.0098,14.166,0.0097,14.2059,0.0093,14.1627,0.0106,13.3517,0.0157,13.3822,0.0153,13.3516,0.0175,9.2,266605648.0
245,88.61,1309066685,1,1,181847.83-134654.7,274.699327,-13.781897,36,36,58741.3762,0,0.524,,,,,,,,,,,,,,,,,,,,,,,,,,,,,,,18.0001,0.4238,17.4424,0.1176,18.2591,0.1205,5.25,266606892.0
246,88.87,266608020,47,2051,181835.94-134641.8,274.649811,-13.7783,49,77,57906.1579,1,0.999,16.836,0.0268,16.8028,0.0489,16.8597,0.0255,16.141,0.0112,16.1497,0.0161,16.1429,0.0127,14.9792,0.0209,14.8699,0.0095,15.0139,0.0097,14.5021,0.0128,14.4056,0.0399,14.5326,0.0121,14.0146,0.0121,13.9369,0.0564,14.0925,0.0387,13.6689,0.0157,13.6261,0.0491,13.7199,0.0333,5.88,266608021.0
247,89.0,266605625,3,3,181836.31-134702.5,274.651297,-13.784009,93,152,58308.8884,0,0.967,,,,,,,,,,,,,,,,,,,,,,,,,,,,,,,16.8395,0.1551,16.892,0.0783,16.9748,0.122,5.27,266605626.0
248,89.06,266605672,37,3,181845.03-134747.2,274.687672,-13.796461,36,36,57803.8057,11,0.994,13.6393,0.0208,13.6243,0.0191,13.6595,0.0201,13.4347,0.011,13.4214,0.01,13.4455,0.0111,12.7626,0.0134,12.7459,0.0087,12.7832,0.0108,12.4729,0.0181,12.4597,0.0122,12.4911,0.0147,12.1996,0.0219,12.1686,0.0129,12.2578,0.0145,12.0311,0.0302,11.9594,0.0182,12.1019,0.0201,5.62,2374954200.0
249,89.36,266605643,11,0,181840.25-134755.7,274.667744,-13.798802,60,67,57882.5541,0,0.969,,,,,,,,,,,,,,,,,,,,,,,,,17.7779,0.1228,17.8921,0.0242,17.8581,0.0206,17.1079,0.0569,17.1341,0.059,17.057,0.0351,6.7,1309064962.0
250,89.51,266605646,1,0,181840.81-134757.7,274.670081,-13.799402,36,36,57210.5547,0,0.514,,,,,,,,,,,,,,,,,,,,,,,,,19.377,0.0436,19.6878,0.1044,19.4987,0.0982,,,,,,,4.39,266605647.0
251,89.62,266605616,1,0,181837.70-134734.0,274.657059,-13.792779,36,36,56845.5623,0,0.493,,,,,,,,,,,,,,,,,,,,,,,,,,,,,,,17.4092,0.2388,17.3205,0.1429,17.6346,0.1243,7.47,2374954124.0
252,89.65,2374954200,0,7,181845.38-134744.8,274.68912,-13.795786,36,36,58687.5234,100,0.076,,,,,,,,,,,,,,,,,,,11.7016,,10.6298,,15.9833,,,,,,,,,,,,,,5.62,266605672.0
253,89.96,2374954128,0,24,181837.26-134727.7,274.655267,-13.791037,36,36,56734.7651,20,0.88,,,,,,,,,,,,,,,,,,,,,,,,,16.3605,,15.9084,,16.4415,,,,,,,,5.37,2374954124.0
254,90.34,266608030,19,3,181836.00-134607.8,274.649972,-13.768771,446,127,58014.7407,0,0.939,,,,,,,,,,,,,19.651,0.0334,19.7827,0.4559,19.6933,0.0394,18.5115,0.0461,18.1631,0.3521,18.664,0.0586,17.4729,0.0476,16.9088,0.1128,17.5249,0.0187,17.3836,0.122,16.8856,0.4845,17.2765,0.2313,4.97,266608031.0
255,90.74,1309068288,1,3,181842.83-134500.1,274.678502,-13.750026,36,36,57210.5588,0,0.941,,,,,,,,,,,,,,,,,,,,,,,,,,,,,,,17.9008,0.0716,17.9707,0.1104,17.928,0.0811,5.99,2374957787.0
256,90.77,266605648,12,3,181841.68-134800.6,274.673685,-13.800182,380,93,57580.0477,0,0.98,,,,,,,,,,,,,,,,,,,,,,,,,17.4826,0.0865,17.2092,0.1008,17.2702,0.0645,16.6422,0.0606,16.5715,0.0809,16.6135,0.0525,2.59,1309064966.0
257,90.91,266609126,1,0,181847.05-134536.8,274.696079,-13.760217,36,36,57210.5547,0,0.51,,,,,,,,,,,,,,,,,,,,,,,,,19.999,0.1637,20.0308,0.2349,20.2582,0.1903,,,,,,,15.0,
258,90.94,2374954189,0,24,181843.41-134758.5,274.68088,-13.799607,36,36,57498.754,4,0.539,,,,,,,,,,,,,,,,,,,,,,,,,,,,,,,17.7418,,17.6929,,17.791,,4.49,266605664.0
259,91.39,2374958899,1,0,181848.01-134603.8,274.700046,-13.767737,36,36,57210.5561,0,0.522,,,,,,,,,,,,,,,,,,,,,,,,,,,,,,,18.5491,0.07,19.2627,0.187,18.9066,0.134,7.89,266609124.0
260,91.41,1309064966,1,1027,181841.51-134801.1,274.672956,-13.800313,36,44,57498.754,0,0.969,,,,,,,,,,,,,,,,,,,,,,,,,17.8594,,18.0661,,17.9469,,17.1914,0.0508,17.8137,0.1648,17.4217,0.1223,2.59,266605648.0
261,91.58,266605647,4,0,181841.05-134800.6,274.671071,-13.800151,36,41,57650.8581,0,0.955,,,,,,,,,,,,,,,,,,,,,,,,,18.3923,0.0556,18.6719,0.0546,18.5182,0.0514,17.6201,0.0532,17.8541,0.1278,17.7521,0.0764,4.39,266605646.0
262,91.63,266605664,7,3,181843.71-134758.2,274.682159,-13.799485,59,55,57543.3665,0,0.901,,,,,,,,,,,,,,,,,,,17.736,0.437,17.1704,0.0333,18.5288,0.0441,17.1601,0.1831,16.7908,0.0738,17.2894,0.0532,16.2813,0.1793,15.7283,0.1916,16.45,0.0595,4.49,2374954189.0
263,91.88,1309066682,1,3,181847.66-134710.3,274.698605,-13.786217,36,36,58741.3762,0,0.0,,,,,,,,,,,,,,,,,,,,,,,,,,,,,,,16.3408,0.5695,17.0837,0.2019,17.9056,0.0935,5.33,266606887.0
264,92.63,1309068242,2,1,181838.22-134515.6,274.659243,-13.754316,144,69,57354.6557,0,0.959,,,,,,,,,,,,,,,,,,,,,,,,,18.5195,0.037,18.6652,0.0701,18.6132,0.0551,17.8227,0.0653,18.152,0.2117,17.9311,0.1829,8.76,266608162.0
265,93.01,266605644,0,1024,181838.84-134750.9,274.661934,-13.797504,49,70,57962.2558,0,0.838,,,,,,,,,,,,,,,,,,,,,,,,,18.9163,,19.3491,,19.0962,,17.8469,,18.1579,,17.8929,,8.58,2374954160.0
266,93.33,266605624,11,3,181835.93-134700.0,274.649731,-13.783359,36,57,57597.3382,0,0.979,,,,,,,,,,,,,,,,,,,,,,,,,16.9313,0.0339,17.3023,0.068,17.0339,0.0513,16.2983,0.0251,16.3277,0.152,16.3089,0.0353,5.95,266605625.0
267,93.42,266605615,11,2051,181836.54-134719.1,274.652283,-13.78866,58,36,57265.78,9,0.723,15.3553,0.1335,15.3131,0.1027,15.5239,0.0429,14.5564,0.0979,14.5166,0.022,14.8225,0.0213,13.2306,0.2255,13.3774,0.0194,13.6804,0.0215,12.6229,,12.8975,,13.1317,,12.0488,0.2696,12.3327,0.031,12.6042,0.0342,11.7741,0.1147,11.9094,0.0323,12.2577,0.0265,9.12,266605623.0
268,93.42,266609109,28,3,181848.35-134618.9,274.701527,-13.771899,62,56,57946.7368,0,0.984,,,,,,,,,,,,,17.5285,0.0402,17.327,0.0258,17.5221,0.0185,16.7846,0.0256,16.6632,0.0227,16.8052,0.0149,16.3603,0.0122,16.4095,0.0275,16.3601,0.0133,16.0296,0.0189,15.9898,0.0585,16.018,0.0195,7.62,266609114.0
269,93.43,1309068079,2,3,181835.59-134636.2,274.64834,-13.776739,36,45,58741.3755,0,0.754,,,,,,,,,,,,,,,,,,,,,,,,,18.9648,0.172,19.2557,0.1126,19.1574,0.1031,17.2112,0.4531,16.3123,0.0737,17.6053,0.0769,3.86,266608010.0
270,93.65,266608202,20,3,181843.26-134458.0,274.680419,-13.749523,109,198,57959.2858,0,0.835,,,,,,,,,,,,,19.1327,0.2262,18.7834,0.4461,19.6907,0.1354,17.8583,0.2172,17.6005,0.4349,18.2838,0.0425,17.1189,0.0469,16.9956,0.0383,17.1568,0.0158,16.2436,0.0548,16.1131,0.1073,16.2732,0.03,6.94,1309068288.0
271,93.68,266605623,1,1,181836.23-134711.2,274.650956,-13.78648,36,36,57498.754,0,0.439,,,,,,,,,,,,,,,,,,,,,,,,,,,,,,,17.3678,0.2609,17.2117,0.1605,17.5478,0.1353,8.98,266605625.0
272,93.7,2374956020,0,4096,181846.80-134732.2,274.695038,-13.792283,36,36,58741.3762,0,0.559,,,,,,,,,,,,,,,,,,,,,,,,,,,,,,,,,,,,,6.43,266606879.0
273,94.12,266608026,6,3,181835.54-134623.7,274.648144,-13.773203,36,36,58248.2479,0,0.788,,,,,,,,,,,,,,,,,,,,,,,,,18.6535,0.196,18.2002,0.0724,18.6921,0.0638,17.6668,0.1313,17.3604,0.2189,17.7182,0.0814,5.21,266608028.0
274,94.16,266608070,40,3,181837.05-134529.4,274.654377,-13.758181,77,73,57862.9326,11,0.997,17.0523,0.0313,17.1474,0.0487,17.0457,0.0267,16.6254,0.0151,16.6611,0.0488,16.6729,0.0507,14.5236,0.0115,14.3467,0.0657,14.6267,0.0383,13.5567,0.011,13.4713,0.042,13.6075,0.0298,12.6268,0.0143,12.5986,0.0328,12.6439,0.0138,12.0802,0.0237,12.0369,0.0318,12.1016,0.0213,5.01,2374957618.0
275,94.17,266605594,12,2051,181838.07-134744.5,274.658666,-13.7958,60,124,57420.6492,3,0.89,,,,,,,,,,,,,,,,,,,17.8955,0.0456,18.004,0.1411,17.9438,0.0929,16.7564,0.0501,16.4138,0.0607,16.7883,0.0344,15.8418,0.1206,15.4932,0.2246,16.1048,0.0809,7.52,266605593.0
276,94.22,266608028,5,3,181835.57-134618.4,274.648259,-13.77176,36,69,57800.9474,0,0.968,,,,,,,,,,,,,,,,,,,,,,,,,18.7619,0.033,18.7903,0.0577,18.7256,0.0452,17.942,0.0451,18.1032,0.0736,17.9421,0.0576,5.21,266608026.0
277,94.25,2374954124,0,2075,181837.18-134732.9,274.654943,-13.792494,556,359,56734.7651,61,0.435,,,,,,,,,,,,,,,,,,,15.5529,,14.9376,,15.9589,,,,,,,,14.1214,,13.8907,,15.6132,,5.37,2374954128.0
278,94.46,266608029,4,515,181835.68-134609.6,274.648633,-13.76929,54,208,57478.3552,0,0.975,,,,,,,,,,,,,,,,,,,19.5049,,,,19.4873,,18.1609,0.0491,18.2927,0.0493,18.1671,0.0423,17.4888,0.1905,17.9798,0.3393,17.6889,0.0943,5.04,266608030.0
279,94.52,2374957618,1,19,181837.25-134525.4,274.655248,-13.757076,186,57,59011.7419,0,0.061,,,,,,,,,,,,,,,,,,,,,,,,,12.189,,11.1429,,15.5038,,11.5225,0.442,11.4082,0.0501,14.56,0.0547,5.01,266608070.0
280,94.69,266605670,26,3,181844.65-134756.3,274.686104,-13.79899,36,36,57860.85,15,0.993,12.5173,0.0209,12.5143,0.0204,12.5183,0.0215,12.4462,0.0101,12.4455,0.01,12.4461,0.011,11.8885,0.0146,11.8833,0.0136,11.8863,0.0161,11.6277,0.0179,11.6224,0.0153,11.6237,0.0189,11.3933,0.0279,11.3892,0.0247,11.4238,0.0268,11.2851,0.0276,11.2598,0.0235,11.3131,0.0261,7.95,2374954185.0
281,94.87,266606886,5,3,181847.59-134718.8,274.698319,-13.788473,49,112,57910.3141,0,0.955,,,,,,,,,,,,,,,,,,,,,,,,,18.44,0.0669,18.5203,0.1172,18.3095,0.0759,17.6007,0.4196,16.893,0.1048,17.8661,0.091,4.3,266606887.0
282,95.01,266608010,3,19,181835.48-134631.9,274.647838,-13.775784,36,171,57702.5486,0,0.72,,,,,,,,,,,,,,,,,,,,,,,,,19.3168,0.0792,18.9433,0.1865,19.3514,0.0538,17.7059,,17.4941,,17.8947,,3.2,2374957544.0
283,95.02,266608195,1,0,181841.17-134456.0,274.671574,-13.748815,36,320,57210.5547,0,0.884,,,,,,,,,,,,,,,,,,,,,,,,,19.4402,0.0432,20.574,0.3864,19.5445,0.1034,18.1516,,18.8793,,18.3968,,6.43,2374957779.0
284,95.86,266606887,15,3,181847.79-134715.3,274.699155,-13.787597,138,130,58117.3121,0,0.979,,,,,,,,,,,,,,,,,,,,,,,,,17.8345,0.0641,17.6539,0.0561,17.9435,0.0209,16.9648,0.0612,16.4769,0.1983,16.9436,0.0535,4.3,266606886.0
285,96.06,2374957601,2,0,181836.02-134549.2,274.650123,-13.763678,36,47,57210.5561,0,0.736,,,,,,,,,,,,,,,,,,,,,,,,,19.4681,0.0358,20.1764,0.1715,19.8911,0.0989,,,,,,,9.71,266608048.0
286,96.32,266605640,29,2051,181841.71-134806.2,274.67385,-13.801733,46,54,57900.2314,0,0.983,,,,,,,,,,,,,18.94,0.0191,19.004,0.0261,18.9611,0.0202,17.7808,0.029,17.5214,0.0785,17.7891,0.0243,16.786,0.0202,16.6158,0.1084,16.8835,0.0567,16.2034,0.0299,16.1437,0.0817,16.3372,0.0676,5.59,1309064955.0
287,96.41,266605642,6,0,181839.81-134801.1,274.665909,-13.800284,36,49,58212.822,0,0.853,,,,,,,,,,,,,,,,,,,,,,,,,18.6395,0.0286,18.825,0.0545,18.6977,0.0461,18.1561,0.1371,17.9242,0.3187,17.9992,0.1641,5.61,266605633.0
288,97.03,2374957544,1,0,181835.33-134630.3,274.647248,-13.775105,36,36,58686.5281,0,0.122,,,,,,,,,,,,,18.709,0.3998,19.0566,0.1361,19.6255,0.0631,,,,,,,,,,,,,,,,,,,2.57,2374957545.0
289,97.1,2374957545,1,0,181835.33-134627.8,274.647236,-13.774391,36,36,58689.5231,0,0.212,,,,,,,,,,,,,,,,,,,18.2931,0.3861,19.4826,0.2478,19.0969,0.0613,,,,,,,,,,,,,2.57,2374957544.0
290,97.16,266609107,32,3,181848.65-134629.6,274.702787,-13.774919,36,50,57934.1513,0,0.984,,,,,,,18.683,0.0397,19.0203,0.1351,18.6769,0.074,16.8998,0.0169,17.006,0.0155,16.9082,0.011,16.0969,0.0091,16.1567,0.0282,16.0986,0.0121,15.3091,0.0119,15.2829,0.0295,15.3233,0.0119,14.753,0.0199,14.6632,0.0433,14.7778,0.0181,8.08,266609114.0
291,97.52,2374957774,0,515,181840.43-134455.1,274.668498,-13.748657,36,36,57498.7537,1,0.725,,,,,,,,,,,,,,,,,,,,,,,,,17.4275,,17.9553,,17.4867,,,,,,,,5.4,266608192.0
292,97.57,266608068,21,3,181836.59-134532.3,274.65248,-13.758996,36,36,57579.1243,3,0.985,18.3692,0.0545,18.4643,0.1197,18.3609,0.0678,17.6061,0.021,17.6681,0.0618,17.6081,0.0257,16.1619,0.0197,16.1375,0.0544,16.1648,0.0184,15.6106,0.0171,15.5943,0.0206,15.6087,0.0172,15.027,0.0149,14.8258,0.0792,15.0307,0.014,14.5868,0.0305,14.5122,0.0547,14.5897,0.0264,6.73,266608067.0
293,98.17,2374954160,0,528,181839.11-134758.7,274.662998,-13.799652,1980,71,58255.248,0,0.624,,,,,,,,,,,,,,,,,,,,,,,,,,,,,,,15.7789,,17.6332,,16.552,,4.09,266605641.0
294,98.18,266605593,11,2051,181838.25-134751.9,274.659484,-13.797731,83,58,57195.6817,0,0.909,,,,,,,,,,,,,,,,,,,17.6297,0.0496,18.1099,0.2067,17.6012,0.0865,16.3126,0.0438,16.2148,0.0548,16.3026,0.0211,15.4439,0.0871,15.3352,0.089,15.5615,0.0236,5.71,1309064896.0
295,98.25,266606866,39,3,181845.58-134753.1,274.689946,-13.79811,45,36,57629.6882,3,0.998,13.9805,0.0204,13.9503,0.0192,14.0018,0.0202,13.6298,0.0104,13.6046,0.0106,13.6403,0.0105,12.8549,0.0108,12.8244,0.0117,12.8701,0.0096,12.5405,0.0156,12.5092,0.0127,12.5534,0.0126,12.2497,0.0251,12.185,0.0143,12.2926,0.0155,12.0585,0.0364,11.917,0.0177,12.1224,0.0198,5.48,1309066643.0
296,98.36,266608192,16,2,181840.07-134455.7,274.666962,-13.748818,91,41,57207.7992,0,0.98,,,,,,,18.8432,0.0378,19.0079,0.2113,18.8551,0.0659,16.5901,0.0158,16.6202,0.0319,16.5833,0.0257,15.5504,0.0129,15.5224,0.0487,15.5491,0.0136,14.556,0.018,14.5297,0.0232,14.5645,0.0158,,,,,,,5.4,2374957774.0
297,98.55,266605638,8,1024,181840.87-134807.1,274.67031,-13.801993,36,36,57794.7286,0,0.979,,,,,,,,,,,,,,,,,,,,,,,,,18.2608,,18.5135,,18.2875,,17.1891,0.0295,17.2532,0.0855,17.1582,0.0344,7.15,266605647.0
298,99.05,266609124,1,1027,181848.47-134559.9,274.701974,-13.766596,54,126,57210.5588,0,0.951,,,,,,,,,,,,,,,,,,,,,,,,,18.8226,,19.219,,18.8722,,17.6653,0.2389,17.6718,0.0758,17.7878,0.077,4.79,266609123.0
299,99.08,266608058,26,0,181835.55-134558.1,274.648159,-13.766174,48,110,57652.1897,5,0.983,,,,,,,,,,,,,19.2476,0.0803,18.9907,0.268,19.2809,0.0447,17.9004,0.0557,18.0697,0.1813,18.0017,0.0419,16.8486,0.0147,16.8656,0.0365,16.8393,0.0169,16.1062,0.0228,16.1377,0.0501,16.1082,0.0227,10.69,266608048.0
300,99.31,266608164,7,3,181838.62-134503.7,274.660899,-13.751055,36,56,57308.2933,0,0.977,,,,,,,,,,,,,,,,,,,,,,,,,17.644,0.0351,17.7455,0.0527,17.6384,0.0679,16.8097,0.0301,16.934,0.0852,16.7795,0.0333,6.49,266608166.0
301,99.34,266605614,17,2051,181836.73-134733.0,274.653054,-13.792524,36,36,57312.2234,6,0.999,13.0345,0.0916,12.9875,0.0534,13.0783,0.0561,12.835,0.0309,12.7863,0.0367,12.8496,0.0217,12.1504,0.0322,12.1126,0.0438,12.1832,0.0165,11.8385,0.0251,11.7531,0.0591,11.8732,0.0119,11.5997,0.0305,11.5816,0.0169,11.6272,0.0186,11.4028,0.0343,11.3552,0.0252,11.448,0.0227,6.61,2374954124.0
302,99.44,2374954185,0,1,181844.38-134803.1,274.684932,-13.800883,36,36,57235.4916,12,0.69,,,,,,,,,,,,,,,,,,,,,,,,,,,,,,,17.0222,,17.2302,,16.9517,,7.95,266605670.0
303,99.56,266605657,28,3,181843.12-134808.3,274.679663,-13.802281,53,61,57947.6951,0,0.983,,,,,,,,,,,,,18.2674,0.0352,18.0874,0.0419,18.3096,0.036,17.2543,0.0529,17.0395,0.0449,17.2201,0.0345,16.2387,0.0255,16.1714,0.0253,16.2419,0.017,15.6278,0.0334,15.4871,0.0745,15.6111,0.023,8.25,266605656.0
304,99.59,266605656,7,3,181842.55-134809.2,274.677323,-13.802571,36,36,57547.2113,0,0.979,,,,,,,,,,,,,,,,,,,,,,,,,17.8288,0.0314,17.7723,0.046,17.8022,0.0285,17.2228,0.0917,17.176,0.1412,17.1432,0.0758,5.07,266605655.0
305,99.64,266608067,2,1,181836.23-134536.5,274.650959,-13.760142,154,149,57172.1582,0,0.674,,,,,,,,,,,,,,,,,,,,,,,,,,,,,,,17.3705,0.0861,17.4321,0.2258,17.4621,0.0936,4.79,266608066.0
306,99.7,266608162,43,3,181837.63-134513.1,274.656834,-13.753652,36,44,57817.4646,3,0.998,17.1404,0.0294,17.213,0.0442,17.1368,0.0297,16.3473,0.0126,16.3614,0.023,16.3499,0.0144,14.7754,0.0064,14.7199,0.0461,14.7739,0.0078,14.0934,0.0085,14.0749,0.0331,14.0937,0.0107,13.4224,0.0106,13.4326,0.0118,13.4209,0.0119,12.9633,0.0184,12.9762,0.018,12.9594,0.0202,8.76,1309068242.0
307,99.9,266609106,10,0,181848.82-134637.9,274.703485,-13.777174,39,59,57777.9101,0,0.983,,,,,,,,,,,,,,,,,,,,,,,,,18.3084,0.0435,18.4989,0.0867,18.3613,0.0643,17.2857,0.0426,17.5305,0.1163,17.358,0.0565,8.48,266609107.0
308,99.99,266609114,11,3,181848.83-134622.0,274.703505,-13.772786,52,49,57516.2717,0,0.982,,,,,,,,,,,,,,,,,,,,,,,,,17.3795,0.0502,17.2453,0.0825,17.4141,0.0342,16.8184,0.0342,16.7304,0.0475,16.824,0.0385,7.62,266609109.0
309,100.11,2374957779,2,0,181841.40-134450.2,274.672538,-13.747295,73,49,58686.5343,0,0.649,,,,,,,,,,,,,,,,,,,,,,,,,19.2967,0.0537,21.4824,0.8585,19.8145,0.1495,18.4645,0.2418,18.7098,0.3628,18.6685,0.1362,6.43,266608195.0
310,100.43,1309066674,3,3,181848.02-134718.8,274.700098,-13.788566,36,36,58231.1028,0,0.579,,,,,,,,,,,,,,,,,,,,,,,,,19.5914,0.063,19.7359,0.1057,19.644,0.093,18.0284,0.1534,18.0564,0.2623,17.915,0.0939,4.8,266606887.0
311,100.87,1309066643,1,3,181845.96-134752.6,274.691508,-13.79798,36,36,58741.3762,0,0.868,,,,,,,,,,,,,,,,,,,,,,,,,,,,,,,14.4233,0.0724,14.3299,0.0381,14.4036,0.0462,5.48,266606866.0
312,101.12,1309064955,2,3,181841.50-134810.9,274.672956,-13.803019,36,165,57988.4339,0,0.964,,,,,,,,,,,,,,,,,,,,,,,,,,,,,,,17.2934,0.0388,17.479,0.0608,17.3514,0.0832,4.5,266605639.0
313,101.61,266609125,31,2,181848.40-134549.7,274.701683,-13.763817,36,36,57936.3764,7,0.993,18.3309,0.0874,18.2877,0.1569,18.3627,0.0878,17.9291,0.0261,17.6663,0.1898,17.9183,0.036,16.4401,0.0199,16.4716,0.0388,16.4487,0.0263,15.7655,0.0191,15.6854,0.0399,15.7712,0.0194,15.2834,0.0103,15.2998,0.0109,15.2859,0.0119,15.0193,0.018,15.0062,0.0315,15.0191,0.0193,9.41,266609131.0
314,101.79,266605633,16,3,181839.80-134806.6,274.665842,-13.80184,36,77,57852.5697,0,0.977,,,,,,,,,,,,,,,,,,,,,,,,,17.9064,0.0209,18.025,0.0674,17.9582,0.039,17.0826,0.0245,17.208,0.0402,17.1353,0.0243,5.0,1309064948.0
315,102.11,266605641,45,2051,181838.94-134801.8,274.662228,-13.800507,36,52,57983.6914,0,0.984,17.8791,0.0356,17.9739,0.1108,17.8975,0.0377,17.6245,0.0253,17.6626,0.136,17.6184,0.0287,16.118,0.0104,16.0301,0.0157,16.1264,0.0084,15.5869,0.0091,15.5287,0.023,15.592,0.0099,15.1804,0.0137,15.1033,0.0377,15.2074,0.0226,14.9976,0.0241,14.8711,0.0427,15.0238,0.0264,4.09,2374954160.0
316,102.11,1309064896,1,0,181838.36-134757.3,274.659884,-13.799269,36,36,58741.3762,0,0.813,,,,,,,,,,,,,,,,,,,,,,,,,,,,,,,18.0892,0.2575,18.088,0.1379,18.1602,0.112,5.71,266605593.0
317,102.15,266609123,13,3,181848.73-134602.5,274.703123,-13.767318,119,117,57937.6054,0,0.653,,,,,,,,,,,,,,,,,,,,,,,,,17.6306,0.1023,17.4689,0.1549,17.8507,0.0199,16.6251,0.1106,16.1984,0.271,16.899,0.0497,4.79,266609124.0
318,102.21,1309069298,1,1027,181848.84-134608.1,274.703544,-13.768878,36,49,57210.5575,0,0.931,,,,,,,,,,,,,,,,,,,,,,,,,19.0318,0.0379,19.0878,0.1022,19.0608,0.0734,18.4799,,18.8081,,18.5767,,5.81,266609123.0
319,103.18,1309068291,1,1,181842.35-134446.9,274.676553,-13.74638,36,36,57210.5588,0,0.155,,,,,,,,,,,,,,,,,,,,,,,,,,,,,,,18.4957,0.4223,17.8331,0.1388,18.8545,0.1346,14.42,2374957779.0
320,103.27,2374957614,0,19,181836.51-134524.6,274.652136,-13.756842,36,36,57210.5561,1,0.031,,,,,,,,,,,,,,,,,,,,,,,,,,,,,,,14.787,,10.4556,,17.1731,,6.71,266608069.0
321,103.34,266608066,12,0,181835.90-134537.2,274.649601,-13.760324,36,36,57103.8493,0,0.934,,,,,,,,,,,,,,,,,,,17.5807,0.0495,17.5702,0.2662,17.646,0.0902,17.0793,0.042,17.1873,0.0737,17.0918,0.0361,16.7559,0.0308,16.9144,0.1125,16.8007,0.0411,4.79,266608067.0
322,104.01,266606885,6,3,181847.85-134729.5,274.699418,-13.791504,36,96,58212.822,0,0.9,,,,,,,,,,,,,,,,,,,,,,,,,18.3084,0.1767,17.4361,0.191,18.5829,0.0289,17.9912,0.2123,16.9605,0.3414,17.7509,0.2284,4.16,2374956027.0
323,104.12,266605655,32,2051,181842.41-134814.1,274.676765,-13.803871,75,160,57706.9854,0,0.983,,,,,,,,,,,,,17.6842,0.0303,17.2933,0.0292,17.7091,0.0125,16.8057,0.0419,15.9423,0.0919,16.8114,0.0162,16.237,0.0116,16.1996,0.0604,16.2416,0.0128,15.8947,0.0276,15.4734,0.217,15.8934,0.0198,5.07,266605656.0
324,104.2,266606884,8,3,181847.67-134733.5,274.698635,-13.792632,97,56,57812.3335,0,0.978,,,,,,,,,,,,,,,,,,,,,,,,,18.0839,0.0373,18.0372,0.0325,18.1048,0.0253,16.9705,0.1993,16.4565,0.2088,17.0649,0.0866,1.49,2374956027.0
325,104.51,266609180,31,3,181846.74-134511.9,274.69491,-13.753349,132,50,57912.1,4,0.983,,,,,,,,,,,,,17.0892,0.0133,17.0552,0.0166,17.0933,0.0104,15.9536,0.0183,15.9344,0.0316,15.9806,0.012,14.9121,0.037,14.8132,0.0107,15.0141,0.0117,14.2812,0.0763,14.2161,0.0221,14.5814,0.0192,8.21,266609182.0
326,104.54,266608166,15,3,181838.68-134457.4,274.661146,-13.749267,36,36,57555.5641,0,0.969,,,,,,,,,,,,,,,,,,,17.6828,0.199,17.3961,0.1942,17.8073,0.0894,17.0465,0.067,16.8539,0.1347,16.9302,0.0924,16.517,0.1941,15.6499,0.2193,16.1703,0.1187,3.64,266608165.0
327,104.72,266606867,40,3,181846.74-134748.6,274.694766,-13.796854,36,36,57900.6904,8,0.994,14.8205,0.0207,14.8203,0.0206,14.8306,0.0215,14.3821,0.0103,14.3904,0.0103,14.3847,0.0112,13.5901,0.0078,13.6002,0.0088,13.5926,0.0094,13.2629,0.0103,13.2448,0.0182,13.2671,0.0124,13.006,0.0128,13.0004,0.011,13.0157,0.0125,12.8026,0.0215,12.6893,0.041,12.8197,0.0194,9.64,266606868.0
328,105.28,266609127,18,3,181847.54-134522.6,274.698128,-13.756275,43,55,57874.0272,0,0.959,,,,,,,,,,,,,18.7085,0.0311,18.4621,0.1099,18.6822,0.0202,17.777,0.0214,17.2812,0.1158,17.7746,0.0243,17.2632,0.0339,16.9189,0.0948,17.2424,0.0194,16.8824,0.0309,16.3589,0.3172,16.8198,0.0552,6.6,266609128.0
329,105.31,266605631,8,3,181839.40-134808.3,274.664203,-13.802309,60,38,57780.8756,0,0.965,,,,,,,,,,,,,,,,,,,,,,,,,18.2635,0.0336,18.3757,0.0316,18.283,0.0319,17.4794,0.0588,17.6912,0.1399,17.5042,0.0803,4.63,1309064948.0
330,105.33,2374956027,4,0,181847.77-134733.3,274.699059,-13.792607,91,567,58842.9087,0,0.684,,,,,,,,,,,,,,,,,,,16.966,0.5036,17.3013,0.0278,18.7414,0.049,17.2619,0.2562,17.1756,0.0718,17.7192,0.0495,16.2231,0.2152,16.113,0.2248,16.8188,0.0917,1.49,266606884.0
331,105.37,266608048,16,512,181835.36-134547.9,274.647374,-13.763303,42,61,57796.7959,0,0.984,,,,,,,,,,,,,19.1443,,20.7636,,19.248,,17.6063,,18.0578,,17.699,,16.2927,0.0129,16.4596,0.0328,16.2971,0.013,15.4717,0.0221,15.6165,0.0379,15.4722,0.0233,9.71,2374957601.0
332,105.39,266605639,24,2051,181841.58-134815.1,274.673282,-13.804228,36,116,57660.0033,2,0.984,,,,,,,,,,,,,,,,,,,17.1649,0.024,17.4249,0.0356,17.2061,0.0246,16.0691,0.0209,16.0539,0.0301,16.0891,0.0254,15.3496,0.0235,15.2305,0.1017,15.3354,0.0259,4.5,1309064955.0
333,106.33,266608015,10,3,181834.61-134629.2,274.644588,-13.774916,36,157,57337.709,2,0.979,,,,,,,,,,,,,,,,,,,19.1725,0.0338,18.9678,0.1186,19.1692,0.0715,17.9018,0.0517,17.8086,0.1796,17.7843,0.1041,17.0182,0.0693,16.8479,0.1947,17.009,0.076,3.17,2374957542.0
334,106.59,1309064980,1,0,181844.29-134811.2,274.684578,-13.803108,36,36,57210.5588,0,0.544,,,,,,,,,,,,,,,,,,,,,,,,,,,,,,,18.372,0.1005,18.3944,0.085,18.2844,0.0936,6.21,266605659.0
335,106.76,1309064948,2,3,181839.65-134811.2,274.665246,-13.803102,36,36,58741.3755,0,0.864,,,,,,,,,,,,,,,,,,,,,,,,,18.5411,0.2895,18.7558,0.0741,18.6947,0.0702,17.7238,0.1866,17.6325,0.0903,17.7516,0.0838,3.13,266605632.0
336,106.78,266608006,19,2067,181834.72-134645.8,274.644816,-13.779511,141,125,57919.849,0,0.981,,,,,,,,,,,,,,,,,,,19.3965,,22.0035,,19.3881,,17.5507,0.0171,17.5065,0.0425,17.526,0.0173,16.5886,0.0241,16.518,0.0496,16.5571,0.0205,6.91,266608005.0
337,106.93,266609115,35,3,181849.26-134614.9,274.705276,-13.770815,41,49,58021.3503,4,0.992,,,,,,,18.2212,0.0258,18.1587,0.0453,18.2483,0.0297,16.2527,0.0109,16.1334,0.0244,16.2623,0.01,15.3035,0.0129,15.1639,0.0355,15.3189,0.0119,14.4204,0.0102,14.4263,0.0102,14.4182,0.0115,13.8589,0.016,13.8678,0.0158,13.856,0.0179,8.2,1309069299.0
338,107.03,266608016,4,3,181834.65-134624.3,274.644432,-13.773442,36,36,57282.6062,0,0.972,,,,,,,,,,,,,,,,,,,,,,,,,18.45,0.0323,18.4189,0.0428,18.411,0.0349,17.5231,0.1709,17.0744,0.2059,17.4952,0.1492,5.04,2374957542.0
339,107.27,266606883,11,3,181847.87-134735.6,274.699357,-13.79312,352,333,57794.6023,0,0.978,,,,,,,,,,,,,,,,,,,,,,,,,17.6229,0.0923,17.3258,0.1221,17.7022,0.019,16.7519,0.2212,16.2113,0.1645,16.7825,0.0676,2.12,2374956027.0
340,107.84,266605637,1,0,181841.95-134817.8,274.674843,-13.804956,36,36,57210.5547,0,0.522,,,,,,,,,,,,,,,,,,,,,,,,,19.6076,0.1098,19.9349,0.16,19.8795,0.1364,18.6315,,19.173,,19.0138,,6.05,266605639.0
341,107.84,1309066693,0,3,181849.20-134654.2,274.705048,-13.781761,36,36,58741.3762,6,0.999,,,,,,,,,,,,,,,,,,,,,,,,,,,,,,,12.7805,,12.8824,,12.7917,,4.53,266606899.0
342,107.85,266608165,7,3,181838.47-134455.2,274.660321,-13.748652,43,71,57195.7389,0,0.981,,,,,,,,,,,,,,,,,,,,,,,,,17.3709,0.0572,17.2284,0.0694,17.3311,0.0572,16.6707,0.0455,16.4442,0.2603,16.6408,0.0517,3.64,266608166.0
343,107.86,266605590,14,3,181838.67-134806.4,274.661156,-13.801776,36,59,57605.9069,0,0.983,,,,,,,,,,,,,,,,,,,,,,,,,17.1138,0.0161,17.1262,0.0212,17.1301,0.0219,16.5165,0.0199,16.5853,0.0368,16.5277,0.0243,5.3,266605589.0
344,108.01,266608008,14,3,181834.61-134639.5,274.644232,-13.777676,47,131,58122.454,0,0.972,,,,,,,,,,,,,,,,,,,,,,,,,18.2987,0.0191,18.344,0.0596,18.2799,0.0304,17.1927,0.033,17.0528,0.093,17.1538,0.0331,6.91,266608006.0
345,108.38,266605632,18,3,181839.80-134813.6,274.665834,-13.803758,139,172,57798.6312,0,0.982,,,,,,,,,,,,,,,,,,,,,,,,,17.6178,0.0193,17.5597,0.0391,17.6065,0.0189,16.8424,0.0241,16.6891,0.0816,16.8133,0.0314,3.13,1309064948.0
346,108.59,266608196,1,0,181840.95-134442.9,274.670632,-13.745135,36,36,57235.4916,0,0.43,,,,,,,,,,,,,,,,,,,,,,,,,,,,,,,16.1924,0.6581,17.7061,0.1936,18.3105,0.2444,6.65,266608199.0
347,108.61,266609182,28,3,181847.32-134514.0,274.69719,-13.753888,36,51,58068.5616,0,0.984,,,,,,,,,,,,,18.2739,0.0181,18.432,0.0805,18.2793,0.0166,16.9813,0.0116,17.0349,0.0267,16.9846,0.0143,15.6497,0.0109,15.6713,0.0241,15.6531,0.0122,14.7599,0.0173,14.78,0.0187,14.7628,0.0192,8.21,266609180.0
348,108.68,266608069,12,3,181836.05-134524.3,274.650217,-13.756781,53,112,57593.8611,0,0.988,,,,,,,,,,,,,,,,,,,,,,,,,17.609,0.0203,17.6748,0.0456,17.6275,0.0312,16.8491,0.0251,16.7642,0.0916,16.8504,0.0316,6.71,2374957614.0
349,108.77,266609129,30,3,181848.09-134527.2,274.700392,-13.757548,55,66,57890.2085,3,0.983,,,,,,,18.5857,0.059,18.6184,0.0815,18.6651,0.0482,16.6273,0.0133,16.4412,0.0325,16.634,0.0093,15.6469,0.0198,15.2226,0.1043,15.7483,0.0475,14.7262,0.0132,14.6287,0.0585,14.7725,0.0274,14.0996,0.0226,13.9513,0.0563,14.1736,0.0447,7.59,266609128.0
350,108.96,266605613,6,2071,181836.05-134736.3,274.650283,-13.793436,53,36,57565.924,5194,1.0,9.185,0.044,9.1701,0.0428,9.2126,0.0435,9.2545,0.0271,9.2329,0.0236,9.2728,0.0243,8.8071,0.0305,8.7509,0.0254,8.8816,0.0282,8.1863,,8.7458,,8.9318,,8.3905,0.0499,8.2516,0.0491,8.4775,0.0493,7.8401,,8.167,,8.3833,,10.23,266605614.0
351,109.0,2374954094,0,2075,181837.22-134753.9,274.655106,-13.798313,438,338,56897.413,321,0.982,15.3571,,14.7039,,15.4336,,13.5619,,13.593,,13.5501,,14.5535,,14.1748,,14.895,,12.0108,,12.129,,12.2566,,13.6107,,13.5979,,14.9255,,11.6814,,11.9087,,12.3781,,3.84,266605592.0
352,109.12,266608199,1,0,181841.40-134440.9,274.672498,-13.744786,36,36,57235.4916,0,0.491,,,,,,,,,,,,,,,,,,,,,,,,,,,,,,,16.6267,0.6124,17.2192,0.1491,17.9132,0.173,6.65,266608196.0
353,109.16,1309066673,4,0,181848.54-134723.4,274.702236,-13.789821,36,36,58795.2563,0,0.943,,,,,,,,,,,,,,,,,,,,,,,,,18.9154,0.0397,19.1878,0.097,18.9991,0.0905,17.5002,0.0866,17.1629,0.2521,17.5355,0.0443,7.94,266606893.0
354,109.17,1309064919,1,0,181834.99-134709.2,274.645854,-13.78588,67,56,57210.5575,0,0.738,,,,,,,,,,,,,,,,,,,,,,,,,19.8181,0.0403,19.9382,0.1782,19.8339,0.1353,18.0532,,18.5538,,18.3392,,5.7,266605610.0
355,109.22,266606899,29,2,181849.36-134650.4,274.705688,-13.780668,36,36,57558.078,6,0.999,13.0585,0.0308,13.0375,0.0258,13.1034,0.0335,12.8995,0.0228,12.8617,0.0238,12.9615,0.0282,11.8301,0.0543,11.8256,0.0177,11.954,0.0177,11.2633,0.0599,11.2672,0.0127,11.393,0.0183,10.7147,0.0591,10.7306,0.0157,10.8739,0.017,10.4294,0.0755,10.3954,0.0259,10.5604,0.0278,4.53,1309066693.0
356,109.38,2374957542,7,3,181834.49-134628.7,274.64372,-13.774658,36,36,57524.3387,0,0.976,,,,,,,,,,,,,,,,,,,,,,,,,18.1231,0.0488,18.3553,0.0691,18.191,0.0628,17.2172,0.1395,16.8754,0.2623,17.0252,0.1245,3.17,266608015.0
357,109.48,266609181,14,3,181845.63-134454.3,274.690165,-13.748395,46,80,57688.4774,2,0.978,,,,,,,,,,,,,19.1724,0.1844,18.7751,0.1118,19.3203,0.0498,18.5311,0.0313,19.2288,0.1309,18.5499,0.0453,17.7163,0.0214,17.6185,0.0426,17.7055,0.0221,17.3364,0.0309,17.0596,0.2324,17.3352,0.0441,8.4,266608206.0
358,109.66,266608018,4,0,181834.63-134607.1,274.644317,-13.768697,36,51,57948.5452,0,0.914,,,,,,,,,,,,,,,,,,,,,,,,,19.0283,0.0248,19.1704,0.1247,19.0668,0.0436,18.1803,0.0581,18.5077,0.1294,18.2157,0.1008,7.86,266608043.0
359,109.92,266608161,12,3,181837.14-134505.8,274.654764,-13.751633,36,36,57435.7208,0,0.982,,,,,,,,,,,,,,,,,,,18.3903,0.027,18.4749,0.0433,18.398,0.0415,17.148,0.0156,17.2428,0.0191,17.1607,0.0189,16.3585,0.029,16.5348,0.1049,16.3958,0.0353,10.26,266608162.0
360,109.93,266609112,4,0,181849.54-134629.7,274.706441,-13.774895,36,36,57941.5701,0,0.969,,,,,,,,,,,,,,,,,,,,,,,,,18.5023,0.0368,18.5907,0.0713,18.5292,0.0577,17.406,0.0319,17.5225,0.0844,17.3745,0.0409,9.32,266609116.0
361,110.01,266608163,19,3,181837.96-134457.0,274.658177,-13.749178,82,66,57505.243,0,0.984,,,,,,,,,,,,,,,,,,,17.7554,0.0697,17.609,0.1513,17.7972,0.1073,16.7751,0.0198,16.7516,0.0288,16.7662,0.0193,16.0877,0.0259,16.072,0.0896,16.072,0.027,7.73,266608165.0
362,110.16,266605610,4,2051,181835.10-134714.9,274.646207,-13.787425,36,36,57269.6401,2,0.479,,,,,,,,,,,,,,,,,,,17.391,0.52,17.1985,0.1606,17.8933,0.1224,17.9971,0.1117,18.1068,0.1769,17.8277,0.169,,,,,,,3.66,2374954117.0
363,110.17,266605661,21,3,181844.86-134812.2,274.686966,-13.80331,51,142,57987.2132,0,0.982,,,,,,,,,,,,,,,,,,,18.5036,0.024,18.6399,0.1512,18.488,0.0307,17.2525,0.036,16.9957,0.0548,17.1189,0.0225,16.434,0.0371,16.1433,0.1139,16.3709,0.0298,5.27,266605662.0
364,110.25,266608204,2,0,181844.30-134445.1,274.684602,-13.74583,137,68,57210.5574,0,0.505,,,,,,,,,,,,,,,,,,,,,,,,,,,,,,,18.5697,0.0694,18.9253,0.1546,18.6287,0.1984,7.65,266608205.0
365,110.32,266605630,19,3,181839.18-134812.5,274.663295,-13.803458,149,216,57747.9448,0,0.983,,,,,,,,,,,,,,,,,,,,,,,,,17.3605,0.0182,17.2403,0.0746,17.4299,0.025,16.6989,0.0255,16.5528,0.1168,16.7616,0.0268,3.94,1309064944.0
366,110.55,266605592,26,2051,181836.97-134752.8,274.654054,-13.798003,36,36,57527.6944,4,1.0,12.0715,0.0263,12.0422,0.0223,12.0967,0.024,12.0423,0.0145,12.0155,0.0106,12.0643,0.0115,11.5447,0.0199,11.5186,0.0232,11.5685,0.013,11.3066,0.0185,11.2895,0.0155,11.3204,0.0139,11.1162,0.0244,11.0972,0.0245,11.134,0.019,11.0092,0.0297,10.9707,0.0231,11.0299,0.0251,3.84,2374954094.0
367,110.63,266609131,3,0,181848.88-134543.9,274.703724,-13.762115,188,36,58194.5416,0,0.791,,,,,,,,,,,,,,,,,,,,,,,,,19.0945,0.0617,19.4325,0.1265,19.2391,0.0928,18.5007,0.0659,18.5584,0.4119,18.4476,0.1602,9.41,266609125.0
368,110.66,266609130,23,515,181849.19-134557.4,274.705309,-13.766151,356,192,57866.9942,0,0.982,,,,,,,,,,,,,18.0484,,,,18.6393,,17.2222,0.034,16.1449,0.1804,17.2166,0.0161,16.0298,0.0122,15.996,0.0221,16.0289,0.0127,15.2736,0.021,15.1406,0.0751,15.2824,0.0196,3.05,1309069315.0
369,111.16,1309066644,1,0,181846.50-134759.6,274.693773,-13.799919,36,36,58741.3762,0,0.92,,,,,,,,,,,,,,,,,,,,,,,,,,,,,,,18.0071,0.102,18.4349,0.1164,18.3299,0.1278,9.31,266606859.0
370,111.66,266609128,13,3,181847.95-134519.8,274.699841,-13.755508,74,96,57516.5646,0,0.921,,,,,,,,,,,,,,,,,,,,,,,,,16.9975,0.0526,16.3267,0.1051,17.0855,0.0207,16.0628,0.0567,15.3654,0.0845,16.1149,0.0246,6.6,266609127.0
371,111.76,266605635,52,2051,181841.16-134821.1,274.671528,-13.80586,39,45,57823.4479,4,0.988,17.4227,0.0296,17.5607,0.1153,17.4272,0.028,17.0846,0.0408,17.1607,0.0767,17.1041,0.0417,15.4656,0.0147,15.4541,0.0286,15.4648,0.0152,14.8771,0.0118,14.8051,0.0345,14.8916,0.0215,14.5324,0.0386,14.5765,0.0401,14.5255,0.0387,14.3404,0.038,14.3607,0.0386,14.3384,0.0372,8.49,266605639.0
372,111.98,266605659,23,1027,181844.20-134817.2,274.684199,-13.804794,49,68,57940.9203,0,0.983,,,,,,,,,,,,,18.7203,,18.9824,,18.7337,,17.4608,0.0242,17.5669,0.0362,17.4719,0.0234,16.2971,0.0127,16.2824,0.0265,16.298,0.0136,15.6119,0.0245,15.445,0.1246,15.625,0.0274,5.6,266605660.0
373,112.23,1309069299,1,1,181849.55-134607.9,274.706467,-13.768852,36,36,57210.5588,0,0.84,,,,,,,,,,,,,,,,,,,,,,,,,,,,,,,17.9079,0.2995,16.8549,0.076,18.1182,0.0873,8.2,266609115.0
374,112.46,266605589,30,2051,181838.70-134811.7,274.661261,-13.803246,39,59,57795.127,0,0.983,,,,,,,,,,,,,18.0587,0.0203,17.7946,0.0381,18.0849,0.0179,17.4692,0.0278,17.6591,0.0294,17.4845,0.0242,16.8878,0.0124,16.9739,0.0229,16.9053,0.0147,16.5995,0.0196,16.7784,0.0431,16.6609,0.0245,5.3,266605590.0
375,112.49,266608005,14,2051,181834.38-134651.2,274.643394,-13.780844,155,95,57747.464,0,0.98,,,,,,,,,,,,,,,,,,,18.8396,0.0496,18.9187,0.0544,18.852,0.0468,17.3787,0.0201,17.7147,0.0505,17.3942,0.0304,16.586,0.0251,16.6005,0.0718,16.5865,0.0268,6.91,266608006.0
376,112.8,266605587,3,0,181837.93-134806.0,274.658079,-13.801677,100,36,57193.2692,0,0.511,,,,,,,,,,,,,,,,,,,,,,,,,18.0585,0.0752,18.1296,0.1917,18.1312,0.1377,17.3531,0.0976,17.0881,0.1715,17.2128,0.1414,7.33,2374954085.0
377,112.84,1309066632,1,0,181845.72-134811.1,274.690547,-13.802468,36,36,57210.5588,0,0.358,,,,,,,,,,,,,,,,,,,,,,,,,,,,,,,16.8269,0.4748,17.4806,0.0777,17.6068,0.073,7.65,1309066630.0
378,112.96,266608046,1,1,181834.65-134554.6,274.644338,-13.76512,36,36,57498.754,0,0.622,,,,,,,,,,,,,,,,,,,,,,,,,,,,,,,17.3464,0.3749,17.0623,0.1366,17.6417,0.1446,3.92,266608045.0
379,113.08,2374954117,4,0,181834.97-134717.9,274.645711,-13.78832,36,36,57103.8495,1,0.502,,,,,,,,,,,,,,,,,,,,,,,,,16.7382,0.311,16.5489,0.0974,17.2157,0.0758,15.9691,0.1676,15.8476,0.1565,16.2617,0.0602,0.76,266605602.0
380,113.13,1309066649,3,1,181848.15-134738.9,274.700655,-13.794149,36,36,58231.1028,0,0.558,,,,,,,,,,,,,,,,,,,,,,,,,19.2483,0.0939,19.2749,0.0713,19.1919,0.0638,17.4009,0.4102,16.7809,0.0916,17.6775,0.0804,5.86,266606883.0
381,113.18,266605662,6,3,181845.21-134812.9,274.688445,-13.8036,39,115,57941.9137,0,0.968,,,,,,,,,,,,,,,,,,,,,,,,,18.409,0.0366,18.4827,0.0519,18.4107,0.0342,17.0772,0.0465,16.8788,0.2365,17.0129,0.0557,5.27,266605661.0
382,113.48,2374957598,0,513,181835.45-134528.5,274.647719,-13.757926,36,36,57210.5575,0,0.0,,,,,,,,,,,,,,,,,,,,,,,,,19.0485,,,,19.6344,,,,,,,,7.24,1309068119.0
383,113.67,266605660,3,1025,181844.58-134817.1,274.6858,-13.804781,45,103,57720.829,0,0.764,,,,,,,,,,,,,,,,,,,,,,,,,19.1545,0.0619,19.2155,0.0647,19.1398,0.0727,18.2988,,18.5077,,18.4138,,5.6,266605659.0
384,113.7,1309069315,1,1,181849.48-134557.7,274.706159,-13.765967,36,36,58687.5206,0,0.211,,,,,,,,,,,,,17.0763,0.4945,16.991,0.0383,19.2972,0.0445,,,,,,,,,,,,,,,,,,,3.05,266609130.0
385,113.78,266605602,5,2051,181834.95-134718.1,274.645564,-13.788475,98,270,57050.1974,0,0.779,,,,,,,,,,,,,,,,,,,17.9656,0.2287,17.4778,0.1535,18.3032,0.1353,16.9951,0.0465,17.0445,0.0567,17.0896,0.0431,15.9591,0.2997,15.4722,0.0998,16.3161,0.0655,0.76,2374954117.0
386,114.01,266608043,11,3,181834.44-134559.9,274.643549,-13.766644,70,65,57132.9515,0,0.982,,,,,,,,,,,,,,,,,,,18.8701,,20.8404,,19.2514,,17.2568,0.0201,17.2147,0.1363,17.312,0.0309,16.3827,0.0435,15.3938,0.6326,16.3605,0.0674,5.15,266608045.0
387,114.02,266608009,21,3,181834.17-134633.0,274.642406,-13.775976,36,143,57777.5547,1,0.987,,,,,,,,,,,,,19.4745,,20.9725,,19.5459,,18.2918,0.033,18.7987,0.2929,18.3213,0.1342,16.8586,0.0121,16.8717,0.042,16.8681,0.0175,16.164,0.0172,16.09,0.1051,16.1435,0.0198,6.23,266608007.0
388,114.08,2374959004,0,515,181846.59-134457.6,274.694139,-13.749338,1369,192,58688.5232,0,0.0,,,,,,,,,,,,,,,,,,,16.9326,,,,18.9785,,,,,,,,,,,,,,8.14,266609183.0
389,114.1,1309064944,1,1027,181839.01-134815.5,274.662595,-13.804314,36,36,58741.3762,0,0.913,,,,,,,,,,,,,,,,,,,,,,,,,18.6143,,18.992,,18.8521,,17.709,0.0557,18.195,0.1117,17.953,0.0962,3.94,266605630.0
390,114.27,1309064943,2,3,181840.47-134822.0,274.668651,-13.806137,36,36,57975.9675,0,0.539,,,,,,,,,,,,,,,,,,,,,,,,,,,,,,,18.137,0.2308,18.0528,0.3668,18.2862,0.0754,4.67,266605634.0
391,114.36,266606868,5,1,181847.17-134756.0,274.696539,-13.798906,56,48,57670.9054,0,0.895,,,,,,,,,,,,,,,,,,,,,,,,,17.7469,0.1352,17.7251,0.2171,17.7987,0.1043,17.1757,0.104,17.0459,0.0805,17.18,0.0556,9.64,266606867.0
392,114.42,266608047,6,1,181834.67-134548.8,274.644462,-13.763576,36,55,57674.8247,0,0.854,,,,,,,,,,,,,,,,,,,,,,,,,18.0395,0.0441,18.432,0.185,18.0639,0.0539,16.9537,0.0428,17.2367,0.2452,16.9426,0.0644,5.58,266608046.0
393,114.43,266608206,39,3,181845.37-134446.7,274.689085,-13.74631,48,51,57891.8575,0,0.983,,,,,,,18.3249,0.0501,18.3545,0.084,18.3258,0.0463,16.7143,0.0124,16.5897,0.0204,16.7388,0.0091,16.073,0.0219,15.6402,0.0655,16.0876,0.0129,15.5973,0.0131,15.4268,0.0763,15.6083,0.0117,15.333,0.0234,15.0844,0.0868,15.3307,0.0185,8.4,266609181.0
394,114.48,266605609,4,3,181834.54-134706.3,274.643953,-13.785097,36,36,57975.9658,0,0.725,,,,,,,,,,,,,,,,,,,,,,,,,18.7454,0.1037,18.9728,0.0582,18.766,0.0366,18.0577,0.233,17.6548,0.1061,18.0038,0.0998,4.22,266605608.0
395,114.54,266608014,17,3,181834.15-134625.5,274.64227,-13.773676,89,129,57826.0217,9,0.983,,,,,,,,,,,,,,,,,,,18.5236,,19.7771,,18.6054,,16.93,0.0138,16.9751,0.0563,17.0036,0.0642,16.0073,0.0228,15.9773,0.0628,16.0589,0.0359,6.18,2374957542.0
396,114.64,266608205,6,3,181844.80-134442.7,274.68671,-13.745257,66,153,57702.5493,0,0.912,,,,,,,,,,,,,,,,,,,,,,,,,18.4419,0.1911,17.8249,0.2821,18.6699,0.0337,16.878,0.2839,16.608,0.4194,17.7139,0.1159,7.65,266608204.0
397,114.73,266609116,2,0,181849.85-134621.5,274.707721,-13.772624,69,97,57210.5554,0,0.45,,,,,,,,,,,,,,,,,,,,,,,,,18.6806,0.3299,18.7875,0.0743,18.8793,0.0628,17.1781,0.3646,17.1071,0.0677,17.643,0.0693,9.32,266609112.0
398,114.83,266606893,6,0,181849.05-134721.0,274.704413,-13.789194,99,56,58208.1715,0,0.698,,,,,,,,,,,,,,,,,,,,,,,,,18.885,0.0544,18.7734,0.1124,18.8244,0.0598,17.4405,0.1792,16.8538,0.3046,17.5849,0.054,5.61,266606894.0
399,115.28,2374954092,0,2071,181836.31-134750.1,274.651301,-13.797262,106,650,58736.5172,30455,0.845,,,,,,,,,,,,,9.0926,,8.2621,,12.1628,,8.9079,,7.9912,,11.9389,,,,,,,,,,,,,,2.84,2374954091.0
400,115.46,2374954085,0,27,181837.44-134804.5,274.656029,-13.801252,36,36,58686.5452,23,0.009,16.4398,,15.7536,,17.2964,,,,,,,,,,,,,,,,,,,,,,,,,,,,,,,,7.33,266605587.0
401,115.67,2374954091,0,23,181836.42-134752.4,274.651787,-13.797894,36,36,59011.7419,399,0.962,,,,,,,,,,,,,,,,,,,,,,,,,,,,,,,8.8118,,8.2912,,10.0697,,2.84,2374954092.0
402,115.83,266608172,37,2,181838.71-134444.5,274.661309,-13.745703,37,36,57627.6435,4,0.991,17.0772,0.023,17.2847,0.0364,17.0838,0.0251,16.7577,0.0159,16.9405,0.0267,16.7604,0.0165,15.0673,0.0123,15.1188,0.014,15.0638,0.0125,14.492,0.0126,14.5651,0.0112,14.4877,0.0117,14.0173,0.0134,14.0531,0.0127,14.0116,0.0141,13.8032,0.0201,13.8651,0.0195,13.8001,0.0215,11.16,266608165.0
403,116.16,266605636,23,2051,181842.13-134826.8,274.675574,-13.807263,36,144,58006.6114,0,0.978,,,,,,,,,,,,,19.9141,0.1654,20.178,0.2511,20.0426,0.0897,18.7492,0.0395,18.7844,0.0861,18.7614,0.0249,17.3663,0.0471,17.3247,0.0381,17.3594,0.0229,16.546,0.0719,16.2869,0.1202,16.5013,0.0339,3.27,1309064839.0
404,116.16,266608054,5,1,181834.99-134532.7,274.645961,-13.759325,61,146,57434.7693,0,0.658,,,,,,,,,,,,,,,,,,,,,,,,,17.9103,0.1279,17.7441,0.2731,18.0085,0.1106,17.4734,0.0571,17.3141,0.1878,17.5363,0.0584,3.95,1309068119.0
405,116.27,266608158,45,3,181836.01-134513.1,274.650057,-13.753642,44,36,57846.4763,5,0.998,16.4326,0.0219,16.4594,0.0263,16.4347,0.0236,15.8308,0.011,15.8361,0.0131,15.8292,0.0121,14.5904,0.0197,14.3696,0.096,14.8531,0.1388,14.0069,0.0193,13.814,0.0784,14.2038,0.1252,13.432,0.0114,13.4063,0.0387,13.4512,0.0197,13.0292,0.0172,13.0402,0.0169,13.0289,0.0189,8.61,266608148.0
406,116.52,266608045,6,3,181834.37-134554.9,274.643225,-13.765249,70,36,57254.1017,0,0.979,,,,,,,,,,,,,,,,,,,,,,,,,17.7052,0.0353,17.6576,0.0564,17.7492,0.0551,17.1547,0.067,16.926,0.1885,17.1696,0.0721,3.92,266608046.0
407,116.76,266606859,8,0,181846.29-134808.9,274.692919,-13.802369,36,135,57870.0057,0,0.984,,,,,,,,,,,,,,,,,,,18.6863,0.0465,18.8209,0.0664,18.6717,0.0509,17.27,0.1251,17.3359,0.1522,17.263,0.1382,16.6361,0.067,16.739,0.0493,16.6542,0.0423,5.61,266606860.0
408,117.26,2374957782,1,0,181841.67-134432.8,274.673626,-13.742456,36,36,57235.4916,0,0.496,,,,,,,,,,,,,,,,,,,,,,,,,,,,,,,16.0278,0.6898,17.4624,0.1868,18.5247,0.2956,3.47,2374957798.0
409,117.42,2374958927,1,0,181848.69-134524.6,274.702894,-13.756837,36,36,57235.4916,0,0.485,,,,,,,,,,,,,,,,,,,,,,,,,,,,,,,17.6344,0.0698,17.6045,0.1798,17.6996,0.1441,9.12,266609129.0
410,117.82,266605629,35,2048,181839.44-134821.8,274.664372,-13.806057,36,55,57734.384,0,0.985,,,,,,,,,,,,,17.347,0.0142,17.5314,0.027,17.355,0.0114,16.5763,0.0107,16.7103,0.0139,16.5863,0.012,15.9481,0.0105,16.0121,0.0269,15.9508,0.0116,15.6085,0.0175,15.6487,0.0165,15.6094,0.0176,8.83,1309064944.0
411,117.87,266608007,31,3,181833.92-134638.7,274.641379,-13.777389,82,73,57961.6507,0,0.983,,,,,,,,,,,,,18.4858,0.1474,18.2146,0.1088,18.8203,0.0392,17.941,0.0731,17.3904,0.113,17.8574,0.0333,16.9027,0.0164,16.7923,0.0624,16.8987,0.0134,16.2006,0.0245,15.9253,0.1306,16.1787,0.0328,6.09,266608004.0
412,117.92,266605658,8,3,181844.28-134823.0,274.684563,-13.80641,50,36,57514.3315,0,0.98,,,,,,,,,,,,,,,,,,,,,,,,,17.4765,0.0165,17.6253,0.0189,17.5044,0.0193,16.6639,0.0459,16.5266,0.2568,16.6991,0.0519,5.96,266605659.0
413,117.96,1309064839,1,3,181841.94-134827.9,274.674793,-13.807765,36,36,58741.3762,0,0.869,,,,,,,,,,,,,,,,,,,,,,,,,,,,,,,17.8557,0.0388,18.0708,0.1032,17.8632,0.0903,3.27,266605636.0
414,118.02,266609184,35,3,181845.98-134447.2,274.691584,-13.746446,57,45,57789.0703,0,0.983,,,,,,,,,,,,,17.4634,0.0108,17.3298,0.0265,17.4698,0.0103,16.7572,0.0194,16.2745,0.111,16.743,0.0139,16.2473,0.0129,16.1257,0.0579,16.2526,0.0126,15.9511,0.021,15.7603,0.1207,15.9427,0.0194,8.25,1309069392.0
415,118.59,266605608,18,3,181834.29-134708.5,274.642927,-13.785717,174,124,57916.7639,0,0.981,,,,,,,,,,,,,,,,,,,,,,,,,17.7091,0.0246,17.5534,0.0962,17.7416,0.0292,16.9891,0.0606,16.4577,0.2403,16.9576,0.07,4.22,266605609.0
416,118.66,266605634,13,3,181840.52-134826.8,274.668862,-13.807419,36,85,57945.4892,2,0.971,,,,,,,,,,,,,,,,,,,,,,,,,18.1662,0.0201,18.2531,0.0362,18.181,0.022,17.418,0.0312,17.4594,0.0773,17.4158,0.0424,4.67,1309064943.0
417,118.7,266606894,7,0,181849.43-134719.1,274.705911,-13.788636,36,80,57862.3492,0,0.945,,,,,,,,,,,,,,,,,,,,,,,,,18.5837,0.0659,18.6129,0.0652,18.5995,0.081,17.5714,0.1678,16.983,0.3615,17.4946,0.1474,5.61,266606893.0
418,118.71,266605586,4,1,181838.67-134818.5,274.661165,-13.805114,36,36,58324.2745,0,0.966,,,,,,,,,,,,,,,,,,,,,,,,,18.2927,0.0498,18.6607,0.0756,18.472,0.0601,17.4135,0.1285,17.4595,0.2215,17.4193,0.1557,5.77,1309064944.0
419,118.76,266608053,6,3,181834.73-134536.2,274.64469,-13.760115,36,36,57378.7833,0,0.699,,,,,,,,,,,,,,,,,,,,,,,,,18.1928,0.134,18.0729,0.175,18.2082,0.145,17.1812,0.0384,17.0723,0.2238,17.1233,0.0481,4.77,266608052.0
420,118.78,266606900,13,3,181849.89-134659.4,274.707915,-13.783171,36,73,57614.219,0,0.983,,,,,,,,,,,,,,,,,,,16.5094,0.0821,16.3744,0.072,16.5651,0.0417,15.3845,0.0305,15.2836,0.0175,15.4157,0.0145,14.6614,0.0537,14.4436,0.0484,14.7134,0.0238,11.24,1309066693.0
421,118.92,1309068119,1,3,181834.95-134529.8,274.645678,-13.758263,36,36,57210.5588,0,0.869,,,,,,,,,,,,,,,,,,,,,,,,,,,,,,,17.8447,0.0769,17.8245,0.086,17.7785,0.0767,3.95,266608054.0
422,119.5,266609183,3,1,181847.17-134456.0,274.69646,-13.749165,689,1298,57702.55,0,0.458,,,,,,,,,,,,,,,,,,,,,,,,,,,,,,,17.3938,0.6379,17.4144,0.4519,18.5012,0.218,8.14,2374959004.0
423,119.6,2374957792,4,0,181842.33-134430.5,274.676393,-13.741806,135,361,57103.8496,0,0.508,,,,,,,,,,,,,,,,,,,,,,,,,,,,,,,16.3786,0.2811,16.3734,0.2623,17.5254,0.1162,2.99,266608218.0
424,119.65,266605588,4,0,181838.15-134815.7,274.658977,-13.804369,36,36,57941.5708,0,0.981,,,,,,,,,,,,,,,,,,,,,,,,,17.8375,0.0364,17.9978,0.0438,17.8716,0.0404,17.2118,0.0318,17.4747,0.0825,17.2526,0.0475,7.14,1309064888.0
425,119.83,266605611,1,0,181834.11-134704.1,274.642138,-13.784452,36,36,58741.3748,0,0.631,,,,,,,,,,,,,,,,,,,,,,,,,19.4132,0.0661,19.8141,0.1468,19.7967,0.1798,18.4287,,19.3844,,19.8294,,4.95,266605612.0
