,solution_id,DESIGNATION,SOURCE_ID,random_index,ref_epoch,RA,ra_error,DEC,dec_error,parallax,parallax_error,parallax_over_error,pm,pmra,pmra_error,pmdec,pmdec_error,ra_dec_corr,ra_parallax_corr,ra_pmra_corr,ra_pmdec_corr,dec_parallax_corr,dec_pmra_corr,dec_pmdec_corr,parallax_pmra_corr,parallax_pmdec_corr,pmra_pmdec_corr,astrometric_n_obs_al,astrometric_n_obs_ac,astrometric_n_good_obs_al,astrometric_n_bad_obs_al,astrometric_gof_al,astrometric_chi2_al,astrometric_excess_noise,astrometric_excess_noise_sig,astrometric_params_solved,astrometric_primary_flag,nu_eff_used_in_astrometry,pseudocolour,pseudocolour_error,ra_pseudocolour_corr,dec_pseudocolour_corr,parallax_pseudocolour_corr,pmra_pseudocolour_corr,pmdec_pseudocolour_corr,astrometric_matched_transits,visibility_periods_used,astrometric_sigma5d_max,matched_transits,new_matched_transits,matched_transits_removed,ipd_gof_harmonic_amplitude,ipd_gof_harmonic_phase,ipd_frac_multi_peak,ipd_frac_odd_win,ruwe,scan_direction_strength_k1,scan_direction_strength_k2,scan_direction_strength_k3,scan_direction_strength_k4,scan_direction_mean_k1,scan_direction_mean_k2,scan_direction_mean_k3,scan_direction_mean_k4,duplicated_source,phot_g_n_obs,phot_g_mean_flux,phot_g_mean_flux_error,phot_g_mean_flux_over_error,Gmag,phot_bp_n_obs,phot_bp_mean_flux,phot_bp_mean_flux_error,phot_bp_mean_flux_over_error,phot_bp_mean_mag,phot_rp_n_obs,phot_rp_mean_flux,phot_rp_mean_flux_error,phot_rp_mean_flux_over_error,phot_rp_mean_mag,phot_bp_rp_excess_factor,phot_bp_n_contaminated_transits,phot_bp_n_blended_transits,phot_rp_n_contaminated_transits,phot_rp_n_blended_transits,phot_proc_mode,bp_rp,bp_g,g_rp,radial_velocity,radial_velocity_error,rv_method_used,rv_nb_transits,rv_nb_deblended_transits,rv_visibility_periods_used,rv_expected_sig_to_noise,rv_renormalised_gof,rv_chisq_pvalue,rv_time_duration,rv_amplitude_robust,rv_template_teff,rv_template_logg,rv_template_fe_h,rv_atm_param_origin,vbroad,vbroad_error,vbroad_nb_transits,grvs_mag,grvs_mag_error,grvs_mag_nb_transits,rvs_spec_sig_to_noise,phot_variable_flag,l,b,ecl_lon,ecl_lat,in_qso_candidates,in_galaxy_candidates,non_single_star,has_xp_continuous,has_xp_sampled,has_rvs,has_epoch_photometry,has_epoch_rv,has_mcmc_gspphot,has_mcmc_msc,in_andromeda_survey,classprob_dsc_combmod_quasar,classprob_dsc_combmod_galaxy,classprob_dsc_combmod_star,teff_gspphot,teff_gspphot_lower,teff_gspphot_upper,logg_gspphot,logg_gspphot_lower,logg_gspphot_upper,mh_gspphot,mh_gspphot_lower,mh_gspphot_upper,distance_gspphot,distance_gspphot_lower,distance_gspphot_upper,azero_gspphot,azero_gspphot_lower,azero_gspphot_upper,ag_gspphot,ag_gspphot_lower,ag_gspphot_upper,ebpminrp_gspphot,ebpminrp_gspphot_lower,ebpminrp_gspphot_upper,libname_gspphot,dist,in_field,Weight
136,1636148068921376768,Gaia DR3 6709878766312642944,6709878766312642944,971370067,2016.0,279.1070714678106,0.02800625,-44.310962390678384,0.027481558,9.444046668136274,0.03627957,260.31308,233.16922,-169.78778201045824,0.029032728,-159.81237730420762,0.025417969,0.310874,-0.1410698,-0.31422037,-0.08144234,-0.4061344,0.026462223,-0.5791927,-0.15898152,0.26626527,0.27233106,388,388,386,2,33.965813,5241.4224,0.27015355,108.87402,31,True,1.5613959,,,,,,,,44,16,0.045355573,44,29,1,0.05996338,178.0133,0,0,2.4547431,,,,,,,,,False,365,1779062.4800243773,313.4844,5675.1226,10.061889,42,964080.0550189834,350.20596,2752.8945,10.37826,42,1176133.9284869677,195.44041,6017.8643,9.5717535,1.203001,0,9,0,0,0,0.80650616,0.31637096,0.4901352,-3.5800974,0.30870685,1,14,4,9,91.26656,1.2977946,0.041568086,976.58563,2.9569018,5500.0,4.0,-0.75,222,7.0314174,3.050941,9,9.3706255,0.009879328,10,,NOT_AVAILABLE,350.9254625673262,-16.072321778091943,276.9724166635441,-21.091858812878225,False,False,1,True,True,False,False,False,True,True,False,1.0508702e-13,5.249044e-13,0.99969655,5637.078,5635.7847,5639.4365,4.4233,4.4204,4.4256,-0.8523,-0.8582,-0.8465,104.9957,104.5841,105.4731,0.0008,0.0002,0.0023,0.0007,1e-04,0.0019,0.0004,1e-04,0.0011,MARCS,0.001044470811346175,IN,1
255,1636148068921376768,Gaia DR3 6709877911622228224,6709877911622228224,794955552,2016.0,279.13394768293995,0.013832492,-44.331400999153566,0.013685437,0.4357908341601665,0.018357476,23.739147,4.8173265,3.4687020953217935,0.015233038,-3.3428641567999313,0.0132362135,0.2633131,-0.1679401,-0.34894174,-0.070430905,-0.44942844,0.026651446,-0.60093105,-0.14142665,0.27477592,0.30113673,394,0,392,2,2.3472235,576.8493,0.07013989,4.461526,31,False,1.6888703,,,,,,,,46,16,0.023808174,46,30,0,0.08171761,176.77657,0,0,1.0846596,0.4429043,0.3981052,0.14857295,0.77968276,178.84842,-28.31001,15.817984,-43.046474,False,354,75257.84218135466,33.314964,2258.9802,13.495988,40,50228.82045732667,43.721947,1148.824,13.58616,38,36371.47834436385,25.44649,1429.3319,13.345993,1.1507146,0,0,0,0,0,0.24016666,0.090171814,0.14999485,,,,,,,,,,,,,,,,,,,,,,,NOT_AVAILABLE,350.9134407397522,-16.097895775391056,276.99149927654287,-21.11355022129731,False,False,0,True,True,False,False,False,True,True,False,1.03646895e-13,5.1771104e-13,0.9998398,8771.584,8747.828,8802.796,4.1284,4.1172,4.1415,0.1484,0.1173,0.1867,2326.0503,2285.723,2366.9944,0.3258,0.3187,0.3352,0.3053,0.2986,0.3142,0.1621,0.1585,0.1668,A,0.028082154029651266,IN,1
117,1636148068921376768,Gaia DR3 6709878598817010944,6709878598817010944,1115662372,2016.0,279.10236679668765,0.013399489,-44.31684560527141,0.013642594,0.8734043321084107,0.018322142,47.66934,7.730986,-2.8125863187309323,0.014888021,-7.201215636687655,0.012814049,0.16978747,-0.077767834,-0.40277973,-0.01968116,-0.5021575,0.114192925,-0.6443625,-0.23051797,0.34230694,0.1854877,381,0,379,2,-0.041680582,375.85947,0.0,2.0784012e-15,31,False,1.5915827,,,,,,,,44,16,0.02228931,44,29,0,0.06333726,177.0554,0,0,0.9975857,0.42630258,0.37115914,0.1036707,0.774299,-175.9507,-26.359459,13.334666,-43.181335,False,377,57980.02194648695,14.83928,3907.1992,13.779171,36,33206.45745547239,19.687147,1686.7074,14.035486,35,35508.12551801719,21.258411,1670.3094,13.372076,1.1851424,0,0,0,0,0,0.6634102,0.25631523,0.40709496,24.370443,7.6913304,2,15,4,9,6.7091403,,,976.5857,,6250.0,4.5,-0.5,101,,,,13.156851,0.071906015,12,,NOT_AVAILABLE,350.9184662288558,-16.0714574942054,276.96839137287435,-21.097501515342007,False,False,0,True,True,False,False,False,True,True,False,1.0414262e-13,5.2018714e-13,0.99979013,6277.186,6261.162,6292.602,4.1987,4.1832,4.2167,-0.139,-0.1514,-0.1278,1065.791,1047.3525,1082.3646,0.0657,0.0574,0.0736,0.0567,0.0495,0.0636,0.0305,0.0266,0.0342,MARCS,0.00778338640846631,IN,1
67,1636148068921376768,Gaia DR3 6709878938111557376,6709878938111557376,398876982,2016.0,279.09189736545244,0.02016683,-44.29104176325471,0.019296162,1.5527395801144388,0.024729503,62.78895,24.411022,-1.039328888952872,0.022950083,-24.388887243498345,0.01967314,0.25966787,-0.10420487,-0.35953885,-0.028569981,-0.33886728,0.02107506,-0.58713907,-0.09922072,0.23472264,0.36057183,365,0,364,1,2.396542,434.9602,0.07435692,2.3140721,31,False,1.5013694,,,,,,,,42,16,0.036000118,42,28,0,0.06365719,177.03717,0,0,1.0898027,0.43885693,0.44717726,0.21431786,0.7814655,172.63402,-30.67056,20.580008,-42.29839,False,342,29431.3689791841,5.9280114,4964.7964,14.515341,34,14152.645850021752,18.67369,757.8923,14.961448,32,21627.490587587672,19.041906,1135.7839,13.91038,1.2157143,0,0,0,0,0,1.0510674,0.4461069,0.60496044,-34.746304,5.1036654,2,10,2,8,3.3691382,,,976.51166,,5000.0,4.0,0.0,111,,,,13.577297,0.14797807,10,,NOT_AVAILABLE,350.94030313736084,-16.05467561571272,276.96224374774215,-21.071251336006974,False,False,0,True,True,False,False,False,True,True,False,1.03072966e-13,5.1484435e-13,0.999896,5237.144,5222.4185,5250.2793,4.5954,4.5873,4.6044,0.0522,0.0296,0.068,548.8453,540.41,555.9216,0.1925,0.1827,0.2018,0.1555,0.1477,0.1631,0.0823,0.0781,0.0864,MARCS,0.02244624684931159,IN,1
129,1636148068921376768,Gaia DR3 6709878701896224768,6709878701896224768,1033102508,2016.0,279.1052309327732,0.021760099,-44.317764698204336,0.022400364,0.19156043342509693,0.03021489,6.339935,4.4396987,-3.040093642872387,0.024553241,-3.2355453954596505,0.020939957,0.17702906,-0.07456961,-0.3798969,-0.009436044,-0.5202694,0.13786736,-0.63325304,-0.2557306,0.33936796,0.19509469,391,0,391,0,1.0197077,427.4216,0.0,0.0,31,False,1.4696063,,,,,,,,45,16,0.036517657,45,30,0,0.050315883,177.50409,0,0,1.0360497,0.43338728,0.38471106,0.12548251,0.7767112,-178.4793,-26.8504,16.176956,-42.91433,False,383,18402.07677688799,4.3024135,4277.152,15.0252,41,8186.5221630287715,13.317624,614.71344,15.555794,40,14566.832353339902,11.466648,1270.3654,14.339482,1.2364558,0,2,0,0,0,1.2163115,0.5305939,0.6857176,,,,,,,,,,,,,,,,,,,,,,,NOT_AVAILABLE,350.91839669389503,-16.073702408476773,276.9705163883496,-21.09855675589929,False,False,0,True,False,False,False,False,True,True,False,1.0220223e-13,5.1049545e-13,0.9999822,4776.76,4677.6475,4851.2,2.6003,2.4643,2.8181,-0.2417,-0.2501,-0.2331,6619.9346,5211.7983,7655.8955,0.1714,0.0514,0.2549,0.1344,0.0401,0.2005,0.071,0.0211,0.1062,MARCS,0.007800234447543447,IN,1
251,1636148068921376768,Gaia DR3 6709877980341711488,6709877980341711488,1078469905,2016.0,279.13366717661927,0.022540113,-44.31028020575801,0.02273289,0.8536898576009391,0.030232146,28.23782,15.864494,9.775579863336393,0.024975182,-12.4948077067252,0.021318857,0.2020281,-0.042152748,-0.39433146,-0.020494785,-0.4900591,0.1129567,-0.63621753,-0.2520009,0.3359138,0.2137671,383,0,382,1,-0.55983275,375.56802,0.0,0.0,31,False,1.5273626,,,,,,,,44,16,0.037582662,44,30,0,0.046377394,177.0974,0,0,0.9788035,0.4226915,0.42088428,0.13610801,0.7724558,178.96852,-28.269732,20.313143,-42.750114,False,379,17779.875531580416,4.55797,3900.832,15.062545,41,9062.75636238424,14.96849,605.4556,15.445392,41,12466.05217605891,10.066872,1238.3243,14.508574,1.2108526,0,0,0,0,0,0.9368181,0.38284683,0.5539713,,,,,,,,,,,,,,,,,,,,,,,NOT_AVAILABLE,350.9336799857213,-16.089650830518725,276.9928169320199,-21.092464277091924,False,False,0,True,False,False,False,False,True,True,False,1.0264799e-13,5.127216e-13,0.999938,5459.616,5448.3613,5472.5015,4.4168,4.4037,4.4307,0.0402,0.0252,0.056,970.3901,952.4187,989.2456,0.1117,0.103,0.1214,0.0918,0.0847,0.0998,0.0488,0.045,0.0531,MARCS,0.01827090591058402,IN,1
82,1636148068921376768,Gaia DR3 6709878667536493056,6709878667536493056,420612270,2016.0,279.0957873913941,0.024594935,-44.30550985690691,0.023958616,0.24734321363386993,0.031855717,7.764484,8.006494,-1.8313166853727876,0.026848976,-7.794242297439304,0.023324864,0.29167435,-0.09698381,-0.32912073,-0.05281428,-0.38221273,0.021711422,-0.5829006,-0.12066617,0.2847895,0.32531685,392,0,390,2,2.2845607,469.6134,0.0769204,1.391762,31,False,1.5116777,,,,,,,,45,16,0.04210676,45,29,0,0.061985478,177.6459,0,0,1.0825603,0.4294723,0.40764353,0.14751871,0.7773203,178.32018,-28.746372,17.14754,-42.970943,False,361,15926.903423804339,3.7865536,4206.174,15.182038,37,7793.544688302174,8.3778715,930.25354,15.609204,36,11734.874396449894,14.24454,823.8156,14.5742,1.2261277,0,0,0,2,0,1.0350046,0.427166,0.60783863,,,,,,,,,,,,,,,,,,,,,,,NOT_AVAILABLE,350.92749683724475,-16.062776557312283,276.9641760283617,-21.085874141180398,False,False,0,True,False,False,False,False,True,True,False,1.0222028e-13,5.105867e-13,0.9999804,5694.177,5683.131,5705.823,3.5653,3.5597,3.5693,-0.3698,-0.3704,-0.3687,3211.5193,3200.3188,3229.9287,0.5538,0.5465,0.5622,0.4569,0.4506,0.4639,0.2471,0.2437,0.251,MARCS,0.010024453529216219,IN,1
202,1636148068921376768,Gaia DR3 6709878701896221568,6709878701896221568,1234712660,2016.0,279.12290791019973,0.024579681,-44.31135097963376,0.023638265,3.6125083869884866,0.030610885,118.01385,33.0413,-4.225861862310093,0.02779586,-32.76994982694484,0.023694882,0.20665841,-0.16558611,-0.34265873,0.013606056,-0.39465618,0.08226488,-0.5816312,-0.11689055,0.23530649,0.2950263,381,0,381,0,1.1127608,412.70633,0.0,0.0,31,False,1.3645128,,,,,,,,44,16,0.042346813,44,29,0,0.051241953,0.5017312,0,0,1.0399531,0.45404613,0.40834522,0.1817217,0.7745427,175.61575,-28.608807,18.007507,-42.848503,False,379,15055.25379636625,4.957439,3036.9016,15.243147,43,4731.2840057190815,8.35679,566.16046,16.151094,42,15076.025335440536,13.387163,1126.1554,14.302178,1.315641,0,0,0,0,0,1.848916,0.90794754,0.9409685,-16.798378,8.914739,2,12,3,8,3.454096,,,976.58563,,4250.0,4.5,0.5,101,,,,13.898467,0.14483182,10,,NOT_AVAILABLE,350.9295916303646,-16.082943490560197,276.9845064166705,-21.093011864461936,False,False,0,True,False,False,False,False,False,True,False,1.0964923e-13,5.4788417e-13,0.9992449,,,,,,,,,,,,,,,,,,,,,,,0.010629376257215049,IN,1
259,1636148068921376768,Gaia DR3 6709878804975438976,6709878804975438976,1517127266,2016.0,279.13507345738884,0.025002234,-44.291463114832666,0.02581163,0.7661999815868231,0.03463482,22.122244,4.9618883,4.615445881125746,0.028424976,-1.8215369399966033,0.024339873,0.2077738,-0.04261694,-0.3889811,-0.04863812,-0.52585363,0.100296095,-0.63749963,-0.25967792,0.35363087,0.2146138,393,0,392,1,-1.7722964,353.44113,0.0,0.0,31,False,1.4971619,,,,,,,,45,17,0.04282448,45,29,0,0.043594744,178.30206,0,0,0.93613464,0.39415142,0.3933166,0.0897746,0.77938926,-175.09183,-27.399504,13.077017,-42.836433,False,387,13213.164921984233,3.5907218,3679.8074,15.38485,41,6295.655044456296,13.307837,473.07877,15.8409395,40,9811.034986832827,10.442317,939.5458,14.768608,1.2189881,1,0,0,0,0,1.0723314,0.45608997,0.61624146,,,,,,,,,,,,,,,,,,,,,,,NOT_AVAILABLE,350.95218116570624,-16.083399201694988,276.9952579767819,-21.073758443581827,False,False,0,True,False,False,False,False,True,True,False,1.02396654e-13,5.114669e-13,0.9999629,5041.4966,5034.933,5049.457,4.4059,4.3849,4.4559,-0.1838,-0.1965,-0.1702,1005.9449,914.3801,1045.58,0.0038,0.0009,0.0101,0.003,0.0007,0.0081,0.0016,0.0004,0.0043,PHOENIX,0.026917060674505874,IN,1
45,1636148068921376768,Gaia DR3 6709878942414408064,6709878942414408064,894575755,2016.0,279.0840379294057,0.028850213,-44.28705361967556,0.027693821,0.5347343272558392,0.035437156,15.089651,3.225055,-3.225054563068656,0.032976344,0.0018366726696186794,0.028243667,0.33827972,-0.07461667,-0.360214,-0.110338435,-0.35808298,-0.052132156,-0.5844334,-0.12726253,0.2537887,0.42389035,358,0,356,2,-0.9911354,339.60345,0.0,2.1454165e-15,31,False,1.5544325,,,,,,,,41,16,0.053196672,41,27,0,0.061498985,177.03546,0,0,0.9618886,0.40188736,0.47682098,0.1864252,0.7820731,172.81024,-31.809721,22.631132,-42.59369,False,353,11286.421567727695,3.8881989,2902.7378,15.555976,38,6052.743137630981,12.963247,466.91565,15.883661,38,7528.540773696768,9.4747715,794.58813,15.056118,1.2033294,0,0,0,0,0,0.82754326,0.32768536,0.4998579,,,,,,,,,,,,,,,,,,,,,,,VARIABLE,350.94190064972435,-16.0479525123492,276.95651614438225,-21.066893442106654,False,False,0,True,False,False,True,False,True,True,False,1.02453114e-13,5.117496e-13,0.9999574,5728.248,5711.662,5751.56,3.8211,3.8072,3.8725,-0.6174,-0.6399,-0.5924,2800.9597,2599.1433,2840.3354,0.072,0.0606,0.0857,0.0604,0.0508,0.0719,0.0326,0.0274,0.0388,PHOENIX,0.028901589502515333,IN,1
263,1636148068921376768,Gaia DR3 6709878736255960192,6709878736255960192,1474278657,2016.0,279.13583984198146,0.03337054,-44.29816954776159,0.03384215,0.10965480817873999,0.04518128,2.4269967,2.3702211,-0.5282426940032373,0.03888691,-2.3106077362644926,0.033021078,0.20446058,-0.052281562,-0.3427818,-0.005369124,-0.5037708,0.116515845,-0.5953533,-0.23487616,0.334115,0.27224654,386,0,385,1,0.23464054,402.6371,0.0,0.0,31,False,1.4908835,,,,,,,,45,17,0.0586317,45,29,0,0.036136936,175.32391,0,0,1.0076438,0.41827685,0.4142683,0.13640726,0.7794789,179.72643,-28.176235,18.32027,-42.510788,False,370,7863.022686051851,3.131021,2511.3286,15.948393,31,3683.4381761502486,8.903497,413.7069,16.422909,32,5986.265189199853,9.858678,607.2077,15.305006,1.2297692,0,3,0,1,0,1.1179028,0.47451591,0.64338684,,,,,,,,,,,,,,,,,,,,,,,NOT_AVAILABLE,350.9459478034861,-16.086465953001053,276.99535804685024,-21.080486624953988,False,False,0,True,False,False,False,False,True,True,False,1.02143906e-13,5.1021096e-13,0.99998796,5652.6562,5630.7407,5670.8765,4.1456,4.1095,4.1901,-0.0688,-0.0886,-0.0516,1788.9435,1699.6213,1861.2449,0.68,0.6671,0.6915,0.5551,0.5442,0.5648,0.2981,0.2923,0.3035,MARCS,0.023215874470146773,IN,1
114,1636148068921376768,Gaia DR3 6709878976774142208,6709878976774142208,301318338,2016.0,279.10181116198567,0.03671517,-44.28720435458216,0.03631147,0.3200262206246561,0.051378056,6.2288504,1.2261921,0.7347387991966361,0.04160932,0.9816853595706978,0.035761528,0.23748359,-0.030041607,-0.30792335,0.0036110696,-0.44687387,0.10301278,-0.5918761,-0.22711597,0.3516523,0.28583533,359,0,358,1,1.0308136,397.15714,0.0,0.0,31,False,1.5260108,,,,,,,,41,16,0.06315381,41,27,0,0.060019784,176.1772,0,0,1.0380887,0.44140342,0.44573173,0.20254977,0.7863273,173.50607,-29.05786,20.744558,-41.750122,False,347,7040.683314517679,3.2246764,2183.3767,16.06833,40,3566.9822776715946,8.780415,406.24304,16.45779,40,4902.158964713764,9.611039,510.05505,15.521927,1.2028862,0,1,0,0,0,0.9358635,0.3894596,0.5464039,,,,,,,,,,,,,,,,,,,,,,,NOT_AVAILABLE,350.9468149771476,-16.05976745087857,276.97010859232824,-21.067900931044548,False,False,0,True,False,False,False,False,True,True,False,1.02481554e-13,5.1189337e-13,0.9999546,5393.908,5365.2466,5421.4756,4.4288,4.404,4.4522,0.1561,0.12,0.1884,1550.0621,1494.6,1605.2275,0.0387,0.0179,0.0579,0.0316,0.0147,0.0475,0.0168,0.0077,0.0251,MARCS,0.023481872955696283,IN,1
163,1636148068921376768,Gaia DR3 6709878770615702400,6709878770615702400,882298908,2016.0,279.11421920416893,0.046431027,-44.30631652652618,0.044479106,0.3739442805168619,0.05501527,6.7971,5.920687,-4.46782871149855,0.050228924,-3.8849766394971796,0.043319594,0.11850337,-0.19238934,-0.45972914,0.046996422,-0.32865253,0.109761074,-0.6629052,-0.08462393,0.18457502,0.15694506,394,0,392,2,-0.3834392,391.3,0.0,0.0,31,False,1.5547007,,,,,,,,45,16,0.07521824,45,30,0,0.06290258,178.3124,1,0,0.98539203,0.46694103,0.37850294,0.16760321,0.7758549,177.63292,-27.124666,15.600096,-43.187614,False,374,4688.238884917909,2.379592,1970.186,16.509842,28,2526.093402682423,13.12479,192.46733,16.832418,27,3087.1162853644523,8.872125,347.95682,16.024014,1.197296,0,0,0,0,0,0.8084049,0.32257652,0.4858284,,,,,,,,,,,,,,,,,,,,,,,NOT_AVAILABLE,350.93196371352644,-16.075274854942805,276.97822232563846,-21.087568830589582,False,False,0,True,False,False,False,False,True,True,False,1.0234749e-13,5.112222e-13,0.9999678,5716.245,5657.8813,5780.508,4.0223,3.9697,4.1195,-0.357,-0.4192,-0.2907,3368.542,3040.1409,3543.5862,0.0543,0.0176,0.0916,0.0456,0.0147,0.0772,0.0246,0.0079,0.0416,MARCS,0.0058655514047877165,IN,1
143,1636148068921376768,Gaia DR3 6709877941679064704,6709877941679064704,863653673,2016.0,279.1088202276182,0.046397146,-44.3323853968453,0.045204844,0.3239492180375203,0.057562742,5.6277585,1.9628905,1.0837620650429858,0.050728023,-1.6365815377618702,0.043847896,0.30535623,-0.12324831,-0.35237268,-0.08749194,-0.3896354,-0.001990103,-0.60160106,-0.1431489,0.25441787,0.33113027,390,0,389,1,0.69594544,419.37506,0.0,0.0,31,False,1.5491537,,,,,,,,45,16,0.08010474,45,30,0,0.067290425,177.48775,0,0,1.0243424,0.42956898,0.420281,0.15350343,0.7769314,177.10588,-29.153313,18.179094,-42.963165,False,380,4220.214457895988,2.389359,1766.2538,16.624031,41,2239.4170986763447,7.505133,298.38474,16.963205,38,2820.4648599616,8.73889,322.74866,16.122093,1.1989633,0,0,0,0,0,0.84111214,0.33917427,0.50193787,,,,,,,,,,,,,,,,,,,,,,,NOT_AVAILABLE,350.9053541415515,-16.08165832010828,276.9722048258666,-21.113317410635986,False,False,0,True,False,False,False,False,True,True,False,1.0237847e-13,5.113774e-13,0.9999648,5586.3086,5558.6504,5625.5376,4.4535,4.4024,4.4977,-0.5335,-0.5735,-0.4884,2050.864,1906.9664,2234.6096,0.0279,0.0091,0.0525,0.0233,0.0075,0.0439,0.0126,0.004,0.0237,MARCS,0.022144757018710652,IN,1
37,1636148068921376768,Gaia DR3 6709878873694925056,6709878873694925056,1172543601,2016.0,279.0820329975521,0.04825362,-44.31190362916947,0.046840973,0.2893709013363129,0.0607075,4.7666416,11.250068,-2.5352383815455024,0.055267844,-10.960683910359922,0.047707263,0.29656082,-0.1057452,-0.30457133,-0.05400995,-0.3829348,0.0021037362,-0.56319773,-0.10523891,0.27286673,0.3858564,371,0,371,0,1.1452005,413.2535,0.0,0.0,31,False,1.5488964,,,,,,,,43,16,0.087380506,43,27,0,0.06059728,176.01967,0,0,1.0417017,0.41003343,0.43530613,0.16178858,0.7805981,176.49707,-30.379824,19.576557,-42.71947,False,368,3898.2858252382994,1.9845691,1964.2983,16.710182,41,2053.235899887381,9.525191,215.5585,17.057446,41,2596.4273303478335,7.8069925,332.57715,16.211956,1.1927456,0,1,0,1,0,0.8454895,0.34726334,0.49822617,,,,,,,,,,,,,,,,,,,,,,,NOT_AVAILABLE,350.91743482338416,-16.056123881495132,276.953189486238,-21.091590544294366,False,False,0,True,False,False,False,False,True,True,False,1.0228042e-13,5.1118316e-13,0.9999745,5569.87,5527.4355,5617.9424,4.4724,4.4043,4.5104,-0.7063,-0.7747,-0.6382,2038.7795,1894.6666,2268.1233,0.035,0.0083,0.0646,0.0292,0.0069,0.054,0.0158,0.0037,0.0292,MARCS,0.01875002292711312,IN,1
284,1636148068921376768,Gaia DR3 6709877911622230016,6709877911622230016,566827864,2016.0,279.14164546637875,0.050386768,-44.318592788124754,0.051095158,0.30009334950272576,0.06801573,4.412117,4.9844303,2.1158527750819145,0.05670203,-4.513060197436529,0.04839758,0.19892345,-0.04744064,-0.38880566,-0.029891675,-0.483033,0.099321306,-0.6345859,-0.24487522,0.32912788,0.22249874,389,0,388,1,0.59322417,416.34286,0.02869114,0.044395573,31,False,1.4922404,,,,,,,,45,16,0.08546259,45,30,0,0.045913734,177.30023,0,0,1.020634,0.42651093,0.39205447,0.12529588,0.7776727,-178.65279,-27.365984,16.95321,-42.872177,False,386,3629.7255799023433,2.0274684,1790.2748,16.787682,44,1706.972051881297,8.6955385,196.30435,17.257977,45,2722.4045899802422,9.422964,288.9117,16.160513,1.2203062,0,1,0,0,0,1.0974636,0.47029495,0.62716866,,,,,,,,,,,,,,,,,,,,,,,NOT_AVAILABLE,350.9279500680769,-16.09809939258874,276.99831834208373,-21.101144301972685,False,False,0,True,False,False,False,False,True,True,False,1.0208163e-13,5.0989725e-13,0.99999416,5113.046,5079.6963,5149.2256,4.4195,4.3924,4.4482,-0.4178,-0.4607,-0.3734,1751.5941,1671.3503,1836.9192,0.2553,0.227,0.2829,0.2053,0.1824,0.2278,0.11,0.0977,0.1221,MARCS,0.025389380054569075,IN,1
277,1636148068921376768,Gaia DR3 6709877907319335680,6709877907319335680,268382590,2016.0,279.13879221167343,0.055931438,-44.32768713487769,0.056300838,0.30793416057132555,0.067385525,4.569738,4.833011,4.659922208011993,0.0730943,-1.2818435058930895,0.06357298,0.230875,-0.052942257,-0.25635344,0.05250616,-0.3678803,0.061943397,-0.54629034,-0.14269508,0.22486262,0.4731383,357,0,354,3,-0.8241914,340.2195,0.0,0.0,31,False,1.5470207,,,,,,,,41,16,0.116762355,42,29,0,0.08240555,178.11224,0,0,0.9680217,0.43578374,0.47657228,0.24493383,0.7944262,169.8971,-32.03872,21.855692,-42.04542,False,338,3543.3993979701318,2.164813,1636.8154,16.813816,31,1855.226074838779,12.729221,145.74545,17.167551,32,2369.5279211852935,12.643081,187.41698,16.311241,1.1922884,0,0,0,0,0,0.8563099,0.35373497,0.5025749,,,,,,,,,,,,,,,,,,,,,,,NOT_AVAILABLE,350.9183899194263,-16.099682159997418,276.99547508133213,-21.110079508973715,False,False,0,True,False,False,False,False,True,True,False,1.0233791e-13,5.111804e-13,0.99996877,5737.3877,5658.108,5789.5845,4.6632,4.6384,4.688,-0.7568,-0.8554,-0.6798,1719.5743,1621.8698,1799.064,0.1306,0.0797,0.1617,0.1093,0.0665,0.1355,0.0591,0.036,0.0733,PHOENIX,0.028023763181889205,IN,1
52,1636148068921376768,Gaia DR3 6709878598817013120,6709878598817013120,856168369,2016.0,279.0877258885721,0.06301926,-44.32348487830001,0.06001183,0.32945188378743584,0.074083716,4.4470215,4.549252,4.180056013745421,0.07169648,-1.7952226545795567,0.061083008,0.1317898,-0.17731608,-0.3851348,0.06806081,-0.32666898,0.113566965,-0.6020915,-0.06940577,0.18881969,0.24050447,379,0,377,2,1.3653615,426.1852,0.16249536,1.038517,31,False,1.5577512,,,,,,,,44,16,0.107371904,44,28,0,0.06435941,177.92926,0,0,1.0495611,0.41883665,0.3912862,0.13366127,0.7789427,-179.86937,-28.422466,15.300728,-43.12098,False,355,2924.259404906152,2.0281327,1441.8481,17.022327,38,1571.6762646023103,6.602754,238.03343,17.347635,36,1957.1156674658182,8.088673,241.95758,16.518854,1.2067301,0,14,0,13,0,0.8287811,0.32530785,0.5034733,,,,,,,,,,,,,,,,,,,,,,,NOT_AVAILABLE,350.90791715128773,-16.064313054808935,276.95670968293814,-21.10341972602972,False,False,0,True,False,False,False,False,True,True,False,1.02367814e-13,5.1134406e-13,0.99996585,5602.352,5591.6777,5620.037,4.6492,4.6247,4.6679,-0.9039,-0.9585,-0.8512,1815.8848,1781.4539,1854.8851,0.0059,0.0014,0.0178,0.0049,0.0011,0.0149,0.0027,0.0006,0.0081,MARCS,0.019709687509427358,IN,1
244,1636148068921376768,Gaia DR3 6709878736248755584,6709878736248755584,204688119,2016.0,279.1324125736604,0.059170336,-44.30983307833189,0.05974844,0.4707426058242924,0.07889655,5.9665804,2.967214,1.6806105000213583,0.06748193,-2.445384978666371,0.05772649,0.19974712,-0.040245157,-0.39463353,-0.02867691,-0.4743332,0.087919116,-0.6369359,-0.2333619,0.33021772,0.24919236,388,0,386,2,1.0019987,426.10217,0.06980064,0.19688122,31,False,1.4857432,,,,,,,,45,16,0.10254296,45,30,0,0.056711204,178.16248,0,0,1.035632,0.42897758,0.3986665,0.13165464,0.7756616,-179.56454,-27.530146,17.92532,-42.81932,False,382,2867.882100641742,2.013533,1424.3035,17.043463,22,1345.5026808125353,11.897474,113.09145,17.51633,20,2323.544299830917,17.68913,131.35435,16.332518,1.2793577,0,1,0,2,0,1.1838131,0.47286797,0.7109451,,,,,,,,,,,,,,,,,,,,,,,NOT_AVAILABLE,350.93375352891667,-16.088650382469638,276.9918893456621,-21.091957421599595,False,False,0,True,False,False,False,False,True,True,False,1.0250112e-13,5.1797835e-13,0.9999528,4764.0063,4736.2603,4801.21,4.5124,4.4879,4.5358,-0.1921,-0.2448,-0.1378,1503.1826,1443.632,1566.0372,0.0445,0.0136,0.0818,0.0349,0.0107,0.0644,0.0185,0.0056,0.0341,MARCS,0.017378095454510988,IN,1
131,1636148068921376768,Gaia DR3 6709878972471291776,6709878972471291776,78358514,2016.0,279.10558754093205,0.060113806,-44.29501493072234,0.05971735,0.3378854764241121,0.07901712,4.2761045,7.1079183,2.50377355740617,0.06920813,-6.652339637294737,0.05965998,0.2071605,-0.0042906203,-0.34632578,0.012865599,-0.4351879,0.086957015,-0.5991352,-0.18605904,0.33453944,0.29490748,364,0,363,1,0.36472267,381.80435,0.0,0.0,31,False,1.5396978,,,,,,,,42,16,0.10576518,42,28,0,0.049475502,175.27138,0,0,1.0127261,0.40517363,0.45022312,0.1709897,0.78146046,176.67705,-30.217882,22.54016,-42.1327,False,360,2796.195072421375,1.9653044,1422.7797,17.070948,40,1441.1509905188336,7.672654,187.82953,17.441769,39,1908.8906649604198,6.344027,300.89572,16.545942,1.1980715,0,0,0,0,0,0.89582634,0.370821,0.52500534,,,,,,,,,,,,,,,,,,,,,,,NOT_AVAILABLE,350.94037814410234,-16.06524934092613,276.97243429002395,-21.075876040480992,False,False,0,True,False,False,False,False,True,True,False,1.0233662e-13,5.1117037e-13,0.99996895,5436.106,5420.708,5483.454,4.5742,4.5381,4.5998,-0.3321,-0.3823,-0.2448,1996.4465,1937.6627,2115.961,0.012,0.0024,0.041,0.0099,0.002,0.0339,0.0053,0.001,0.0182,MARCS,0.015339773772811517,IN,1
68,1636148068921376768,Gaia DR3 6709878869392047616,6709878869392047616,253045401,2016.0,279.09198528614905,0.061724905,-44.303986262128554,0.05934355,0.296396922589015,0.07639152,3.8799715,3.8766422,-0.8155999447898485,0.06948967,-3.7898748168474503,0.05997719,0.33801243,-0.06049234,-0.29588273,-0.06465519,-0.3169342,-0.019863917,-0.5492072,-0.0975326,0.25079823,0.40671343,362,0,361,1,1.1552197,402.41364,0.0,0.0,31,False,1.5500998,,,,,,,,42,16,0.11074379,43,27,0,0.06756115,176.9782,0,0,1.042655,0.4030734,0.44788784,0.17217955,0.7828656,175.33003,-31.000883,20.369467,-42.55337,False,351,2696.1003330109825,1.9659411,1371.4044,17.110527,39,1413.8994596433001,11.070801,127.71429,17.462496,37,1812.6388550306967,9.701661,186.83798,16.602118,1.1967427,0,0,0,0,0,0.86037827,0.35196877,0.5084095,,,,,,,,,,,,,,,,,,,,,,,NOT_AVAILABLE,350.92788027259076,-16.059679950726405,276.96137652102664,-21.08417067037036,False,False,0,True,False,False,False,False,True,True,False,3.0081073e-11,5.1060154e-13,0.99998033,5499.679,5474.2803,5546.281,4.4777,4.3379,4.5261,-0.8096,-0.8746,-0.7343,2336.2114,2134.071,2967.7847,0.0263,0.0084,0.0583,0.0219,0.007,0.0486,0.0118,0.0038,0.0263,MARCS,0.01314250842563749,IN,1
195,1636148068921376768,Gaia DR3 6709878766312863744,6709878766312863744,1054666355,2016.0,279.1210277237807,0.06605394,-44.2907205009218,0.06586442,0.23139943130087542,0.086575635,2.6728008,2.8267188,-0.8578683753394587,0.077442184,-2.693399482484489,0.06560408,0.21974714,-0.027675644,-0.3552221,-0.017652512,-0.45628417,0.078580946,-0.5966826,-0.22211544,0.30274475,0.31535694,381,0,378,3,1.7983843,440.63965,0.2001087,1.4195004,31,False,1.5199975,,,,,,,,44,16,0.11860818,44,29,0,0.04303423,179.70955,0,0,1.065648,0.41696188,0.41573432,0.13808891,0.77761453,179.65967,-28.500725,19.793692,-42.61178,False,372,2564.4542834389244,1.6342899,1569.1552,17.164879,40,1270.9161680090838,5.67756,223.84901,17.57825,37,1802.0771659490724,5.9118547,304.82434,16.608461,1.198303,0,1,0,1,0,0.9697895,0.41337204,0.55641747,,,,,,,,,,,,,,,,,,,,,,,NOT_AVAILABLE,350.94890087977495,-16.073823264959266,276.98456193796113,-21.072337613815847,False,False,0,True,False,False,False,False,True,True,False,1.02339896e-13,5.117305e-13,0.99996865,5271.976,5250.8184,5322.816,4.5886,4.5498,4.6074,-0.2481,-0.2974,-0.1643,1884.4945,1837.6595,2020.0295,0.0119,0.0029,0.0344,0.0097,0.0023,0.0279,0.0051,0.0012,0.0148,PHOENIX,0.021596411347916247,IN,1
170,1636148068921376768,Gaia DR3 6709878697600804992,6709878697600804992,263815296,2016.0,279.11584147839864,0.06577036,-44.30687298376794,0.06350661,0.167207811376849,0.0801756,2.08552,6.575846,-6.288914355225827,0.07295612,-1.9212776825914757,0.06263612,0.21503444,-0.15521245,-0.37684485,-0.03506059,-0.3608023,0.03408295,-0.60097903,-0.11450108,0.21263134,0.26100698,384,0,384,0,-1.3703903,355.9876,0.0,2.064646e-15,31,False,1.4966371,,,,,,,,44,16,0.11175091,45,30,0,0.06503368,179.04314,0,0,0.94977576,0.4547205,0.37433684,0.15678385,0.7744861,178.55954,-27.103533,14.736793,-43.27772,False,338,2339.519136586401,1.7877579,1308.633,17.264551,24,1107.9221965588963,8.752415,126.58475,17.727268,21,1754.6221359674948,8.54862,205.25209,16.637436,1.2235609,0,0,0,0,0,1.0898323,0.46271706,0.62711525,,,,,,,,,,,,,,,,,,,,,,,NOT_AVAILABLE,350.9318898115981,-16.076560287143963,276.9794234523873,-21.088202423239807,False,False,0,True,False,False,False,False,True,True,False,1.0211346e-13,5.1008693e-13,0.9999912,4962.583,4897.391,5039.991,4.7093,4.6763,4.7514,-0.9976,-1.1969,-0.8352,1282.116,1184.2928,1379.855,0.096,0.0318,0.1576,0.077,0.0253,0.1264,0.0414,0.0136,0.0679,PHOENIX,0.006465216271193657,IN,1
65,1636148068921376768,Gaia DR3 6709878663233604352,6709878663233604352,892790349,2016.0,279.09146764929767,0.068997435,-44.31445239974587,0.06810355,0.3426453484417644,0.08743544,3.9188385,1.999868,-1.5916099175048921,0.07735218,-1.2108880310154455,0.06689215,0.2677982,-0.09570469,-0.37210852,-0.08771792,-0.40062603,-0.003777047,-0.61231226,-0.16031365,0.2629271,0.31489584,386,0,386,0,-0.2872729,387.46454,0.0,0.0,31,False,1.5491366,,,,,,,,45,16,0.121494934,45,29,0,0.0708373,177.90237,0,0,0.98873955,0.42421222,0.37539792,0.12563942,0.78342414,-178.4395,-27.661022,12.963026,-43.38462,False,381,2054.890602775483,1.6106597,1275.8068,17.405396,38,1081.7225682020435,6.989292,154.76854,17.753252,40,1359.190372095649,7.7609577,175.13179,16.914694,1.1878554,0,0,0,0,0,0.8385582,0.34785652,0.49070168,,,,,,,,,,,,,,,,,,,,,,,NOT_AVAILABLE,350.9176679635535,-16.06333632096648,276.96022472993246,-21.09458807792402,False,False,0,True,False,False,False,False,True,True,False,1.02434825e-13,5.1173204e-13,0.99995965,5545.0903,5533.79,5561.1475,4.6364,4.6113,4.6633,-0.9019,-0.9922,-0.8255,2132.4795,2063.7427,2185.611,0.0049,0.0012,0.0148,0.0041,0.001,0.0124,0.0022,0.0005,0.0067,MARCS,0.01264540485627459,IN,1
58,1636148068921376768,Gaia DR3 6709878869392066944,6709878869392066944,1007905690,2016.0,279.0894597111167,0.07512094,-44.29644914657668,0.072637066,0.3694109851644144,0.092615716,3.9886427,0.5508856,-0.43899755417223707,0.08671663,-0.33280036174780525,0.07462187,0.30578712,-0.08308049,-0.3084571,-0.04854451,-0.34430557,-0.0003448369,-0.5653268,-0.10930059,0.25229385,0.40237132,373,0,373,0,0.3767723,393.13992,0.0,0.0,31,False,1.517064,,,,,,,,43,16,0.13745612,43,28,0,0.05774985,175.68057,0,0,1.0130103,0.4183369,0.46014845,0.19550696,0.7844538,173.77805,-31.09821,21.252195,-42.23174,False,371,1871.5874799394787,1.4714081,1271.9703,17.506842,40,936.1287115685335,7.0704,132.4011,17.910204,38,1325.79812842643,8.726456,151.92859,16.941702,1.2085606,0,0,0,0,0,0.96850204,0.40336227,0.5651398,,,,,,,,,,,,,,,,,,,,,,,NOT_AVAILABLE,350.93440952362306,-16.055129592165102,276.9599878299095,-21.07652892389725,False,False,0,True,False,False,False,False,True,True,False,1.1186055e-13,5.112359e-13,0.99996996,5221.441,5209.5327,5239.4473,4.6427,4.6211,4.662,-0.5731,-0.6495,-0.5138,1963.5618,1911.2719,2015.4791,0.0107,0.0027,0.0246,0.0087,0.0022,0.0201,0.0046,0.0012,0.0107,PHOENIX,0.019208215376439058,IN,1
147,1636148068921376768,Gaia DR3 6709878976774138240,6709878976774138240,1794768784,2016.0,279.110100781848,0.07689758,-44.29208670952662,0.076753356,0.27781366309727745,0.105030574,2.6450741,11.953751,0.3896676296749978,0.08840463,-11.947398165127664,0.07586304,0.21117875,-0.034200378,-0.36030334,-0.024797728,-0.45675722,0.07826858,-0.6296602,-0.23531869,0.34077477,0.27303848,374,0,372,2,0.7222403,401.953,0.07894021,0.14890221,31,False,1.5482146,,,,,,,,43,16,0.13477777,43,28,0,0.07341144,175.78632,0,0,1.0258603,0.44532326,0.39511338,0.14736827,0.7751424,178.68811,-26.217949,16.763147,-42.46093,False,369,1856.8173172409104,1.7074784,1087.4617,17.515444,37,986.2488936113319,9.467664,104.17025,17.853577,37,1288.140303441206,9.937104,129.62935,16.972988,1.2248858,0,1,0,0,0,0.88058853,0.33813286,0.5424557,,,,,,,,,,,,,,,,,,,,,,,NOT_AVAILABLE,350.9444784016387,-16.06711636830102,276.9761001662436,-21.07317248085202,False,False,0,True,False,False,False,False,True,True,False,3.6707654e-11,5.126931e-13,0.999964,5488.6973,5477.6562,5502.63,4.6141,4.5889,4.6436,-0.8213,-0.8882,-0.7559,2248.673,2152.8323,2341.116,0.0057,0.0013,0.0142,0.0047,0.0011,0.0118,0.0026,0.0006,0.0064,MARCS,0.01821386019103584,IN,1
14,1636148068921376768,Gaia DR3 6709878560154354304,6709878560154354304,1657551183,2016.0,279.07652863821596,0.077365,-44.333241664640354,0.07221207,0.310033052762765,0.093399264,3.319438,4.4356527,-3.13809079289589,0.08819335,-3.134868668420311,0.07504639,0.25911364,-0.1630556,-0.32026306,-0.024414165,-0.34662136,0.015477918,-0.55683833,-0.08982361,0.21841048,0.39203417,381,9,381,0,0.9382914,418.4088,0.0,0.0,31,False,1.4941745,,,,,,,,44,16,0.13851404,44,29,0,0.03990693,176.36118,1,0,1.0335139,,,,,,,,,False,369,1835.5103352562046,1.660609,1105.3236,17.527975,38,860.4423990453777,7.9427605,108.3304,18.001738,37,1414.3396108720758,7.8259163,180.72511,16.871511,1.2393186,0,2,0,1,0,1.1302261,0.4737625,0.6564636,,,,,,,,,,,,,,,,,,,,,,,NOT_AVAILABLE,350.8953495884563,-16.060638632640952,276.94743922680755,-21.11261527914489,False,False,0,True,False,False,False,False,True,True,False,1.02058166e-13,5.0982786e-13,0.9999964,4889.815,4807.7935,5048.925,4.7871,4.7184,4.8212,-1.3751,-1.5388,-0.9031,1198.2823,1113.5085,1411.7417,0.1533,0.0644,0.2923,0.1225,0.0512,0.2345,0.0664,0.0277,0.1267,MARCS,0.03224999970570073,IN,1
39,1636148068921376768,Gaia DR3 6709878633176752896,6709878633176752896,1077963176,2016.0,279.0825907968614,0.078979485,-44.32379860249751,0.07702256,1.102630062751716,0.09994755,11.032087,6.540887,-1.0920729580355093,0.087288536,6.449075820493244,0.07514342,0.29173818,-0.13704227,-0.34102845,-0.10021458,-0.3884646,-0.027097674,-0.5771542,-0.12622477,0.20750603,0.32509765,380,0,376,4,-1.8544879,337.2962,0.0,0.0,31,False,1.35425,,,,,,,,44,16,0.13723418,44,28,0,0.03775372,0.47778693,0,0,0.93182033,0.4249759,0.37333283,0.12224675,0.78311616,-177.4259,-27.819258,10.103603,-43.635586,False,354,1716.1334372235415,1.6323857,1051.3038,17.600988,32,513.9612514995575,8.103588,63.423912,18.561216,34,1736.0477561384855,8.492091,204.43112,16.64899,1.3110921,0,1,0,1,0,1.9122257,0.96022797,0.95199776,,,,,,,,,,,,,,,,,,,,,,,NOT_AVAILABLE,350.9061548553422,-16.06103794704032,276.952758211014,-21.103485407293974,False,False,0,True,False,False,False,False,True,True,False,1.0345156e-13,5.2866186e-13,0.99987376,3689.281,3679.863,3698.6946,4.3463,4.315,4.3726,-0.7801,-0.7951,-0.754,821.9456,802.0386,849.9018,0.2072,0.189,0.2277,0.146,0.133,0.1605,0.0801,0.0731,0.0881,PHOENIX,0.022752343382115424,IN,1
230,1636148068921376768,Gaia DR3 6709878731953100032,6709878731953100032,1798216162,2016.0,279.12874372286694,0.0795639,-44.30304578054429,0.08020534,0.40226528207422724,0.10537848,3.817338,1.7487255,-0.8336960125655459,0.09004901,-1.5372026497005744,0.07735032,0.2156281,-0.036750607,-0.39421943,-0.045819353,-0.4552545,0.06357257,-0.63369155,-0.22382699,0.31226832,0.2577143,389,0,388,1,0.20523404,405.21228,0.0,0.0,31,False,1.4396522,,,,,,,,45,16,0.13790113,45,30,0,0.03829851,176.97285,0,0,1.0065522,0.4264698,0.38390717,0.11859793,0.7773716,-177.8539,-26.987978,15.8608,-42.98087,False,387,1692.2659856630987,1.4208009,1191.0648,17.616196,39,701.52901390694,4.3425865,161.54636,18.223429,35,1401.72456529387,10.183184,137.65091,16.881239,1.2428623,0,0,0,1,0,1.3421898,0.60723305,0.73495674,,,,,,,,,,,,,,,,,,,,,,,NOT_AVAILABLE,350.93923968808747,-16.083633074366297,276.9895739860915,-21.08500805388915,False,False,0,True,False,False,False,False,True,True,False,1.02483065e-13,5.120472e-13,0.99995446,4568.3843,4547.3486,4593.2075,4.581,4.5527,4.5989,0.2416,0.1729,0.3177,1589.3369,1543.6727,1667.5865,0.0606,0.027,0.0937,0.0461,0.0205,0.0715,0.0241,0.0107,0.0374,PHOENIX,0.016412468120516478,IN,1
157,1636148068921376768,Gaia DR3 6709877941679063424,6709877941679063424,1787900503,2016.0,279.11289023916953,0.08423168,-44.33384455576576,0.08202699,0.08876762948704171,0.10669419,0.83198184,4.6260176,-4.606499761006201,0.09346428,-0.4244990442569391,0.08018575,0.2733832,-0.14248684,-0.3643113,-0.08208367,-0.40230206,0.005089872,-0.6062673,-0.14710534,0.24875557,0.3166389,398,0,398,0,2.9556987,500.80365,0.31911016,2.1960213,31,False,1.555811,,,,,,,,46,16,0.14630815,46,30,0,0.0837121,176.81131,0,0,1.1063802,0.4399218,0.38631055,0.14277893,0.77990276,179.61572,-27.613256,14.715534,-43.095463,False,392,1686.0128092065581,1.6997446,991.92126,17.620214,39,909.5376319972137,7.59101,119.81773,17.94149,42,1128.0861858379228,7.9239974,142.36327,17.11704,1.2085459,0,0,0,0,0,0.82444954,0.3212757,0.5031738,,,,,,,,,,,,,,,,,,,,,,,NOT_AVAILABLE,350.90510724383466,-16.084906111650177,276.9752128397175,-21.11496980358215,False,False,0,True,False,False,False,False,True,True,False,3.5956172e-11,5.2550054e-13,0.99998826,5633.8916,5619.1177,5657.2725,4.7021,4.6827,4.7153,-1.087,-1.179,-0.9984,2268.2837,2218.9878,2331.892,0.011,0.0026,0.0265,0.0092,0.0022,0.0223,0.005,0.0012,0.0121,MARCS,0.023842554502705827,IN,1
80,1636148068921376768,Gaia DR3 6709878598817010176,6709878598817010176,275445023,2016.0,279.0951484141485,0.08042859,-44.325413211623186,0.079209484,-0.029661944738754872,0.10180989,-0.2913464,2.9143221,-1.576175489631068,0.08795945,-2.4513146787408813,0.07601319,0.3319504,-0.17903304,-0.3499814,-0.12622878,-0.41620004,-0.020897262,-0.6130742,-0.14744289,0.25327447,0.33827898,391,0,389,2,0.47555792,413.03427,0.08602508,0.1558269,31,False,1.5252057,,,,,,,,45,16,0.14013544,45,29,0,0.06186311,179.64233,0,0,1.0163363,0.44057295,0.37634566,0.12897539,0.77926487,-178.8735,-27.535809,13.770092,-43.389603,False,379,1663.946899793027,1.4566815,1142.286,17.634518,42,835.4189613443943,6.36529,131.24602,18.033781,41,1154.3393318641317,6.618065,174.42249,17.092062,1.1958064,0,2,0,2,0,0.94171906,0.39926338,0.5424557,,,,,,,,,,,,,,,,,,,,,,,NOT_AVAILABLE,350.90817348252835,-16.06995701341064,276.9622493084964,-21.10570142588591,False,False,0,True,False,False,False,False,True,True,False,1.0207754e-13,5.10139e-13,0.99999464,5214.832,5201.894,5231.908,4.6937,4.6798,4.7077,-0.718,-0.7955,-0.6508,1932.3523,1886.8082,1980.6436,0.0085,0.0018,0.0212,0.0069,0.0014,0.0174,0.0037,0.0007,0.0094,MARCS,0.017786481594484902,IN,1
179,1636148068921376768,Gaia DR3 6709878770615704064,6709878770615704064,1637666656,2016.0,279.11813452443494,0.08193148,-44.298890449458476,0.08144746,0.4836939226507018,0.107016064,4.5198255,1.0781093,-0.8985285708452241,0.09162429,-0.595790325781445,0.07816443,0.21221471,-0.03740075,-0.41300207,-0.050032236,-0.44214523,0.059711453,-0.6425188,-0.2279691,0.30463555,0.2458322,393,0,390,3,0.46342987,414.63168,0.0,0.0,31,False,1.459218,,,,,,,,45,16,0.14014968,45,30,0,0.049688812,176.44742,0,0,1.0158768,0.42855918,0.3832666,0.118330956,0.77710074,-177.9094,-26.866798,15.68695,-43.009254,False,388,1632.7630788770996,1.3954102,1170.0955,17.65506,37,716.385376305954,6.852308,104.546585,18.200676,37,1286.2975273620718,6.744142,190.72812,16.974543,1.2265606,0,0,0,0,0,1.2261333,0.54561615,0.6805172,,,,,,,,,,,,,,,,,,,,,,,NOT_AVAILABLE,350.9402198568618,-16.07502898395582,276.9817561319969,-21.080348975091148,False,False,0,False,False,False,False,False,True,True,False,1.0219269e-13,5.1067576e-13,0.9999835,4637.8403,4628.2617,4652.271,4.5339,4.5194,4.5472,-0.1663,-0.2178,-0.1132,1817.8207,1790.2207,1861.4832,0.0077,0.002,0.022,0.006,0.0016,0.0171,0.0032,0.0008,0.009,MARCS,0.013422808288474766,IN,1
215,1636148068921376768,Gaia DR3 6709878800672605824,6709878800672605824,121705833,2016.0,279.12561038841574,0.087870575,-44.28957550138403,0.08830481,0.19792931899780136,0.11580396,1.7091758,20.799528,6.498729853863188,0.099015914,-19.75821108259761,0.084788516,0.21307625,-0.03758054,-0.41100612,-0.056765553,-0.45245627,0.057809457,-0.648385,-0.2336329,0.31525946,0.24651465,386,0,386,0,1.9038723,453.2109,0.2667141,1.3836107,31,False,1.5780619,,,,,,,,44,16,0.15166987,44,29,0,0.049188204,177.01335,0,0,1.0688622,0.42552948,0.3736393,0.10614176,0.7740504,-176.49677,-26.278137,14.740144,-43.073826,False,383,1562.9181035503098,1.5768762,991.14825,17.702526,38,928.343981079539,7.726421,120.15188,17.91927,38,1076.1406963660338,9.772108,110.1237,17.168222,1.282527,0,38,0,38,0,0.75104713,0.21674347,0.53430367,,,,,,,,,,,,,,,,,,,,,,,NOT_AVAILABLE,350.9513056685135,-16.076417870208367,276.98815224151366,-21.071416954983818,False,False,0,False,False,False,False,False,True,True,False,2.7858283e-08,3.4033224e-07,0.99997795,5863.81,5840.518,5898.4204,4.6156,4.5913,4.6352,-3.9618,-4.0877,-3.6742,2641.9878,2589.0222,2729.0654,0.017,0.0042,0.0365,0.0145,0.0036,0.0311,0.008,0.002,0.0172,MARCS,0.024160312651641445,IN,1
190,1636148068921376768,Gaia DR3 6709878972471304704,6709878972471304704,803773379,2016.0,279.12007278826724,0.08606331,-44.28530643757134,0.08817492,0.047181033328576816,0.119701765,0.39415485,10.649443,-3.982906740407951,0.099432245,-9.876592464636897,0.08275785,0.2576131,-0.09340684,-0.30841658,-0.027527574,-0.5035221,0.13461259,-0.59873337,-0.27791995,0.30772033,0.26490322,369,0,368,1,-0.10410305,374.70132,0.0,0.0,31,False,1.4973589,,,,,,,,42,15,0.14866857,43,28,0,0.053329237,177.07716,0,0,0.9952219,0.4408445,0.41877517,0.11314632,0.7675924,-175.8074,-28.208096,14.160052,-42.824486,False,366,1550.3458679767398,1.3592464,1140.5923,17.711296,33,717.7138921410328,9.952825,72.11158,18.198664,33,1123.7326142497957,7.420182,151.44272,17.121239,1.187765,0,0,0,0,0,1.077425,0.48736763,0.5900574,,,,,,,,,,,,,,,,,,,,,,,NOT_AVAILABLE,350.9538365534639,-16.071124062962365,276.9842230953677,-21.066889734599307,False,False,0,False,False,False,False,False,True,True,False,1.02128063e-13,5.149843e-13,0.99999,5007.5796,4979.7217,5041.552,4.6867,4.6637,4.7065,-0.6604,-0.7471,-0.5707,1775.0978,1715.3267,1836.7288,0.032,0.0086,0.0612,0.0257,0.0069,0.0494,0.0138,0.0037,0.0265,MARCS,0.026362907276422192,IN,1
276,1636148068921376768,Gaia DR3 6709877907319340288,6709877907319340288,1649432333,2016.0,279.13867042064277,0.09382224,-44.32415296664246,0.082651645,0.3819999108695187,0.10920377,3.4980469,5.790923,5.16550633196459,0.09916049,-2.6176964300546484,0.081975855,0.12748225,-0.25315836,-0.43767127,0.04261275,-0.2912129,0.08923633,-0.6251993,-0.05326743,0.16088304,0.20833911,375,0,372,3,-0.854739,358.87805,0.0,0.0,31,False,1.4467962,,,,,,,,43,15,0.14933358,44,30,0,0.037396435,172.96698,0,0,0.96771896,0.51472497,0.369615,0.21709804,0.7754069,173.76218,-24.221952,13.557049,-42.566566,False,362,1527.8515344185953,1.4129729,1081.3027,17.727163,37,641.1828785762801,13.025013,49.227043,18.321087,36,1234.174070040869,9.612681,128.3902,17.019455,1.2274472,0,0,0,1,0,1.3016319,0.59392357,0.70770836,,,,,,,,,,,,,,,,,,,,,,,NOT_AVAILABLE,350.92175551391153,-16.09825327807296,276.9956384553544,-21.106547553882233,False,False,0,False,False,False,False,False,True,True,False,1.02187945e-13,5.105201e-13,0.9999836,4453.15,4428.432,4489.2915,4.8052,4.7922,4.8192,-1.1255,-1.1899,-1.0586,1025.1986,997.624,1051.076,0.0577,0.0213,0.107,0.0444,0.0163,0.0825,0.0237,0.0087,0.0442,PHOENIX,0.025898959787856106,IN,1
101,1636148068921376768,Gaia DR3 6709878667536492800,6709878667536492800,1179231215,2016.0,279.09943231272746,0.08918957,-44.30308491591443,0.08698814,0.25211224935365073,0.11044171,2.282763,8.450565,0.39883063517575323,0.10014211,-8.441148927235067,0.087290764,0.30984843,-0.12804797,-0.35352626,-0.10476376,-0.36335754,-0.04368855,-0.6039644,-0.10372747,0.25236717,0.3726033,383,0,383,0,1.3521088,432.92462,0.23729941,1.0246171,31,False,1.5407778,,,,,,,,44,16,0.16075128,44,28,0,0.07474971,178.01286,0,0,1.0486805,0.4212587,0.3959981,0.13650721,0.78060216,179.60007,-28.666689,15.526246,-43.206104,False,381,1451.2186237404508,1.4408234,1007.2148,17.783035,39,756.2349187997548,7.9268165,95.4021,18.141901,42,991.1540714748403,7.93963,124.8363,17.257542,1.2040839,0,0,0,0,0,0.88435936,0.35886574,0.5254936,,,,,,,,,,,,,,,,,,,,,,,NOT_AVAILABLE,350.9308658819086,-16.06426078937047,276.9671404817275,-21.083630547424303,False,False,0,False,False,False,False,False,True,True,False,9.283481e-11,5.1209227e-13,0.99995446,5400.151,5385.9277,5419.428,4.6363,4.6011,4.6548,-0.5429,-0.6213,-0.4581,2480.261,2407.6057,2589.2097,0.0065,0.0017,0.0176,0.0053,0.0014,0.0145,0.0029,0.0007,0.0078,MARCS,0.009489796586732139,IN,1
57,1636148068921376768,Gaia DR3 6709878667536492288,6709878667536492288,1292999735,2016.0,279.0893486517867,0.08861058,-44.314783866855954,0.08657049,0.15347285131110722,0.10917062,1.4058073,11.864102,6.477218752177342,0.09815582,-9.939947462058438,0.08523231,0.31228828,-0.12600955,-0.3685574,-0.11595131,-0.3759968,-0.04034191,-0.6117269,-0.12437937,0.25194883,0.35051695,390,0,390,0,-0.30927467,391.4501,0.0,0.0,31,False,1.5386002,,,,,,,,45,16,0.1570565,45,29,0,0.068983264,178.47682,0,0,0.9880128,0.4319014,0.38598424,0.13277623,0.7811985,-179.4163,-28.092838,13.387924,-43.344738,False,388,1380.764009630753,1.4147077,976.0066,17.837069,43,712.916983438575,7.9645953,89.51076,18.205944,41,932.5043953629553,7.0769386,131.76663,17.323769,1.1916746,0,0,0,0,0,0.88217545,0.3688755,0.51329994,,,,,,,,,,,,,,,,,,,,,,,NOT_AVAILABLE,350.91674641052794,-16.062061797844034,276.9585794146345,-21.094816662739596,False,False,0,False,False,False,False,False,True,True,False,1.0215997e-13,5.11154e-13,0.99998665,5386.342,5373.7866,5400.6016,4.7055,4.6818,4.7257,-1.3299,-1.4497,-1.2024,2156.9053,2102.9434,2211.6204,0.0062,0.0015,0.016,0.0051,0.0012,0.0132,0.0028,0.0007,0.0072,MARCS,0.014186813606705997,IN,1
240,1636148068921376768,Gaia DR3 6709877976038833536,6709877976038833536,153694391,2016.0,279.13077344150406,0.09472277,-44.31340610469141,0.09238446,0.2556511830929828,0.118216164,2.1625738,3.3277802,-2.3927106147987356,0.10404031,-2.3128028208750653,0.0895861,0.30020225,-0.089181505,-0.35871553,-0.09045672,-0.38944933,-0.0049836957,-0.60518485,-0.15858644,0.2604801,0.32483032,379,0,378,1,1.4865761,431.56216,0.24200374,0.97667986,31,False,1.5523378,,,,,,,,44,16,0.16384675,44,29,0,0.084770836,177.0638,0,0,1.0540086,0.4190981,0.4028107,0.12544702,0.7728576,179.8516,-28.151785,17.167637,-43.11226,False,376,1344.2630408159907,1.4057249,956.27747,17.866156,38,712.9866494819405,5.9464335,119.90156,18.20584,38,870.4903807526252,8.3322525,104.4724,17.398485,1.1779518,0,1,0,1,0,0.807354,0.33968353,0.46767044,,,,,,,,,,,,,,,,,,,,,,,NOT_AVAILABLE,350.9298504550559,-16.088929924279054,276.9903759866981,-21.09544289986479,False,False,0,False,False,False,False,False,True,True,False,1.02414896e-13,5.1259035e-13,0.99996173,5588.3604,5576.586,5604.453,4.6664,4.6307,4.6922,-1.0995,-1.1849,-0.9941,2564.047,2476.234,2692.9792,0.0053,0.0014,0.0152,0.0044,0.0012,0.0127,0.0024,0.0006,0.0069,MARCS,0.016505107480960013,IN,1
1,1636148068921376768,Gaia DR3 6709878835032305920,6709878835032305920,226763115,2016.0,279.0738383390349,0.098501965,-44.30531040696963,0.09883347,0.10964673082698817,0.117211685,0.935459,4.598506,-0.9477818980605545,0.11426992,-4.499774076526155,0.10221164,0.3892421,-0.06934574,-0.36366817,-0.16705939,-0.29054418,-0.13431343,-0.6310884,-0.11084049,0.21581188,0.47856733,353,0,352,1,0.08163508,363.022,0.0,0.0,31,False,1.5396111,,,,,,,,41,16,0.19271071,41,27,0,0.05590744,176.85178,1,0,1.002139,0.39547595,0.48201588,0.21602404,0.8101018,172.86803,-32.942253,20.940771,-41.825924,False,348,1282.1018976585422,1.2471299,1028.042,17.91756,36,669.6996408095063,5.766631,116.1336,18.273842,37,893.0055116416629,6.888906,129.62952,17.37076,1.2188619,0,0,0,0,0,0.9030819,0.35628128,0.5468006,,,,,,,,,,,,,,,,,,,,,,,NOT_AVAILABLE,350.92144253000913,-16.048185153718606,276.94739414088525,-21.084617811000065,False,False,0,False,False,False,False,False,True,True,False,6.571788e-11,5.1122496e-13,0.9999892,5424.006,5410.2847,5462.0806,4.7166,4.6943,4.7307,-1.7621,-1.8774,-1.6272,2201.798,2156.5002,2249.9216,0.0112,0.0024,0.0396,0.0093,0.0019,0.0328,0.0051,0.001,0.018,PHOENIX,0.025033140057186504,IN,1
236,1636148068921376768,Gaia DR3 6709878736255960064,6709878736255960064,261701401,2016.0,279.12983682691856,0.1057879,-44.30449915247406,0.10505921,0.8878721583878973,0.1375221,6.4562144,12.416133,7.161152953461348,0.12418653,-10.142891465723608,0.10572017,0.22660735,-0.014370639,-0.3519562,-0.02139892,-0.43428972,0.060940795,-0.597013,-0.20644626,0.30402812,0.32476795,380,0,377,3,2.0808535,450.39908,0.31821042,1.38544,31,False,1.3838251,,,,,,,,44,16,0.19119623,44,29,0,0.022552751,1.2005298,7,0,1.0763313,0.42097655,0.4151293,0.1391572,0.7765539,179.50137,-28.434662,20.349192,-42.656647,False,377,1220.0360534988647,1.439359,847.6246,17.971436,39,476.7647989574513,7.6493382,62.327587,18.642782,42,1211.760406484343,7.2483478,167.17746,17.039354,1.3839961,0,30,0,34,0,1.6034279,0.67134666,0.9320812,,,,,,,,,,,,,,,,,,,,,,,NOT_AVAILABLE,350.9381523989238,-16.084910881367833,276.99030511670406,-21.086511011567346,False,False,0,False,False,False,False,False,True,True,False,2.057125e-13,1.0454435e-11,0.999974,3954.7983,3940.774,3970.5876,4.7078,4.6465,4.7601,-1.2351,-1.3143,-1.1593,770.8998,725.5924,831.7772,0.0107,0.0024,0.0287,0.0078,0.0017,0.0209,0.0042,0.0009,0.0113,MARCS,0.016559948624698933,IN,1
223,1636148068921376768,Gaia DR3 6709878736255959040,6709878736255959040,38643065,2016.0,279.1269971288715,0.105701454,-44.30872565960566,0.1039984,0.10114396293820427,0.13464448,0.7511928,6.4302244,-1.333602986173629,0.12199425,-6.2904125323121995,0.10398006,0.24372953,-0.012274882,-0.3566962,-0.02799558,-0.40183866,0.049436886,-0.6020201,-0.20217769,0.29179138,0.32676768,371,0,371,0,-0.5615999,365.03333,0.0,0.0,31,False,1.5441426,,,,,,,,43,16,0.18860218,43,29,0,0.051822595,175.6154,0,0,0.97841036,0.41268173,0.42979628,0.15757033,0.78242105,178.24681,-29.324543,20.816618,-42.259693,False,367,1107.639152544347,1.1993401,923.54047,18.07637,42,589.4695748264548,5.747547,102.560196,18.412388,43,742.8642418272943,6.2590985,118.6855,17.570621,1.202859,0,0,0,0,0,0.84176636,0.3360176,0.50574875,,,,,,,,,,,,,,,,,,,,,,,NOT_AVAILABLE,350.93327947292744,-16.08464589295175,276.98782572577176,-21.09059039456935,False,False,0,False,False,False,False,False,True,True,False,3.87415e-11,5.1171366e-13,0.9999664,5487.5044,5475.792,5499.8545,4.7354,4.7226,4.7449,-1.3032,-1.4183,-1.1948,2483.9019,2445.6758,2530.5125,0.0036,0.0009,0.009,0.003,0.0007,0.0075,0.0016,0.0004,0.0041,MARCS,0.013583542709110412,IN,1
91,1636148068921376768,Gaia DR3 6709878667536491008,6709878667536491008,315857320,2016.0,279.0973413537516,0.1059532,-44.31048391791753,0.10186256,0.1391854066121812,0.12693594,1.0965011,6.84192,-2.18714887126515,0.124341935,-6.482919889843223,0.10667483,0.32954952,-0.08554179,-0.28999156,-0.06589686,-0.31174418,-0.031014636,-0.5453971,-0.10319175,0.21303497,0.44069287,372,0,369,3,0.44415396,391.63977,0.0,0.0,31,False,1.4870229,,,,,,,,43,16,0.19886619,43,28,0,0.07711567,179.01218,0,0,1.0155859,0.4064659,0.4291691,0.16166167,0.7863251,177.1266,-30.48953,18.901503,-42.68371,False,367,1089.8252950063775,1.249792,872.0054,18.093975,42,498.4175873240408,7.3059826,68.220474,18.594559,42,789.280260950235,9.57271,82.45108,17.504818,1.1815635,0,0,0,2,0,1.0897408,0.50058365,0.5891571,,,,,,,,,,,,,,,,,,,,,,,NOT_AVAILABLE,350.9231553066127,-16.065704395772205,276.96500581805725,-21.090911842531717,False,False,0,False,False,False,False,False,True,True,False,6.6979894e-11,5.103456e-13,0.99999416,4885.251,4874.752,4899.026,4.7537,4.7304,4.7711,-1.0283,-1.1334,-0.9494,1799.7792,1753.7811,1857.1133,0.005,0.0011,0.0131,0.004,0.0008,0.0104,0.0021,0.0004,0.0056,PHOENIX,0.0077263563304159726,IN,1
145,1636148068921376768,Gaia DR3 6709878766312846848,6709878766312846848,1282191927,2016.0,279.1095004462551,0.115022644,-44.2992162757259,0.1137543,0.20397674893949663,0.14648649,1.3924612,5.4566507,-0.43316095509621977,0.13476366,-5.439430803950596,0.11515782,0.22204317,-0.011130719,-0.34393138,0.0046661193,-0.4057214,0.075796984,-0.58934593,-0.18793869,0.2960112,0.32352027,371,0,369,2,1.8190953,432.03064,0.28793424,0.9700564,31,False,1.5343324,,,,,,,,43,16,0.20694077,43,29,0,0.051631793,0.3764835,0,0,1.0672362,0.42361358,0.42595875,0.16999875,0.7839706,177.43185,-29.378344,20.847145,-42.330273,False,365,1046.6680240146065,1.2204385,857.6164,18.137844,40,540.9542753502352,8.706231,62.13415,18.50564,38,727.6002835793776,7.931368,91.737045,17.593163,1.2119932,0,0,0,0,0,0.9124775,0.36779594,0.54468155,,,,,,,,,,,,,,,,,,,,,,,NOT_AVAILABLE,350.9374506688766,-16.069442297176252,276.97512501542735,-21.080256787734236,False,False,0,False,False,False,False,False,True,True,False,1.024888e-13,5.122463e-13,0.9999544,5328.599,5316.301,5341.5005,4.6761,4.6621,4.6872,-0.4699,-0.5492,-0.3937,2736.2722,2660.7146,2826.085,0.0021,0.0004,0.0069,0.0018,0.0003,0.0057,0.0009,0.0002,0.0031,MARCS,0.011073087879162396,IN,1
242,1636148068921376768,Gaia DR3 6709877907319336448,6709877907319336448,1604951498,2016.0,279.1308546664714,0.107704595,-44.332205804057516,0.104270525,0.35461786659924827,0.13150294,2.6966534,7.074053,-3.2164462721430818,0.11873548,-6.3005313716876294,0.102485545,0.32567576,-0.13014907,-0.3667587,-0.11674465,-0.34105733,-0.044254206,-0.6118071,-0.124902956,0.2262112,0.35922748,389,0,388,1,0.3744138,409.2846,0.0,2.0538362e-15,31,False,1.5363822,,,,,,,,45,16,0.19006595,45,30,0,0.060707886,176.01195,0,0,1.0126845,0.43785557,0.41072023,0.16456942,0.78376853,177.67279,-29.13499,16.669846,-42.755875,False,388,1036.317133380595,1.3172009,786.7571,18.148636,41,582.1425994940514,10.665204,54.583355,18.425968,38,777.6474490528891,8.922011,87.16055,17.520939,1.312137,0,33,0,32,0,0.9050293,0.2773323,0.627697,,,,,,,,,,,,,,,,,,,,,,,NOT_AVAILABLE,350.91178784582877,-16.09615778325455,276.989074658575,-21.114203448410517,False,False,0,False,False,False,False,False,True,True,False,3.2198377e-09,2.77184e-09,0.9999938,5295.57,5284.72,5305.685,4.7843,4.7687,4.7977,-2.1773,-2.352,-2.0157,2099.3838,2069.7231,2132.8691,0.0055,0.0012,0.014,0.0045,0.001,0.0115,0.0025,0.0005,0.0063,MARCS,0.027321490366045535,IN,1
112,1636148068921376768,Gaia DR3 6709878972471281024,6709878972471281024,79984101,2016.0,279.10160023745124,0.113033615,-44.296750757561405,0.1085848,0.527037570640648,0.13454112,3.9172974,3.8088362,3.7477568375642867,0.12983435,-0.6793761039877153,0.11138123,0.26811036,-0.09644602,-0.34315237,-0.03287446,-0.28908253,0.006014859,-0.58523285,-0.071384996,0.21483068,0.36223975,358,0,358,0,0.42690855,379.48624,0.0,0.0,31,False,1.48471,,,,,,,,41,16,0.20365806,41,27,0,0.06024716,176.04639,0,0,1.0151607,0.43239245,0.43972817,0.19924909,0.77609324,173.6445,-30.34443,20.579264,-42.454823,False,356,1017.4737971935779,1.1991128,848.5222,18.168558,38,458.9498106658663,7.3372083,62.551014,18.68413,38,749.0645557640328,5.96646,125.54589,17.561598,1.1872683,0,1,0,2,0,1.1225319,0.5155716,0.6069603,,,,,,,,,,,,,,,,,,,,,,,NOT_AVAILABLE,350.93757429503273,-16.063274967215325,276.9692572845309,-21.07741542365697,False,False,0,False,False,False,False,False,True,True,False,1.0235826e-13,5.124839e-13,0.9999675,4785.8994,4773.342,4798.915,4.7445,4.7251,4.7619,-0.775,-0.901,-0.6781,1816.0183,1743.5468,1880.4373,0.003,0.0006,0.0087,0.0024,0.0005,0.0069,0.0013,0.0002,0.0037,PHOENIX,0.014282378209813408,IN,1
53,1636148068921376768,Gaia DR3 6709878938111549824,6709878938111549824,1191317619,2016.0,279.0886056665744,0.11236519,-44.29290510992328,0.10697489,0.2807971535140429,0.13421173,2.0921953,5.517819,-2.834962961860527,0.12834057,-4.733847434429055,0.11001312,0.33837497,-0.069471665,-0.33784404,-0.09799397,-0.29351228,-0.058831766,-0.57947695,-0.10843363,0.22355787,0.42529708,363,0,359,4,-0.4998152,354.58023,0.0,0.0,31,False,1.526661,,,,,,,,42,16,0.20657511,42,27,0,0.057087705,178.39192,0,0,0.98033917,0.40670678,0.4614912,0.18305036,0.7827313,173.66469,-31.205511,21.054363,-42.48273,False,359,1009.3545419983184,1.2858727,784.95685,18.177258,34,516.9870189072496,6.74645,76.630974,18.554844,36,678.9557507145578,7.467536,90.92099,17.668291,1.1848589,0,0,0,0,0,0.8865528,0.37758636,0.50896645,,,,,,,,,,,,,,,,,,,,,,,NOT_AVAILABLE,350.93757439660544,-16.0532103522282,276.95958997543187,-21.07295176739413,False,False,0,False,False,False,False,False,True,True,False,1.0234076e-13,5.113786e-13,0.9999691,5348.2993,5333.6973,5365.974,4.688,4.6598,4.7043,-0.641,-0.752,-0.5383,2702.2202,2611.3257,2821.154,0.0043,0.0011,0.0111,0.0035,0.0009,0.0092,0.0019,0.0005,0.005,MARCS,0.02227175525477614,IN,1
83,1636148068921376768,Gaia DR3 6709878598817012608,6709878598817012608,861481863,2016.0,279.09599685211623,0.11342297,-44.318992960727655,0.1104238,1.1775366342230797,0.1357422,8.674802,0.9752085,-0.9410373083971971,0.12552601,-0.25589157064567614,0.109284185,0.34210107,-0.07703422,-0.37872308,-0.14300157,-0.29019603,-0.08675623,-0.6149584,-0.13621074,0.19398238,0.38194066,378,0,376,2,0.6376546,405.15457,0.0,2.0867876e-15,31,False,1.3439898,,,,,,,,44,16,0.20401281,44,29,0,0.07390284,2.0863914,0,0,1.0225948,0.4117708,0.40159637,0.14999665,0.7926536,179.17685,-29.702147,15.768848,-42.99566,False,373,1003.227491128113,1.1484104,873.5792,18.183868,37,282.7447455623249,7.089501,39.88218,19.210056,36,1082.3959327523237,8.389628,129.01596,17.16193,1.3607489,0,0,0,0,0,2.0481262,1.0261879,1.0219383,,,,,,,,,,,,,,,,,,,,,,,NOT_AVAILABLE,350.91458945798865,-16.068065671502147,276.9633622931818,-21.099336687181985,False,False,0,False,False,False,False,False,True,True,False,1.2299486e-13,5.647256e-13,0.9996796,3577.3167,3568.1533,3588.5166,4.4153,4.4043,4.4358,-1.1838,-1.1958,-1.1636,614.1733,599.1646,628.5328,0.2337,0.2035,0.2645,0.1614,0.1406,0.1828,0.0922,0.0803,0.1042,MARCS,0.01232567230612905,IN,1
123,1636148068921376768,Gaia DR3 6709877842902763008,6709877842902763008,1381906229,2016.0,279.1033552472723,0.110978,-44.32793088762696,0.1090574,0.005634619223858654,0.13627402,0.041347712,6.788573,-3.9717313872243443,0.122870795,-5.505458520882517,0.106594495,0.31288496,-0.077668525,-0.38791972,-0.122640714,-0.34461027,-0.047243595,-0.6247522,-0.15604392,0.23182721,0.34340873,382,0,382,0,-0.48460415,378.85007,0.0,0.0,31,False,1.4868946,,,,,,,,44,16,0.1968102,44,29,0,0.052597348,176.48163,0,0,0.98152494,0.41981068,0.3973591,0.1431093,0.78600127,179.6123,-28.894266,15.865218,-43.027977,False,378,992.9610438146364,1.1992128,828.01074,18.195036,42,451.56074885823637,7.196134,62.75046,18.701752,39,736.8752857517757,7.1896486,102.49114,17.57941,1.1968607,0,1,0,2,0,1.1223412,0.5067158,0.6156254,,,,,,,,,,,,,,,,,,,,,,,NOT_AVAILABLE,350.9080853496117,-16.07634442370906,276.9683461236394,-21.108609250213817,False,False,0,False,False,False,False,False,True,True,False,1.0207639e-13,5.102866e-13,0.9999952,4827.473,4815.7686,4842.675,4.7816,4.7544,4.8017,-1.2194,-1.3315,-1.0583,1715.6921,1668.2026,1800.6617,0.0097,0.0025,0.025,0.0077,0.002,0.0199,0.0042,0.001,0.0107,PHOENIX,0.018012237882446262,IN,1
135,1636148068921376768,Gaia DR3 6709878972471301248,6709878972471301248,170695790,2016.0,279.1070371781028,0.116008595,-44.28746130235536,0.11376433,0.02897952364355209,0.15329623,0.18904264,2.6985118,-2.4580933941905387,0.13351266,-1.1134376861358737,0.11416965,0.26834026,-0.04246828,-0.3245075,-0.032380305,-0.41361248,0.05306326,-0.6011051,-0.20459111,0.31708682,0.33558738,358,0,357,1,-0.93302155,340.903,0.0,0.0,31,False,1.5442097,,,,,,,,41,16,0.20669056,41,27,0,0.0717104,174.18877,0,0,0.9641067,0.4393016,0.45337263,0.1940396,0.78425205,174.6005,-29.35581,20.151546,-41.73314,False,355,988.3940520337679,1.2399595,797.11804,18.20004,40,505.04540626750526,7.388869,68.352196,18.580215,40,661.93175630873,9.185397,72.063484,17.695862,1.18068,0,0,0,0,0,0.88435364,0.38017464,0.504179,,,,,,,,,,,,,,,,,,,,,,,NOT_AVAILABLE,350.948055096248,-16.063322889220977,276.9740899067575,-21.068409629517983,False,False,0,False,False,False,False,False,True,True,False,5.1244627e-11,5.105914e-13,0.99999166,5429.196,5405.463,5459.493,4.5754,4.5412,4.6088,-0.5445,-0.623,-0.472,3285.351,3103.9622,3470.9028,0.0182,0.0051,0.0415,0.015,0.0042,0.0343,0.0081,0.0022,0.0185,MARCS,0.022798297180967785,IN,1
250,1636148068921376768,Gaia DR3 6709877907319336320,6709877907319336320,993331432,2016.0,279.13357297000243,0.14779928,-44.32840972164179,0.15091768,0.650308621009282,0.172416,3.7717416,16.957111,10.765524196238822,0.16289796,-13.101415825019156,0.15197362,0.39199886,-0.0865397,-0.44824284,-0.2580752,-0.24939916,-0.19717178,-0.7017699,-0.16624331,0.120569855,0.44643512,373,0,373,0,7.051334,614.1142,0.76606065,5.7519116,95,False,,1.4555621,0.029437888,0.14764236,0.08049639,0.081315026,-0.06662329,-0.18971395,43,16,0.2861492,44,29,0,0.06442317,3.861499,9,0,1.2702688,0.41297075,0.41493878,0.17078474,0.797881,177.84012,-30.296791,17.607233,-42.520554,False,354,983.6034794194434,1.4470322,679.73846,18.205317,34,568.0393750748543,15.729166,36.11376,18.452597,34,910.8432083429669,17.49869,52.052082,17.349287,1.5035354,0,34,0,34,0,1.1033096,0.24728012,0.8560295,,,,,,,,,,,,,,,,,,,,,,,NOT_AVAILABLE,350.91621210846176,-16.096506689680073,276.99142964353575,-21.110547660997312,False,False,0,False,False,False,False,False,False,True,False,2.7789676e-12,1.5072783e-07,0.9999161,,,,,,,,,,,,,,,,,,,,,,,0.025713446755016297,IN,1
7,1636148068921376768,Gaia DR3 6709878560162405888,6709878560162405888,331773163,2016.0,279.07505459217776,0.120294765,-44.33284600557162,0.111414894,0.22198415785618267,0.14188847,1.5644975,2.2325249,-2.1591165264694494,0.12812127,-0.5677878333997336,0.109275416,0.30437335,-0.12703405,-0.39377612,-0.10171767,-0.28166583,-0.04932383,-0.6185904,-0.12468337,0.1891534,0.35352322,376,0,374,2,-1.3062245,348.26236,0.0,0.0,31,False,1.5063391,,,,,,,,44,16,0.20480631,44,30,0,0.05753919,179.35635,0,0,0.951416,0.47185925,0.4066972,0.20286359,0.78493035,173.79622,-27.255796,15.925817,-42.227562,False,363,959.1949626754794,1.2020937,797.93695,18.2326,36,481.4800073706297,7.1365733,67.46655,18.632097,34,686.2053587792695,5.5652184,123.302505,17.656761,1.2173598,0,1,0,0,0,0.9753361,0.399498,0.5758381,,,,,,,,,,,,,,,,,,,,,,,NOT_AVAILABLE,350.8953108178612,-16.059513086396812,276.94634007698346,-21.1121495984928,False,False,0,False,False,False,False,False,True,True,False,8.19333e-11,5.1137377e-13,0.9999757,5147.0723,5133.8906,5159.9053,4.7808,4.7603,4.7936,-1.5396,-1.6565,-1.4165,2074.7412,2038.643,2122.477,0.0033,0.0008,0.009,0.0027,0.0007,0.0073,0.0015,0.0003,0.004,MARCS,0.0327235147816086,IN,1
133,1636148068921376768,Gaia DR3 6709878697593324928,6709878697593324928,973598268,2016.0,279.10648623386857,0.11588852,-44.32274604677102,0.114895925,0.04248760235294691,0.14667715,0.2896675,3.9755232,0.34397904891910447,0.13045941,-3.960614135346299,0.11171431,0.24678063,-0.0049705505,-0.4026086,-0.07513395,-0.3849578,0.013260456,-0.6314961,-0.21530008,0.27433428,0.2836193,375,0,375,0,1.3385366,424.12488,0.0,0.0,31,False,1.5227919,,,,,,,,44,16,0.20258898,44,29,0,0.05704003,177.22847,1,0,1.0486915,0.41493902,0.39362502,0.13009627,0.78127325,-178.92133,-28.26688,16.741707,-42.89029,False,372,945.753203498355,1.1572281,817.2574,18.247923,40,460.4317553064426,5.498373,83.73964,18.68063,41,672.5854177548634,7.7500124,86.78508,17.678528,1.1980051,0,0,0,1,0,1.0021019,0.43270683,0.56939507,,,,,,,,,,,,,,,,,,,,,,,NOT_AVAILABLE,350.9139624286434,-16.07643467529246,276.97111656130454,-21.103587351883107,False,False,0,False,False,False,False,False,True,True,False,1.0217251e-13,5.106749e-13,0.99998546,5213.687,5198.2026,5231.8223,4.7533,4.7297,4.7713,-1.5436,-1.6668,-1.4196,2236.2676,2190.6565,2294.608,0.0097,0.002,0.024,0.0079,0.0016,0.0196,0.0043,0.0009,0.0107,PHOENIX,0.0125554207628012,IN,1
282,1636148068921376768,Gaia DR3 6709877911615015040,6709877911615015040,710777027,2016.0,279.1402091468024,0.12922853,-44.328142470381415,0.12100949,0.23551077219104397,0.15154047,1.5541114,3.8145678,0.13053045703770694,0.1472918,-3.8123337714893015,0.124749064,0.23816659,-0.14542522,-0.3481197,-0.0060033626,-0.271921,0.030830707,-0.57379997,-0.06426036,0.18569234,0.35093004,361,0,360,1,-0.9619356,343.34705,0.0,0.0,31,False,1.5119116,,,,,,,,42,16,0.22847149,43,29,0,0.055253882,177.00284,0,0,0.96318984,0.43995872,0.4229823,0.20103222,0.7828073,174.02985,-29.95712,18.672098,-42.567474,False,346,829.1734710470223,1.1700447,708.6682,18.390753,31,385.66910536272223,11.293518,34.149597,18.873005,29,600.3406834106795,12.215253,49.14681,17.8019,1.1891478,0,0,0,0,0,1.071104,0.48225212,0.5888519,,,,,,,,,,,,,,,,,,,,,,,NOT_AVAILABLE,350.91835431747535,-16.100792818090984,276.9965260553438,-21.11060244841237,False,False,0,False,False,False,False,False,True,False,False,3.8318387e-11,5.1049166e-13,0.99998945,4975.89,4960.9517,4993.0557,4.721,4.6957,4.7439,-0.7671,-0.9009,-0.6346,2310.502,2217.8152,2412.3792,0.0046,0.0011,0.0117,0.0037,0.0008,0.0094,0.002,0.0004,0.0051,PHOENIX,0.029101871670076038,IN,1
142,1636148068921376768,Gaia DR3 6709878972471292032,6709878972471292032,966163549,2016.0,279.10877141122296,0.13050824,-44.29425004415547,0.12826967,0.31744987938334296,0.16628881,1.9090275,4.7164025,0.7016081587529305,0.14827922,-4.663925362916803,0.1276528,0.23869239,0.016674113,-0.38279814,-0.047650307,-0.38203368,0.018294374,-0.6223772,-0.19092914,0.3033878,0.3052074,368,0,366,2,-1.01906,347.84088,0.0,0.0,31,False,1.5160255,,,,,,,,42,16,0.23054247,42,28,0,0.042924713,177.09996,0,0,0.9614038,0.40357804,0.41369718,0.13099651,0.77752244,-179.28862,-28.759916,20.163307,-42.558,False,364,803.8879101736546,1.0942228,734.66565,18.424377,40,384.62919833697396,6.629488,58.017933,18.875937,37,568.8332175276972,6.2148676,91.52781,17.860434,1.1860639,0,0,0,0,0,1.0155029,0.45155907,0.56394386,,,,,,,,,,,,,,,,,,,,,,,NOT_AVAILABLE,350.94201960210654,-16.067063266610475,276.9749262851338,-21.075266663550018,False,False,0,False,False,False,False,False,True,False,False,1.2733956e-10,5.1094686e-13,0.9999926,5074.8906,5061.0796,5092.417,4.7075,4.6921,4.7243,-0.6838,-0.7982,-0.5737,2584.688,2498.552,2670.984,0.0048,0.001,0.013,0.0039,0.0008,0.0105,0.0021,0.0004,0.0056,PHOENIX,0.016002549843188555,IN,1
40,1636148068921376768,Gaia DR3 6709878938111568768,6709878938111568768,1286901376,2016.0,279.0830367749098,0.13201484,-44.29066093369061,0.12987606,-0.24228711497115693,0.15486574,-1.5644978,2.122996,-0.35008825910157815,0.15355884,-2.0939319582013094,0.13536124,0.37913004,-0.053205933,-0.3532941,-0.14377734,-0.2598132,-0.11980612,-0.61115175,-0.09873384,0.20230442,0.47661534,365,0,364,1,-0.021062236,373.04227,0.0,0.0,31,False,1.5630788,,,,,,,,42,16,0.25574058,42,28,0,0.07425258,175.78236,0,0,0.99828595,0.4029427,0.48173794,0.21805537,0.80359346,172.19255,-32.559216,21.56206,-41.89567,False,361,790.1937676999917,1.130407,699.0347,18.443033,38,432.0614936680971,10.960231,39.420837,18.749678,35,502.10105681138083,7.1601124,70.12475,17.995918,1.1821942,0,2,0,1,0,0.7537594,0.30664444,0.44711494,,,,,,,,,,,,,,,,,,,,,,,NOT_AVAILABLE,350.9381470383619,-16.048669091104813,276.95548973487223,-21.070444348869138,False,False,0,False,False,False,False,False,True,False,False,3.634091e-10,5.146729e-13,0.9999399,5543.4194,5528.364,5560.2925,4.7335,4.718,4.7439,-1.3244,-1.482,-1.1707,3050.4658,2986.577,3136.8745,0.0032,0.0007,0.0089,0.0027,0.0006,0.0074,0.0015,0.0003,0.0041,MARCS,0.02657437433868183,IN,1
44,1636148068921376768,Gaia DR3 6709878938111568640,6709878938111568640,1207830987,2016.0,279.08386715674027,0.14111447,-44.289158511304365,0.14338256,0.12230744887727496,0.15722133,0.77793163,4.0688715,0.6167295199519683,0.16531748,-4.02186011331003,0.14967358,0.4539417,0.0024245374,-0.42965353,-0.2553874,-0.18173793,-0.24411973,-0.67746997,-0.13801217,0.13306364,0.5456067,364,0,363,1,0.062229954,374.26294,0.0,0.0,31,False,1.5504421,,,,,,,,42,16,0.29091635,42,28,0,0.07104096,177.9241,0,0,1.0013949,0.40339968,0.49086908,0.22300702,0.802047,171.43913,-32.66021,22.149223,-41.829308,False,350,779.6041049430895,1.153245,676.0091,18.457682,37,398.2846459331593,7.348238,54.20138,18.838058,35,513.3684342212352,9.488733,54.102947,17.971823,1.1693795,0,1,0,1,0,0.86623573,0.38037682,0.48585892,,,,,,,,,,,,,,,,,,,,,,,NOT_AVAILABLE,350.9398280906341,-16.048644095854364,276.9562336312478,-21.06898533425263,False,False,0,False,False,False,False,False,True,False,False,6.450139e-11,5.1169724e-13,0.9999651,5444.086,5421.8804,5468.9814,4.7255,4.7012,4.74,-1.1558,-1.3436,-0.9342,2972.5051,2896.6113,3141.5105,0.0083,0.0019,0.021,0.0069,0.0016,0.0174,0.0037,0.0009,0.0095,MARCS,0.027318802260904995,IN,1
152,1636148068921376768,Gaia DR3 6709878766312846720,6709878766312846720,659847838,2016.0,279.111194742153,0.13663805,-44.30105478320727,0.1321003,0.052464886010685045,0.16472597,0.31849796,6.223611,0.314532526457593,0.1604696,-6.215657594646975,0.13652362,0.28151444,-0.0739459,-0.3198993,-0.023465233,-0.33255386,0.029405335,-0.5719968,-0.13106492,0.23618002,0.38934612,371,0,370,1,-1.0149473,351.99265,0.0,0.0,31,False,1.5489833,,,,,,,,44,16,0.2513524,44,29,0,0.064111315,176.83888,0,0,0.9617697,0.4352078,0.4350288,0.17969832,0.7813526,176.53516,-29.889673,19.352913,-42.377155,False,368,771.3584319860782,1.1919366,647.1472,18.469227,37,423.5742028675368,8.869642,47.7555,18.77122,39,553.5236885830788,7.5716057,73.105194,17.890055,1.2667235,0,2,0,1,0,0.88116455,0.30199242,0.57917213,,,,,,,,,,,,,,,,,,,,,,,NOT_AVAILABLE,350.93616436005095,-16.071265121267405,276.9762886206576,-21.082172952485436,False,False,0,False,False,False,False,False,True,False,False,9.604799e-10,7.5597106e-10,0.9999754,5547.8887,5532.0737,5567.3604,4.7376,4.7162,4.7538,-1.8849,-2.1101,-1.7024,2974.01,2923.3809,3028.833,0.0042,0.001,0.0106,0.0035,0.0008,0.0088,0.0019,0.0004,0.0049,MARCS,0.00944872164299197,IN,1
120,1636148068921376768,Gaia DR3 6709877838599847168,6709877838599847168,1634089936,2016.0,279.1030769524425,0.14273578,-44.333860948368134,0.1357195,0.1239444022224564,0.16798505,0.7378299,6.104557,-5.452304677959822,0.1600137,-2.7455404325051838,0.13668798,0.34385696,-0.0690971,-0.3131225,-0.07161962,-0.29760748,-0.023062881,-0.5651099,-0.1168423,0.21857433,0.40825233,375,0,375,0,1.9186648,442.10397,0.38340858,1.1237848,31,False,1.5558554,,,,,,,,43,16,0.25475097,43,29,0,0.09527293,177.09843,1,0,1.0704325,0.41721812,0.464223,0.1899405,0.78189754,173.63068,-31.070995,21.493845,-42.344746,False,365,753.2344220835721,1.2400401,607.4275,18.49504,38,418.2769159443626,5.794168,72.1893,18.784882,40,502.1540019673136,7.187786,69.86212,17.995804,1.2219714,0,0,0,0,0,0.78907776,0.2898407,0.49923706,,,,,,,,,,,,,,,,,,,,,,,NOT_AVAILABLE,350.90230245344,-16.078424838710237,276.9677043829478,-21.114512371917012,False,False,0,False,False,False,False,False,True,False,False,1.674808e-09,5.1420245e-13,0.9999775,5673.6387,5657.897,5691.564,4.7322,4.7156,4.7444,-2.0297,-2.257,-1.8195,3191.0188,3154.2068,3235.86,0.0046,0.0012,0.0119,0.0038,0.001,0.01,0.0021,0.0005,0.0055,MARCS,0.023890374486663486,IN,1
149,1636148068921376768,Gaia DR3 6709878972471291904,6709878972471291904,1032239764,2016.0,279.1109466241312,0.1499165,-44.2936092442264,0.14184889,0.4277457595908873,0.18650326,2.2935028,7.255272,4.469149440735253,0.16518125,-5.715389463142575,0.14072452,0.19463897,-0.026532287,-0.41143984,-0.00792916,-0.36882225,0.051139645,-0.62630725,-0.1627316,0.2959077,0.27906108,366,0,366,0,1.2199503,410.93668,0.4233978,1.2971387,31,False,1.5503135,,,,,,,,42,16,0.25406396,42,29,0,0.07440447,178.5176,0,0,1.0448066,0.4393593,0.4212981,0.17436844,0.7810094,176.18275,-27.946852,19.014395,-42.088734,False,361,745.1161766686978,1.1470797,649.57666,18.506807,38,390.3344852482363,6.5008783,60.043346,18.85995,39,485.45742708324156,5.930541,81.85719,18.032518,1.1753763,0,0,0,1,0,0.8274307,0.35314178,0.47428894,,,,,,,,,,,,,,,,,,,,,,,NOT_AVAILABLE,350.94325473476334,-16.068257423821144,276.9766373844865,-21.074732409241705,False,False,0,False,False,False,False,False,True,False,False,3.6618664e-10,5.122799e-13,0.9999775,5537.458,5520.3726,5557.1035,4.7269,4.7082,4.7412,-1.2232,-1.3973,-1.0542,3174.8523,3082.1562,3280.8596,0.0041,0.0008,0.0112,0.0034,0.0007,0.0093,0.0019,0.0003,0.0051,MARCS,0.01675819070161776,IN,2
201,1636148068921376768,Gaia DR3 6709878697595911296,6709878697595911296,416371863,2016.0,279.1225557442679,0.1444163,-44.309128427465346,0.1395428,0.023619427034798322,0.17431231,0.13550062,2.722904,0.0129072839352955,0.15801254,-2.722873258563369,0.1355526,0.3454104,-0.0784715,-0.37370047,-0.11840483,-0.30514225,-0.044820987,-0.6136871,-0.1503584,0.21104972,0.3648511,383,0,380,3,3.0403981,483.63803,0.38436982,1.083476,31,False,1.5444065,,,,,,,,45,16,0.25323322,45,30,0,0.071243584,179.08757,0,0,1.1121281,0.43119723,0.4298792,0.17551588,0.78435344,176.47232,-29.849087,18.557472,-42.4956,False,379,742.5039959639707,1.1217946,661.88947,18.51062,43,391.9073633137259,5.6165123,69.77771,18.855583,42,496.6468229323728,6.140468,80.880936,18.007776,1.1966995,0,0,0,0,0,0.84780693,0.34496307,0.50284386,,,,,,,,,,,,,,,,,,,,,,,NOT_AVAILABLE,350.931629415021,-16.081862129194878,276.9843979647339,-21.09077736164928,False,False,0,False,False,False,False,False,True,False,False,3.3954506e-10,5.1476114e-13,0.9999618,5485.857,5466.538,5509.449,4.7256,4.698,4.7445,-1.209,-1.4202,-0.9287,3083.3494,2985.9294,3272.9119,0.0099,0.0027,0.0228,0.0082,0.0022,0.019,0.0045,0.0012,0.0103,MARCS,0.010380339164673392,IN,2
279,1636148068921376768,Gaia DR3 6709877976038831488,6709877976038831488,858130850,2016.0,279.13936635286484,0.13703926,-44.314362846381016,0.13493967,0.27026121440515066,0.17454903,1.5483398,3.4393559,-2.6883778267744476,0.15462287,-2.145179038305145,0.13156848,0.22569688,-0.002646846,-0.40898305,-0.047613326,-0.39436874,0.04224527,-0.6351841,-0.22070824,0.28816706,0.27197528,383,0,383,0,0.2770464,401.41068,0.0,0.0,31,False,1.5338733,,,,,,,,44,16,0.2378437,44,30,0,0.042871986,174.11774,0,0,1.0092083,0.4204825,0.4069884,0.14224006,0.78312373,-179.92177,-28.43912,18.534077,-42.570015,False,381,733.3670569913478,1.0784739,680.00446,18.524063,43,373.04866203815044,5.2010965,71.725006,18.909128,41,492.0923737761006,8.197023,60.03306,18.017778,1.1796836,0,0,0,0,0,0.8913498,0.38506508,0.5062847,,,,,,,,,,,,,,,,,,,,,,,NOT_AVAILABLE,350.931372006306,-16.094978171274654,276.99688157248903,-21.09681362702206,False,False,0,False,False,False,False,False,True,False,False,9.283908e-11,5.109366e-13,0.9999805,5346.247,5328.605,5363.96,4.6974,4.6752,4.7139,-0.7788,-0.8994,-0.648,3119.1375,3012.962,3251.5,0.0042,0.001,0.0114,0.0035,0.0008,0.0094,0.0019,0.0004,0.0051,MARCS,0.022724252743863308,IN,2
237,1636148068921376768,Gaia DR3 6709877976038833664,6709877976038833664,647814436,2016.0,279.1301808134521,0.14492923,-44.315154422684586,0.13377163,0.20447367631935232,0.16671823,1.2264626,5.88713,-0.6930907561150724,0.1523002,-5.846188800533378,0.13000512,0.30351424,-0.125002,-0.3957659,-0.08693023,-0.26098347,-0.038118523,-0.6111205,-0.09309603,0.18356067,0.33891922,366,0,366,0,-0.074495554,373.59018,0.0,0.0,31,False,1.5065136,,,,,,,,43,16,0.24259199,44,30,0,0.07320177,0.23891865,0,0,0.9963065,0.44653982,0.4304915,0.19389394,0.7814438,173.46254,-29.020031,18.31362,-42.375027,False,365,725.7822327555834,1.1417547,635.6726,18.53535,41,346.1770348603579,4.534607,76.34113,18.990297,38,506.83832384409453,6.088905,83.239655,17.985722,1.1753048,0,0,0,0,0,1.0045757,0.45494652,0.5496292,,,,,,,,,,,,,,,,,,,,,,,NOT_AVAILABLE,350.9280001670679,-16.089205229484342,276.9897957498259,-21.09715852381677,False,False,0,False,False,False,False,False,True,False,False,1.697419e-10,5.1055395e-13,0.99998605,5236.1436,5196.6934,5256.0645,4.623,4.6107,4.6425,-0.0473,-0.1736,0.033,3500.8325,3299.6338,3635.1758,0.0023,0.0005,0.007,0.0018,0.0004,0.0057,0.001,0.0002,0.003,PHOENIX,0.01652143648260565,IN,2
141,1636148068921376768,Gaia DR3 6709877941679073408,6709877941679073408,985153158,2016.0,279.10868330548084,0.14397347,-44.327442027028845,0.13850892,0.13127769965564323,0.17286955,0.7594032,6.5287495,2.63540606420995,0.16753185,-5.97320714868899,0.14270128,0.32019547,-0.07175173,-0.31982693,-0.07262507,-0.30859256,-0.025779132,-0.5699457,-0.1305265,0.21329595,0.41558844,383,0,382,1,1.328855,431.61963,0.0,2.0701153e-15,31,False,1.5046917,,,,,,,,44,16,0.26635092,44,29,0,0.07662361,176.6686,0,0,1.0478841,0.4211454,0.43541065,0.1762671,0.78567266,175.94121,-30.352285,19.322727,-42.502068,False,379,676.2597932636542,1.0917674,619.4174,18.612083,41,330.97849775406866,5.8198624,56.870502,19.039043,38,485.4571810630114,8.049209,60.31117,18.032518,1.2072811,0,1,0,1,0,1.006525,0.42696,0.57956505,,,,,,,,,,,,,,,,,,,,,,,NOT_AVAILABLE,350.91007015674904,-16.079680418200816,276.9724577691686,-21.108378704556213,False,False,0,False,False,False,False,False,True,False,False,4.9082426e-11,5.115257e-13,0.9999664,5157.4556,5140.8228,5173.7017,4.7029,4.6908,4.7154,-0.6328,-0.7501,-0.544,2967.6445,2879.5403,3053.1465,0.0035,0.0009,0.0097,0.0029,0.0008,0.0078,0.0015,0.0004,0.0042,PHOENIX,0.017200434904267925,IN,2
122,1636148068921376768,Gaia DR3 6709878598817010688,6709878598817010688,53977548,2016.0,279.1032218611721,0.15891618,-44.31674347962615,0.15821256,0.2132691296644088,0.20355363,1.0477294,4.1347337,2.560552241853887,0.17908482,-3.2464744618575843,0.15463743,0.20529194,0.042525854,-0.430185,-0.05516529,-0.39820772,0.048546515,-0.65076345,-0.2563659,0.28616047,0.22657603,372,0,372,0,-0.022742618,375.79688,0.091117404,0.044361547,95,False,,1.539524,0.033777673,0.03394761,0.10418797,-0.007864246,0.027119342,-0.19337837,43,16,0.2741201,43,38,0,0.052923363,177.69044,0,0,0.9982492,0.41318762,0.3865999,0.119872116,0.78039926,-177.65028,-27.687807,16.531874,-42.896385,False,364,643.4158938552381,1.8755633,343.0521,18.666138,11,1034.7380328100485,66.01986,15.673133,17.801466,12,1153.1260194326283,58.881405,19.583874,17.093204,3.4003885,9,0,6,0,0,0.7082615,-0.8646717,1.5729332,,,,,,,,,,,,,,,,,,,,,,,NOT_AVAILABLE,350.9188076071319,-16.071983903886235,276.96905300615873,-21.097440888798726,False,False,0,False,False,False,False,False,False,False,False,1.8669263e-08,1.5900867e-05,0.99996805,,,,,,,,,,,,,,,,,,,,,,,0.007387058545044801,IN,2
177,1636148068921376768,Gaia DR3 6709878697593335424,6709878697593335424,613208547,2016.0,279.11749551944615,0.1537068,-44.316432905489656,0.14444454,0.24900667896996623,0.17835481,1.3961309,7.6246457,-4.752880496630296,0.20147836,-5.961991825636783,0.16956587,0.3553004,-0.0630358,-0.16074234,0.029177092,-0.27288517,0.015860043,-0.43941358,-0.047194164,0.2224289,0.5732359,374,0,372,2,-1.5415866,340.72626,0.0,0.0,31,False,1.5613567,,,,,,,,43,16,0.32652742,43,28,0,0.066298135,179.05647,0,0,0.94275135,0.41747501,0.46639875,0.20271173,0.788694,173.16106,-31.59649,21.54422,-42.224274,False,362,632.489939094757,1.0081921,627.35065,18.684732,38,332.9946829327185,9.922854,33.558357,19.03245,36,410.27526315451337,8.972733,45.724674,18.215208,1.1751491,0,1,0,0,0,0.81724167,0.3477173,0.46952438,,,,,,,,,,,,,,,,,,,,,,,NOT_AVAILABLE,350.9231646579711,-16.08130414713252,276.9799969299817,-21.097820459032416,False,False,0,False,False,False,False,False,True,False,False,5.7977445e-10,5.1435895e-13,0.99996555,5644.842,5623.713,5664.946,4.6935,4.6779,4.7083,-0.8741,-1.0346,-0.771,3912.8594,3766.5374,4029.7957,0.0034,0.0009,0.0088,0.0029,0.0007,0.0074,0.0015,0.0004,0.004,MARCS,0.009118557567466828,IN,2
17,1636148068921376768,Gaia DR3 6709878633176756096,6709878633176756096,1707812260,2016.0,279.0772630243988,0.15686156,-44.318102575281586,0.15407331,0.007219929788645074,0.18852526,0.038296886,1.5931404,-1.1344315534508242,0.18080056,1.1185532121143051,0.1585534,0.3689016,-0.047711655,-0.35692176,-0.1425633,-0.27642575,-0.110847585,-0.6051785,-0.116262,0.17195621,0.4556977,359,9,358,1,-0.41535702,356.64462,0.0,0.0,31,False,1.5561837,,,,,,,,42,16,0.29880932,42,27,0,0.069129474,176.58627,0,0,0.9834694,,,,,,,,,False,356,625.657062121281,1.0285922,608.2654,18.696526,38,323.100023161105,9.611633,33.615517,19.065199,39,395.4982761581127,7.4536786,53.060818,18.255033,1.1485498,0,1,0,2,0,0.8101654,0.36867332,0.44149208,,,,,,,,,,,,,,,,,,,,,,,NOT_AVAILABLE,350.91011664849844,-16.05533892566258,276.9490926478473,-21.09754581694295,False,False,0,False,False,False,False,False,True,False,False,6.467934e-10,5.1318905e-13,0.9999758,5670.665,5649.6562,5692.7734,4.7059,4.6918,4.7221,-1.0589,-1.2663,-0.921,3911.0728,3753.7556,4008.849,0.004,0.0011,0.0102,0.0033,0.0009,0.0086,0.0018,0.0005,0.0047,MARCS,0.02344423953740659,IN,2
245,1636148068921376768,Gaia DR3 6709877911615021568,6709877911615021568,1192309628,2016.0,279.1327787326097,0.1499029,-44.32720001811996,0.1438966,-0.32907455804592567,0.17834485,-1.8451587,6.0766444,-0.3455820152954534,0.16757491,-6.066809535890343,0.1435301,0.3218587,-0.09338935,-0.36084858,-0.11554251,-0.29207304,-0.06208572,-0.6006086,-0.11812292,0.19905396,0.37165934,383,0,382,1,0.51118416,407.55756,0.0,2.0701153e-15,31,False,1.5311745,,,,,,,,44,16,0.26768386,44,29,0,0.071488634,1.2374295,0,0,1.0177844,0.42044806,0.40556192,0.14725958,0.78115505,178.91388,-29.09381,17.089373,-42.875908,False,380,621.6613676582247,0.996146,624.0665,18.703482,37,303.1018554048337,8.985045,33.734035,19.134571,35,400.58131887764347,7.4091835,54.065514,18.241169,1.1319396,0,1,0,0,0,0.8934021,0.4310894,0.4623127,,,,,,,,,,,,,,,,,,,,,,,NOT_AVAILABLE,350.9171502761441,-16.095519934830907,276.99090977181095,-21.10930227754848,False,False,0,False,False,False,False,False,True,False,False,1.3172556e-10,5.5503876e-13,0.99997514,5357.8384,5338.5425,5380.0205,4.7025,4.687,4.7162,-0.729,-0.8675,-0.5941,3453.9346,3334.7712,3602.5605,0.0027,0.0007,0.0083,0.0022,0.0005,0.0068,0.0012,0.0003,0.0037,MARCS,0.024461071810829092,IN,2
232,1636148068921376768,Gaia DR3 6709877976038821888,6709877976038821888,332243524,2016.0,279.12918871199525,0.15778892,-44.32068875713385,0.1512626,-0.1444401711213824,0.18537022,-0.7791984,6.3446293,-4.443002748080612,0.18208553,-4.52924385347544,0.15565364,0.2555571,-0.1061167,-0.3553477,-0.024439942,-0.26624238,0.014902315,-0.5923235,-0.08718366,0.18354078,0.35851848,374,0,373,1,0.4697212,396.54312,0.0,0.0,31,False,1.5062432,,,,,,,,43,16,0.28471637,43,29,0,0.0819575,176.32384,0,0,1.0164531,0.45067644,0.42427745,0.20515163,0.7807061,174.09921,-29.643234,19.238111,-42.463158,False,369,612.5445493366849,1.0602311,577.7463,18.719522,37,312.7109153992244,7.0095634,44.612038,19.100685,34,407.78877593304225,5.637361,72.33682,18.221807,1.1762404,0,0,0,0,0,0.87887764,0.38116264,0.497715,,,,,,,,,,,,,,,,,,,,,,,NOT_AVAILABLE,350.9223942303187,-16.090661267088453,276.9886353500782,-21.10263215918936,False,False,0,False,False,False,False,False,True,False,False,2.577125e-10,5.110876e-13,0.9999854,5313.371,5292.2163,5333.785,4.7166,4.6933,4.739,-0.9357,-1.1015,-0.7689,3216.283,3086.3926,3374.224,0.0063,0.0016,0.0153,0.0051,0.0013,0.0125,0.0028,0.0007,0.0068,PHOENIX,0.018330313672099495,IN,2
9,1636148068921376768,Gaia DR3 6709878903751807744,6709878903751807744,1370255804,2016.0,279.07561385889016,0.16937838,-44.2944253413881,0.1614472,0.04809356265675982,0.19807035,0.24281052,3.6196258,-0.5671785090061049,0.19837053,-3.5749125756211466,0.17068575,0.36229965,-0.042134214,-0.32714614,-0.10865155,-0.25329173,-0.089698315,-0.56547606,-0.08338228,0.21313919,0.4722692,359,9,357,2,1.7876537,418.7776,0.54157376,1.5649983,31,False,1.5495961,,,,,,,,42,16,0.3235293,42,27,0,0.06970751,177.3797,0,0,1.0671579,,,,,,,,,False,349,601.0781310883355,1.0756241,558.818,18.74004,35,317.15778033654465,6.3393893,50.029705,19.085354,36,398.5636780637101,8.056124,49.47338,18.24665,1.1907295,0,1,0,0,0,0.83870316,0.34531403,0.49338913,,,,,,,,,,,,,,,,,,,,,,,NOT_AVAILABLE,350.9324141368495,-16.045198350372548,276.9495372934906,-21.073842819548965,False,False,0,False,False,False,False,False,True,False,False,3.9530212e-10,5.11657e-13,0.9999733,5533.3496,5514.966,5549.701,4.7509,4.7419,4.7584,-1.6108,-1.7722,-1.491,3335.011,3289.5144,3389.4924,0.0029,0.0006,0.0081,0.0024,0.0005,0.0067,0.0013,0.0002,0.0037,MARCS,0.028141507443811734,IN,2
209,1636148068921376768,Gaia DR3 6709877941679070592,6709877941679070592,435331290,2016.0,279.1241093805574,0.16459762,-44.32859168021331,0.1609225,0.32392485345057903,0.20798764,1.5574236,9.746692,8.41862553678706,0.19860408,-4.9116951099162,0.16723233,0.19657989,0.04372231,-0.3360396,0.028439118,-0.39400625,0.08513468,-0.5713208,-0.20564467,0.29793674,0.3353152,365,0,364,1,0.89590424,399.07816,0.12636478,0.07821217,31,False,1.4265977,,,,,,,,42,16,0.3031175,42,28,0,0.05017914,177.21503,0,0,1.0326818,0.40360454,0.41236252,0.1417542,0.7850526,-179.82169,-29.222847,19.297396,-42.552998,False,356,591.9148667684015,0.99586225,594.37427,18.75672,39,274.6677372031566,9.389648,29.252186,19.241524,38,509.46446884981634,9.706794,52.48535,17.98011,1.3247381,0,1,0,1,0,1.2614136,0.48480415,0.7766094,,,,,,,,,,,,,,,,,,,,,,,NOT_AVAILABLE,350.9133483273764,-16.09031868832562,276.98417632514605,-21.11027123339448,False,False,0,False,False,False,False,False,True,False,False,5.1804783e-11,7.1125956e-13,0.9999932,4393.721,4383.044,4404.8477,5.0436,5.0237,5.061,-2.0795,-2.2199,-2.0154,987.1309,939.2684,1029.5442,0.0038,0.0008,0.011,0.0029,0.0006,0.0084,0.0016,0.0003,0.0046,MARCS,0.02161485801532047,IN,2
260,1636148068921376768,Gaia DR3 6709877976038826624,6709877976038826624,969760811,2016.0,279.1355743638711,0.15968807,-44.31847420613201,0.15396465,0.2596035234609564,0.19295657,1.3453987,5.969871,0.6676175083240592,0.1789879,-5.932423571836859,0.15371615,0.33123454,-0.07742248,-0.36805102,-0.123396456,-0.2978824,-0.06592445,-0.60842806,-0.1415359,0.2071077,0.38335568,391,0,390,1,0.8159579,425.12134,0.26343876,0.38744125,31,False,1.5134715,,,,,,,,45,16,0.28758997,45,30,0,0.07097862,179.8094,0,0,1.0286746,0.42457584,0.4205597,0.16302365,0.7858976,177.34492,-29.687883,17.994095,-42.690815,False,380,580.568062168392,1.0503385,552.7438,18.777735,38,274.08498949513796,5.730599,47.82833,19.24383,42,421.34011870887,6.9448667,60.66929,18.186314,1.1978357,0,0,0,0,0,1.0575161,0.46609497,0.5914211,,,,,,,,,,,,,,,,,,,,,,,NOT_AVAILABLE,350.92633920175103,-16.094039082222952,276.99368177797373,-21.100731851765044,False,False,0,False,False,False,False,False,True,False,False,1.2284893e-10,1.2496239e-10,0.9999946,4996.4146,4979.3555,5015.922,4.7946,4.779,4.8488,-1.7498,-1.9907,-1.5826,2325.9353,2178.2612,2373.3025,0.0065,0.0017,0.0159,0.0052,0.0014,0.0129,0.0028,0.0007,0.007,MARCS,0.0212886057955902,IN,2
212,1636148068921376768,Gaia DR3 6709878701889031040,6709878701889031040,999487120,2016.0,279.1249020980051,0.16806357,-44.30226981759499,0.16363901,0.4846803835513468,0.20988017,2.3093195,2.5469258,-0.9250417796575291,0.18783218,2.3729999671608715,0.15916476,0.23277554,-0.0029746408,-0.40342093,-0.06922974,-0.3668419,0.013391489,-0.6235855,-0.21406552,0.26322377,0.26794896,372,0,371,1,-0.13448232,378.08655,0.0,0.0,31,False,1.3284984,,,,,,,,43,16,0.28934017,44,30,0,0.024977203,177.90704,0,0,0.9941244,0.41586065,0.39147103,0.12443591,0.7796696,-178.4328,-27.601429,16.863043,-42.78109,False,351,577.997308086804,1.1220671,515.1183,18.782553,23,153.85613458423407,6.724229,22.88086,19.870754,25,633.9041412943695,6.4562755,98.18418,17.742836,1.3629134,0,0,0,0,0,2.1279182,1.0882015,1.0397167,,,,,,,,,,,,,,,,,,,,,,,NOT_AVAILABLE,350.9388938471476,-16.08079576343564,276.9866903996613,-21.084047951563196,False,False,0,False,False,False,False,False,True,False,False,2.458817e-11,5.1087156e-13,0.9999864,3543.2886,3513.023,3571.783,4.8877,4.794,4.9142,-0.4279,-0.4842,-0.3804,647.2682,608.7989,710.5575,0.0978,0.0439,0.1503,0.0669,0.03,0.103,0.0389,0.0175,0.0595,PHOENIX,0.014408793685862266,IN,2
254,1636148068921376768,Gaia DR3 6709877911615020032,6709877911615020032,1477501202,2016.0,279.1338423013806,0.169281,-44.3292097817352,0.15706812,0.3070744602784135,0.19295895,1.5913978,3.9080408,1.6030263021320343,0.1835445,-3.564139325821503,0.1585109,0.30005988,-0.08929934,-0.3874013,-0.10847278,-0.24969336,-0.061200567,-0.5896645,-0.07090616,0.15475497,0.36027068,355,0,352,3,-0.9047108,332.41776,0.0,0.0,95,False,,1.5260298,0.037128255,0.08947231,0.05456681,0.08536481,-0.041202676,-0.19107173,41,16,0.2939861,43,28,0,0.05057343,172.36089,0,0,0.9648538,0.4369901,0.41142324,0.16337894,0.7753101,175.84262,-28.258965,18.208227,-42.733772,False,348,567.976653326239,1.0192554,557.24664,18.80154,6,275.3627218084398,20.689869,13.309061,19.23878,7,429.8525761323784,16.58809,25.913324,18.164597,1.2416272,0,0,0,0,0,1.0741825,0.4372387,0.6369438,,,,,,,,,,,,,,,,,,,,,,,NOT_AVAILABLE,350.915518910939,-16.096990044665432,276.9915776463564,-21.11135892687666,False,False,0,False,False,False,False,False,False,False,False,1.2651392e-09,7.2385786e-10,0.99998057,,,,,,,,,,,,,,,,,,,,,,,0.02641840849387696,IN,2
79,1636148068921376768,Gaia DR3 6709878594514097536,6709878594514097536,812732215,2016.0,279.0950218653594,0.16369823,-44.32965362082471,0.15891108,0.24621919876284692,0.19487835,1.2634507,3.430626,2.415515208247065,0.18181802,-2.4360789355606185,0.15774398,0.35228804,-0.09569912,-0.37107584,-0.14165272,-0.30723694,-0.08375801,-0.61452115,-0.10602236,0.22382227,0.38934797,382,0,379,3,-1.4389627,350.1371,0.0,0.0,31,False,1.5185708,,,,,,,,44,16,0.29545692,44,29,0,0.058963887,1.0046309,0,0,0.94697505,0.42482978,0.40997413,0.14575633,0.7829556,179.40643,-29.459774,15.80699,-42.946304,False,376,557.1135612108231,0.941744,591.5764,18.822508,43,272.6642293864383,6.7810864,40.20952,19.249472,38,388.5234427275945,5.377296,72.25257,18.274353,1.1868095,0,0,0,0,0,0.97511864,0.4269638,0.54815483,,,,,,,,,,,,,,,,,,,,,,,NOT_AVAILABLE,350.90405920287657,-16.071492959471485,276.9618461304059,-21.109926090866352,False,False,0,False,False,False,False,False,True,False,False,4.4695157e-11,5.1151596e-13,0.99998903,5056.3115,5037.9883,5084.294,4.7903,4.7752,4.7978,-1.6022,-1.7406,-1.4751,2584.312,2536.6128,2629.463,0.0052,0.0012,0.0141,0.0042,0.001,0.0115,0.0023,0.0005,0.0062,MARCS,0.021555831668088783,IN,2
32,1636148068921376768,Gaia DR3 6709878938111541504,6709878938111541504,114249889,2016.0,279.0799841066765,0.17924425,-44.29707057703068,0.17265032,-0.3382855625545592,0.20498398,-1.6503025,8.442992,-4.220022754225993,0.21887004,-7.312695653673398,0.19005184,0.38485494,-0.021299664,-0.3090286,-0.10058888,-0.22203101,-0.10732458,-0.5693566,-0.06679443,0.20196474,0.5393723,362,0,362,0,0.77716845,394.95938,0.32618332,0.5289418,31,False,1.5594944,,,,,,,,42,16,0.36358744,42,28,0,0.058083065,173.14142,0,0,1.0282828,0.4103747,0.48576704,0.22774066,0.80320287,171.35722,-32.298492,21.806559,-41.68086,False,343,552.5131262838331,1.0132096,545.3098,18.83151,33,340.31070762446546,6.5491443,51.962624,19.008854,34,486.01514891453013,8.48375,57.287773,18.031271,1.4955769,0,32,0,33,0,0.97758293,0.17734337,0.80023956,,,,,,,,,,,,,,,,,,,,,,,NOT_AVAILABLE,350.93111485154014,-16.049099938552676,276.95269124849125,-21.076692448745483,False,False,0,False,False,False,False,False,True,False,False,2.7895326e-09,1.2892273e-08,0.999989,5155.177,5141.187,5170.5044,4.7914,4.7799,4.7988,-3.3029,-3.4974,-3.0901,2481.9404,2458.2197,2509.694,0.0113,0.0029,0.026,0.0092,0.0023,0.0212,0.0051,0.0013,0.0117,MARCS,0.024071258612937883,IN,2
38,1636148068921376768,Gaia DR3 6709878869392041216,6709878869392041216,747820339,2016.0,279.08245914184636,0.17284109,-44.30788306598698,0.16807647,0.07340016269042945,0.2136363,0.34357533,5.3230114,-3.8384998009115687,0.2031997,-3.68786778332126,0.17401712,0.25637388,0.03810915,-0.35459724,-0.025857892,-0.34509432,0.014730558,-0.5971157,-0.16606271,0.28844142,0.36892912,366,0,364,2,0.8568599,399.80893,0.0,0.0,31,False,1.5755432,,,,,,,,43,16,0.3185286,43,28,0,0.058947347,171.29129,0,0,1.0312093,0.41432127,0.45497736,0.18678784,0.784327,175.06071,-30.594679,22.22875,-42.10673,False,361,545.2240749560807,1.0837232,503.10272,18.84593,36,304.8265257457802,9.290194,32.811646,19.12841,37,351.9558858553617,6.6134353,53.218315,18.381676,1.2046101,0,0,0,0,0,0.7467346,0.28248024,0.46425438,,,,,,,,,,,,,,,,,,,,,,,NOT_AVAILABLE,350.9214222918165,-16.054869212426915,276.95380557276656,-21.087599617534135,False,False,0,False,False,False,False,False,True,False,False,6.6898276e-10,5.124836e-13,0.9999822,5761.6855,5728.5596,5787.8716,4.7222,4.7127,4.7342,-1.4868,-1.6935,-1.3366,4130.0347,3961.693,4194.3364,0.0034,0.0008,0.0092,0.0029,0.0006,0.0078,0.0016,0.0003,0.0043,MARCS,0.018523653229611053,IN,2
63,1636148068921376768,Gaia DR3 6709878663233604608,6709878663233604608,1725496937,2016.0,279.09032437675864,0.17369542,-44.31183763350436,0.17027605,0.126947025830518,0.2207421,0.575092,4.0546374,0.19349142043229667,0.19831233,-4.050017768584835,0.16950084,0.21474756,0.061134804,-0.41135544,-0.031714804,-0.3744178,0.035809062,-0.6344817,-0.2252184,0.30326548,0.2806602,367,0,364,3,-1.7903577,327.2753,0.0,0.0,31,False,1.5712907,,,,,,,,42,16,0.30549547,42,28,0,0.02304072,116.34711,0,0,0.9330267,0.41201487,0.40741453,0.1396299,0.7824282,179.78923,-28.547424,18.446688,-42.656662,False,361,540.4628837657773,0.99692583,542.12946,18.855452,37,288.29458927724016,7.140114,40.37675,19.188951,37,352.6230581533138,7.70335,45.775288,18.37962,1.185868,0,0,0,0,0,0.8093319,0.3334999,0.475832,,,,,,,,,,,,,,,,,,,,,,,NOT_AVAILABLE,350.91985731258717,-16.061581355923686,276.95953871174123,-21.09192414487268,False,False,0,False,False,False,False,False,True,False,False,5.640909e-10,5.136053e-13,0.9999528,5640.8022,5616.6255,5660.3696,4.737,4.7277,4.7452,-1.5811,-1.7521,-1.4505,3817.0554,3745.4087,3869.8801,0.0039,0.0009,0.0108,0.0032,0.0008,0.009,0.0018,0.0004,0.005,MARCS,0.012842659922696313,IN,2
217,1636148068921376768,Gaia DR3 6709877941679089408,6709877941679089408,51180433,2016.0,279.12570112371515,0.1917168,-44.31689242860568,0.18167233,0.9880084814621944,0.21740624,4.5445266,2.015814,-1.7134963599459532,0.20424649,1.0618079729521972,0.1772898,0.31986934,-0.07505637,-0.39227661,-0.094880275,-0.2234262,-0.028615477,-0.61651164,-0.09972068,0.1589313,0.33039093,365,0,362,3,1.6198311,420.88663,0.53630704,1.2741323,95,False,,1.3903943,0.039536327,0.10642232,0.030770915,0.05905934,-0.056738928,-0.1241983,42,15,0.32588094,43,30,0,0.040000327,179.20573,0,0,1.0603609,0.44780362,0.4697677,0.21952452,0.77275527,170.57549,-30.718983,22.398956,-42.493195,False,360,532.3902963785962,1.0270154,518.38586,18.871792,33,167.15578003850413,7.1048565,23.526976,19.780739,35,495.4326917656755,5.5129333,89.86735,18.010433,1.244554,0,1,0,0,0,1.7703056,0.908947,0.86135864,,,,,,,,,,,,,,,,,,,,,,,NOT_AVAILABLE,350.92505506633887,-16.08690599888658,276.986242117637,-21.09867575839666,False,False,0,False,False,False,False,False,True,False,False,1.0626242e-13,6.016492e-11,0.9999966,3795.212,3779.9167,3808.6533,5.0053,4.9209,5.0638,-1.4382,-1.5561,-1.2714,565.4096,523.4832,629.1608,0.0049,0.0011,0.0135,0.0035,0.0008,0.0097,0.0019,0.0004,0.0052,PHOENIX,0.014218884158084262,IN,2
213,1636148068921376768,Gaia DR3 6709878736255961856,6709878736255961856,1246450872,2016.0,279.1253575871721,0.17902206,-44.30304468902398,0.17868555,1.8933279904642442,0.23462237,8.069682,2.275617,1.5014126978122238,0.19980851,-1.7100270827461612,0.17478244,0.24978676,0.007808242,-0.39673933,-0.09278307,-0.3913463,-0.007976878,-0.59596586,-0.172646,0.21687289,0.2817959,354,0,353,1,0.9307803,390.20642,0.0,0.0,95,False,,1.3936188,0.039217923,0.08867478,0.058767084,0.038280685,-0.04041465,-0.14152846,41,15,0.31276757,43,29,0,0.02619861,174.55212,0,0,1.0345675,0.39094588,0.3536118,0.09216786,0.78985214,-173.44606,-27.360554,9.022167,-43.688038,False,340,524.1533457341477,1.0567181,496.02005,18.888721,15,110.09758755773954,6.8559165,16.058771,20.234098,16,599.5271069388699,6.537132,91.71103,17.803373,1.3538494,0,0,0,0,0,2.430725,1.345377,1.0853481,,,,,,,,,,,,,,,,,,,,,,,NOT_AVAILABLE,350.9382780058168,-16.08139286059336,276.98698281686615,-21.084843089278838,False,False,0,False,False,False,False,False,True,False,False,3.2728375e-13,5.267014e-13,0.99993235,3304.9258,3282.4502,3344.9673,4.6585,4.6115,4.8031,-1.0493,-1.1229,-0.7833,410.3144,383.0908,443.4325,0.0186,0.0049,0.0426,0.0122,0.0032,0.028,0.0076,0.002,0.0174,MARCS,0.014275138040856873,IN,2
253,1636148068921376768,Gaia DR3 6709877911615020800,6709877911615020800,504039936,2016.0,279.1337954218065,0.8179371,-44.328126760353,0.65175366,-0.26920968772006687,0.33629078,-0.8005265,3.186902,-2.9243322358881376,0.80430865,-1.2667380168479947,0.57589704,-0.9180396,0.444487,-0.95616907,0.91468525,-0.56324494,0.92971146,-0.96744245,-0.5280541,0.5459956,-0.89778626,277,0,275,2,1.0647454,304.03558,0.0,0.0,95,False,,1.4893447,0.04735076,-0.0933781,0.16726282,-0.2023034,0.1394381,-0.19999826,32,11,1.6821601,41,27,1,0.018969478,161.7243,0,60,1.0449961,0.6128501,0.33823732,0.25963023,0.7528241,173.67848,-7.9168286,10.858495,-40.900894,False,264,510.739199095883,1.2652966,403.65176,18.916868,0,,,,,0,,,,,,,,,,2,,,,,,,,,,,,,,,,,,,,,,,,,,NOT_AVAILABLE,350.9165475296288,-16.096545815162127,276.99162036073807,-21.11027611937952,False,False,0,False,False,False,False,False,False,False,False,,,,,,,,,,,,,,,,,,,,,,,,,,0.025628160191217966,IN,2
239,1636148068921376768,Gaia DR3 6709878736248764288,6709878736248764288,860060142,2016.0,279.1306721697277,0.18196124,-44.30225789758586,0.17773272,0.05669713015922149,0.23564558,0.2406034,4.0482154,-1.9668028105276558,0.20430511,-3.538323541264505,0.17407243,0.24775061,-0.029682081,-0.38456526,-0.06062199,-0.37413234,0.029791918,-0.6326387,-0.22428656,0.2813037,0.28170753,372,0,371,1,0.9808307,409.4461,0.0,0.0,31,False,1.3947469,,,,,,,,43,16,0.31512326,43,29,0,0.046955008,3.964837,0,0,1.0355492,0.44260722,0.40175688,0.16286321,0.7834142,177.69823,-27.164429,16.970633,-42.32152,False,369,510.05087363751,0.96111095,530.68884,18.918333,39,194.6137217174365,5.64285,34.488552,19.615608,39,470.7590810315932,7.7304053,60.897076,18.065899,1.3045224,0,3,0,3,0,1.5497093,0.69727516,0.85243416,,,,,,,,,,,,,,,,,,,,,,,NOT_AVAILABLE,350.9405458425962,-16.084607948953256,276.99110685980406,-21.0843153321794,False,False,0,False,False,False,False,False,True,False,False,4.700099e-11,1.4333967e-10,0.9999897,4018.1428,4004.5093,4029.8154,5.014,4.9771,5.0417,-1.4719,-1.5489,-1.4142,829.6556,775.0762,885.3806,0.0028,0.0006,0.0085,0.002,0.0004,0.0063,0.0011,0.0002,0.0034,MARCS,0.017998634361521722,IN,2
41,1636148068921376768,Gaia DR3 6709878873687752064,6709878873687752064,11338069,2016.0,279.08325059999635,0.18207861,-44.30856979669284,0.17397915,-0.04342236006944393,0.2212108,-0.19629404,4.4289393,-1.1559510806694973,0.20902446,-4.275427755071173,0.17842513,0.2626454,0.0047446657,-0.36674875,-0.03896607,-0.31238177,-0.00049234164,-0.5978949,-0.1480992,0.26040512,0.36708656,366,0,365,1,-0.18973616,370.91483,0.0,0.0,31,False,1.5504797,,,,,,,,43,16,0.32860714,43,28,0,0.08038649,177.71901,0,0,0.9920137,0.4231481,0.45256758,0.19344427,0.78533524,174.29645,-30.392893,21.474043,-42.08759,False,364,505.02479851821283,0.9849594,512.73663,18.929085,14,246.15428999195186,8.415992,29.2484,19.360523,14,316.16744607614083,11.223425,28.170319,18.498102,1.1134537,0,0,0,0,0,0.86242104,0.43143845,0.4309826,,,,,,,,,,,,,,,,,,,,,,,NOT_AVAILABLE,350.92098714773715,-16.05565502221096,276.95436167477624,-21.08832290815268,False,False,0,False,False,False,False,False,False,False,False,3.2898493e-09,5.2578374e-13,0.999995,,,,,,,,,,,,,,,,,,,,,,,0.017884585963200167,IN,2
84,1636148068921376768,Gaia DR3 6709878667529315200,6709878667529315200,1366445459,2016.0,279.09599894230854,0.18117464,-44.30441933329118,0.17114997,0.21619416193320004,0.21257967,1.017003,4.366332,-0.3588983440139735,0.21041845,-4.351557050480767,0.18063536,0.30745205,-0.09041632,-0.34597325,-0.08063142,-0.25479448,-0.046517536,-0.5809765,-0.06527752,0.19146448,0.40770563,374,0,374,0,1.7895862,436.50253,0.0,0.0,95,False,,1.422007,0.04008366,0.03034504,0.08587127,0.0696773,0.016228184,-0.15857285,43,15,0.33605593,43,28,0,0.0190206,7.133004,1,0,1.0657597,0.45448634,0.43060735,0.19673522,0.77938694,173.22675,-28.791725,18.18597,-42.35147,False,354,495.1534591935779,0.9987117,495.79218,18.950518,34,221.92568257175245,11.586788,19.15334,19.473022,34,451.9247168645684,8.114334,55.694614,18.11023,1.360892,0,1,0,0,0,1.362793,0.5225048,0.84028816,,,,,,,,,,,,,,,,,,,,,,,NOT_AVAILABLE,350.9286057725224,-16.062499847745787,276.96441668691403,-21.08479630035368,False,False,0,False,False,False,False,False,True,False,False,5.242014e-11,8.822009e-11,0.99999315,4249.8687,4236.068,4262.6313,5.0161,4.9331,5.0475,-1.7437,-1.8573,-1.5184,1028.9475,930.9976,1213.8882,0.0047,0.0012,0.0127,0.0035,0.0009,0.0096,0.0019,0.0005,0.0052,MARCS,0.010457446307759815,IN,2
159,1636148068921376768,Gaia DR3 6709878972471299200,6709878972471299200,1722780362,2016.0,279.1134585696044,0.18317018,-44.288899312340334,0.17959665,0.5546271553600871,0.23130415,2.3978262,7.7771435,-6.554526143459294,0.20805627,-4.185946202501611,0.17965057,0.25966194,-0.021650836,-0.39540774,-0.07055217,-0.37742192,-0.00059814734,-0.63809276,-0.18174249,0.2973078,0.32606924,376,0,376,0,0.20613304,394.39362,0.0,0.0,31,False,1.5855206,,,,,,,,43,16,0.32753822,43,28,0,0.05367823,176.76048,0,0,1.0066763,0.42619303,0.39073282,0.123080604,0.7734895,-178.87686,-26.891338,16.85178,-42.81524,False,374,494.61036541088396,1.0097094,489.8542,18.95171,37,274.9624156989509,5.817414,47.265404,19.240358,34,304.5104703147103,4.918957,61.90549,18.53889,1.1715745,0,0,0,0,0,0.7014675,0.2886486,0.4128189,,,,,,,,,,,,,,,,,,,,,,,NOT_AVAILABLE,350.94849922799193,-16.068120293305494,276.9789006513281,-21.07015460893238,False,False,0,False,False,False,False,False,True,False,False,9.49818e-10,5.3001104e-13,0.9999189,5930.8877,5905.4062,5949.1914,4.7034,4.6944,4.7113,-1.4031,-1.5951,-1.2773,4803.9336,4740.219,4865.867,0.0038,0.0008,0.0094,0.0032,0.0007,0.008,0.0018,0.0004,0.0044,MARCS,0.02168428101748265,IN,2
171,1636148068921376768,Gaia DR3 6709878701889029760,6709878701889029760,559430051,2016.0,279.11610530512485,0.18368137,-44.31191399960357,0.17833318,0.35209629525304736,0.21628346,1.6279391,3.8398163,-2.5576548154636694,0.20666413,-2.8640165830619444,0.1808789,0.32263628,-0.071195334,-0.39624465,-0.14928359,-0.27664995,-0.092884734,-0.63477904,-0.1332789,0.18044364,0.38309893,387,0,385,2,0.2583719,399.35593,0.0,0.0,95,False,,1.4774555,0.03875492,0.08966268,0.058239426,0.06257979,-0.032565225,-0.14037332,45,16,0.3367369,45,29,0,0.09655456,178.49527,0,0,1.008517,0.42758495,0.38089597,0.13330796,0.7810946,-179.16795,-27.78191,14.497026,-43.14763,False,382,491.8391539020566,0.9070018,542.2692,18.95781,40,219.38262988175936,5.9041576,37.157314,19.485537,43,416.96579450062876,7.647981,54.519722,18.197645,1.2938141,0,14,0,15,0,1.2878914,0.5277271,0.76016426,,,,,,,,,,,,,,,,,,,,,,,NOT_AVAILABLE,350.9271160805238,-16.078659512029795,276.9792603857388,-21.093244678121053,False,False,0,False,False,False,False,False,True,False,False,1.3283921e-10,5.2085804e-13,0.9999725,4552.4966,4536.836,4570.75,4.7248,4.6985,4.772,-0.5679,-0.8113,-0.364,2227.551,2057.8123,2403.182,0.0038,0.0009,0.0117,0.003,0.0006,0.009,0.0016,0.0003,0.0048,MARCS,0.005942941777018087,IN,2
173,1636148068921376768,Gaia DR3 6709877872959587200,6709877872959587200,530786750,2016.0,279.1166771571768,0.18437839,-44.33348526069619,0.17726694,0.18894653470051437,0.22040886,0.85725474,4.9046483,-2.5315898773206653,0.20687771,-4.200789059468665,0.17739354,0.31104106,-0.08818907,-0.36805877,-0.11577166,-0.301929,-0.061548766,-0.601475,-0.126994,0.19985355,0.36498845,390,0,387,3,0.46253636,411.4179,0.42281651,0.7053652,31,False,1.4842075,,,,,,,,45,16,0.3299955,45,29,0,0.06491982,0.39007849,0,0,1.0159032,0.42554408,0.38141185,0.1267258,0.7785399,-179.08888,-27.80914,13.868099,-43.348675,False,386,480.8893240311721,0.90321565,532.4192,18.982254,41,217.4904059163745,6.6029963,32.938137,19.494942,44,343.97369380081483,4.153073,82.8239,18.406582,1.1675537,0,0,0,0,0,1.0883598,0.5126877,0.57567215,,,,,,,,,,,,,,,,,,,,,,,NOT_AVAILABLE,350.9065289775116,-16.087272562571492,276.9781358917342,-21.114794298193054,False,False,0,False,False,False,False,False,True,False,False,1.6063056e-10,5.109791e-13,0.99998516,4946.8506,4928.6885,4965.5317,4.7966,4.78,4.8104,-1.3728,-1.489,-1.2346,2656.2573,2604.957,2729.4443,0.0042,0.0009,0.0106,0.0034,0.0007,0.0085,0.0018,0.0004,0.0046,PHOENIX,0.024029517274998552,IN,2
71,1636148068921376768,Gaia DR3 6709878667536492032,6709878667536492032,160589558,2016.0,279.0930012188555,0.18913193,-44.311307701452634,0.18867531,0.36777648524626433,0.23973009,1.5341274,9.798046,-3.468745231284816,0.21625988,-9.163487835115891,0.18429933,0.2103455,0.03673125,-0.43378788,-0.04845347,-0.40097994,0.04393758,-0.65718055,-0.24784744,0.29803064,0.25927883,390,0,390,0,-0.13309757,398.98032,0.0,0.0,31,False,1.5555482,,,,,,,,45,16,0.33245304,45,30,0,0.055302013,176.86426,0,0,0.99434304,0.43651235,0.38377875,0.1278166,0.7754973,-178.70035,-26.708794,16.299475,-42.90472,False,386,476.01794350115586,0.96731627,492.10165,18.993309,41,244.10413281034218,5.8450737,41.76237,19.369604,41,297.8853671478952,7.641413,38.98302,18.562773,1.1385905,0,0,0,0,0,0.80683136,0.3762951,0.43053627,,,,,,,,,,,,,,,,,,,,,,,NOT_AVAILABLE,350.92112845358514,-16.063149014429655,276.96162526717046,-21.09152445439693,False,False,0,False,False,False,False,False,True,False,False,1.959698e-09,5.316814e-13,0.9999731,5742.089,5721.3716,5765.299,4.7055,4.6951,4.7137,-1.0648,-1.185,-0.9557,4619.996,4530.671,4720.6616,0.0029,0.0006,0.0076,0.0025,0.0005,0.0064,0.0014,0.0003,0.0035,MARCS,0.0108801900827875,IN,2
193,1636148068921376768,Gaia DR3 6709877877264901376,6709877877264901376,1030624021,2016.0,279.1206812718855,0.19648509,-44.331549608558106,0.19910808,-0.11235317555678506,0.23436645,-0.47939104,3.6297882,-0.4019969172307408,0.23329446,-3.6074589726921586,0.20823842,0.32349676,0.03254723,-0.4328285,-0.16173357,-0.27643552,-0.1064559,-0.6727036,-0.21939789,0.17478743,0.42938045,385,0,383,2,-1.029655,360.72803,0.0,0.0,95,False,,1.4906838,0.040081423,0.12145806,0.1354891,0.07874473,-0.08768446,-0.20499735,45,16,0.38831788,45,45,0,0.07942261,177.10374,0,0,0.9618646,0.43031156,0.39591268,0.1576905,0.7949519,179.45628,-28.639828,17.107729,-42.646046,False,372,474.91564795730244,0.920502,515.93115,18.995825,40,237.35956818167466,6.456461,36.763107,19.400024,40,331.64289234105905,5.5005016,60.29321,18.446218,1.1981127,0,0,0,1,0,0.9538059,0.4041996,0.5496063,,,,,,,,,,,,,,,,,,,,,,,NOT_AVAILABLE,350.90952877344444,-16.08918103198974,276.9813393374448,-21.113056618436957,False,False,0,False,False,False,False,False,True,False,False,2.0174805e-10,5.1283934e-13,0.9999654,5138.929,5117.685,5160.8003,4.7682,4.718,4.7936,-1.4429,-1.5961,-1.1234,2943.889,2850.916,3193.5215,0.0091,0.0022,0.0227,0.0074,0.0018,0.0185,0.004,0.001,0.01,MARCS,0.02311765054173395,IN,2
262,1636148068921376768,Gaia DR3 6709877980334507520,6709877980334507520,1223772063,2016.0,279.135777649425,0.19492532,-44.31076541200493,0.18943162,0.47075001892177365,0.2458271,1.914964,2.9971821,1.709393583165693,0.21499322,-2.461924805615899,0.18260898,0.24146925,0.019961575,-0.41785732,-0.05937822,-0.37063566,0.024101514,-0.6273626,-0.21551104,0.25060308,0.26712215,376,0,376,0,1.0506358,416.83438,0.28291857,0.28885898,31,False,1.4325993,,,,,,,,43,16,0.3320813,44,30,0,0.046138234,3.3239233,0,4,1.0379071,0.41476277,0.3976466,0.11528247,0.7763809,-178.64388,-27.77437,17.308489,-43.128765,False,375,469.5462276917785,0.9541806,492.09366,19.008171,27,201.51968122562832,6.894013,29.231115,19.57775,26,404.18719960607507,9.183825,44.010773,18.23144,1.2899835,0,7,0,9,0,1.3463097,0.5695782,0.7767315,,,,,,,,,,,,,,,,,,,,,,,NOT_AVAILABLE,350.9338130327668,-16.091231882348993,276.99439664970737,-21.09305058668126,False,False,0,False,False,False,False,False,False,False,False,1.8886084e-10,4.8121246e-10,0.99998814,,,,,,,,,,,,,,,,,,,,,,,0.019787794228853073,IN,2
267,1636148068921376768,Gaia DR3 6709877980334507136,6709877980334507136,345935094,2016.0,279.1365334111757,0.19482623,-44.31058604652521,0.18957627,0.377689466165066,0.24459393,1.5441489,4.7153893,-3.4331742897449926,0.2165124,-3.2323687793269844,0.18498446,0.27001283,0.0022279306,-0.40417,-0.07320898,-0.35390428,0.011094151,-0.6311652,-0.21824133,0.28840375,0.29398522,372,0,371,1,0.6894749,401.68832,0.13897856,0.074786685,31,False,1.5096645,,,,,,,,43,16,0.3374545,43,29,0,0.0069037317,125.220436,0,20,1.0246733,0.4606671,0.40458205,0.15561296,0.78314424,178.1141,-28.28065,21.438179,-43.14301,False,369,462.8526812801639,0.9244592,500.67398,19.02376,17,240.85502924581493,10.236299,23.529505,19.384153,15,360.03854471184064,11.670578,30.850103,18.357023,1.2982394,0,3,0,1,0,1.0271301,0.36039352,0.6667366,,,,,,,,,,,,,,,,,,,,,,,NOT_AVAILABLE,350.9342003722198,-16.091663304656365,276.9949879657567,-21.092908241944254,False,False,0,False,False,False,False,False,False,False,False,8.900448e-10,6.003804e-10,0.99998254,,,,,,,,,,,,,,,,,,,,,,,0.020324649083768905,IN,2
111,1636148068921376768,Gaia DR3 6709878667529301632,6709878667529301632,741580296,2016.0,279.1013004038568,0.20813227,-44.31388466498886,0.2005527,0.36106422367548247,0.2488674,1.4508297,4.9840946,-0.19724129731165063,0.23360218,-4.980190146124915,0.19993737,0.28666526,-0.0973671,-0.32904407,-0.12906891,-0.31332213,-0.078727044,-0.57149845,-0.113150254,0.20123959,0.32579836,371,0,366,5,2.1437662,439.3207,0.8616769,2.1659415,31,False,1.474252,,,,,,,,43,16,0.36728582,45,29,0,0.0702465,177.44736,0,0,1.0798869,0.4083626,0.343978,0.09600697,0.77689946,-174.37753,-26.3219,6.672054,-43.885563,False,314,458.26882824574596,1.0250192,447.0832,19.034567,20,211.64953815428822,9.211458,22.976768,19.524498,20,330.707012938711,9.951414,33.232162,18.449287,1.1834899,0,1,0,0,0,1.0752106,0.4899311,0.58527946,,,,,,,,,,,,,,,,,,,,,,,NOT_AVAILABLE,350.92101071930693,-16.069621451417888,276.9677894585377,-21.094495856200872,False,False,0,False,False,False,False,False,False,False,False,4.17991e-10,2.1363257e-10,0.99998575,,,,,,,,,,,,,,,,,,,,,,,0.006094862416523035,IN,2
144,1636148068921376768,Gaia DR3 6709878972471291648,6709878972471291648,255767171,2016.0,279.10934743488554,0.19872487,-44.29160294566087,0.19158573,0.655975483344055,0.2525413,2.5974977,1.9236777,-1.71715045379217,0.2333783,-0.8671390365313045,0.19889934,0.2433404,0.005490483,-0.3469601,-0.024290595,-0.35113904,0.023544911,-0.6016422,-0.18574119,0.29062727,0.35330555,366,0,366,0,-1.0220459,348.10873,0.0,0.0,31,False,1.466054,,,,,,,,42,16,0.36304605,42,27,0,0.037520584,175.23071,0,0,0.9612941,0.44021267,0.42400375,0.1704638,0.77712566,176.01387,-27.800224,19.28231,-42.15369,False,363,445.5515031604347,0.94396025,472.0024,19.065123,11,160.322772576167,12.153206,13.191809,19.826054,11,405.7868328686767,10.560079,38.4265,18.22715,1.2705817,0,1,0,1,0,1.5989037,0.760931,0.83797264,,,,,,,,,,,,,,,,,,,,,,,NOT_AVAILABLE,350.9447293237481,-16.066433237482197,276.9755585873494,-21.072653425668772,False,False,0,False,False,False,False,False,False,False,False,1.463317e-10,2.2211864e-10,0.9999807,,,,,,,,,,,,,,,,,,,,,,,0.01866336366003165,IN,2
132,1636148068921376768,Gaia DR3 6709878701896222592,6709878701896222592,345915503,2016.0,279.1061593985546,0.19190294,-44.32408703770183,0.18462525,0.021749955753654165,0.22917464,0.09490559,6.9054813,0.682919015943071,0.21545292,-6.871629433660159,0.18506664,0.31617063,-0.085551865,-0.36713204,-0.12142432,-0.29999492,-0.0674954,-0.60688823,-0.12840118,0.20970254,0.36902034,389,0,389,0,0.31666926,409.3308,0.0,0.0,31,False,1.4678804,,,,,,,,45,16,0.3446491,45,29,0,0.060513344,177.09547,0,0,1.0105773,0.43552983,0.3777631,0.12762693,0.77783054,-178.65167,-27.307987,12.809944,-43.290512,False,387,438.6550091780758,0.89212036,491.69937,19.08206,40,179.21969566924616,4.9761877,36.01546,19.705078,38,350.0870083400969,6.3059554,55.516888,18.387455,1.2066582,0,1,1,1,0,1.3176231,0.62301826,0.6946049,,,,,,,,,,,,,,,,,,,,,,,NOT_AVAILABLE,350.9125796931097,-16.076730633070596,276.9707695039325,-21.104909507585795,False,False,0,False,False,False,False,False,False,False,False,3.5977842e-11,1.0974025e-10,0.9999765,,,,,,,,,,,,,,,,,,,,,,,0.013912852879483364,IN,2
158,1636148068921376768,Gaia DR3 6709878976766960128,6709878976766960128,41942349,2016.0,279.11332168701057,0.19945824,-44.28812326690514,0.1939069,0.21590501446035773,0.2458789,0.8780949,5.492727,0.8937620504934345,0.23030739,-5.419523482429449,0.19716856,0.24224582,0.031854503,-0.3957266,-0.04308572,-0.33214062,0.007316176,-0.62457967,-0.18466759,0.27285433,0.33208984,380,0,377,3,-0.24821767,382.74176,0.0,0.0,31,False,1.5632033,,,,,,,,44,16,0.35999602,44,29,0,0.07880262,0.6045072,0,0,0.9900205,0.41987965,0.41826457,0.14592159,0.7777095,179.0315,-28.622978,20.041124,-42.53875,False,369,434.8670775484944,0.93193597,466.62762,19.091476,8,231.2605500248475,10.483016,22.060497,19.428288,8,282.78164801022365,11.257801,25.118729,18.619267,1.1820674,0,0,0,0,0,0.809021,0.33681107,0.47220993,,,,,,,,,,,,,,,,,,,,,,,NOT_AVAILABLE,350.9492066546042,-16.067733340432792,276.97885203631034,-21.069373718656387,False,False,0,False,False,False,False,False,False,False,False,1.7757523e-08,5.128344e-13,0.9999831,,,,,,,,,,,,,,,,,,,,,,,0.022432242688397764,IN,2
116,1636148068921376768,Gaia DR3 6709878972471289984,6709878972471289984,1708658428,2016.0,279.1021923816907,0.20472434,-44.29202416660552,0.19590305,0.49965502206521567,0.24987116,1.9996506,6.0511427,2.240944571093401,0.25979713,-5.620898222807508,0.22132607,0.26713276,0.03353662,-0.24969773,0.034858942,-0.33373833,0.032899544,-0.5143562,-0.107593186,0.2899446,0.4755377,361,0,360,1,0.40576863,382.26385,0.0,0.0,31,False,1.5182185,,,,,,,,42,16,0.41268247,42,27,0,0.051999778,175.90529,0,0,1.0143232,0.39760894,0.4551994,0.16788079,0.78150976,176.82605,-30.451704,23.037746,-42.118465,False,355,431.179230177848,0.92949164,463.88715,19.100721,37,229.8968122693722,5.146406,44.67133,19.43471,33,287.39414719707173,5.9758506,48.092594,18.6017,1.1997122,0,0,0,0,0,0.8330097,0.3339882,0.49902153,,,,,,,,,,,,,,,,,,,,,,,NOT_AVAILABLE,350.9422883406489,-16.061860998353975,276.97005205578876,-21.07272817359119,False,False,0,False,False,False,False,False,False,False,False,2.1095425e-09,5.1640116e-13,0.9999708,,,,,,,,,,,,,,,,,,,,,,,0.01871146633665712,IN,2
285,1636148068921376768,Gaia DR3 6709877976038836864,6709877976038836864,1423302140,2016.0,279.14196223369066,0.21001348,-44.31213912238446,0.20534074,0.6994399666824894,0.2667458,2.6221216,3.1377237,3.108652113910153,0.23897685,-0.4261363733006533,0.20221141,0.20908955,-0.02299655,-0.3916951,-0.028965987,-0.3897135,0.05610537,-0.6223238,-0.20901822,0.2770108,0.26801956,392,0,391,1,1.1819998,438.92572,0.45457873,0.6586863,31,False,1.3032346,,,,,,,,45,16,0.36432153,45,30,0,0.043345142,3.1954494,0,0,1.0419657,0.43331122,0.38866922,0.12328257,0.77703583,-178.01825,-27.1069,15.70558,-42.917057,False,390,431.00326845160856,0.97000515,444.3309,19.101166,43,91.57984006856601,5.187639,17.653471,20.434042,42,458.3202458279529,7.649441,59.915524,18.094973,1.2758605,0,1,0,0,0,2.3390694,1.3328762,1.0061932,,,,,,,,,,,,,,,,,,,,,,,NOT_AVAILABLE,350.9342489810541,-16.095846618086565,276.9990292931541,-21.09472081282742,False,False,0,False,False,False,False,False,False,False,False,2.142252e-13,5.1767076e-13,0.99998933,,,,,,,,,,,,,,,,,,,,,,,0.024280074178953264,IN,2
197,1636148068921376768,Gaia DR3 6709877941679078784,6709877941679078784,1554044656,2016.0,279.1216112903088,0.20220318,-44.3233784930038,0.19338521,0.1610417993227156,0.23654144,0.68081856,3.8704374,-3.456397617739133,0.22056153,-1.7417234696802377,0.19002452,0.3612838,-0.09460976,-0.36177117,-0.13507968,-0.2915261,-0.07528135,-0.60715514,-0.11501535,0.20998566,0.38479388,390,0,387,3,0.76149285,421.77844,0.31641898,0.34522194,31,False,1.5258783,,,,,,,,45,16,0.35679775,45,30,0,0.08573252,178.92822,0,0,1.0267955,0.4316377,0.4179238,0.14633353,0.7748342,177.96933,-28.997585,17.547562,-43.00477,False,385,429.31088923689236,0.910241,471.6453,19.105436,40,220.3645684891094,6.79294,32.440235,19.480688,37,266.76918706213223,5.433638,49.09587,18.682556,1.1346877,0,1,0,0,0,0.79813194,0.37525177,0.42288017,,,,,,,,,,,,,,,,,,,,,,,NOT_AVAILABLE,350.9176533834813,-16.08667715665066,276.9826428891583,-21.10494915897044,False,False,0,False,False,False,False,False,False,False,False,2.3734668e-09,5.170564e-13,0.9999902,,,,,,,,,,,,,,,,,,,,,,,0.016292559023445286,IN,2
269,1636148068921376768,Gaia DR3 6709878731955090560,6709878731955090560,1105364792,2016.0,279.13693800649554,0.20357914,-44.30228853433478,0.19786355,0.4425977364917497,0.25544876,1.7326283,5.130181,-2.6679544809462175,0.24677925,-4.381868623970396,0.2061228,0.2538068,-0.010058756,-0.32505205,-0.023363626,-0.36762366,0.03959846,-0.5815115,-0.21159282,0.25518563,0.37834468,369,0,367,2,-0.5734568,363.1791,0.0,0.0,31,False,1.5527158,,,,,,,,43,16,0.382202,43,28,0,0.04719721,0.61635727,0,0,0.9778494,0.42871237,0.4003071,0.13122311,0.77376086,-179.58499,-27.19038,17.131266,-42.642467,False,355,427.33240108813976,0.9451262,452.14322,19.110453,39,207.18582595152134,7.7111964,26.868181,19.547642,39,258.0537038201727,5.5511003,46.486946,18.71862,1.0887064,0,1,0,1,0,0.82902145,0.4371891,0.39183235,,,,,,,,,,,,,,,,,,,,,,,NOT_AVAILABLE,350.94229760930983,-16.088764422814386,276.99589961675053,-21.08464936602964,False,False,0,False,False,False,False,False,False,False,False,2.0591744e-09,6.355335e-13,0.9999806,,,,,,,,,,,,,,,,,,,,,,,0.022095456813000833,IN,2
55,1636148068921376768,Gaia DR3 6709878663233594112,6709878663233594112,1414790190,2016.0,279.08879283040716,0.1969434,-44.31783799363084,0.18926902,-0.07482520739760547,0.23210302,-0.3223793,9.5216,-5.60128955158138,0.22298716,-7.699766935827206,0.19201751,0.33418253,-0.075593255,-0.37346488,-0.12894039,-0.27418208,-0.08656674,-0.610301,-0.112368464,0.19791053,0.40234038,398,0,398,0,-0.3358923,401.6004,0.0,0.0,31,False,1.5401548,,,,,,,,46,16,0.3608677,46,30,0,0.068255186,178.52225,0,0,0.9871984,0.44082332,0.38965124,0.14355864,0.7797573,179.31395,-27.923832,15.577062,-43.13976,False,396,421.2863260962072,0.93681216,449.70203,19.125923,37,224.480461593131,6.489964,34.58886,19.460596,39,276.3657692279477,8.851478,31.222557,18.644184,1.1888499,0,1,0,0,0,0.816412,0.33467293,0.48173904,,,,,,,,,,,,,,,,,,,,,,,NOT_AVAILABLE,350.9136511977075,-16.062861124153788,276.9579336513913,-21.097837070093068,False,False,0,False,False,False,False,False,False,False,False,2.5003701e-09,3.3252975e-10,0.99996215,,,,,,,,,,,,,,,,,,,,,,,0.015784524304185445,IN,2
198,1636148068921376768,Gaia DR3 6709877872970174208,6709877872970174208,1119546006,2016.0,279.1222573557135,0.21415077,-44.32985575020103,0.21251683,0.28102761741982035,0.2754144,1.020381,4.3718204,-1.0414962934317484,0.24623568,-4.245950776166389,0.20668906,0.19265613,0.022461466,-0.41239032,-0.023050308,-0.40951896,0.07897133,-0.63588697,-0.25964057,0.28177926,0.2404143,380,0,379,1,0.82630444,415.6877,0.3445478,0.36297223,31,False,1.5377741,,,,,,,,44,16,0.37220395,44,29,0,0.050618865,172.39912,0,0,1.0294642,0.4284632,0.36664787,0.11515112,0.7784709,-177.04424,-26.264427,13.378688,-43.21302,False,370,406.3656251465408,0.90107715,450.97763,19.165075,41,222.21906973787557,5.383916,41.274616,19.471588,38,261.234465578355,5.7380476,45.52672,18.705318,1.1897008,0,1,0,0,0,0.7662697,0.30651283,0.45975685,,,,,,,,,,,,,,,,,,,,,,,NOT_AVAILABLE,350.91160606592615,-16.08957659477591,276.9826678320796,-21.111442842419972,False,False,0,False,False,False,False,False,False,False,False,2.6440719e-09,5.1441013e-13,0.99995863,,,,,,,,,,,,,,,,,,,,,,,0.022060001854247162,IN,2
206,1636148068921376768,Gaia DR3 6709877877255287168,6709877877255287168,71582965,2016.0,279.1236056658947,0.2249575,-44.329145048231666,0.22320396,0.17949031266143772,0.2889392,0.6212044,7.1464615,-0.6975963987664298,0.25860175,-7.112332358610601,0.21827036,0.19482638,0.03142277,-0.4163651,-0.03851654,-0.40650004,0.058510754,-0.6340708,-0.25904915,0.2858945,0.24668805,372,0,370,2,1.6439515,431.4177,0.5459252,0.9254424,31,False,1.5605408,,,,,,,,43,16,0.39305842,43,28,0,0.09321586,176.61865,1,0,1.0605268,0.41543728,0.35854015,0.0992319,0.7824538,-174.48294,-26.530375,9.903254,-43.51757,False,367,389.75297897410496,0.8970467,434.48462,19.210394,23,229.93619261522971,5.020099,45.803116,19.434525,24,251.16515257321444,8.204273,30.613943,18.747997,1.234375,0,0,0,0,0,0.68652725,0.22413063,0.46239662,,,,,,,,,,,,,,,,,,,,,,,NOT_AVAILABLE,350.9126728656965,-16.09019683013797,276.9837508526315,-21.110798972276662,False,False,0,False,False,False,False,False,False,False,False,1.13128795e-08,5.187096e-13,0.99998176,,,,,,,,,,,,,,,,,,,,,,,0.021902110706222663,IN,2
278,1636148068921376768,Gaia DR3 6709878800672599168,6709878800672599168,1131347189,2016.0,279.13907182564645,0.21668208,-44.29218465047657,0.20925362,0.14250753343577222,0.25855315,0.5511731,8.531738,-5.8306923312282795,0.25193658,-6.228449310536497,0.2097328,0.21630627,0.0072233435,-0.42065015,-0.05525366,-0.36474872,0.032737322,-0.63094836,-0.21161586,0.26227453,0.23015015,386,0,384,2,-0.32535043,386.45392,0.0,2.064646e-15,31,False,1.493243,,,,,,,,44,18,0.38060382,44,28,0,0.041011397,6.247862,0,0,0.98733014,0.4183557,0.3732752,0.11598432,0.77796733,-177.277,-26.689978,11.312495,-43.205883,False,365,389.2873356918764,0.92355126,421.51135,19.21169,37,179.8902327081399,6.7720447,26.563652,19.701023,34,303.825768623107,5.734941,52.978012,18.541334,1.242568,0,0,0,1,0,1.159689,0.4893322,0.67035675,,,,,,,,,,,,,,,,,,,,,,,NOT_AVAILABLE,350.95262395835834,-16.086319929660814,276.99826574320605,-21.07467206310479,False,False,0,False,False,False,False,False,False,False,False,4.4723353e-11,5.1207275e-13,0.9999945,,,,,,,,,,,,,,,,,,,,,,,0.02857392804429998,IN,2
51,1636148068921376768,Gaia DR3 6709878938118984448,6709878938118984448,979054492,2016.0,279.0875858300689,0.22813529,-44.28819228351052,0.22257262,0.6342633029785171,0.26239723,2.4171875,8.796568,4.6648800316576695,0.2689424,-7.457781713983989,0.23560172,0.32009494,-0.07063696,-0.3449234,-0.083636805,-0.17301808,-0.0738475,-0.60017675,-0.054741282,0.15543357,0.44152933,349,0,349,0,-0.23507369,353.6046,0.0,0.0,31,False,1.2940156,,,,,,,,40,16,0.43791395,40,27,0,0.036653396,177.56479,0,0,0.99008536,0.43004268,0.45632428,0.2370574,0.801564,171.30516,-31.938795,20.494463,-42.10654,False,340,388.19278195089043,0.9373904,414.12073,19.214748,34,86.25632855266903,6.6347156,13.000757,20.499065,30,449.6119869738853,9.244306,48.636642,18.1158,1.3804181,0,0,0,0,0,2.3832645,1.284317,1.0989475,,,,,,,,,,,,,,,,,,,,,,,NOT_AVAILABLE,350.9418158499092,-16.05073463439699,276.95914949837595,-21.068200483280688,False,False,0,False,False,False,False,False,False,False,False,1.0980832e-13,5.136676e-13,0.9999394,,,,,,,,,,,,,,,,,,,,,,,0.02650741151566096,IN,2
78,1636148068921376768,Gaia DR3 6709878873687757312,6709878873687757312,961932790,2016.0,279.09499510328675,0.22487578,-44.29181678778427,0.21573414,0.5927078569116948,0.26153842,2.2662363,5.200988,-5.04950553633032,0.25735748,-1.2461011510455817,0.22335078,0.27332756,-0.044119053,-0.36897534,-0.063569255,-0.24425133,-0.023252675,-0.6057395,-0.07663986,0.20673476,0.36591858,358,0,357,1,0.24284667,377.86423,0.0,0.0,95,False,,1.3619306,0.047990896,0.10397887,0.034591846,0.045514405,-0.06261702,-0.12601684,41,16,0.40852538,41,27,0,0.027570277,0.23378928,0,0,1.0082272,0.43198982,0.4392654,0.19779348,0.7753586,174.0096,-30.129105,20.96061,-42.357895,False,356,386.58620612008013,0.9045476,427.38074,19.219252,36,144.29683345005654,6.713032,21.495031,19.940401,36,377.28504326935314,9.263072,40.730015,18.306221,1.3491994,0,0,0,1,0,1.6341801,0.72114944,0.9130306,,,,,,,,,,,,,,,,,,,,,,,NOT_AVAILABLE,350.9404395375252,-16.057020851599557,276.96455864121606,-21.07217398684894,False,False,0,False,False,False,False,False,False,False,False,6.214595e-11,3.7560235e-10,0.9999793,,,,,,,,,,,,,,,,,,,,,,,0.020689540848021895,IN,2
287,1636148068921376768,Gaia DR3 6709878731953114624,6709878731953114624,192822367,2016.0,279.1429269153527,0.22122736,-44.296135035233924,0.21346158,0.2390328006873631,0.268901,0.88892496,0.56535864,-0.29439098096892097,0.26245534,0.48266376674118744,0.22233006,0.20065449,0.030962406,-0.3783249,-0.01264136,-0.37679565,0.06656378,-0.601216,-0.19723025,0.27928197,0.2815276,366,0,365,1,-0.40373722,362.1802,0.0,0.0,95,False,,1.4285007,0.047944136,0.09532641,0.073147565,0.02423167,-0.027204268,-0.15629476,42,17,0.398366,42,27,0,0.040044878,2.359697,0,0,0.9840469,0.40424925,0.38057938,0.10502721,0.7727463,-176.5206,-26.756716,13.557045,-42.907204,False,364,386.14900179707377,0.9299715,415.22668,19.22048,35,141.70015800176955,7.089926,19.986128,19.960115,35,311.0665225468813,5.9573264,52.215794,18.515762,1.172518,0,1,0,2,0,1.4443531,0.73963547,0.70471764,,,,,,,,,,,,,,,,,,,,,,,NOT_AVAILABLE,350.94991969604695,-16.090378012338274,277.00092940850516,-21.078800250084473,False,False,0,False,False,False,False,False,False,False,False,4.419455e-11,5.114283e-13,0.99999815,,,,,,,,,,,,,,,,,,,,,,,0.02862034125703467,IN,2
189,1636148068921376768,Gaia DR3 6709878770608522112,6709878770608522112,1472148889,2016.0,279.1200033180376,0.22595733,-44.29078926331114,0.21488094,0.2709478553519492,0.28301135,0.9573745,6.550158,-5.701728838498445,0.28825256,-3.2241057148550025,0.24886072,0.25971815,0.06859672,-0.22840226,0.06862166,-0.32623065,0.041464344,-0.5078534,-0.071139514,0.34254426,0.4873053,384,0,384,0,-0.08550673,395.93573,0.0,4.129292e-15,31,False,1.626557,,,,,,,,44,16,0.46119094,44,29,0,0.06979717,177.41362,0,0,0.9960174,0.42653543,0.39738163,0.13423207,0.78054535,-179.31912,-27.869864,18.110865,-42.76097,False,361,378.50296403924887,0.88906074,425.73352,19.242193,24,211.84584531469406,6.389812,33.15369,19.523493,22,236.56216233098996,7.094126,33.346203,18.813032,1.1846882,0,1,0,1,0,0.71046066,0.2812996,0.42916107,,,,,,,,,,,,,,,,,,,,,,,NOT_AVAILABLE,350.9485433496812,-16.073171811278073,276.9837729291054,-21.07235667087586,False,False,0,False,False,False,False,False,False,False,False,6.376431e-08,2.1261842e-08,0.9997148,,,,,,,,,,,,,,,,,,,,,,,0.021230420713498857,IN,2
21,1636148068921376768,Gaia DR3 6709878835032312320,6709878835032312320,1373417709,2016.0,279.07816620582,0.24500081,-44.30198463918871,0.24132238,0.2617218549159466,0.30266702,0.86471874,9.471825,-5.867071400918473,0.2916641,-7.435921962540102,0.25257877,0.2533075,0.08663257,-0.38467962,-0.038706638,-0.33839583,-0.008184246,-0.62347966,-0.19470568,0.28988472,0.3831601,357,0,353,4,1.8588668,418.6888,0.62244207,1.0072851,31,False,1.5457755,,,,,,,,41,16,0.46309218,41,28,0,0.09494718,1.9339371,1,0,1.0703013,0.40651092,0.48530847,0.21984912,0.80483425,173.46721,-32.000206,23.076784,-41.459366,False,349,372.5116221646668,0.9090907,409.76288,19.259518,36,212.9905587143933,5.503109,38.70368,19.517641,38,235.34909330003566,6.0248876,39.06282,18.818615,1.2035588,0,2,0,0,0,0.6990261,0.2581234,0.4409027,,,,,,,,,,,,,,,,,,,,,,,NOT_AVAILABLE,350.9258722809274,-16.04977594862382,276.95094575967676,-21.081507857255176,False,False,0,False,False,False,False,False,False,False,False,3.7561287e-09,5.313787e-13,0.9999807,,,,,,,,,,,,,,,,,,,,,,,0.02298160247412197,IN,2
200,1636148068921376768,Gaia DR3 6709878697593351168,6709878697593351168,1400317037,2016.0,279.12234705971,0.22874485,-44.30659971975229,0.22232614,0.7790379821109108,0.28348634,2.748062,12.255871,-6.120601189670741,0.2586447,-10.618127030363773,0.21808715,0.2138031,0.035074633,-0.44249,-0.053891182,-0.3668852,0.026896752,-0.6541442,-0.2431072,0.27277756,0.2704762,390,0,388,2,0.30813244,409.43118,0.0,0.0,31,False,1.5041616,,,,,,,,45,16,0.39906743,45,30,0,0.017089032,155.22853,0,0,1.0102805,0.43781385,0.3794534,0.12489603,0.77677464,-178.42462,-26.153158,15.198506,-42.868896,False,386,370.184020239889,0.89827317,412.1063,19.266323,41,197.8771373808837,6.445037,30.702251,19.597553,38,244.26287506912283,6.129035,39.853397,18.778252,1.194379,0,0,0,0,0,0.8193016,0.33123016,0.48807144,,,,,,,,,,,,,,,,,,,,,,,NOT_AVAILABLE,350.93400245339757,-16.080758752131487,276.98442146974895,-21.088244343213987,False,False,0,False,False,False,False,False,False,False,False,3.3276517e-09,7.2665604e-13,0.99998075,,,,,,,,,,,,,,,,,,,,,,,0.010804761343913661,IN,2
6,1636148068921376768,Gaia DR3 6709878835032301952,6709878835032301952,870446788,2016.0,279.07490198750565,0.22702266,-44.30948071140969,0.2199945,0.09864673168654213,0.2603653,0.37887818,9.66132,0.8143346628664083,0.26999712,-9.626939645598508,0.23429185,0.37823364,-0.020659272,-0.3393812,-0.13417363,-0.2126948,-0.12622125,-0.59273404,-0.0901628,0.18581492,0.49515197,362,0,359,3,0.50830436,383.49707,0.0,0.0,31,False,1.4553413,,,,,,,,42,16,0.44674206,42,28,0,0.069041386,179.35974,0,0,1.0182165,0.4014387,0.48027992,0.21630278,0.8023279,172.25748,-32.42829,21.608675,-41.852654,False,357,368.24336920097414,0.85413724,431.12903,19.27203,39,179.35999092823033,5.9664316,30.061518,19.704227,38,256.09107036926616,6.711391,38.157673,18.72691,1.182509,0,1,0,1,0,0.9773178,0.43219757,0.54512024,,,,,,,,,,,,,,,,,,,,,,,NOT_AVAILABLE,350.9177353572419,-16.05048256196181,276.94790754163586,-21.088829856331877,False,False,0,False,False,False,False,False,False,False,False,3.388241e-10,5.188864e-13,0.9999906,,,,,,,,,,,,,,,,,,,,,,,0.023792068054687865,IN,2
128,1636148068921376768,Gaia DR3 6709878972481807872,6709878972481807872,966550769,2016.0,279.1052276508644,0.22802848,-44.28761488742722,0.2197217,0.15784603927376462,0.28669697,0.5505675,6.3476653,-2.9979296973443095,0.2681658,-5.59511163768912,0.22862796,0.25762892,0.01060216,-0.35239604,-0.04265346,-0.33434293,0.0010103463,-0.6052145,-0.18428943,0.27992502,0.36536765,365,0,362,3,-0.022937784,372.67804,0.0,0.0,31,False,1.5091096,,,,,,,,42,16,0.4199766,42,27,0,0.07222963,174.06715,0,0,0.9982084,0.43566653,0.42204818,0.16672736,0.77753234,176.32825,-27.848488,19.13787,-42.196827,False,357,366.26720204054817,0.84554416,433.17337,19.277872,40,168.28501848667713,7.2293997,23.277868,19.773428,35,234.18200870091022,5.9816604,39.15,18.82401,1.0988345,0,0,0,1,0,0.9494171,0.49555588,0.45386124,,,,,,,,,,,,,,,,,,,,,,,NOT_AVAILABLE,350.94739245903565,-16.062184459454883,276.97269383079544,-21.06847547634197,False,False,0,False,False,False,False,False,False,False,False,8.0194634e-10,5.8528833e-13,0.99999344,,,,,,,,,,,,,,,,,,,,,,,0.02272657633480059,IN,2
221,1636148068921376768,Gaia DR3 6709878697593339520,6709878697593339520,428473302,2016.0,279.1267812758394,0.23032777,-44.313225682758244,0.2210706,0.1671207138345045,0.2729709,0.612229,4.74873,-1.785226988488678,0.25830427,-4.400386623798202,0.22245336,0.30882448,-0.116160095,-0.3734184,-0.10429243,-0.28852713,-0.052489564,-0.6105677,-0.09989716,0.20873989,0.36863577,395,0,393,2,1.5090524,453.3834,0.6368353,1.1810646,31,False,1.5745741,,,,,,,,46,16,0.41294402,46,30,0,0.08621325,179.7412,0,0,1.0537837,0.45238203,0.3867714,0.15599413,0.7797329,178.33008,-27.855234,16.163286,-43.17764,False,391,365.67007215248907,0.844514,432.9947,19.279644,43,190.78624006978393,5.5304985,34.497116,19.637175,41,237.9531069724045,8.223973,28.93408,18.806667,1.1724759,0,0,0,0,0,0.8305073,0.3575306,0.47297668,,,,,,,,,,,,,,,,,,,,,,,NOT_AVAILABLE,350.92888933159486,-16.0862207896852,276.9873343789723,-21.095069670249835,False,False,0,False,False,False,False,False,False,False,False,2.118556e-09,5.164911e-13,0.99994266,,,,,,,,,,,,,,,,,,,,,,,0.013671843053787524,IN,2
4,1636148068921376768,Gaia DR3 6709878835032302080,6709878835032302080,170102257,2016.0,279.07446735306183,0.24798262,-44.30798087514403,0.2568015,-0.23992870381972667,0.26781258,-0.8958829,7.310251,-5.088584034415856,0.2912537,-5.248436485430716,0.27126786,0.49585485,0.03224054,-0.44753388,-0.30609128,-0.09815278,-0.29886755,-0.7000588,-0.1438489,0.072505124,0.5781412,348,0,347,1,-0.20105867,347.95932,0.0,0.0,95,False,,1.5114493,0.049959492,0.11430432,0.13860908,0.07914726,-0.09417691,-0.19852915,40,15,0.52845967,41,27,0,0.072913446,176.96725,0,0,0.9913361,0.38461834,0.49453214,0.23784047,0.82529104,171.09558,-33.803574,21.35962,-41.57755,False,346,364.6322792292499,0.8987675,405.70258,19.282728,40,155.43418302855977,5.7325387,27.114372,19.859676,37,280.8887133796299,6.398653,43.8981,18.62656,1.1966107,0,1,0,2,0,1.2331161,0.57694817,0.656168,,,,,,,,,,,,,,,,,,,,,,,NOT_AVAILABLE,350.9190538178129,-16.049621875738588,276.94768304328704,-21.08731250126226,False,False,0,False,False,False,False,False,False,False,False,2.7727234e-10,1.2149788e-10,0.9999972,,,,,,,,,,,,,,,,,,,,,,,0.02419733545186262,IN,2
99,1636148068921376768,Gaia DR3 6709878873687752576,6709878873687752576,1661081698,2016.0,279.0985250724794,0.26043162,-44.293607300242535,0.25018024,0.6804914872449507,0.31241778,2.178146,8.484557,-8.426735468491424,0.30078414,-0.988854288616047,0.25795978,0.26577052,-0.054576196,-0.3606828,-0.0441397,-0.26865113,-0.013768734,-0.58479875,-0.073765814,0.18845658,0.35941306,355,0,347,8,1.5155127,402.32065,1.036984,2.8842828,31,False,1.5648072,,,,,,,,41,16,0.4726037,41,27,0,0.09518558,172.98555,0,0,1.05751,0.4236371,0.41850275,0.17878783,0.77922004,175.91452,-29.893805,19.87846,-42.744812,False,347,359.2688357586092,0.89175355,402.87906,19.298819,33,204.45705305734754,9.781278,20.902899,19.562037,33,220.44285033872023,7.0131803,31.432652,18.889656,1.1826795,0,0,0,0,0,0.67238045,0.26321793,0.40916252,,,,,,,,,,,,,,,,,,,,,,,NOT_AVAILABLE,350.93972227948717,-16.060039955407326,276.9671309377794,-21.0741307189743,False,False,0,False,False,False,False,False,False,False,False,3.184834e-07,6.492279e-13,0.99992734,,,,,,,,,,,,,,,,,,,,,,,0.01800382098065482,IN,2
66,1636148068921376768,Gaia DR3 6709878594514105600,6709878594514105600,875926261,2016.0,279.09169940559525,0.22835378,-44.324927971048865,0.21937193,-0.2895168859202755,0.26743403,-1.0825732,10.69844,-2.486298233944132,0.2561133,-10.405524345744526,0.22009243,0.31559116,-0.06197029,-0.385438,-0.12033315,-0.27319568,-0.07420518,-0.6196499,-0.12973627,0.19213435,0.37541464,385,0,383,2,-0.060176603,394.82794,0.0,0.0,31,False,1.5490538,,,,,,,,45,16,0.41159305,45,29,0,0.052079856,0.90330863,0,0,0.99693114,0.42469066,0.3912404,0.14042032,0.78341997,179.74005,-28.391321,15.086775,-43.095993,False,379,351.23810599388247,0.91511536,383.8184,19.323362,37,185.65926026471504,5.804389,31.986013,19.66675,37,256.36299007349487,6.239836,41.084892,18.725758,1.258469,0,0,0,0,0,0.94099236,0.3433876,0.59760475,,,,,,,,,,,,,,,,,,,,,,,NOT_AVAILABLE,350.9076593722892,-16.067491385170193,276.95964558568755,-21.105051019510796,False,False,0,False,False,False,False,False,False,False,False,2.5388391e-09,3.907414e-10,0.9999889,,,,,,,,,,,,,,,,,,,,,,,0.018810065449070556,IN,2
271,1636148068921376768,Gaia DR3 6709878800672605696,6709878800672605696,959844336,2016.0,279.13740037684465,0.25160053,-44.28917412039025,0.23966798,0.10907418837356837,0.2817801,0.38708976,4.3834767,-1.7017218315120715,0.30030084,-4.039679708937162,0.24981146,0.31324145,0.04443804,-0.45399752,-0.13249128,-0.27485725,-0.07107906,-0.640223,-0.21149778,0.19272596,0.3806155,367,0,365,2,-1.9614956,324.5739,0.0,0.0,31,False,1.5244194,,,,,,,,43,18,0.4782675,43,27,0,0.012143571,17.993465,0,0,0.9268944,0.40407217,0.42347273,0.13798632,0.7775719,178.39647,-29.045528,18.185642,-42.79643,False,363,344.8472969008002,0.8516754,404.9046,19.3433,38,181.1233401037847,9.360917,19.348888,19.693605,37,227.60680353222344,7.8751326,28.901964,18.854933,1.1852497,0,0,0,1,0,0.83867264,0.35030556,0.48836708,,,,,,,,,,,,,,,,,,,,,,,NOT_AVAILABLE,350.95504470594193,-16.084065029486865,276.9972049272907,-21.071587439888877,False,False,0,False,False,False,False,False,False,False,False,1.6495396e-09,5.1901474e-13,0.99995875,,,,,,,,,,,,,,,,,,,,,,,0.029711319181159115,IN,2
273,1636148068921376768,Gaia DR3 6709877980334499328,6709877980334499328,316585781,2016.0,279.1379558123067,0.23007073,-44.31990170167496,0.22089146,-0.137014602712062,0.27189833,-0.5039185,4.4768243,-2.550401510190558,0.2597387,-3.679321873728473,0.22276488,0.3403692,-0.09476477,-0.3549816,-0.119462594,-0.2685514,-0.06999899,-0.60122186,-0.12177925,0.1850659,0.3985561,398,0,395,3,0.13928564,413.87503,0.0,0.0,31,False,1.5647734,,,,,,,,46,16,0.41776723,46,30,0,0.09491835,176.45549,0,0,1.0041354,0.43715808,0.39359742,0.14076422,0.77896947,179.77249,-28.176403,14.697984,-43.17334,False,394,339.32182218286516,0.8499338,399.23325,19.360838,42,201.77363810802296,7.894741,25.55798,19.576382,45,241.43352421737532,8.613426,28.029905,18.790901,1.3061558,0,18,0,20,0,0.7854805,0.21554375,0.56993675,,,,,,,,,,,,,,,,,,,,,,,NOT_AVAILABLE,350.9256425226999,-16.096158685096412,276.9954002861197,-21.10227142734688,False,False,0,False,False,False,False,False,False,False,False,2.9999363e-08,3.2707994e-09,0.99998915,,,,,,,,,,,,,,,,,,,,,,,0.023420894887940486,IN,2
226,1636148068921376768,Gaia DR3 6709878800683116160,6709878800683116160,1781657158,2016.0,279.1276977293671,0.24751985,-44.28896838778666,0.23944022,0.40147971866549387,0.2962492,1.3552095,7.6277156,0.14414697699109746,0.28541175,-7.6263532204806825,0.24217054,0.21027574,0.03489833,-0.43597835,-0.023771856,-0.33073032,0.036586635,-0.64601415,-0.18359992,0.26846293,0.27762604,383,0,382,1,-1.4366075,355.31866,0.0,0.0,31,False,1.5314002,,,,,,,,44,17,0.4388886,44,29,0,0.05159882,177.45415,0,0,0.94727224,0.43566436,0.40417963,0.14670172,0.77245426,178.85944,-27.29427,17.683916,-42.567802,False,381,332.47582184210586,0.852184,390.14557,19.382967,32,178.25853695880343,6.0272465,29.57545,19.710917,31,208.36065409806542,6.703069,31.084366,18.950857,1.1628491,0,0,0,0,0,0.76005936,0.32794952,0.43210983,,,,,,,,,,,,,,,,,,,,,,,NOT_AVAILABLE,350.95248331498436,-16.07756705679956,276.9897938038014,-21.070912259844388,False,False,0,False,False,False,False,False,False,False,False,1.23904815e-08,5.2633164e-13,0.99994445,,,,,,,,,,,,,,,,,,,,,,,0.02547141283192212,IN,3
229,1636148068921376768,Gaia DR3 6709878800672590080,6709878800672590080,79378702,2016.0,279.1283017258588,0.2445058,-44.29671204661605,0.23678477,-0.038481717419103396,0.298602,-0.12887293,6.9306707,-4.399575606169037,0.27629808,-5.3551779841205995,0.23521876,0.2697002,0.01610804,-0.413088,-0.08360542,-0.3199853,-0.017977025,-0.6395369,-0.21070126,0.24583694,0.32344556,381,0,380,1,-1.234985,358.35608,0.0,0.0,31,False,1.516729,,,,,,,,44,16,0.4344912,44,29,0,0.066947244,179.94771,0,0,0.9543701,0.42675588,0.38300648,0.115758955,0.77441573,-177.89793,-26.543716,15.929201,-42.926056,False,376,331.4784978296159,0.8275017,400.57742,19.386229,37,167.2946429468627,6.0886097,27.476658,19.779837,38,225.3472882213731,7.4993753,30.048807,18.865765,1.184517,0,2,0,2,0,0.91407204,0.3936081,0.52046394,,,,,,,,,,,,,,,,,,,,,,,NOT_AVAILABLE,350.9452065488489,-16.080922910970646,276.98969484182373,-21.078667427988155,False,False,0,False,False,False,False,False,False,False,False,2.4211035e-09,5.1382043e-13,0.9999891,,,,,,,,,,,,,,,,,,,,,,,0.019786042191021005,IN,3
181,1636148068921376768,Gaia DR3 6709878701889027968,6709878701889027968,724917596,2016.0,279.1185471180762,0.2509696,-44.311696230398255,0.23744665,1.301515065158137,0.2857505,4.554725,7.0378375,4.103862664997769,0.27614403,-5.717470335486439,0.23911482,0.29068443,-0.10309049,-0.39186624,-0.104410075,-0.21095693,-0.05358105,-0.61888623,-0.083246246,0.13535844,0.34131077,371,0,369,2,-0.0040617944,392.26993,0.0,0.0,95,False,,1.2737578,0.05328087,0.11822929,0.03576097,0.058531236,-0.06375883,-0.13412504,43,16,0.44028515,44,29,0,0.0398124,178.20596,0,0,0.99893117,0.45231542,0.39519712,0.1582283,0.7669097,176.83275,-27.63421,17.648281,-43.240395,False,368,329.38762852052355,0.8795446,374.49792,19.393099,34,73.17476024183108,4.3428826,16.849352,20.677639,36,376.3863971464785,6.6046147,56.988396,18.308811,1.3648392,0,0,0,0,0,2.3688278,1.2845402,1.0842876,,,,,,,,,,,,,,,,,,,,,,,NOT_AVAILABLE,350.92801978818403,-16.080191249835806,276.9811445909994,-21.09314544463845,False,False,0,False,False,False,False,False,False,False,False,1.2576257e-13,5.139948e-13,0.9999564,,,,,,,,,,,,,,,,,,,,,,,0.0075911582324720535,IN,3
258,1636148068921376768,Gaia DR3 6709877911615016192,6709877911615016192,82929193,2016.0,279.1350447777555,0.4792648,-44.33203121023327,0.39352155,1.0641691523896581,0.52103615,2.0424097,5.4432383,-2.93416310617919,0.65109867,-4.584705981601992,0.5167463,0.5729825,-0.29370463,0.23225452,0.2654213,-0.37428495,0.22349961,-0.13834299,0.15148929,0.33474958,0.781463,285,0,281,4,2.613761,352.6901,1.3030746,2.84076,95,False,,1.5567663,0.07933523,0.05825232,-0.15016027,0.18848541,0.13267654,0.1635398,33,11,1.1006687,33,24,2,0.21393576,172.25276,8,0,1.1122403,0.5838543,0.67691445,0.4301701,0.8046091,158.27092,-33.44341,21.432707,-39.001186,False,272,326.2998460469396,1.2538717,260.23383,19.403324,19,626.3997295513832,44.50331,14.075351,18.346413,16,479.10293818111865,19.8885,24.089445,18.046824,3.3879962,1,2,0,1,0,0.29958916,-1.0569115,1.3565006,,,,,,,,,,,,,,,,,,,,,,,NOT_AVAILABLE,350.9131460583475,-16.098861617808154,276.99229284990054,-21.114232109215358,True,True,0,False,False,False,False,False,False,False,False,0.002237738,0.99651396,2.8682673e-06,,,,,,,,,,,,,,,,,,,,,,,0.029073568787417143,IN,3
160,1636148068921376768,Gaia DR3 6709878701892344576,6709878701892344576,1772817676,2016.0,279.11366053442714,0.25958034,-44.31437372192858,0.24091445,0.2875118099791558,0.29359815,0.97926986,6.8338623,-6.818425253283708,0.35218415,-0.4590761528967988,0.2908882,0.34708813,-0.06798077,-0.144183,0.051737316,-0.25199616,0.03081202,-0.42359176,-0.030159071,0.20983963,0.5911379,376,0,375,1,0.41646057,401.63425,0.0,0.0,31,False,1.5994384,,,,,,,,44,15,0.5688232,44,29,0,0.050561137,169.07353,2,0,1.014443,0.45737332,0.41426915,0.183456,0.7791122,175.18474,-28.144844,16.400047,-42.536987,False,357,313.54898645661973,0.8288627,378.2882,19.446604,31,164.02513597533468,7.3680906,22.261553,19.801266,30,232.7523630748685,16.082651,14.472263,18.83066,1.2654402,0,3,0,1,0,0.97060585,0.35466194,0.6159439,,,,,,,,,,,,,,,,,,,,,,,NOT_AVAILABLE,350.9240550645164,-16.077981873861095,276.9772116497759,-21.095580635827563,False,False,0,False,False,False,False,False,False,False,False,4.8203512e-09,5.1522414e-10,0.9999762,,,,,,,,,,,,,,,,,,,,,,,0.005716334676570997,IN,3
18,1636148068921376768,Gaia DR3 6709878628873854336,6709878628873854336,1335117329,2016.0,279.07727100826116,0.25535446,-44.31952313627983,0.24520616,0.04276098371345379,0.30356628,0.1408621,0.9860747,0.4846278300657859,0.29617453,0.8587660373675253,0.25557905,0.3500461,-0.065877184,-0.33436257,-0.111347735,-0.2702204,-0.088092715,-0.5719002,-0.0650206,0.18518688,0.4423907,372,0,370,2,-1.0353223,352.516,0.0,0.0,31,False,1.4106854,,,,,,,,43,16,0.48069292,43,27,0,0.055266757,175.86208,0,0,0.9610254,0.4157987,0.4180296,0.1529468,0.7814155,177.23053,-29.626396,17.50293,-42.981323,False,367,309.9115957885997,0.8260939,375.15298,19.459272,38,115.95010643486,6.6867623,17.340246,20.177864,39,264.9785194477242,5.4402084,48.70742,18.689869,1.2291526,0,1,0,3,0,1.4879951,0.7185917,0.76940346,,,,,,,,,,,,,,,,,,,,,,,NOT_AVAILABLE,350.9087529031816,-16.055887089093677,276.94899633669985,-21.098963544800743,False,False,0,False,False,False,False,False,False,False,False,7.7827234e-10,1.5938956e-10,0.9999944,,,,,,,,,,,,,,,,,,,,,,,0.02395219121682378,IN,3
13,1636148068921376768,Gaia DR3 6709878903751816832,6709878903751816832,203435358,2016.0,279.07636054563864,0.29748756,-44.29029625797282,0.2790784,-0.047805338446492235,0.3238272,-0.14762607,7.9885793,-0.08760361857347354,0.33172908,-7.988098928868711,0.28460097,0.44408637,0.01785527,-0.36603224,-0.17452149,-0.15895602,-0.1563612,-0.58935744,-0.102123395,0.1663882,0.49844658,356,8,354,2,1.8639109,421.4024,0.93980145,1.7434665,31,False,1.569632,,,,,,,,41,16,0.5543045,41,27,0,0.054392755,176.34164,0,0,1.0703961,,,,,,,,,False,332,308.1330964939537,0.8382099,367.6085,19.46552,31,189.05785935376014,10.795114,17.51328,19.647055,34,235.78671339664905,7.8541427,30.020681,18.816597,1.3787696,0,29,0,32,0,0.8304577,0.18153381,0.6489239,,,,,,,,,,,,,,,,,,,,,,,NOT_AVAILABLE,350.9365968390317,-16.044113720498192,276.95040631741716,-21.069759021551096,False,False,0,False,False,False,False,False,False,False,False,8.980733e-09,2.9498195e-09,0.99996096,,,,,,,,,,,,,,,,,,,,,,,0.03025049686167536,IN,3
94,1636148068921376768,Gaia DR3 6709878873694925824,6709878873694925824,1670539799,2016.0,279.09797137305264,0.28819528,-44.294213900539525,0.3002406,0.769642508137701,0.3094121,2.487435,6.316676,-0.7942306149338796,0.33847055,-6.266545684376689,0.31252587,0.42641178,0.0055274107,-0.46364674,-0.25454843,-0.080199815,-0.25330782,-0.71336555,-0.1244425,0.051917266,0.519307,355,0,353,2,0.4567633,378.16028,0.5067236,0.49898878,31,False,1.5382429,,,,,,,,41,16,0.6007856,42,27,0,0.073460944,5.168252,0,0,1.0164002,0.4256971,0.4489877,0.217735,0.79210174,172.79475,-31.27293,20.570097,-42.163036,False,342,304.53723584546503,0.83441657,364.97028,19.478266,27,150.7007490711368,6.716911,22.43602,19.893253,26,181.50598956037953,5.9344068,30.585363,19.100668,1.0908575,0,0,0,0,0,0.7925854,0.41498756,0.3775978,,,,,,,,,,,,,,,,,,,,,,,NOT_AVAILABLE,350.9389813635745,-16.059905458693763,276.96666335483377,-21.07470922425649,False,False,0,False,False,False,False,False,False,False,False,7.3157573e-09,6.2622276e-13,0.9999821,,,,,,,,,,,,,,,,,,,,,,,0.017604709379929306,IN,3
261,1636148068921376768,Gaia DR3 6709877911622228352,6709877911622228352,426809567,2016.0,279.13574454383763,0.26080096,-44.32959438699323,0.24890332,-0.4527062376945309,0.3056382,-1.4811834,7.861052,-2.6223047613583663,0.291513,-7.410779656762441,0.24973112,0.3338224,-0.08279497,-0.36900547,-0.12727156,-0.24728617,-0.08413475,-0.6099422,-0.11401942,0.1787914,0.38823143,386,0,386,0,0.21170887,406.89932,0.36429217,0.2614124,31,False,1.564665,,,,,,,,45,16,0.46943015,45,29,0,0.098302,179.43643,1,0,1.0068022,0.42803463,0.38738924,0.13777389,0.7799923,-179.9295,-28.039055,14.938919,-43.085064,False,383,296.6311410631878,0.8315814,356.70728,19.506824,36,179.59401676399636,9.399221,19.107328,19.702812,37,203.40170830640022,7.700753,26.413223,18.977009,1.2911514,0,0,0,0,0,0.7258034,0.1959877,0.5298157,,,,,,,,,,,,,,,,,,,,,,,NOT_AVAILABLE,350.91568925810265,-16.09839458910435,276.9930050341154,-21.111834763526574,False,False,0,False,False,False,False,False,False,False,False,2.738915e-09,4.923727e-10,0.9999674,,,,,,,,,,,,,,,,,,,,,,,0.027651075396543753,IN,3
246,1636148068921376768,Gaia DR3 6709877976038828800,6709877976038828800,817867066,2016.0,279.1329564876567,0.26933357,-44.31624856206803,0.2637297,0.20827695792391487,0.33129746,0.6286706,6.6138186,-4.756227169504241,0.3023226,-4.595747866775971,0.2596604,0.29804435,-0.02651138,-0.40246132,-0.100291885,-0.35799307,-0.021794224,-0.63701856,-0.18316567,0.26836407,0.3365904,388,0,385,3,-0.83797514,374.2845,0.0,0.0,31,False,1.490452,,,,,,,,45,16,0.47964567,45,30,0,0.066234976,179.82486,0,0,0.96888983,0.43231076,0.40181822,0.12364883,0.77518386,-178.49022,-27.672932,16.762308,-42.83348,False,384,293.8746362270227,0.8568095,342.98715,19.516962,42,134.0887940683168,6.0787206,22.05872,20.020061,39,219.3831358809007,6.9976435,31.351002,18.894888,1.2027984,0,0,0,0,0,1.1251736,0.50309944,0.6220741,,,,,,,,,,,,,,,,,,,,,,,NOT_AVAILABLE,350.9277364288891,-16.091458475213685,276.99184020824276,-21.098384535866266,False,False,0,False,False,False,False,False,False,False,False,3.5298947e-10,5.129321e-13,0.9999987,,,,,,,,,,,,,,,,,,,,,,,0.01874827805243358,IN,3
167,1636148068921376768,Gaia DR3 6709878766312841472,6709878766312841472,655788582,2016.0,279.1153306728745,0.28711322,-44.30000323348134,0.29403856,0.04836843178583577,0.3334332,0.14506184,9.099258,2.6321778002464624,0.33463165,-8.710232561115589,0.29798767,0.36090317,0.078826286,-0.4969842,-0.22260869,-0.2310192,-0.17718706,-0.71382296,-0.24811141,0.15060748,0.43570215,381,0,377,4,-1.4658837,349.30338,0.0,0.0,31,False,1.4873136,,,,,,,,44,16,0.57026476,45,30,0,0.046060134,1.0804619,0,0,0.94586265,0.4128212,0.39678842,0.13886206,0.79446983,-178.70169,-28.539988,17.15082,-42.580112,False,367,286.9806814344529,0.773626,370.95532,19.542736,41,142.3008260481147,5.250463,27.10253,19.955524,40,183.57151566549413,5.582732,32.88202,19.088383,1.1355201,0,0,0,0,0,0.8671417,0.4127884,0.45435333,,,,,,,,,,,,,,,,,,,,,,,NOT_AVAILABLE,350.93835210657545,-16.073599247360438,276.9795298374909,-21.081323669799897,False,False,0,False,False,False,False,False,False,False,False,2.455945e-09,5.6024597e-13,0.999975,,,,,,,,,,,,,,,,,,,,,,,0.011464806746719182,IN,3
248,1636148068921376768,Gaia DR3 6709878736248762880,6709878736248762880,315861464,2016.0,279.13316601792087,0.28675258,-44.30133055241863,0.2744808,0.3840454561166615,0.36163744,1.0619626,18.133333,-7.720653324965507,0.3369538,-16.407598948434696,0.28375697,0.2436179,-0.0060628783,-0.35419476,-0.036580622,-0.32980767,0.011980603,-0.58860207,-0.1872902,0.22331516,0.357139,358,0,356,2,1.3030058,407.0676,0.59049004,0.6239443,31,False,1.556715,,,,,,,,41,16,0.523466,41,26,0,0.050808337,167.48381,1,0,1.0486147,0.4355648,0.37680888,0.13608626,0.7799577,-179.90085,-26.028118,14.612497,-42.80408,False,349,279.70969494933564,0.8520831,328.26575,19.570599,37,147.0454585267553,5.2081656,28.233637,19.919912,36,176.34264503535147,7.116793,24.778385,19.132002,1.1561562,0,37,0,36,0,0.78791046,0.34931374,0.43859673,,,,,,,,,,,,,,,,,,,,,,,NOT_AVAILABLE,350.94214688813656,-16.08590364219372,276.9930825521713,-21.08351087006926,False,False,0,False,False,False,False,False,False,False,False,3.826495e-08,3.551513e-11,0.9999914,,,,,,,,,,,,,,,,,,,,,,,0.02000961677429759,IN,3
182,1636148068921376768,Gaia DR3 6709878972473265024,6709878972473265024,1619630511,2016.0,279.11855987584295,0.28178474,-44.2891881524793,0.27161598,0.7934404184852288,0.34090558,2.3274493,8.129676,-1.9564660293789569,0.3480386,-7.890746004669451,0.29188234,0.2745921,0.029060299,-0.2986207,0.0016621324,-0.33345127,0.03743748,-0.5504814,-0.17586339,0.25490177,0.42983234,382,0,380,2,0.028231367,396.16074,0.0,0.0,31,False,1.5781617,,,,,,,,44,16,0.54522276,44,29,0,0.072318844,174.19556,0,0,1.000142,0.42221305,0.40917018,0.13489103,0.77836055,-179.34525,-28.308765,18.338205,-42.63643,False,376,279.17131244286276,0.77326936,361.02725,19.57269,37,146.875602112642,6.5214043,22.522081,19.921167,34,184.47650313320204,7.997939,23.065504,19.083042,1.1869131,0,1,0,1,0,0.8381252,0.34847832,0.4896469,,,,,,,,,,,,,,,,,,,,,,,NOT_AVAILABLE,350.9496727101088,-16.071605465325682,276.98278410606173,-21.070689411248694,False,False,0,False,False,False,False,False,False,False,False,1.8254486e-09,5.7602935e-13,0.9999622,,,,,,,,,,,,,,,,,,,,,,,0.022340922336455363,IN,3
234,1636148068921376768,Gaia DR3 6709878731953088896,6709878731953088896,158159177,2016.0,279.12973531226015,0.2789496,-44.3072893451527,0.27070445,0.5842353081908687,0.3438274,1.699211,10.542356,-2.8836279901924584,0.32897913,-10.140313233040365,0.27720958,0.23767072,0.0370516,-0.37898088,-0.03228837,-0.34241357,0.025272792,-0.6102981,-0.20969918,0.265986,0.33870366,379,0,379,0,0.37409687,402.98495,0.0,0.0,31,False,1.4961505,,,,,,,,44,16,0.509551,44,29,0,0.072890796,176.71472,0,0,1.0128143,0.41790503,0.3999463,0.12610587,0.7769986,-178.70012,-27.796711,18.456295,-42.712395,False,377,277.8028272797986,0.79097754,351.21457,19.578026,42,143.21853521728468,5.6615505,25.296698,19.948544,44,185.67127394674674,5.998224,30.954376,19.076035,1.1838965,0,0,0,1,0,0.872509,0.37051773,0.5019913,,,,,,,,,,,,,,,,,,,,,,,NOT_AVAILABLE,350.93543951514806,-16.085908731555705,276.99002514099914,-21.08928989872073,False,False,0,False,False,False,False,False,False,False,False,2.1952775e-09,5.4640765e-13,0.9999922,,,,,,,,,,,,,,,,,,,,,,,0.01573799379113965,IN,3
121,1636148068921376768,Gaia DR3 6709878598809818368,6709878598809818368,945228306,2016.0,279.1031884065069,0.30837324,-44.319666764314285,0.3321679,0.10687646846233996,0.39952266,0.26751038,9.773883,-5.913122071698519,0.33253258,-7.782272996714927,0.3096254,0.3673285,-0.1274594,-0.44924447,-0.20141317,-0.5269897,-0.05569701,-0.7229992,-0.13398999,0.4315126,0.31159857,370,0,368,2,-0.1898263,377.21512,0.0,0.0,31,False,1.5706792,,,,,,,,43,15,0.57135665,43,29,0,0.085802846,0.23641378,0,0,0.9920472,0.44935906,0.4015185,0.109337874,0.77412736,-174.79155,-28.004068,10.674302,-42.893536,False,366,276.8830377779566,0.8345454,331.7771,19.581627,39,146.14627141991704,5.4903626,26.618692,19.926573,40,179.2187217160811,4.5246987,39.608986,19.114437,1.175099,0,1,0,0,0,0.8121357,0.3449459,0.4671898,,,,,,,,,,,,,,,,,,,,,,,NOT_AVAILABLE,350.91598649038724,-16.073078200974585,276.9688160462663,-21.10035590037436,False,False,0,False,False,False,False,False,False,False,False,4.098109e-09,6.310152e-10,0.9999413,,,,,,,,,,,,,,,,,,,,,,,0.01006329477933116,IN,3
49,1636148068921376768,Gaia DR3 6709878869392058880,6709878869392058880,1412397293,2016.0,279.0868187331348,0.28746724,-44.29889591239873,0.27252233,0.5615898610099647,0.32788944,1.7127415,5.894466,-3.6124808734427445,0.32681623,-4.657757809501131,0.27914086,0.37311524,-0.013182686,-0.30315584,-0.101295464,-0.20728193,-0.07722574,-0.56070375,-0.09534071,0.19000238,0.43850765,347,0,345,2,0.13591443,360.88275,0.0,0.0,31,False,1.5239532,,,,,,,,40,16,0.52639985,41,26,0,0.05943831,175.80199,0,0,1.0042347,0.39182416,0.46144724,0.1614335,0.7726119,176.16493,-31.065208,22.608425,-42.48716,False,342,270.2298866785829,0.77566314,348.38562,19.608034,37,138.07206005894108,6.62877,20.829212,19.988277,36,199.03600801153573,4.9914365,39.875496,19.000566,1.2474862,3,1,0,0,0,0.98771095,0.3802433,0.60746765,,,,,,,,,,,,,,,,,,,,,,,NOT_AVAILABLE,350.9313050495435,-16.05431786747385,276.9577901211538,-21.07884285846552,False,False,0,False,False,False,False,False,False,False,False,1.0427268e-09,2.5760397e-10,0.999987,,,,,,,,,,,,,,,,,,,,,,,0.019013308428555257,IN,3
164,1636148068921376768,Gaia DR3 6709878766312852608,6709878766312852608,756883014,2016.0,279.1146450264898,0.2875568,-44.295828831909745,0.2796836,0.23254420035690324,0.3521726,0.6603131,9.926512,-3.0332366574312273,0.35796726,-9.451725689313104,0.3033556,0.2871682,0.04015398,-0.2973909,-0.017019933,-0.33422893,0.011371171,-0.55590326,-0.16616671,0.2708674,0.44212854,382,0,380,2,0.3433728,403.7527,0.33643222,0.1924754,31,False,1.5115266,,,,,,,,44,16,0.5659111,44,29,0,0.02136588,3.4122555,0,0,1.0116719,0.4183835,0.41318026,0.14042929,0.77927107,179.7435,-28.505045,19.395493,-42.575325,False,375,269.03849158476856,0.8400897,320.24973,19.612831,41,137.55200246517077,6.000404,22.92379,19.992374,40,185.12564233429663,6.3745213,29.041498,19.07923,1.1993735,0,2,0,2,0,0.91314507,0.3795433,0.53360176,,,,,,,,,,,,,,,,,,,,,,,NOT_AVAILABLE,350.9421720651475,-16.07155160908009,276.9793072455205,-21.07712565765997,False,False,0,False,False,False,False,False,False,False,False,2.7332498e-09,5.2979767e-13,0.9999852,,,,,,,,,,,,,,,,,,,,,,,0.015151603181945496,IN,3
140,1636148068921376768,Gaia DR3 6709878770615706496,6709878770615706496,109738481,2016.0,279.1085481282632,0.29623637,-44.29891321163607,0.2860233,0.5014653776340131,0.35671312,1.4057946,3.2617335,-2.119010459396433,0.33783448,-2.479657373830557,0.28649262,0.22516093,0.04222016,-0.42461672,-0.039800607,-0.3057486,0.015593227,-0.63883334,-0.20093371,0.24435757,0.2975373,387,0,386,1,1.0031955,428.53714,0.3598842,0.21845923,31,False,1.4475425,,,,,,,,45,16,0.5235985,46,30,0,0.035709735,178.94064,0,0,1.0356759,0.4406806,0.39051434,0.14029093,0.7751057,-179.97618,-27.023441,17.368355,-42.81347,False,382,267.8639983722672,0.76035047,352.29016,19.61758,12,148.69677682057758,19.686815,7.553115,19.90779,11,194.05131909694586,14.577403,13.3117895,19.028105,1.2795601,0,0,0,0,0,0.87968445,0.29020882,0.58947563,,,,,,,,,,,,,,,,,,,,,,,NOT_AVAILABLE,350.937471247381,-16.068696639561278,276.97441814032356,-21.07990841485831,False,False,0,False,False,False,False,False,False,False,False,1.0817792e-08,9.80937e-10,0.9999871,,,,,,,,,,,,,,,,,,,,,,,0.01133675322078886,IN,3
241,1636148068921376768,Gaia DR3 6709878736248756480,6709878736248756480,504356950,2016.0,279.13084894397406,0.29249474,-44.31074654904511,0.28054821,0.044621627964053945,0.368436,0.12111093,2.9804282,-1.1972856412696982,0.3343881,-2.7293697509605295,0.28551546,0.2580471,0.030616175,-0.369378,-0.035672035,-0.30001274,0.009155023,-0.6140488,-0.18214017,0.27376214,0.3317619,368,0,366,2,0.867551,406.34006,0.0,0.0,31,False,1.589611,,,,,,,,43,16,0.52073,43,28,0,0.070431694,173.51173,0,0,1.0315269,0.4437914,0.41488233,0.16844782,0.77761936,176.42099,-27.452307,18.48057,-42.26605,False,364,267.4818932831152,0.78443336,340.9874,19.619131,38,146.24723851145433,5.8477554,25.009123,19.925823,41,163.85163025259666,4.918138,33.315784,19.21177,1.1593266,0,1,0,1,0,0.7140541,0.30669212,0.40736198,,,,,,,,,,,,,,,,,,,,,,,NOT_AVAILABLE,350.93243035510426,-16.087964825289973,276.9906266196071,-21.09279309332108,False,False,0,False,False,False,False,False,False,False,False,1.9750825e-08,5.2054444e-13,0.9999464,,,,,,,,,,,,,,,,,,,,,,,0.01626187622941695,IN,3
48,1636148068921376768,Gaia DR3 6709878942407242240,6709878942407242240,407007351,2016.0,279.0866211432051,0.31405672,-44.28727123270995,0.30797336,0.4669979509448196,0.34673953,1.3468264,3.0017884,2.7165772258917484,0.36792994,-1.2770830348304991,0.32618293,0.4010402,0.002456268,-0.41903144,-0.20498708,-0.082778335,-0.1851952,-0.63945425,-0.10328018,0.0894168,0.4985751,338,0,338,0,1.2181423,379.25925,0.28322783,0.13478708,95,False,,1.4340287,0.06710766,0.16097666,0.12130021,0.06558405,-0.12131017,-0.18538079,39,16,0.625651,39,26,0,0.044138595,165.48428,0,0,1.0466241,0.45030797,0.44986627,0.251582,0.80926555,170.69315,-32.497494,21.955343,-42.545628,False,330,263.7174838697222,0.7983933,330.31024,19.63452,33,94.4768973654973,6.17823,15.291904,20.400229,34,223.31133898420106,8.773806,25.45205,18.875618,1.2050328,0,1,0,1,0,1.5246105,0.7657089,0.7589016,,,,,,,,,,,,,,,,,,,,,,,NOT_AVAILABLE,350.9424268611431,-16.04974447473798,276.95847759746,-21.067235031004405,False,False,0,False,False,False,False,False,False,False,False,2.8812946e-10,1.7475055e-10,0.9999959,,,,,,,,,,,,,,,,,,,,,,,0.02765690023060822,IN,3
34,1636148068921376768,Gaia DR3 6709878869392046592,6709878869392046592,631156717,2016.0,279.0800737987461,0.31952754,-44.30372390097604,0.31470063,0.8301604966477294,0.39393404,2.1073592,10.423301,-4.359706529517859,0.3740715,-9.46774313987062,0.3268027,0.23815787,0.08541296,-0.39981797,-0.04239241,-0.32513344,0.0031784591,-0.63210523,-0.20809816,0.27565423,0.33175144,353,0,353,0,2.7252197,440.40744,0.8850162,1.2504872,95,False,,1.4497663,0.06907072,0.018918363,0.13601494,-0.02077948,0.01010312,-0.1968489,41,16,0.5883937,41,27,0,0.06404664,178.75096,0,0,1.1042185,0.39596468,0.44496474,0.17228493,0.7939997,177.11102,-30.8546,21.851389,-42.22668,False,346,262.1986592441853,0.81585556,321.37878,19.64079,38,128.71876007339003,6.706028,19.194487,20.064438,38,191.44875099988326,7.293737,26.248377,19.042765,1.2210876,0,1,0,1,0,1.0216732,0.42364693,0.5980263,,,,,,,,,,,,,,,,,,,,,,,NOT_AVAILABLE,350.9247428343649,-16.051702247566585,276.9522801684878,-21.083335017075687,False,False,0,False,False,False,False,False,False,False,False,7.0653255e-10,1.596342e-12,0.9999924,,,,,,,,,,,,,,,,,,,,,,,0.021112617234216778,IN,3
96,1636148068921376768,Gaia DR3 6709878873687756672,6709878873687756672,1719301386,2016.0,279.09820751344483,0.31345248,-44.28977092976532,0.30878416,0.3246868884029068,0.37498093,0.8658758,5.643406,-2.8617014144102617,0.36670068,-4.864020585349001,0.31803775,0.2968527,0.061539657,-0.40709606,-0.092208415,-0.27043012,-0.05818843,-0.6420378,-0.19078703,0.23045656,0.39425474,361,0,361,0,0.99206674,401.73624,0.6359335,0.65814555,31,False,1.4766407,,,,,,,,42,16,0.5914164,42,28,0,0.033296727,175.12549,0,0,1.036461,0.4108023,0.4582657,0.19418922,0.7904897,175.06386,-30.649782,22.322645,-41.838215,False,358,259.75134493612893,0.81209326,319.8541,19.650972,32,124.76159261434772,5.818719,21.44142,20.09834,36,189.04322052538248,7.492493,25.231016,19.056492,1.208097,0,8,0,9,0,1.0418472,0.4473667,0.5944805,,,,,,,,,,,,,,,,,,,,,,,NOT_AVAILABLE,350.9433211973043,-16.05836413992138,276.96716503090204,-21.070287752052092,False,False,0,False,False,False,False,False,False,False,False,1.6973911e-09,2.730352e-10,0.99997526,,,,,,,,,,,,,,,,,,,,,,,0.021672586984602775,IN,3
153,1636148068921376768,Gaia DR3 6709878770608518272,6709878770608518272,1562253389,2016.0,279.111684122934,0.30740768,-44.30154436058439,0.29064298,0.7816646353715232,0.35593623,2.1960804,2.7150655,-1.930406882801468,0.38147044,-1.909217159672406,0.31754667,0.2724803,-0.02438446,-0.28272662,0.011922334,-0.24688575,0.04203112,-0.5335547,-0.10930719,0.17971623,0.4398449,371,0,369,2,-1.5987998,335.79092,0.0,0.0,95,False,,1.4087843,0.06622536,0.10001454,0.08526845,0.107553974,0.023875916,-0.06589895,44,15,0.5964353,44,29,0,0.005458459,144.6596,0,0,0.94035393,0.46925363,0.40826038,0.18653709,0.7773887,175.83243,-27.434473,16.243603,-42.433346,False,366,257.63742718590385,0.822877,313.0935,19.659845,9,133.11282927925672,10.179047,13.077141,20.027992,9,218.87339516867758,18.446638,11.865219,18.897413,1.3662076,0,0,0,0,0,1.130579,0.3681469,0.7624321,,,,,,,,,,,,,,,,,,,,,,,NOT_AVAILABLE,350.9358326816056,-16.071775781144456,276.97662770638857,-21.08268505720869,False,False,0,False,False,False,False,False,False,False,False,7.608962e-09,6.62815e-09,0.9999765,,,,,,,,,,,,,,,,,,,,,,,0.009065053489562016,IN,3
33,1636148068921376768,Gaia DR3 6709878938111535104,6709878938111535104,1031143061,2016.0,279.08000789319476,0.30975315,-44.299227315288555,0.2996339,-0.12484246099415403,0.3450057,-0.36185625,5.3783965,-1.8717726887682984,0.35774666,-5.042183822993684,0.31127542,0.42500037,0.00015165497,-0.32536203,-0.14538938,-0.15731929,-0.13186191,-0.58219147,-0.09022152,0.159849,0.5035657,342,0,340,2,-0.6529687,333.94858,0.0,0.0,31,False,1.474845,,,,,,,,40,16,0.5956302,40,27,0,0.07961674,177.07962,0,0,0.9738935,0.37695116,0.5154086,0.2242197,0.8039872,169.88818,-33.744465,23.34985,-41.9282,False,338,252.37163566304895,0.83404106,302.589,19.682266,38,126.60865170549482,4.900537,25.835669,20.082384,36,176.68526052163503,7.077229,24.965317,19.129894,1.201775,0,1,0,1,0,0.95248985,0.40011787,0.552372,,,,,,,,,,,,,,,,,,,,,,,NOT_AVAILABLE,350.92904781519456,-16.049940026587752,276.9525539518637,-21.078845446058835,False,False,0,False,False,False,False,False,False,False,False,3.2717042e-09,5.1381127e-13,0.9999859,,,,,,,,,,,,,,,,,,,,,,,0.02294655339412482,IN,3
196,1636148068921376768,Gaia DR3 6709878701889029248,6709878701889029248,573136773,2016.0,279.1215081114915,0.29835334,-44.308084917165615,0.2860426,0.4701309660365757,0.351086,1.3390764,3.8042114,2.226250898953402,0.3410504,-3.084774082760264,0.29397544,0.3161247,-0.034195293,-0.3670456,-0.1071521,-0.26109344,-0.054272257,-0.6051414,-0.14298086,0.18674418,0.39085597,385,0,383,2,0.11160523,400.52136,0.0,0.0,95,False,,1.3418574,0.065124765,0.09309481,0.06986738,0.07653209,-0.058724828,-0.15297987,45,16,0.546564,45,29,0,0.06485157,179.51149,1,0,1.0031819,0.43131927,0.4120301,0.15584822,0.77810425,177.76685,-28.705782,18.082968,-42.761715,False,381,252.07106301747203,0.7920148,318.2656,19.68356,39,92.3524992796611,5.615757,16.445246,20.424921,40,212.7237082667465,5.4843254,38.78758,18.928356,1.2102786,0,0,0,0,0,1.4965649,0.7413616,0.75520325,,,,,,,,,,,,,,,,,,,,,,,NOT_AVAILABLE,350.9323353202729,-16.080770865661012,276.983671901652,-21.089685567038362,False,False,0,False,False,False,False,False,False,False,False,1.499404e-10,1.5194336e-10,0.99999464,,,,,,,,,,,,,,,,,,,,,,,0.00981140087975965,IN,3
228,1636148068921376768,Gaia DR3 6709878804975442176,6709878804975442176,1763204962,2016.0,279.1282610794563,0.556316,-44.28978649548882,0.57545316,2.436101566524973,0.84603876,2.8794208,8.805935,-6.469934113896055,0.7038687,-5.973646283677052,0.5547939,-0.05081143,0.10486123,-0.42638358,0.05554205,-0.5585077,0.26285493,-0.6462826,-0.4641009,0.44460598,-0.17192976,258,0,241,17,11.331395,609.2692,3.4874701,18.063643,95,False,,1.3246377,0.13340314,-0.03813497,0.13504817,-0.21153346,0.29004866,-0.27878988,30,14,1.1285677,38,22,0,0.5029312,90.47284,26,16,1.5642146,0.4547174,0.23306294,0.16838561,0.79368865,-163.81961,-0.00028005283,-18.600245,43.857353,False,234,250.70772187058776,1.5690541,159.78271,19.689447,11,186.627733202468,14.253703,13.093281,19.661102,11,417.879506908844,17.298265,24.157307,18.195269,2.4112031,0,11,0,11,0,1.4658337,-0.028345108,1.4941788,,,,,,,,,,,,,,,,,,,,,,,NOT_AVAILABLE,350.951856621111,-16.07825210806094,276.9901656803594,-21.07175576524231,False,False,0,False,False,False,False,False,False,False,False,3.1515947e-07,0.00092058437,0.9990761,,,,,,,,,,,,,,,,,,,,,,,0.02502194486109857,IN,3
174,1636148068921376768,Gaia DR3 6709878976776541824,6709878976776541824,572658642,2016.0,279.11674442865336,0.30692095,-44.28934743569223,0.2978108,0.04858096682543551,0.3720659,0.13057087,5.3476014,-2.406829029381106,0.35053024,-4.775355162654088,0.30128387,0.26065093,0.04478729,-0.4218647,-0.08252635,-0.307187,-0.022245914,-0.6418304,-0.20272623,0.2413369,0.32926998,388,0,386,2,-0.004272488,394.9725,0.2553552,0.09901112,95,False,,1.5967232,0.06531014,0.07153352,0.08732737,0.03567532,-0.033741545,-0.13628003,45,16,0.5534668,46,46,0,0.013667931,58.497974,0,0,0.998968,0.42500713,0.39026576,0.1193449,0.7755654,-178.30008,-27.177536,16.81188,-42.94369,False,384,250.1889320204189,0.77043945,324.73535,19.691696,39,128.83310141095362,6.328837,20.356522,20.063473,38,163.59325441915908,6.4609647,25.320251,19.213482,1.1688222,0,0,0,0,0,0.84999084,0.37177658,0.47821426,,,,,,,,,,,,,,,,,,,,,,,NOT_AVAILABLE,350.94900305299893,-16.070465245959568,276.9813831000102,-21.070760547676464,False,False,0,False,False,False,False,False,False,False,False,1.9891735e-09,5.1274593e-13,0.99998975,,,,,,,,,,,,,,,,,,,,,,,0.021788328522308317,IN,3
81,1636148068921376768,Gaia DR3 6709878594514109952,6709878594514109952,6709969,2016.0,279.09523886665426,0.34883982,-44.32215686791472,0.2938003,-0.01308415611387322,0.39445692,-0.033170052,6.471086,-1.3401800116374223,0.35996413,-6.330787607597003,0.29904246,0.19782215,-0.26140794,-0.40438262,-0.042358354,-0.15544087,-0.038429853,-0.6114833,-0.045706812,0.11204036,0.3400701,387,0,382,5,0.35477403,405.19327,0.5481053,0.39050397,31,False,1.4282552,,,,,,,,45,16,0.56592673,46,30,0,0.010161915,35.676216,1,0,1.01206,0.43804136,0.36928242,0.13806786,0.7813948,-179.7587,-26.797909,11.8039,-43.339806,False,341,246.33490020014608,0.83339864,295.5787,19.708551,37,79.17000265964488,4.9697742,15.930302,20.59214,37,215.3053791453694,5.9920864,35.93162,18.915258,1.195427,0,1,0,1,0,1.6768818,0.8835888,0.793293,,,,,,,,,,,,,,,,,,,,,,,NOT_AVAILABLE,350.9113310143022,-16.068773018397415,276.9625537677083,-21.102456848276752,False,False,0,False,False,False,False,False,False,False,False,1.137852e-10,4.0953946e-10,0.9999959,,,,,,,,,,,,,,,,,,,,,,,0.015066198693976365,IN,3
87,1636148068921376768,Gaia DR3 6709877838599850240,6709877838599850240,437091011,2016.0,279.0963121391338,0.29946554,-44.331564026483385,0.28816727,0.9266351654652815,0.3481226,2.6618068,7.426654,0.0263162042034234,0.33695334,-7.42660706137487,0.29274568,0.33531582,-0.047282953,-0.38760185,-0.14579652,-0.23350026,-0.09880328,-0.62281674,-0.13134438,0.16373171,0.39164034,393,0,388,5,-0.25921243,390.0527,0.0,0.0,95,False,,1.4901965,0.06363418,0.08283833,0.08866331,0.06882087,-0.055302806,-0.15305032,45,16,0.54786855,45,29,0,0.09913403,0.54450625,0,0,0.98976696,0.42649406,0.3785278,0.12660395,0.7805735,-178.83253,-27.659325,13.479336,-43.348034,False,385,244.97445278922842,0.72284615,338.90262,19.714565,41,108.06379163254319,6.2537045,17.279964,20.254341,39,162.1528013268655,6.061822,26.749846,19.223083,1.1030399,0,1,0,0,0,1.0312576,0.53977585,0.49148178,,,,,,,,,,,,,,,,,,,,,,,NOT_AVAILABLE,350.90258864457473,-16.073075586845455,276.96269520193874,-21.111894364460685,False,False,0,False,False,False,False,False,False,False,False,1.321205e-09,6.250454e-13,0.99999326,,,,,,,,,,,,,,,,,,,,,,,0.022934392702324398,IN,3
227,1636148068921376768,Gaia DR3 6709878804968253824,6709878804968253824,597688568,2016.0,279.128089833826,0.67586064,-44.289948076557145,0.57906765,-1.5347356370939982,0.6330509,-2.4243479,21.83314,-20.959418514967695,0.7275992,-6.1146311162014815,0.52862036,-0.40556276,0.33549336,-0.70983726,0.29859683,-0.48789856,0.3442802,-0.6686965,-0.31524518,0.30041358,-0.27437428,183,0,181,2,4.0128436,271.1518,2.0305877,3.807826,95,False,,1.5863975,0.12105122,0.29590183,-0.04959157,-0.06638584,-0.33887568,0.044539943,21,12,1.2247677,35,22,1,0.60546446,94.78487,15,38,1.2199541,0.54407996,0.38918602,0.32847697,0.8187226,-146.60359,28.852894,-29.355986,40.12415,False,156,234.79567624659447,1.353773,173.438,19.760641,6,168.9235422215493,24.965282,6.7663383,19.769318,6,410.89903725230175,24.556421,16.732855,18.213558,2.4694772,0,6,0,6,0,1.5557594,0.008676529,1.5470829,,,,,,,,,,,,,,,,,,,,,,,NOT_AVAILABLE,350.9516524962177,-16.078200500653303,276.99002290606893,-21.07190868664327,False,False,0,False,False,False,False,False,False,False,False,3.951276e-08,0.0046370733,0.9953534,,,,,,,,,,,,,,,,,,,,,,,0.024819258778870392,IN,3
272,1636148068921376768,Gaia DR3 6709877976038844416,6709877976038844416,197223614,2016.0,279.13779151298223,0.35937262,-44.30767662866298,0.35763875,0.4667828929985435,0.4188269,1.1145006,4.1566615,0.4847720902258838,0.406715,-4.128296404902626,0.35873583,0.37800115,0.112223454,-0.48205763,-0.22218415,-0.18634848,-0.16273321,-0.7117173,-0.2959341,0.12455801,0.41869536,355,0,352,3,0.1869558,365.14728,0.0,0.0,95,False,,1.5876763,0.07479955,0.15942957,0.20169389,0.0696784,-0.1290843,-0.24663153,41,16,0.6885611,41,28,0,0.06417739,0.57846147,0,0,1.0061499,0.42916802,0.42103308,0.17037389,0.78963923,176.78279,-27.84043,19.341915,-41.90937,False,344,229.69795283989893,0.80587,285.03104,19.784473,35,112.95510128467403,6.1105714,18.485195,20.206278,36,154.41582556064114,5.9853888,25.798796,19.276167,1.1640109,0,0,0,0,0,0.93011093,0.42180443,0.5083065,,,,,,,,,,,,,,,,,,,,,,,NOT_AVAILABLE,350.93735684038836,-16.091385202687107,276.9961617856824,-21.09006644990945,False,False,0,False,False,False,False,False,False,False,False,6.324796e-09,6.933758e-10,0.9999781,,,,,,,,,,,,,,,,,,,,,,,0.021377564860157745,IN,3
90,1636148068921376768,Gaia DR3 6709878667529302144,6709878667529302144,1024812711,2016.0,279.0971968032596,0.38309452,-44.31661843696487,0.3913738,-0.22340296051626085,0.45285225,-0.4933242,13.874909,5.462906690497686,0.45221597,-12.754205673841241,0.40539744,0.29294595,0.0831471,-0.4369748,-0.15748498,-0.28292465,-0.1130336,-0.6880206,-0.22188501,0.19820888,0.38809156,370,0,370,0,2.327772,458.70743,1.3125546,1.8135104,95,False,,1.2808968,0.08112363,0.088260435,0.19190612,0.009289776,-0.047750704,-0.24200681,43,16,0.7477875,44,30,0,0.06391774,177.39908,0,0,1.0865602,0.41463196,0.3973379,0.13890946,0.78965473,-178.8687,-28.155281,17.956837,-42.452614,False,333,228.47914898211096,0.8214694,278.1347,19.79025,21,40.57015018011017,5.792237,7.0042286,21.318026,22,238.80814970996514,7.094463,33.6612,18.802773,1.2227737,0,1,0,1,0,2.515253,1.5277748,0.98747826,,,,,,,,,,,,,,,,,,,,,,,NOT_AVAILABLE,350.91721441430616,-16.067952102669782,276.9644519833874,-21.0970254355032,False,False,0,False,False,False,False,False,False,False,False,6.362837e-10,7.324397e-13,0.99999416,,,,,,,,,,,,,,,,,,,,,,,0.010092015177943439,IN,3
97,1636148068921376768,Gaia DR3 6709878873687747456,6709878873687747456,479902729,2016.0,279.0983197964489,0.3314941,-44.29995678724077,0.31532726,0.572712507877568,0.38388926,1.491869,5.7469163,2.757784151547428,0.3887275,-5.041991062971052,0.3363898,0.3565623,-0.045213472,-0.31680903,-0.101159886,-0.2143969,-0.080471426,-0.57119215,-0.080829926,0.18485351,0.4663499,376,0,376,0,0.97858363,419.83838,0.68229455,0.5985157,95,False,,1.3150606,0.07184721,0.0717819,0.07987867,0.06056908,-0.035007194,-0.13729845,43,16,0.63295096,43,27,0,0.078885034,170.83131,0,0,1.0352768,0.41509068,0.42561424,0.15479045,0.7800152,177.08324,-29.934027,18.552101,-42.916527,False,373,228.33540908402853,0.8052007,283.57578,19.790934,34,61.367306195295726,6.138591,9.996969,20.8687,37,261.35881540571876,10.626815,24.594276,18.704803,1.4133862,0,1,0,0,0,2.1638966,1.0777664,1.0861301,,,,,,,,,,,,,,,,,,,,,,,NOT_AVAILABLE,350.93355768693596,-16.062329969662702,276.9665151238488,-21.08045585854678,False,False,0,False,False,False,False,False,False,False,False,7.344904e-11,5.125497e-13,0.9999658,,,,,,,,,,,,,,,,,,,,,,,0.012457720000553356,IN,3
59,1636148068921376768,Gaia DR3 6709878938111557504,6709878938111557504,954319617,2016.0,279.089577106003,0.44793066,-44.28911023741186,0.47745878,0.011401790962948237,0.41835582,0.027253812,4.652359,0.35972985696331716,0.53525585,-4.638430611333378,0.50759816,0.6095071,0.19397484,-0.61987543,-0.49374261,0.1278939,-0.4928108,-0.8045761,-0.27357376,-0.1413018,0.6787546,321,0,321,0,1.4998845,372.47348,0.7032963,0.5474373,95,False,,1.3476558,0.08528696,0.22554164,0.24071132,0.10265086,-0.19514395,-0.28261605,37,15,1.0462515,38,26,0,0.036299117,13.430399,0,0,1.0592692,0.39116776,0.50894624,0.25862113,0.81365615,168.20325,-33.87211,22.967001,-41.652897,False,310,223.8702587018752,0.8560803,261.50613,19.812376,30,101.98418539646572,7.50535,13.588199,20.31721,31,197.98898257695043,8.742679,22.646261,19.006292,1.339942,0,24,0,26,0,1.3109169,0.5048332,0.8060837,,,,,,,,,,,,,,,,,,,,,,,NOT_AVAILABLE,350.94150003034787,-16.052402668291176,276.96060732596567,-21.069212334005414,False,False,0,False,False,False,False,False,False,False,False,5.5935945e-10,1.7250759e-09,0.99999154,,,,,,,,,,,,,,,,,,,,,,,0.024962124416185335,IN,3
186,1636148068921376768,Gaia DR3 6709878701889025280,6709878701889025280,815469568,2016.0,279.11943414669247,0.35857248,-44.31328301278042,0.3634563,0.18142750931373053,0.39638102,0.4577099,7.5499725,-5.2274277785213865,0.4097044,-5.447576203863351,0.36845794,0.37371227,-0.062774986,-0.43050122,-0.20232566,-0.13210775,-0.17981018,-0.6861731,-0.1205112,0.06525762,0.43484783,363,0,362,1,1.5509048,424.0025,0.64810765,0.4693672,31,False,1.5632969,,,,,,,,42,16,0.69658583,42,28,0,0.09818624,178.37944,1,0,1.0576476,0.43659043,0.3765055,0.15428445,0.7826338,-179.92853,-27.896446,15.062853,-42.943275,False,358,214.71981665789014,0.77442753,277.26263,19.857687,37,113.30241020800712,5.229882,21.66443,20.202944,36,120.88026828335643,6.2128882,19.456373,19.542007,1.090643,0,1,0,2,0,0.66093636,0.3452568,0.31567955,,,,,,,,,,,,,,,,,,,,,,,NOT_AVAILABLE,350.9267456528291,-16.081383669389574,276.9817084074337,-21.09477148732003,False,False,0,False,False,False,False,False,False,False,False,1.3488816e-08,5.439724e-13,0.99998504,,,,,,,,,,,,,,,,,,,,,,,0.008637468674614911,IN,3
89,1636148068921376768,Gaia DR3 6709878667529314048,6709878667529314048,1404373296,2016.0,279.0969119439373,0.46997517,-44.30465042942386,0.5871346,1.157998075381648,0.7100062,1.630969,2.6068614,2.5461283503666348,0.5345585,-0.5594255604682596,0.55122507,0.289873,0.051646825,-0.5530996,-0.19038005,-0.6121428,0.00020589681,-0.8319394,-0.31776512,0.5380631,0.20659916,355,0,352,3,2.0756733,424.14444,1.133384,1.2976111,95,False,,1.3575761,0.08807529,-0.03798567,0.10855778,-0.014733307,0.055940483,-0.16024256,41,15,0.99118197,41,28,0,0.082257204,176.81691,0,0,1.0789458,0.43607682,0.41082326,0.16578557,0.7910545,178.15646,-26.980742,19.989544,-41.85456,False,340,207.91464473808662,0.7810622,266.19473,19.892654,2,89.28874771449844,0.09448454,945.0091,20.46155,3,213.34533550427182,18.368591,11.614681,18.925188,1.4555689,0,0,0,0,0,1.5363617,0.56889534,0.96746635,,,,,,,,,,,,,,,,,,,,,,,NOT_AVAILABLE,350.9286432807613,-16.063191952710326,276.9650986629833,-21.085070908670208,False,False,0,False,False,False,False,False,False,False,False,5.5336336e-09,3.4674434e-09,0.9999936,,,,,,,,,,,,,,,,,,,,,,,0.00978765249370316,IN,3
86,1636148068921376768,Gaia DR3 6709878663233632384,6709878663233632384,1630537425,2016.0,279.0962473105367,0.41003108,-44.3154400614496,0.415276,-0.011060438804144639,0.49010888,-0.02256731,10.960389,0.5338369971279866,0.5357315,-10.947381081604544,0.47604156,0.32404652,0.15495683,-0.40953657,-0.16388455,-0.22819802,-0.16074921,-0.6134225,-0.20698762,0.08327895,0.5281557,310,0,309,1,1.1634566,352.3896,0.6637879,0.38538277,31,False,1.5027562,,,,,,,,36,14,0.9035372,38,26,0,0.08855154,175.7469,0,0,1.0464401,0.3696282,0.40048775,0.16810608,0.8270971,179.30475,-30.567068,15.427947,-42.22466,False,290,202.22732949083976,0.8955131,225.82286,19.922768,25,96.34759040127464,5.3657975,17.955875,20.37894,27,102.84312028005222,7.7201233,13.321435,19.717457,0.98498416,0,0,0,0,0,0.66148376,0.45617294,0.20531082,,,,,,,,,,,,,,,,,,,,,,,NOT_AVAILABLE,350.918077653868,-16.066874142986514,276.963810612839,-21.095803946443738,False,False,0,False,False,False,False,False,False,False,False,7.598138e-08,1.3578982e-12,0.9999855,,,,,,,,,,,,,,,,,,,,,,,0.009965728504897563,IN,3
175,1636148068921376768,Gaia DR3 6709877941679074304,6709877941679074304,1799370031,2016.0,279.11701947535823,0.42545846,-44.32690473216666,0.42273888,-0.2983059704438741,0.49497816,-0.60266495,6.3476324,0.20491875639933876,0.48167136,-6.344323740873897,0.4156063,0.3083025,0.11628535,-0.48631433,-0.1570124,-0.26692164,-0.094316654,-0.69287825,-0.26991308,0.20157968,0.34545508,348,0,347,1,1.392239,402.54016,1.2472286,1.7622101,31,False,1.5370265,,,,,,,,40,15,0.7846689,40,28,0,0.043793682,173.57391,0,0,1.0527115,0.4214388,0.39735556,0.14784141,0.7872308,178.90034,-27.35166,16.834473,-42.421066,False,345,199.16066801996294,0.8089348,246.20114,19.939358,35,95.83098894966045,4.4576507,21.498093,20.384777,37,126.57412384661652,4.5766892,27.656263,19.492033,1.116712,0,1,0,1,0,0.89274406,0.4454193,0.44732475,,,,,,,,,,,,,,,,,,,,,,,NOT_AVAILABLE,350.9129563481953,-16.08498698612536,276.97887435906534,-21.108245349417647,False,False,0,False,False,False,False,False,False,False,False,7.9399785e-09,5.233552e-13,0.99998975,,,,,,,,,,,,,,,,,,,,,,,0.01783051436288084,IN,3
105,1636148068921376768,Gaia DR3 6709878667529312768,6709878667529312768,1190382798,2016.0,279.1006535446362,0.37717128,-44.30292156630726,0.3808241,-0.5814754632897057,0.41944933,-1.3862829,2.1956644,0.5700564092232991,0.44388124,-2.1203721569231684,0.4034476,0.4440576,0.014507442,-0.4140741,-0.24588145,-0.14121908,-0.23427074,-0.66855145,-0.13473965,0.101261325,0.53495646,376,0,374,2,-0.31435987,375.43945,0.0,0.0,95,False,,1.4220313,0.07997093,0.12526438,0.17306867,0.0722151,-0.111522846,-0.21241733,43,16,0.7765968,43,28,0,0.08570898,4.329566,0,0,0.9875328,0.41036648,0.41936472,0.16368468,0.79574543,177.59464,-30.37651,17.486118,-42.748215,False,372,198.67008760225536,0.8134139,244.2423,19.942036,35,123.35499836187893,7.5522323,16.333582,20.110651,35,221.83122566721258,12.454166,17.811808,18.88284,1.7374846,0,35,0,35,0,1.2278118,0.16861534,1.0591965,,,,,,,,,,,,,,,,,,,,,,,NOT_AVAILABLE,350.93137040826116,-16.065006089868728,276.9680868413238,-21.08352649844511,False,False,0,False,False,False,False,False,False,False,False,9.904905e-09,2.4499383e-07,0.9999952,,,,,,,,,,,,,,,,,,,,,,,0.009072080125807435,IN,3
176,1636148068921376768,Gaia DR3 6709877941679081344,6709877941679081344,1610596288,2016.0,279.1173369307054,0.39172018,-44.32206113878336,0.4054579,1.0868787388123435,0.42672867,2.5470018,13.424347,-3.2550550302710954,0.45584953,-13.023736314254954,0.4235614,0.4822697,0.0123060895,-0.46081412,-0.3208726,-0.0939905,-0.30561984,-0.71060956,-0.18607898,0.033034146,0.5543917,355,0,353,2,-0.72225356,353.35324,0.0,0.0,95,False,,1.2457236,0.08223625,0.12714587,0.16505197,0.09110671,-0.12399804,-0.2273459,42,15,0.8257235,42,28,0,0.06320327,4.339807,1,0,0.97175765,0.3958009,0.41223994,0.16869026,0.8152666,178.92062,-31.235327,15.612555,-42.706398,False,350,196.79228045125336,0.8096647,243.05405,19.952347,31,53.87442263799726,5.957888,9.042537,21.010086,40,220.80378342457297,7.777114,28.391481,18.887878,1.3957773,0,0,0,0,0,2.1222076,1.0577393,1.0644684,,,,,,,,,,,,,,,,,,,,,,,NOT_AVAILABLE,350.91770574400823,-16.083347905520146,276.9794680116324,-21.103428166851074,False,False,0,False,False,False,False,False,False,False,False,1.533014e-13,1.3166226e-10,0.99999464,,,,,,,,,,,,,,,,,,,,,,,0.013526096788159617,IN,3
172,1636148068921376768,Gaia DR3 6709878697593370368,6709878697593370368,295274351,2016.0,279.1166204998115,0.41021916,-44.311699735784615,0.42835963,0.044186419659883985,0.46593744,0.094833374,5.9167733,-4.463896627095539,0.4818772,-3.883533717367384,0.442707,0.20540944,0.078364074,-0.47236535,-0.08587834,-0.16280104,-0.05744914,-0.7150016,-0.16415861,0.17654984,0.28963208,284,0,282,2,-0.69626766,271.96375,0.0,0.0,95,False,,1.6364832,0.08776849,0.12091186,0.13649681,0.009640361,-0.09699643,-0.21863085,33,15,0.77998084,42,28,1,0.08826923,171.78162,0,69,0.96931624,0.44150817,0.2641151,0.073860936,0.77228236,-170.91957,-20.623104,13.207878,-44.446224,False,289,196.33698595475843,0.86718565,226.40709,19.95486,0,,,,,0,,,,,,,,,,2,,,,,,,,,,,,,,,,,,,,,,,,,,NOT_AVAILABLE,350.9274686546754,-16.07891842564387,276.9796701176092,-21.09305580580283,False,False,0,False,False,False,False,False,False,False,False,,,,,,,,,,,,,,,,,,,,,,,,,,0.0062443093207795956,IN,3
233,1636148068921376768,Gaia DR3 6709877872959597440,6709877872959597440,1230032238,2016.0,279.12934184658474,0.47948164,-44.3270031024338,0.49680215,0.37532415884690334,0.4535845,0.8274625,2.6824653,2.5979800051932216,0.5460541,-0.6679226044892332,0.5025154,0.629975,0.1351688,-0.63864434,-0.5184159,0.049704146,-0.49889383,-0.8042483,-0.2811737,-0.11435755,0.6642215,354,0,350,4,1.2694279,400.48004,0.79179376,0.6813576,31,False,1.4701616,,,,,,,,41,13,1.0652066,41,30,0,0.03032709,14.743028,0,0,1.047732,0.4340332,0.49016848,0.23392932,0.8070169,169.12962,-31.539627,20.37518,-41.898262,False,343,196.19442325501865,0.7729207,253.83511,19.95565,32,91.25202576920819,10.2384,8.912723,20.437937,32,130.3679691679938,7.259357,17.95861,19.459969,1.1295937,0,1,0,0,0,0.9779682,0.48228645,0.49568176,,,,,,,,,,,,,,,,,,,,,,,NOT_AVAILABLE,350.91636326477845,-16.093172213576,276.98829462628004,-21.10893945012113,False,False,0,False,False,False,False,False,False,False,False,8.4086365e-09,6.126308e-13,0.9999961,,,,,,,,,,,,,,,,,,,,,,,0.02260612999981719,IN,3
119,1636148068921376768,Gaia DR3 6709878976766964864,6709878976766964864,1641140514,2016.0,279.1028527193876,0.41481137,-44.29274403314419,0.4281444,0.7581145535337878,0.4756817,1.5937434,5.720249,-5.641113833122997,0.49776056,-0.9482016397624609,0.45474893,0.385407,0.12578283,-0.47102383,-0.21964791,-0.19221213,-0.20401937,-0.710725,-0.23311178,0.15267044,0.49540916,357,0,356,1,1.2722504,403.559,0.6710741,0.47395074,95,False,,1.3479797,0.08474603,0.11048009,0.16173926,0.036847852,-0.09527814,-0.21347177,41,15,0.8652107,41,28,0,0.036437627,169.71681,1,0,1.0475025,0.38969353,0.4689156,0.20277324,0.814082,175.36911,-31.913952,22.246603,-41.579067,False,353,194.69391212853742,0.7625627,255.31528,19.963985,7,60.08031449506782,14.882492,4.0369797,20.891712,9,169.153820410071,17.733747,9.538527,19.17719,1.1774079,0,0,0,0,0,1.7145214,0.92772675,0.78679466,,,,,,,,,,,,,,,,,,,,,,,NOT_AVAILABLE,350.94178395073226,-16.062572814292746,276.9705054120497,-21.07347827710008,False,False,0,False,False,False,False,False,False,False,False,8.8579194e-10,1.6844554e-09,0.99998516,,,,,,,,,,,,,,,,,,,,,,,0.017905491303978917,IN,3
125,1636148068921376768,Gaia DR3 6709878976766968064,6709878976766968064,453179481,2016.0,279.1040993516421,0.41196096,-44.28802932844232,0.41072246,-0.33361407277836713,0.4960964,-0.6724783,4.7967267,-1.886054087714577,0.4928272,-4.410372525708063,0.42972136,0.35460934,0.07027245,-0.4188976,-0.1699609,-0.18314359,-0.145254,-0.65973836,-0.24310063,0.090248175,0.46474597,340,0,338,2,0.7015716,371.03928,0.0,0.0,31,False,1.4462903,,,,,,,,40,16,0.82189107,40,26,0,0.032230258,175.00673,1,0,1.0262983,0.41861698,0.4359899,0.19338705,0.8023979,175.35457,-29.708876,18.808796,-41.80858,False,336,188.8474787456628,0.7550371,250.1168,19.99709,26,79.09452961098448,4.720848,16.754305,20.593176,27,123.66094118041607,6.833843,18.095373,19.517315,1.0736467,0,0,0,0,0,1.075861,0.5960865,0.47977448,,,,,,,,,,,,,,,,,,,,,,,NOT_AVAILABLE,350.94667280694864,-16.061596361722067,276.9718002998019,-21.06883449287251,False,False,0,False,False,False,False,False,False,False,False,2.6131959e-09,2.566438e-10,0.9999975,,,,,,,,,,,,,,,,,,,,,,,0.022403609082293288,IN,3
31,1636148068921376768,Gaia DR3 6709878942407239296,6709878942407239296,39291531,2016.0,279.07946343326745,0.41743934,-44.2970220252821,0.42990178,1.09357636348596,0.44101313,2.479691,6.7469354,-3.2465211979061084,0.49929357,-5.914493777422117,0.458621,0.49735165,0.05807864,-0.44788516,-0.30178052,-0.035901472,-0.30428588,-0.69907296,-0.14233091,0.035439584,0.58970267,348,0,348,0,-0.044174742,356.38693,0.0,0.0,95,False,,1.4062243,0.08539524,0.10776439,0.16268818,0.08574504,-0.076592036,-0.19862702,40,14,0.9002597,40,28,0,0.05394124,176.19894,0,7,0.99733746,0.4245934,0.5014738,0.27820155,0.82821494,167.52673,-32.896267,20.860785,-41.023758,False,345,186.3874241588226,0.7273187,256.2665,20.011326,0,,,,,0,,,,,,,,,,2,,,,,,,,,,,,,,,,,,,,,,,,,,NOT_AVAILABLE,350.93101331679844,-16.048737016989723,276.9522962743194,-21.07661893684874,False,False,0,False,False,False,False,False,False,False,False,,,,,,,,,,,,,,,,,,,,,,,,,,0.02441023227430236,IN,3
98,1636148068921376768,Gaia DR3 6709878869392064640,6709878869392064640,42682312,2016.0,279.0985245523761,0.43319702,-44.296649560831625,0.44403177,-0.4050581984211464,0.50551546,-0.80127764,5.9230485,-2.2361278417574466,0.51257384,-5.484727411165872,0.4410084,0.34979412,0.06639219,-0.39265916,-0.11983449,-0.18952546,-0.048568353,-0.6576701,-0.27891532,0.0886198,0.40505487,339,0,338,1,0.26144922,359.53568,0.0,0.0,31,False,1.4790576,,,,,,,,39,16,0.83034927,39,27,1,0.041990794,3.2829525,0,0,1.0091438,0.41490805,0.4533832,0.21215588,0.79455894,174.86542,-30.94981,22.052094,-41.69293,False,326,186.18682034571844,0.78355134,237.61917,20.012495,32,82.96719797968584,6.0066285,13.812607,20.541277,32,104.14774808290147,6.4907303,16.045612,19.703772,1.004985,0,0,0,0,0,0.83750534,0.5287819,0.30872345,,,,,,,,,,,,,,,,,,,,,,,NOT_AVAILABLE,350.9367964632932,-16.06120191130491,276.9669107557996,-21.07716603421365,False,False,0,False,False,False,False,False,False,False,False,1.989025e-08,6.918538e-10,0.9999853,,,,,,,,,,,,,,,,,,,,,,,0.015236684116426156,IN,3
126,1636148068921376768,Gaia DR3 6709878770618107776,6709878770618107776,1257383138,2016.0,279.1044157695418,1.0806652,-44.309195197437376,1.0960895,,,,,,,,,0.19976543,,,,,,,,,,232,0,230,2,0.24713184,229.60689,0.0,0.0,3,False,,,,,,,,,28,8,1.8333912,28,28,0,0.10517955,173.41742,0,3,,0.6360339,0.6319419,0.35499343,0.77249974,163.29419,-28.104465,19.7726,-38.81145,False,229,185.8963900011163,1.0139931,183.33101,20.014189,19,145.11843560983687,18.804653,7.7171555,19.934237,19,211.48407362943917,20.558117,10.287132,18.934702,1.9182863,0,1,0,2,0,0.9995346,-0.07995224,1.0794868,,,,,,,,,,,,,,,,,,,,,,,NOT_AVAILABLE,350.9264069424397,-16.069890573205214,276.9705123197063,-21.08996742905002,False,False,0,False,False,False,False,False,False,False,False,0.0003090868,0.00032246354,0.9992907,,,,,,,,,,,,,,,,,,,,,,,0.0028605386750842217,IN,3
243,1636148068921376768,Gaia DR3 6709877911615018624,6709877911615018624,783456717,2016.0,279.1310263430699,0.4470233,-44.332626383480175,0.46298444,0.7935705550888374,0.5452043,1.4555471,10.278734,-7.321611563289115,0.510386,-7.214317540971123,0.46277982,0.3051642,0.049741134,-0.48520184,-0.17260258,-0.32372084,-0.09624056,-0.71008915,-0.23299998,0.21288042,0.35624817,378,0,378,0,3.848198,509.23254,1.391773,1.6546751,95,False,,1.4227827,0.0933067,0.0687341,0.1824919,-0.0027205364,-0.03819797,-0.22397117,44,16,0.85113865,44,30,0,0.10041211,177.9714,0,0,1.1434118,0.43446246,0.40492505,0.1536937,0.79192674,-179.86072,-28.476532,16.909409,-42.426296,False,360,185.6830802704051,0.77624625,239.2064,20.015436,0,,,,,0,,,,,,,,,,2,,,,,,,,,,,,,,,,,,,,,,,,,,NOT_AVAILABLE,350.91143199285517,-16.096431771450558,276.98917548702167,-21.11463137332579,False,False,0,False,False,False,False,False,False,False,False,,,,,,,,,,,,,,,,,,,,,,,,,,0.02773298672584747,IN,3
30,1636148068921376768,Gaia DR3 6709878942410571264,6709878942410571264,1314811518,2016.0,279.079439104396,0.5513246,-44.290715384202436,0.5710746,0.40104095341849,0.52977663,0.7570001,5.3833876,-1.1751161278784839,0.6703907,-5.253566729640486,0.62517345,0.64586765,0.20512103,-0.58165514,-0.5048612,0.12298045,-0.5166634,-0.78101474,-0.24101816,-0.101138845,0.7174911,304,0,303,1,1.2922314,353.7121,1.3272876,1.5815728,95,False,,1.2509737,0.105550595,0.24177803,0.26935223,0.17702974,-0.19309741,-0.32092434,35,13,1.3008639,35,24,0,0.014353341,11.48191,0,0,1.0523449,0.4244483,0.546763,0.30972326,0.82528836,161.56422,-33.017994,22.407398,-40.536804,False,293,184.54574423954645,0.85561377,215.68814,20.022106,28,58.223520606594576,9.789017,5.9478416,20.925797,28,183.95765635900278,6.0244737,30.535059,19.086102,1.3123097,0,0,0,0,0,1.839695,0.90369034,0.93600464,,,,,,,,,,,,,,,,,,,,,,,NOT_AVAILABLE,350.93707040332004,-16.046310228282238,276.95273230887636,-21.070325410045438,False,False,0,False,False,False,False,False,False,False,False,8.0324955e-11,5.9762376e-11,0.99999684,,,,,,,,,,,,,,,,,,,,,,,0.028340642910696313,IN,3
20,1636148068921376768,Gaia DR3 6709878560154355456,6709878560154355456,1256952862,2016.0,279.07780461414586,0.42295867,-44.33125878067407,0.4233735,0.36906414364552176,0.458499,0.8049399,7.83349,-4.700077617992578,0.54887426,-6.266804444779083,0.496313,0.4476798,-0.014752706,-0.3724734,-0.21674328,-0.08528242,-0.2741056,-0.63672155,-0.08898274,0.028847847,0.64770484,345,0,345,0,0.9529586,389.19757,0.0,0.0,31,False,1.5567724,,,,,,,,40,15,0.969898,40,27,1,0.07059486,174.45634,0,0,1.0357739,0.41453663,0.45686328,0.23771764,0.824817,171.40723,-32.03964,18.607428,-41.66375,False,340,183.01457818923,0.72547835,252.26746,20.031153,37,96.5694591219891,8.060012,11.981305,20.376442,32,126.00176984784136,6.418758,19.630241,19.496954,1.2161393,0,1,0,1,0,0.879488,0.34528923,0.53419876,,,,,,,,,,,,,,,,,,,,,,,NOT_AVAILABLE,350.89761934870637,-16.060724409135794,276.9485583702458,-21.110698284855623,False,False,0,False,False,False,False,False,False,False,False,7.837917e-09,5.460979e-13,0.99999154,,,,,,,,,,,,,,,,,,,,,,,0.030205402638939602,IN,3
108,1636148068921376768,Gaia DR3 6709878667529304064,6709878667529304064,1698408088,2016.0,279.10079370786485,0.41368014,-44.31143899548872,0.41579857,0.44249254819405526,0.4518695,0.9792485,10.795955,-5.272943767011331,0.52988344,-9.420652671909624,0.4718368,0.45213363,0.017113833,-0.31089655,-0.18203276,-0.113309704,-0.19815993,-0.6085038,-0.099575095,0.09958348,0.6051804,376,0,374,2,0.76423025,407.58734,0.4266419,0.16906989,95,False,,1.4724083,0.08802617,0.13642013,0.17063092,0.093356065,-0.020283857,-0.14112404,44,16,0.91265786,44,29,0,0.08341095,177.69951,0,0,1.0273876,0.4192988,0.42413208,0.17925467,0.79652977,176.63203,-30.228146,18.354065,-42.40147,False,367,178.6757680928644,0.73676085,242.51529,20.057203,36,109.22108831945971,12.445869,8.77569,20.242777,39,138.4078775992162,8.716898,15.878112,19.394993,1.3859124,0,31,0,35,0,0.84778404,0.18557358,0.66221046,,,,,,,,,,,,,,,,,,,,,,,NOT_AVAILABLE,350.9232187540962,-16.068352253650357,276.96757851957346,-21.092031304093982,False,False,0,False,False,False,False,False,False,False,False,2.9073206e-09,8.2568014e-10,0.99998975,,,,,,,,,,,,,,,,,,,,,,,0.005386028879518762,IN,3
8,1636148068921376768,Gaia DR3 6709878903751796864,6709878903751796864,693266316,2016.0,279.07524344694815,0.46449995,-44.298833416354356,0.4736807,-0.40884101569392683,0.52620065,-0.77696794,3.369731,-2.379358311593066,0.5536664,-2.386156096908,0.49200255,0.37588686,0.15402344,-0.5040796,-0.2119903,-0.19414732,-0.19186656,-0.7181842,-0.24868867,0.16611055,0.47267407,336,0,335,1,0.43125787,362.13373,0.9418362,0.7587597,31,False,1.5042421,,,,,,,,39,14,0.94875467,39,28,0,0.023633327,2.618267,0,0,1.015818,0.41689032,0.50429726,0.27202606,0.8280289,168.41791,-32.203495,22.228788,-40.6923,False,332,178.39493766026462,0.7211486,247.37611,20.05891,35,101.54335388164098,5.449701,18.632832,20.321913,35,104.8788390678673,6.206972,16.89694,19.696177,1.157108,0,0,0,0,0,0.62573624,0.2630024,0.36273384,,,,,,,,,,,,,,,,,,,,,,,NOT_AVAILABLE,350.92807028066835,-16.046638470402414,276.948936158141,-21.078223091035603,False,False,0,False,False,False,False,False,False,False,False,5.269809e-07,5.6691517e-13,0.99989206,,,,,,,,,,,,,,,,,,,,,,,0.026158464669519193,IN,3
104,1636148068921376768,Gaia DR3 6709878869392058752,6709878869392058752,1126482652,2016.0,279.10041231441517,0.43139607,-44.299698619713205,0.44625825,0.9019212648368624,0.46200058,1.952208,6.2411904,-3.5924684043559694,0.4880109,-5.103589658864445,0.45147964,0.51714,0.0061292974,-0.4943692,-0.3568209,-0.09157408,-0.33023047,-0.7220158,-0.19640666,-0.01008137,0.558235,348,0,347,1,-2.515512,297.15912,0.0,0.0,31,False,1.4799391,,,,,,,,40,15,0.89603394,40,27,0,0.13450386,179.63449,0,0,0.904433,0.38765538,0.50006354,0.22832993,0.8160607,170.4806,-33.507988,21.839064,-41.892414,False,342,176.652223422979,0.760597,232.2547,20.069569,32,89.04402890868336,6.635608,13.419121,20.46453,31,95.58642782926383,6.179755,15.467672,19.796906,1.0451635,0,0,0,0,0,0.6676254,0.3949623,0.27266312,,,,,,,,,,,,,,,,,,,,,,,NOT_AVAILABLE,350.93440132958375,-16.063615359111203,276.96813514309025,-21.080299245881285,False,False,0,False,False,False,False,False,False,False,False,7.153304e-08,1.0566415e-12,0.9999984,,,,,,,,,,,,,,,,,,,,,,,0.011907254187617254,IN,3
70,1636148068921376768,Gaia DR3 6709878594514098816,6709878594514098816,1759730656,2016.0,279.09254687525885,0.44536075,-44.32934406467168,0.45485002,0.18396093194846563,0.4925943,0.37345323,8.590404,-5.147084519579685,0.52576786,-6.877685433088847,0.47424302,0.45883945,0.041741557,-0.4536752,-0.27042428,-0.07674095,-0.27200767,-0.6879001,-0.14301956,0.09436427,0.54948103,351,0,350,1,1.1782378,400.30228,1.0074964,0.87360656,31,False,1.4963344,,,,,,,,41,14,0.9292079,41,28,0,0.06501539,174.40912,0,0,1.044208,0.46672276,0.43865305,0.25754845,0.82698846,170.60689,-31.317364,19.718956,-42.029175,False,348,173.49756655455317,0.7511896,230.96375,20.089134,40,91.61959969301286,4.5472455,20.148373,20.43357,35,95.12745218122046,5.806782,16.38213,19.802132,1.076367,0,0,0,0,0,0.6314392,0.34443665,0.28700256,,,,,,,,,,,,,,,,,,,,,,,NOT_AVAILABLE,350.9036532005571,-16.069738512426976,276.95997500824967,-21.10949792548855,False,False,0,False,False,False,False,False,False,False,False,5.2763404e-08,5.578442e-13,0.99999535,,,,,,,,,,,,,,,,,,,,,,,0.02211543645215081,IN,3
137,1636148068921376768,Gaia DR3 6709878701889030528,6709878701889030528,1400820519,2016.0,279.10745097390077,0.46305385,-44.31956045650761,0.48923588,-0.15208392866568213,0.5488126,-0.2771145,3.094973,-0.8597325255618837,0.5298707,-2.973166402295266,0.48309967,0.3921755,0.10872199,-0.5358411,-0.27857828,-0.2606869,-0.20993136,-0.7454227,-0.261461,0.15920724,0.4277454,357,0,354,3,-0.81095433,348.33948,0.0,0.0,31,False,1.4971641,,,,,,,,41,15,0.9275322,41,28,0,0.085553184,177.23726,0,0,0.96851736,0.40687096,0.39468005,0.14508487,0.8117287,-177.44498,-29.512268,15.814104,-42.441322,False,347,169.24266462097634,0.74537116,227.05824,20.116093,35,78.96737274824537,6.210645,12.714842,20.594923,36,124.82173320621666,6.203841,20.120071,19.50717,1.2041237,0,0,0,2,0,1.0877533,0.47883034,0.60892296,,,,,,,,,,,,,,,,,,,,,,,NOT_AVAILABLE,350.9173007272333,-16.07585614704639,276.97208512725064,-21.10045560257815,False,False,0,False,False,False,False,False,False,False,False,1.0453674e-08,4.8015325e-10,0.99998957,,,,,,,,,,,,,,,,,,,,,,,0.009327174161214178,IN,3
36,1636148068921376768,Gaia DR3 6709878560154356224,6709878560154356224,393892350,2016.0,279.0815114881694,0.4517733,-44.330700559974886,0.46241796,0.914663826898163,0.48716196,1.8775353,9.002618,-6.256589291027128,0.58297324,-6.47319284151559,0.5252424,0.47921157,-0.0028540161,-0.33603993,-0.23726466,-0.07183344,-0.25260147,-0.6398688,-0.11562328,0.055352714,0.62138957,346,0,345,1,1.0158683,387.74835,0.0,2.1830584e-15,95,False,,1.3083389,0.09388221,0.14398783,0.18048024,0.07356387,0.028052077,-0.12727526,40,14,1.0222933,40,27,0,0.023293521,108.06338,0,0,1.038271,0.4564699,0.42023495,0.2512609,0.82380843,171.03331,-29.58361,15.8730755,-41.661427,False,344,166.33004023135956,0.72400117,229.73724,20.13494,32,53.59255711019938,4.7627454,11.252451,21.015781,35,179.3757873183137,7.2886662,24.610235,19.113485,1.400639,0,0,0,0,0,1.9022961,0.8808422,1.0214539,,,,,,,,,,,,,,,,,,,,,,,NOT_AVAILABLE,350.8992104596286,-16.062961518971207,276.95143453127474,-21.11031974946541,False,False,0,False,False,False,False,False,False,False,False,1.0978698e-13,2.0688032e-10,0.99999064,,,,,,,,,,,,,,,,,,,,,,,0.02794930284848232,IN,3
165,1636148068921376768,Gaia DR3 6709877941679066752,6709877941679066752,1787228053,2016.0,279.11505496642945,0.44613355,-44.33083733316157,0.45199385,-1.0392399620754877,0.49141556,-2.1147885,4.8449063,3.6052580269222085,0.5040464,-3.236546093352473,0.46105897,0.41268986,-0.02305752,-0.47283462,-0.26394135,-0.15764262,-0.22740656,-0.70921874,-0.15241414,0.103781946,0.46161294,363,0,361,2,-0.40587676,361.7032,0.0,0.0,95,False,,1.65643,0.09460171,0.10170103,0.18207861,0.094497,-0.08431501,-0.24117845,42,15,0.88195693,42,28,0,0.13268286,0.9125904,1,0,0.9838724,0.43348455,0.38125548,0.16876598,0.8004807,178.59393,-28.229605,12.475254,-42.796055,False,349,164.94525768884674,0.7332826,224.9409,20.144018,41,95.75093886362049,7.0062785,13.666448,20.385685,41,155.60640333565667,6.513002,23.891657,19.267826,1.5238835,0,41,0,41,0,1.1178589,0.2416668,0.8761921,,,,,,,,,,,,,,,,,,,,,,,NOT_AVAILABLE,350.90861515337923,-16.085189308290385,276.97708663314694,-21.11207403143538,False,False,0,False,False,False,False,False,False,False,False,8.79687e-08,1.1579444e-08,0.99998575,,,,,,,,,,,,,,,,,,,,,,,0.021178264784835383,IN,3
265,1636148068921376768,Gaia DR3 6709878731953116672,6709878731953116672,696678386,2016.0,279.13597704063716,0.48305097,-44.29460437063799,0.48565394,0.4960480009057878,0.5348334,0.92748135,8.3840885,-4.009302583193139,0.5650451,-7.363317050219317,0.50258344,0.4360311,0.09821492,-0.5105782,-0.30496296,-0.19707075,-0.24449585,-0.728283,-0.26001865,0.13047564,0.46264476,353,0,352,1,1.4763427,408.4129,0.74246573,0.40027994,95,False,,1.3494154,0.10114986,0.119749025,0.17718212,0.03281905,-0.07606844,-0.23166949,41,15,0.9807489,41,28,0,0.022623563,161.30424,0,0,1.0556628,0.4270444,0.3970245,0.1826488,0.8178395,177.4586,-27.193047,13.750452,-41.61752,False,331,164.55938840623526,0.7168848,229.54788,20.14656,31,66.15919437995488,6.0916514,10.860634,20.787067,33,112.0596355042586,6.1672,18.170261,19.624273,1.0830061,0,0,0,0,0,1.1627941,0.64050674,0.52228737,,,,,,,,,,,,,,,,,,,,,,,NOT_AVAILABLE,350.9494163703188,-16.085195987748765,276.99572166678644,-21.076936270931082,False,False,0,False,False,False,False,False,False,False,False,5.088188e-09,3.467573e-10,0.9999932,,,,,,,,,,,,,,,,,,,,,,,0.02533228395847551,IN,3
76,1636148068921376768,Gaia DR3 6709878873697451008,6709878873697451008,731700244,2016.0,279.0940687676143,0.48842388,-44.30023672075094,0.48613718,0.9103458560451223,0.5342529,1.7039605,7.457587,-2.113305313272755,0.6466273,-7.151890528413082,0.5709318,0.42649674,-0.008236682,-0.27648538,-0.15744555,-0.13897243,-0.17548941,-0.572495,-0.05249576,0.1251945,0.601672,332,0,331,1,3.2832384,437.67947,1.6052606,2.142385,95,False,,1.4852526,0.10647395,0.121818796,0.1665958,0.11450503,0.021654226,-0.14361987,38,15,1.0995464,38,38,0,0.07718215,176.5179,0,0,1.1304363,0.39806384,0.43915063,0.18997009,0.79995155,173.9049,-31.057198,18.223667,-42.267014,False,328,162.42327316912701,0.7492215,216.78938,20.160746,32,77.58675566360272,6.5279245,11.885364,20.614073,31,96.76572946617522,5.421647,17.848032,19.783592,1.0734452,0,0,0,0,0,0.8304806,0.45332718,0.3771534,,,,,,,,,,,,,,,,,,,,,,,NOT_AVAILABLE,350.93207889989657,-16.059625291375383,276.96324167759235,-21.08053010806015,False,False,0,False,False,False,False,False,False,False,False,1.4209002e-07,1.9940993e-09,0.9999942,,,,,,,,,,,,,,,,,,,,,,,0.014195005699244725,IN,4
72,1636148068921376768,Gaia DR3 6709878594514111616,6709878594514111616,1301814956,2016.0,279.0936528663335,0.48222095,-44.32121628651455,0.50494355,0.388890129718441,0.49995548,0.7778495,1.9955473,1.965315529675953,0.53100556,0.34604039690948674,0.49942222,0.5537441,0.09142389,-0.5313129,-0.39949515,-0.03559191,-0.3644817,-0.755364,-0.22709069,0.0022524295,0.56767344,373,0,371,2,-0.37268242,376.35938,0.0,0.0,95,False,,1.3384703,0.09291774,0.15310015,0.18943188,0.121879786,-0.14624134,-0.23756258,43,15,1.0028335,43,30,0,0.07633527,176.38426,0,0,0.9853293,0.40569952,0.44578186,0.20631285,0.8185233,175.17822,-31.98558,19.040329,-41.976616,False,368,161.63037133628842,0.6804067,237.54964,20.16606,21,63.46774786198708,6.947331,9.135558,20.832159,22,113.82136149611063,6.556464,17.360174,19.607336,1.09688,0,0,0,2,0,1.224823,0.66609955,0.55872345,,,,,,,,,,,,,,,,,,,,,,,NOT_AVAILABLE,350.9117845725721,-16.067365107733398,276.9614082493808,-21.101441936542805,False,False,0,False,False,False,False,False,False,False,False,3.8603906e-07,1.5773333e-09,0.99998856,,,,,,,,,,,,,,,,,,,,,,,0.015089658471720373,IN,4
252,1636148068921376768,Gaia DR3 6709877980337822080,6709877980337822080,1212626763,2016.0,279.1337720919914,0.4863399,-44.31291686620392,0.49054566,0.7794354753723148,0.5311487,1.4674526,9.711028,1.9952888916683018,0.54839575,-9.503835244613658,0.4879653,0.43207964,0.13405615,-0.5052751,-0.2565665,-0.10351467,-0.22946204,-0.7208613,-0.24743886,0.09437034,0.4734478,347,0,343,4,0.26768866,367.83426,0.0,0.0,31,False,1.5001899,,,,,,,,40,14,0.95703524,40,29,0,0.060839843,2.343357,0,0,1.009324,0.42026156,0.46919522,0.22640042,0.8134981,172.00275,-30.831558,21.516518,-41.381477,False,342,159.0374030779122,0.69367903,229.26656,20.183619,38,85.85483215845134,4.425331,19.40077,20.50413,34,102.69678260909234,4.5989423,22.330523,19.719004,1.1855804,0,2,0,2,0,0.78512573,0.32051086,0.46461487,,,,,,,,,,,,,,,,,,,,,,,NOT_AVAILABLE,350.931173334978,-16.090726446667823,276.99270595239284,-21.09509997301033,False,False,0,False,False,False,False,False,False,False,False,1.6894361e-08,6.0714916e-10,0.9999838,,,,,,,,,,,,,,,,,,,,,,,0.01853892545064438,IN,4
169,1636148068921376768,Gaia DR3 6709878770618105728,6709878770618105728,1259058827,2016.0,279.11550480104864,0.47204962,-44.30540291690509,0.5034124,-0.02807407711157242,0.5170264,-0.054299112,2.4823878,-2.4438662951820396,0.5415913,0.4356220006869691,0.518017,0.3596935,-0.044690587,-0.4864647,-0.22260173,-0.0131619265,-0.2207867,-0.74842495,-0.13515535,-0.020621803,0.448892,364,0,363,1,1.0421745,405.95688,0.0,0.0,95,False,,1.419487,0.09654415,0.14194202,0.15925334,0.070379965,-0.13510863,-0.19817549,42,15,0.9642114,42,42,0,0.026333574,178.6119,0,0,1.0383092,0.46819302,0.4025316,0.23743844,0.8102238,173.09749,-28.96361,16.249544,-42.068085,False,345,158.3916732992728,0.7314525,216.54402,20.188036,26,58.04669542369687,4.624768,12.551267,20.929098,28,157.1778196467746,6.2403297,25.187422,19.256918,1.3588121,0,0,0,0,0,1.6721802,0.74106216,0.931118,,,,,,,,,,,,,,,,,,,,,,,NOT_AVAILABLE,350.9332080481844,-16.075776290266884,276.97927223533424,-21.08671944027461,False,False,0,False,False,False,False,False,False,False,False,2.1566002e-10,2.4851377e-10,0.99999756,,,,,,,,,,,,,,,,,,,,,,,0.007160907451363589,IN,4
203,1636148068921376768,Gaia DR3 6709878701893359232,6709878701893359232,667553485,2016.0,279.1233927732473,0.5086456,-44.30712200160422,0.5308144,-0.44034237004607246,0.55948997,-0.78704244,9.381161,-5.748745130428828,0.58811,-7.413373035147194,0.54168606,0.34187886,0.10028549,-0.52767485,-0.2219453,-0.11168288,-0.1790531,-0.7438218,-0.2542176,0.05453104,0.39828324,337,0,333,4,1.104926,375.90268,0.9641083,0.6362151,95,False,,1.4715756,0.10510304,0.101789646,0.16732794,0.072161034,-0.062113527,-0.23127176,39,14,1.0142665,39,28,0,0.06629795,92.35913,0,0,1.0424819,0.4471819,0.38446414,0.20702371,0.8096629,175.81178,-27.6095,15.885058,-42.090195,False,329,156.8274691088706,0.74142694,211.52113,20.198812,13,90.56080767020633,13.611884,6.653069,20.446192,13,127.88922044230726,8.057558,15.871958,19.48081,1.3929322,0,0,0,0,0,0.9653816,0.2473793,0.7180023,,,,,,,,,,,,,,,,,,,,,,,NOT_AVAILABLE,350.93379738113515,-16.08164978327175,276.98518383528346,-21.0888160138576,False,False,0,False,False,False,False,False,False,False,False,4.864691e-09,4.2964188e-09,0.9999828,,,,,,,,,,,,,,,,,,,,,,,0.011357265028992473,IN,4
11,1636148068921376768,Gaia DR3 6709878628873849600,6709878628873849600,964656355,2016.0,279.076167864766,0.4959122,-44.32070369079559,0.5080716,0.220812073815706,0.57165504,0.38626805,4.3844843,0.9673915867127948,0.6135557,-4.2764301382234935,0.57253784,0.46157968,0.050150003,-0.37990785,-0.25596055,-0.08461363,-0.26877737,-0.6459304,-0.051911123,0.075302966,0.5785019,318,0,318,0,1.7006043,373.7507,1.1395031,0.86539006,95,False,,1.6101072,0.107245766,0.12442369,0.17538671,0.075257756,-0.075983405,-0.24999884,37,13,1.0898224,37,24,0,0.04594003,2.8355174,1,0,1.0677532,0.4331095,0.45971635,0.25782636,0.8321995,169.5871,-33.008762,21.284723,-42.124928,False,315,154.947738233271,0.75612795,204.92265,20.211905,30,65.6924548025942,5.707003,11.51085,20.794754,29,123.4192702590466,5.713989,21.599495,19.519438,1.2204871,0,0,0,1,0,1.2753162,0.5828495,0.69246674,,,,,,,,,,,,,,,,,,,,,,,NOT_AVAILABLE,350.90730381568534,-16.05560891827183,276.9480671830791,-21.100088340170604,False,False,0,False,False,False,False,False,False,False,False,1.2590583e-09,5.153068e-13,0.99999607,,,,,,,,,,,,,,,,,,,,,,,0.025149114968497487,IN,4
222,1636148068921376768,Gaia DR3 6709878736252087680,6709878736252087680,1332766152,2016.0,279.1268486091002,0.5196818,-44.30286377317306,0.53283656,1.7924159295562092,0.59122276,3.0317101,10.692131,5.097495761877811,0.6391051,-9.398787079395145,0.57942605,0.35824195,0.15058231,-0.46850532,-0.1959657,-0.16018744,-0.19444826,-0.7071287,-0.21671323,0.13863686,0.4946579,331,0,330,1,1.0106229,375.0234,1.0290712,0.74184746,95,False,,1.3130561,0.107223,0.13564424,0.20530523,0.08072943,-0.116058245,-0.24710953,38,14,1.0992982,38,26,0,0.07354841,10.041905,0,0,1.0389204,0.3949606,0.44553438,0.19919929,0.8152583,175.29828,-30.6126,20.299847,-41.438564,False,321,154.01832302415139,0.7506366,205.18361,20.218435,26,53.60398895788122,6.1589932,8.703369,21.015549,28,179.55687776453533,11.664653,15.393247,19.11239,1.5138515,0,0,0,0,0,1.9031582,0.7971134,1.1060448,,,,,,,,,,,,,,,,,,,,,,,NOT_AVAILABLE,350.9388759622804,-16.082310047604306,276.9881369370915,-21.08473473967751,False,False,0,False,False,False,False,False,False,False,False,2.8439162e-10,1.1651632e-09,0.9999731,,,,,,,,,,,,,,,,,,,,,,,0.015292468234607077,IN,4
73,1636148068921376768,Gaia DR3 6709878598813140480,6709878598813140480,570040949,2016.0,279.0936655472483,0.5199204,-44.320547545879194,0.5356496,-0.27774551454910046,0.5129813,-0.541434,2.2875695,-1.0733050983997199,0.6123616,-2.0201461673986776,0.5552258,0.5644977,0.1003368,-0.5674391,-0.4214691,-0.017830838,-0.41437113,-0.76374257,-0.22238728,-0.012222601,0.6307102,360,0,358,2,-0.7423627,358.44983,0.0,0.0,31,False,1.6069816,,,,,,,,42,14,1.144743,42,30,0,0.07989442,6.091586,0,0,0.971256,0.43387502,0.46282747,0.23180991,0.8120638,170.78926,-31.04739,19.366434,-41.762287,False,353,153.86050595319045,0.6758782,227.64531,20.21955,16,83.84566925445569,9.463539,8.859864,20.52984,15,99.86394958383492,10.540928,9.473924,19.749374,1.1940011,0,0,0,1,0,0.7804661,0.3102913,0.4701748,,,,,,,,,,,,,,,,,,,,,,,NOT_AVAILABLE,350.9124313298631,-16.067118040249856,276.961466254927,-21.10077532736465,False,False,0,False,False,False,False,False,False,False,False,1.0513172e-05,6.794681e-09,0.9999823,,,,,,,,,,,,,,,,,,,,,,,0.014604309509691675,IN,4
64,1636148068921376768,Gaia DR3 6709878598813130624,6709878598813130624,529459683,2016.0,279.0913090454176,0.52575964,-44.32837130386337,0.5445037,0.874846547256396,0.59019375,1.482304,5.5979714,4.337403786781024,0.61895335,-3.5389563609897143,0.58005315,0.4629681,0.0029925946,-0.43800864,-0.29610983,-0.08767273,-0.28347757,-0.67491865,-0.10258952,0.030812941,0.53515524,349,0,345,4,2.9965096,444.4351,1.9487801,2.703553,95,False,,1.4565368,0.11179217,0.11503817,0.14960587,0.10503507,-0.080337584,-0.221194,41,14,1.1090499,41,28,0,0.2011711,90.72029,1,0,1.1162399,0.46145797,0.40071422,0.22974245,0.8282283,173.34375,-30.398462,17.46325,-42.55972,False,344,153.78074428740135,0.9315508,165.08037,20.220112,31,49.5136951403304,5.2993026,9.343436,21.101728,36,203.90387339750967,5.8921237,34.60618,18.97433,1.6479148,0,1,0,2,0,2.1273975,0.8816166,1.245781,,,,,,,,,,,,,,,,,,,,,,,NOT_AVAILABLE,350.90423677637597,-16.068548616164932,276.9590982601344,-21.10846771433196,False,False,0,False,False,False,False,False,False,False,False,8.40479e-10,6.0038047e-10,0.9999934,,,,,,,,,,,,,,,,,,,,,,,0.021758261919687792,IN,4
43,1636148068921376768,Gaia DR3 6709878869392055936,6709878869392055936,267745951,2016.0,279.08368038780566,0.5522749,-44.30000500431129,0.57533425,0.34243530106604253,0.5461245,0.62702787,7.2446256,-1.6290074077789956,0.6357507,-7.059102770007605,0.5819998,0.6168209,0.19435304,-0.55638987,-0.4544434,0.12467321,-0.4643503,-0.7575231,-0.2708827,-0.08932274,0.6592026,312,0,309,3,-1.8625717,278.42862,0.0,0.0,31,False,1.5174876,,,,,,,,36,14,1.2160926,36,25,0,0.1579962,178.98601,1,0,0.92435354,0.37959388,0.54471993,0.28255296,0.83494407,164.24286,-34.63178,22.53153,-41.074337,False,302,153.53914504852048,0.79052746,194.22366,20.221819,32,79.55696860800153,7.103219,11.200129,20.586847,30,109.6353406570499,5.8961086,18.594524,19.64802,1.232209,0,0,0,0,0,0.9388275,0.36502838,0.57379913,,,,,,,,,,,,,,,,,,,,,,,NOT_AVAILABLE,350.9293453368225,-16.05266610585713,276.95530837524825,-21.079798237385333,False,False,0,False,False,False,False,False,False,False,False,5.959099e-09,6.9910905e-10,0.9999877,,,,,,,,,,,,,,,,,,,,,,,0.020275976546486343,IN,4
288,1636148068921376768,Gaia DR3 6709877980342649216,6709877980342649216,181666404,2016.0,279.14301121803123,0.4846972,-44.31397547299368,0.49759194,0.3604249579495779,0.56307983,0.64009565,3.8584611,-3.8543737389981674,0.5703436,0.17755503830683594,0.5120897,0.34113073,0.073554814,-0.49154288,-0.22416775,-0.15532507,-0.18181938,-0.7284517,-0.27880955,0.081281416,0.41819003,347,0,346,1,-0.13445482,354.0556,0.0,0.0,95,False,,1.5286891,0.10309164,0.114020914,0.17682014,0.057771455,-0.082085446,-0.2371401,40,14,0.9706885,40,28,0,0.028578002,22.639408,0,0,0.9938698,0.45015958,0.3963145,0.20815383,0.8151428,175.60464,-27.084126,15.730151,-41.496445,False,341,151.62093369008568,0.7558757,200.58977,20.23547,34,47.60460820811724,5.7559996,8.270432,21.14442,35,119.25143736230488,5.63119,21.176952,19.556736,1.1004816,0,0,0,0,0,1.5876846,0.9089508,0.6787338,,,,,,,,,,,,,,,,,,,,,,,NOT_AVAILABLE,350.932780339184,-16.097241055082726,276.9996986094304,-21.096603791799975,False,False,0,False,False,False,False,False,False,False,False,4.0318804e-10,3.122041e-10,0.99999976,,,,,,,,,,,,,,,,,,,,,,,0.025233495869767107,IN,4
146,1636148068921376768,Gaia DR3 6709878770611847936,6709878770611847936,1541667004,2016.0,279.1099659605054,0.4957173,-44.297791061538256,0.49769375,1.2128954370061606,0.5675669,2.137009,5.6073685,-2.343053363732356,0.6483215,-5.094377345966079,0.5612786,0.38007858,0.107649274,-0.40625215,-0.17546727,-0.12942146,-0.19733301,-0.6580227,-0.2431695,0.089595474,0.5633936,346,0,344,2,-1.8014295,315.11285,0.0,0.0,31,False,1.5396653,,,,,,,,40,14,1.0985085,40,28,0,0.034976494,174.91367,0,0,0.9306603,0.44967562,0.42447248,0.23465319,0.82206553,172.81236,-28.633411,17.418024,-41.21033,False,342,147.9724544927641,0.7205751,205.35327,20.261915,36,90.58094763746895,6.082859,14.89118,20.44595,37,92.87358603947413,5.7920375,16.0347,19.828165,1.2397884,0,0,0,0,0,0.6177845,0.18403435,0.43375015,,,,,,,,,,,,,,,,,,,,,,,NOT_AVAILABLE,350.93895382163925,-16.069205889290426,276.9755843629602,-21.078857311190742,False,False,0,False,False,False,False,False,False,False,False,7.9620935e-07,6.734343e-13,0.9999944,,,,,,,,,,,,,,,,,,,,,,,0.01252385169505946,IN,4
199,1636148068921376768,Gaia DR3 6709878770611845760,6709878770611845760,457872913,2016.0,279.12227976300824,0.5204234,-44.292245577644486,0.53245515,1.9026714390276447,0.6066801,3.1362023,8.03036,-1.0143638997537472,0.6025805,-7.966037021929918,0.5485589,0.4082174,0.1330427,-0.48750427,-0.23539084,-0.12647875,-0.2117243,-0.72441643,-0.24964327,0.13003506,0.46627903,344,0,343,1,-1.3611181,322.7724,0.0,0.0,95,False,,1.3862514,0.10668885,0.09912141,0.17271069,0.015098874,-0.059745565,-0.22410746,40,14,1.04921,40,29,0,0.0005297063,38.43993,0,0,0.947061,0.45428425,0.43586126,0.25303692,0.8266924,171.37627,-29.199615,18.055916,-41.02174,False,326,146.6087105342907,0.73997325,198.12704,20.271967,30,65.06249396629566,6.4025903,10.161901,20.805216,30,105.24152714531434,9.961949,10.564351,19.692429,1.1616228,0,0,0,1,0,1.1127872,0.5332489,0.57953835,,,,,,,,,,,,,,,,,,,,,,,NOT_AVAILABLE,350.9477901337187,-16.075233894000228,276.9854097284601,-21.0739197693663,False,False,0,False,False,False,False,False,False,False,False,9.6169765e-09,9.741913e-10,0.9999929,,,,,,,,,,,,,,,,,,,,,,,0.020652190386917204,IN,4
184,1636148068921376768,Gaia DR3 6709878697593350272,6709878697593350272,331008494,2016.0,279.119061263046,0.5039428,-44.30735093199036,0.5268164,0.5230126042729144,0.53589576,0.97595954,7.338227,1.0135175734729702,0.5793619,-7.267899096415496,0.5404747,0.4708734,0.050089404,-0.5090766,-0.32183793,-0.03102761,-0.3012674,-0.739168,-0.18407996,0.00034262604,0.52879673,369,0,367,2,-0.045612663,380.95752,0.0,0.0,95,False,,1.5277357,0.10368545,0.14532153,0.17920502,0.091439694,-0.115424596,-0.21830459,43,14,1.0544456,43,30,0,0.07376375,172.98051,0,0,0.99738026,0.4640124,0.4078316,0.23232692,0.815745,173.3093,-29.476505,16.672024,-42.133278,False,365,145.03587449118953,0.67641306,214.4191,20.283678,32,65.5287779459182,5.8511577,11.199285,20.797462,31,88.24153984837761,6.51594,13.542411,19.883713,1.0602226,0,1,0,0,0,0.9137497,0.5137844,0.3999653,,,,,,,,,,,,,,,,,,,,,,,NOT_AVAILABLE,350.93234563008855,-16.07887231303722,276.9818526946826,-21.088834934920804,False,False,0,False,False,False,False,False,False,False,False,3.293455e-08,5.578302e-13,0.9999894,,,,,,,,,,,,,,,,,,,,,,,0.00833830242824386,IN,4
16,1636148068921376768,Gaia DR3 6709878839331344640,6709878839331344640,984034750,2016.0,279.0771200454307,0.54596066,-44.302240454451585,0.5555774,-0.9746381421676562,0.63975114,-1.5234646,7.5646963,-1.9188566540848755,0.6730519,-7.317282324131067,0.6205871,0.37007254,0.24330644,-0.44998762,-0.1745207,-0.13637845,-0.18947305,-0.69050986,-0.21250519,0.13067555,0.5100194,322,0,320,2,0.5051128,344.15414,0.0,0.0,95,False,,1.6616414,0.11368664,0.08007976,0.256345,0.024500014,-0.052598234,-0.29948267,37,13,1.1649264,37,26,0,0.057589594,164.1223,0,0,1.0191553,0.3922701,0.51334745,0.26730996,0.83141124,168.2745,-33.04735,22.670721,-40.770676,False,314,144.24848969287444,0.6731336,214.294,20.289589,27,74.43246475056793,6.691904,11.122764,20.659136,21,90.19552644540776,4.9593854,18.186836,19.859934,1.1412805,0,2,0,1,0,0.79920197,0.3695469,0.42965508,,,,,,,,,,,,,,,,,,,,,,,NOT_AVAILABLE,350.925328519782,-16.04918187758742,276.9501267278967,-21.08171273528105,False,False,0,False,False,False,False,False,False,False,False,6.250147e-07,3.533892e-09,0.9999886,,,,,,,,,,,,,,,,,,,,,,,0.023593668271021637,IN,4
109,1636148068921376768,Gaia DR3 6709878873691066752,6709878873691066752,776331215,2016.0,279.10125583259935,0.50982195,-44.299373364470284,0.50410545,0.4708894667923073,0.5476838,0.8597835,5.5426593,1.9369690833047815,0.63594556,-5.193189898630198,0.5694943,0.5461087,0.0738021,-0.4029056,-0.33004484,-0.12656172,-0.3406695,-0.63685197,-0.13509676,0.083279885,0.6684859,332,0,332,0,-1.1928484,313.75925,0.0,0.0,95,False,,1.5415667,0.10437664,0.18922716,0.11979161,0.06350297,-0.14124519,-0.18140799,38,14,1.1418804,38,25,0,0.03924261,170.35754,0,0,0.9526438,0.39995742,0.47402832,0.24054691,0.82623607,170.09366,-32.83816,19.301235,-41.68135,False,330,141.76486727255005,0.72365755,195.90048,20.308445,25,61.46720317453447,5.525159,11.124966,20.866934,29,113.41649862071259,5.885548,19.270338,19.611204,1.233618,0,0,0,0,0,1.2557297,0.55848885,0.6972408,,,,,,,,,,,,,,,,,,,,,,,NOT_AVAILABLE,350.93495412212616,-16.064049027253745,276.96880417873234,-21.080015438720825,False,False,0,False,False,False,False,False,False,False,False,7.233355e-10,3.9501696e-10,0.9999971,,,,,,,,,,,,,,,,,,,,,,,0.011934951261893308,IN,4
281,1636148068921376768,Gaia DR3 6709877976038842496,6709877976038842496,135286341,2016.0,279.1400329400326,0.5589958,-44.30860068174163,0.58306396,0.5156620670181238,0.6211175,0.83021665,7.780906,-6.807179602861521,0.62982464,-3.768926234501606,0.57838255,0.3663971,0.11991272,-0.53667986,-0.24024895,-0.0141857965,-0.20708543,-0.75868326,-0.28324455,0.01634033,0.40337878,310,0,308,2,-1.2426564,287.2305,0.0,0.0,95,False,,1.690856,0.113614075,0.17063482,0.21523868,0.07565258,-0.11662738,-0.25251,36,14,1.1007345,36,26,0,0.018568192,103.1847,0,0,0.9487808,0.5169615,0.38022158,0.26716807,0.81745696,171.10144,-26.736364,18.511406,-41.992897,False,307,141.25677733184287,0.74154294,190.49036,20.312344,33,58.27150134134055,4.9423733,11.790186,20.924902,31,85.20662983264616,6.4858603,13.13729,19.921713,1.0157256,0,0,0,1,0,1.0031891,0.61255836,0.39063072,,,,,,,,,,,,,,,,,,,,,,,NOT_AVAILABLE,350.9371048916683,-16.09322039500207,276.9978098847976,-21.0910969927488,False,False,0,False,False,False,False,False,False,False,False,9.205427e-09,3.094364e-10,0.9999926,,,,,,,,,,,,,,,,,,,,,,,0.022885561239329017,IN,4
192,1636148068921376768,Gaia DR3 6709878701892340224,6709878701892340224,517506729,2016.0,279.12033151618647,0.5408606,-44.31278957035706,0.5685839,-0.3326557050806701,0.571588,-0.5819851,3.340779,-0.7667451570722934,0.6327048,-3.2516005698297583,0.5915969,0.4187082,0.045877717,-0.48965362,-0.2845412,-0.038353726,-0.26751015,-0.72861254,-0.1633813,0.0037123938,0.48435944,324,0,322,2,0.33822164,345.75464,0.47027856,0.120458834,95,False,,1.4353912,0.115129314,0.13773824,0.17262276,0.081017695,-0.11503311,-0.22783875,38,14,1.1280195,38,26,0,0.01762672,156.17587,0,0,1.0124245,0.42128405,0.38109484,0.19751461,0.80935127,176.32632,-29.184597,14.805058,-42.47892,False,308,138.1863846870833,0.71693194,192.74687,20.336205,24,95.10168356436546,6.89233,13.79819,20.393072,23,94.0651729439802,6.8669515,13.698243,19.814323,1.3689255,0,1,0,2,0,0.5787487,0.0568676,0.5218811,,,,,,,,,,,,,,,,,,,,,,,NOT_AVAILABLE,350.9274754070814,-16.0817887587096,276.9824307915304,-21.094322563602727,True,False,0,False,False,False,False,False,False,False,False,0.53419775,2.0462956e-10,3.4704437e-06,,,,,,,,,,,,,,,,,,,,,,,0.009091171730805505,IN,4
61,1636148068921376768,Gaia DR3 6709878663233608704,6709878663233608704,1669530088,2016.0,279.08992574429266,0.5860612,-44.30862470032425,0.60898757,-0.5302275898072564,0.6814023,-0.77814174,1.0596079,0.8772653552057682,0.709317,0.5942847886905109,0.6446251,0.34092346,0.12630986,-0.47415665,-0.20028397,-0.19385281,-0.17522913,-0.72366595,-0.26482746,0.15106264,0.43607658,320,0,319,1,0.92902255,373.86462,1.579301,1.3766867,95,False,,1.2276347,0.12433972,0.06483696,0.23640513,-0.005485468,-0.032412812,-0.27914768,37,14,1.2082022,37,25,0,0.03599954,3.310356,0,0,1.0362822,0.4272342,0.42607996,0.2167738,0.8139914,173.44272,-28.63454,18.282984,-41.19343,False,316,138.11616184827577,0.74455446,185.50175,20.336756,26,32.23016617412486,4.1610594,7.7456636,21.567886,34,133.77059641366625,8.318925,16.080275,19.431993,1.2018924,0,1,0,2,1,2.1358929,1.2311306,0.90476227,,,,,,,,,,,,,,,,,,,,,,,NOT_AVAILABLE,350.92283367759336,-16.06009018103516,276.9594656252526,-21.088699295042307,False,False,0,False,False,False,False,False,False,False,False,8.000425e-10,1.8599007e-10,0.9999998,,,,,,,,,,,,,,,,,,,,,,,0.01312975872275036,IN,4
92,1636148068921376768,Gaia DR3 6709878873687754496,6709878873687754496,1308636255,2016.0,279.09745442997314,0.5957501,-44.29276605442757,0.6181504,0.31647418269864663,0.6828733,0.46344492,11.349149,-6.594040911382971,0.7129606,-9.236979790945037,0.67129165,0.44720015,0.059707284,-0.4263602,-0.27760014,0.0032807994,-0.28248796,-0.6754804,-0.107735604,0.027355473,0.5543119,282,0,280,2,1.3139914,326.00925,1.4838396,1.1927577,95,False,,1.4682751,0.12875652,0.20335174,0.13803224,0.112261854,-0.16724381,-0.21774797,33,14,1.2794999,33,21,0,0.049563628,4.3828936,0,0,1.055414,0.41969204,0.45088038,0.27458388,0.8387612,168.24875,-33.772594,21.120815,-42.288914,False,272,135.75481947193242,0.8265054,164.25159,20.355478,20,39.19520800804377,7.4063263,5.2921257,21.35546,30,129.92878894446528,5.119931,25.377058,19.463633,1.2458048,0,0,0,0,0,1.8918266,0.9999809,0.8918457,,,,,,,,,,,,,,,,,,,,,,,NOT_AVAILABLE,350.9402265937537,-16.059010342841624,276.9663723078134,-21.073239730429496,False,False,0,False,False,False,False,False,False,False,False,3.7820972e-11,2.918517e-10,0.9999905,,,,,,,,,,,,,,,,,,,,,,,0.019077891982858773,IN,4
5,1636148068921376768,Gaia DR3 6709890659081362432,6709890659081362432,134988679,2016.0,279.0745475062922,0.63349664,-44.28804523280135,0.6516919,1.317371921660137,0.7309326,1.8023165,2.6173673,0.2823476931458256,0.77056724,-2.602093515254756,0.6838471,0.44792837,0.076402605,-0.41533813,-0.23606408,-0.13758986,-0.18167906,-0.6634711,-0.31616586,-0.008523902,0.5252347,308,0,305,3,1.3196483,354.64813,1.582076,1.2177727,95,False,,1.4870563,0.13184316,0.068769254,0.12856662,0.1804393,-0.17636581,-0.28941622,36,13,1.3256874,36,25,0,0.018139442,60.485546,1,0,1.0533124,0.41413245,0.51631075,0.24090065,0.8264218,173.69597,-33.02492,19.204655,-40.98993,False,302,131.915669495307,0.75039935,175.79395,20.386625,27,44.361811255729876,7.205762,6.156436,21.22102,28,132.34542700264933,8.439851,15.681015,19.443623,1.339547,0,1,0,1,0,1.7773972,0.83439445,0.9430027,,,,,,,,,,,,,,,,,,,,,,,NOT_AVAILABLE,350.9382448842328,-16.0420539068633,276.9491808709808,-21.067425827465364,False,False,0,False,False,False,False,False,False,False,False,7.675379e-11,1.1324373e-10,0.99999964,,,,,,,,,,,,,,,,,,,,,,,0.032721455664924126,IN,4
214,1636148068921376768,Gaia DR3 6709878804971575808,6709878804971575808,1335842062,2016.0,279.1254129579562,0.6353891,-44.297457203450186,0.652072,-0.26911358977612704,0.7025685,-0.3830425,16.362156,-2.000702064742856,0.7559456,-16.239376730016847,0.6742736,0.5024564,0.16190702,-0.5794394,-0.40060076,0.02602024,-0.38309246,-0.7811009,-0.3719141,-0.04145001,0.5652646,286,0,286,0,0.5667433,312.67432,0.0,0.0,95,False,,1.5120307,0.13284746,0.26282078,0.32431555,0.09531167,-0.2297495,-0.36504397,33,13,1.3830181,33,22,0,0.07422288,177.29929,0,0,1.0228449,0.47780144,0.38362473,0.23089617,0.822276,171.9059,-26.188429,17.209785,-41.81313,False,284,131.80695317955437,0.7655148,172.1808,20.387522,20,67.2807246147921,7.4405794,9.042404,20.768816,18,83.88769987784526,8.267843,10.146261,19.93865,1.1468927,0,0,0,1,0,0.83016586,0.38129425,0.4488716,,,,,,,,,,,,,,,,,,,,,,,NOT_AVAILABLE,350.94366833055153,-16.079296403796487,276.9874300674492,-21.079271068629254,False,False,0,False,False,False,False,False,False,False,False,9.14313e-08,1.7903616e-08,0.99999475,,,,,,,,,,,,,,,,,,,,,,,0.017789543698489643,IN,4
115,1636148068921376768,Gaia DR3 6709877842898873216,6709877842898873216,763276689,2016.0,279.1019594687352,0.60947734,-44.330351996207604,0.63124,1.349487696463296,0.7366799,1.8318509,10.438788,-5.741510731113963,0.7410231,-8.717990393413036,0.6545092,0.40051275,0.03693704,-0.38465,-0.16923322,-0.21872953,-0.116654254,-0.65931106,-0.30776283,0.093286835,0.48013136,321,0,319,2,1.3482738,386.06937,1.0149177,0.462931,95,False,,1.225507,0.12734656,-0.008674639,0.13673076,0.107166365,-0.12536328,-0.27691796,37,13,1.2428083,37,26,0,0.16770892,0.40765455,0,0,1.0532852,0.47762057,0.52160746,0.2773704,0.82327867,170.72241,-32.641216,21.764519,-41.281,False,317,129.55837308381135,0.72180647,179.49184,20.406202,21,37.744225788699836,6.5035453,5.8036385,21.396416,34,169.00222369486784,7.689017,21.979692,19.178164,1.5957783,0,1,0,1,0,2.2182522,0.9902134,1.2280388,,,,,,,,,,,,,,,,,,,,,,,NOT_AVAILABLE,350.9053598588629,-16.076346169623648,276.96710321595714,-21.110957491503168,False,False,0,False,False,False,False,False,False,False,False,2.6281767e-11,5.278652e-13,0.9999955,,,,,,,,,,,,,,,,,,,,,,,0.020585452529814578,IN,4
15,1636148068921376768,Gaia DR3 6709878942407249024,6709878942407249024,28234398,2016.0,279.076881801021,0.64726526,-44.29025252119017,0.68496287,0.558406624684701,0.7169085,0.77890915,5.213068,-2.5332188311086985,0.8292765,-4.55619139210749,0.7537918,0.59734267,0.093318395,-0.46298116,-0.3961162,0.09661537,-0.40917057,-0.7235638,-0.35871825,-0.17528202,0.6959352,294,0,294,0,-0.8013396,281.68625,0.0,0.0,95,False,,1.6413978,0.1408861,0.19612388,0.28588146,0.24490969,-0.31696838,-0.41432518,34,13,1.5424944,35,24,0,0.12277934,177.80818,0,40,0.9656531,0.494691,0.53517616,0.31950074,0.8333744,166.22008,-33.471798,20.019783,-41.25605,False,289,128.59023848314357,0.71380234,180.14824,20.414347,0,,,,,0,,,,,,,,,,2,,,,,,,,,,,,,,,,,,,,,,,,,,NOT_AVAILABLE,350.93678731358455,-16.04444177928717,276.9508084174752,-21.069740475157438,False,False,0,False,False,False,False,False,False,False,False,,,,,,,,,,,,,,,,,,,,,,,,,,0.030000210750669547,IN,4
180,1636148068921376768,Gaia DR3 6709877872959584384,6709877872959584384,800363408,2016.0,279.11821536114263,0.58730423,-44.33488737138651,0.6149285,-1.5746486043766288,0.61360294,-2.5662336,9.134162,0.6914915492055866,0.6947653,-9.107950406763223,0.6398028,0.5223225,0.06825698,-0.52748454,-0.38288078,-0.015971264,-0.37476087,-0.7436984,-0.22587548,-0.018540414,0.58339494,327,0,324,3,0.7495723,358.90253,0.29885218,0.042484958,95,False,,1.4323524,0.12343972,0.06644075,0.1292539,0.05232378,-0.080441415,-0.20805794,38,14,1.2819991,39,27,0,0.049044333,179.93153,0,0,1.0288109,0.44588825,0.44603834,0.23283628,0.81982774,171.64313,-31.662222,20.969002,-42.330933,False,323,128.19447396254506,0.69127333,185.44687,20.417694,31,40.230022988704114,4.740555,8.486353,21.327166,35,111.65192095628747,7.644666,14.605206,19.62823,1.1847776,0,0,0,1,0,1.6989365,0.9094715,0.78946495,,,,,,,,,,,,,,,,,,,,,,,NOT_AVAILABLE,350.90561727307716,-16.088824679856412,276.9792110714644,-21.116267545770615,False,False,0,False,False,False,False,False,False,False,False,2.8029634e-10,7.2592904e-11,0.9999992,,,,,,,,,,,,,,,,,,,,,,,0.025675157376657463,IN,4
154,1636148068921376768,Gaia DR3 6709878697593329536,6709878697593329536,1527704874,2016.0,279.11169405496764,0.60872203,-44.31874152500116,0.6283821,-0.9168857437290375,0.6590064,-1.3913153,9.236957,-2.600782017729389,0.7404542,-8.863255246919524,0.67382264,0.46325412,0.15682524,-0.48780674,-0.28837413,-0.06305553,-0.285091,-0.71505624,-0.23435105,0.056277063,0.5591642,320,0,316,4,-0.46264714,316.84836,0.0,0.0,95,False,,1.418613,0.12629496,0.118894294,0.21331292,0.106881954,-0.09999356,-0.24792348,37,14,1.3193591,38,27,1,0.07844084,177.0463,0,0,0.9804089,0.39681527,0.46878442,0.23850301,0.82954156,171.3378,-32.100502,20.770132,-41.327213,False,316,124.85646078697646,0.72393787,172.46848,20.446339,32,55.964476109883904,5.7626877,9.711523,20.968761,33,65.23694668116639,5.072006,12.862158,20.211662,0.9707261,0,0,0,0,0,0.75709915,0.5224228,0.23467636,,,,,,,,,,,,,,,,,,,,,,,NOT_AVAILABLE,350.9192947592851,-16.078349178759787,276.975390876962,-21.099843462219887,False,False,0,False,False,False,False,False,False,False,False,2.4108405e-07,2.263178e-09,0.999993,,,,,,,,,,,,,,,,,,,,,,,0.00886915503254104,IN,4
188,1636148068921376768,Gaia DR3 6709878770611841024,6709878770611841024,547854798,2016.0,279.11976877169514,0.6202434,-44.29820952133757,0.63235277,-1.0070000323282233,0.661749,-1.521725,10.713318,-3.539800398713546,0.89042675,-10.11162615250688,0.7669868,0.44140097,0.12066651,-0.35360584,-0.23004358,-0.07006652,-0.27230367,-0.6437486,-0.19341509,0.03758881,0.6490443,285,0,284,1,-1.254247,280.20917,0.0,0.0,95,False,,1.1697707,0.13467743,0.11247943,0.14330259,0.07460887,0.08079799,-0.06570426,33,14,1.5327647,33,22,1,0.024739463,7.2040725,0,0,0.9461051,0.37367016,0.4187254,0.16697705,0.808652,176.54854,-28.87262,18.35797,-41.559925,False,283,124.70955421399282,0.7475299,166.82884,20.447618,24,67.0544175864354,6.4581676,10.382886,20.772474,25,97.17321058661355,6.3864713,15.215478,19.77903,1.316881,0,0,0,0,0,0.99344444,0.3248558,0.66858864,,,,,,,,,,,,,,,,,,,,,,,NOT_AVAILABLE,350.94133958537685,-16.075850008778122,276.98305610867334,-21.07974862786605,False,False,0,False,False,False,False,False,False,False,False,5.095228e-09,2.5284084e-09,0.9999844,,,,,,,,,,,,,,,,,,,,,,,0.014635887080752481,IN,4
211,1636148068921376768,Gaia DR3 6709878800672588800,6709878800672588800,1473964821,2016.0,279.12470058304626,0.6630448,-44.29679613567184,0.6796908,1.1712151526895227,0.7679686,1.5250821,2.6481962,1.1041510996377033,0.84936786,-2.407030102578024,0.73213476,0.47772068,0.0341312,-0.39343336,-0.2573375,-0.16856557,-0.21696839,-0.66914773,-0.31651425,0.027209956,0.57933396,284,0,282,2,1.4530482,329.38248,0.7295048,0.2380086,95,False,,1.3120601,0.14058925,0.02261011,0.06829595,0.16927607,-0.12774569,-0.20410424,33,13,1.4578178,34,22,0,0.028107684,23.205616,0,0,1.0612469,0.4156904,0.49366885,0.19984509,0.8065475,175.20581,-30.808298,17.936783,-41.18239,False,275,123.80925479505463,0.74251616,166.74284,20.455484,15,32.55994349330906,4.166167,7.815324,21.556833,21,101.65569995207898,6.8367114,14.869093,19.730066,1.0840517,0,1,0,0,0,1.826767,1.1013489,0.7254181,,,,,,,,,,,,,,,,,,,,,,,NOT_AVAILABLE,350.94410161940203,-16.078572776646364,276.9869327854139,-21.07857704262629,False,False,0,False,False,False,False,False,False,False,False,2.63237e-09,4.3059598e-10,0.9999965,,,,,,,,,,,,,,,,,,,,,,,0.01792949126010775,IN,4
95,1636148068921376768,Gaia DR3 6709878598813125632,6709878598813125632,1274961773,2016.0,279.09802090275593,0.6549986,-44.32709736165905,0.69060725,0.7107492529255528,0.6647123,1.0692585,1.973198,0.8448717406286496,0.75776786,-1.7831719211661787,0.7312929,0.59663826,0.100306846,-0.57171565,-0.47720402,0.052576404,-0.45960712,-0.7721003,-0.20209807,-0.09763517,0.6441149,317,0,314,3,-0.09292528,322.2698,0.0,0.0,95,False,,1.316643,0.13103618,0.2678539,0.29460317,0.18161207,-0.23998575,-0.3609001,36,14,1.4764193,36,24,0,0.045431066,99.72967,0,0,0.99517757,0.43930614,0.45780525,0.24167547,0.8207558,170.32167,-32.11714,21.1329,-42.249104,False,312,123.6674513058521,0.7400399,167.10918,20.456728,31,60.545861731123495,4.745918,12.757462,20.883331,32,117.92474331554705,6.6517315,17.728428,19.568884,1.4431493,0,0,0,0,0,1.3144474,0.42660332,0.8878441,,,,,,,,,,,,,,,,,,,,,,,NOT_AVAILABLE,350.90737047027244,-16.072499367144513,276.9643252766002,-21.107520267403405,False,False,0,False,False,False,False,False,False,False,False,5.511306e-07,5.523586e-09,0.99999624,,,,,,,,,,,,,,,,,,,,,,,0.01833893716185428,IN,4
130,1636148068921376768,Gaia DR3 6709878976770295424,6709878976770295424,886035332,2016.0,279.1054647488397,0.7926752,-44.28610304690188,0.74593735,-1.0582691959989625,0.9204233,-1.1497636,3.126809,-3.118169809935531,0.90415907,0.2322726255508832,0.7513073,0.13572718,0.41275248,-0.6512708,-0.04137434,-0.21006626,-0.016091693,-0.7819176,-0.5000542,0.20048563,0.20914036,267,0,264,3,-0.32559955,265.0494,0.0,1.251196e-15,95,False,,1.4038606,0.14226854,0.016175272,0.3244272,-0.04422319,0.010664945,-0.36659977,31,12,1.4450159,31,23,2,0.03189218,40.990868,0,0,0.98441505,0.39790845,0.46783933,0.25968286,0.84173936,168.78789,-29.40401,20.999794,-39.854103,False,260,123.47376399305611,0.7090558,174.1383,20.45843,16,37.08491541433728,4.990879,7.4305377,21.415548,19,113.4954560171514,7.1677823,15.83411,19.610449,1.2195333,0,0,0,0,0,1.8050995,0.957119,0.8479805,,,,,,,,,,,,,,,,,,,,,,,NOT_AVAILABLE,350.9489138634643,-16.06176376230752,276.9729845920559,-21.066978528945953,False,False,0,False,False,False,False,False,False,False,False,2.4035538e-09,2.6142735e-10,0.9999967,,,,,,,,,,,,,,,,,,,,,,,0.024218494031499112,IN,4
47,1636148068921376768,Gaia DR3 6709878667532622080,6709878667532622080,347763003,2016.0,279.0845487159381,0.68369997,-44.32428666388208,0.71451753,0.12394676819270133,0.721218,0.17185757,11.493953,-6.685591651931369,0.8596455,-9.349535305070773,0.787492,0.5548346,0.070628434,-0.4265702,-0.39843026,0.069460094,-0.41148236,-0.70774424,-0.226868,-0.08441267,0.6495198,286,0,286,0,1.6964697,343.56485,1.1919509,0.51646453,95,False,,1.2849094,0.14507595,0.3072086,0.34356686,0.11368712,-0.1573709,-0.29574487,33,13,1.5810395,33,21,0,0.031219587,21.600008,0,0,1.0713204,0.47331178,0.37405515,0.23588295,0.82499045,171.18051,-27.3758,15.345425,-42.347935,False,273,120.68996526053749,0.75734246,159.35983,20.483189,16,35.76009141267641,5.676157,6.300053,21.455046,27,142.746828113867,6.5683045,21.732676,19.361479,1.4790535,0,0,0,0,0,2.093567,0.9718571,1.1217098,,,,,,,,,,,,,,,,,,,,,,,NOT_AVAILABLE,350.90624241376145,-16.062518848604206,276.9542209836986,-21.10406664784449,False,False,0,False,False,False,False,False,False,False,False,2.8609224e-11,1.8069968e-10,0.9999981,,,,,,,,,,,,,,,,,,,,,,,0.02195206233143055,IN,4
218,1636148068921376768,Gaia DR3 6709878800672594048,6709878800672594048,1303345041,2016.0,279.1257333012946,0.62375635,-44.294021282983636,0.6360253,-0.17529860628589383,0.6865882,-0.2553184,7.186938,-3.506810395583096,0.7239306,-6.27330498997357,0.6510702,0.4249263,0.14121464,-0.4838994,-0.26343554,-0.09443339,-0.26221025,-0.71155053,-0.1901357,0.11938638,0.48495144,286,0,284,2,-0.67638016,284.8001,0.0,0.0,31,False,1.45414,,,,,,,,33,13,1.2658479,34,23,0,0.023369266,10.328038,0,0,0.9703206,0.33809137,0.4134536,0.1275858,0.80820465,-176.84076,-30.463156,19.001896,-41.956726,False,283,119.46688575952372,0.73190033,163.22835,20.494247,22,47.960098715002395,5.979855,8.020278,21.136341,25,99.82941766485858,6.7516527,14.785923,19.749748,1.2370752,0,0,0,0,0,1.3865929,0.64209366,0.7444992,,,,,,,,,,,,,,,,,,,,,,,NOT_AVAILABLE,350.94706437569323,-16.078196560090678,276.9879241909985,-21.075858512303775,False,False,0,False,False,False,False,False,False,False,False,8.2256996e-10,1.0001676e-09,0.9999934,,,,,,,,,,,,,,,,,,,,,,,0.020539916929489026,IN,4
270,1636148068921376768,Gaia DR3 6709877980334499200,6709877980334499200,423867426,2016.0,279.13738111363665,0.76109344,-44.32000889199759,0.746465,-1.2704427362604538,1.0268383,-1.2372373,4.4574695,0.666533105792524,0.8780088,-4.407354001143258,0.7452805,0.10903275,0.46404082,-0.6359814,-0.06308594,-0.3139204,0.019861382,-0.73075336,-0.517811,0.23290631,0.134259,259,0,259,0,-0.55326027,254.6559,0.0,0.0,95,False,,1.5651783,0.15825367,-0.052331135,0.30935875,-0.19400218,0.09686425,-0.35470328,31,11,1.4028436,36,27,0,0.051044643,97.750114,0,50,0.9741993,0.39973384,0.29685897,0.112181395,0.8601985,-173.16754,-28.574768,18.136328,-44.06635,False,258,116.57255440979836,0.895882,130.12044,20.520876,0,,,,,0,,,,,,,,,,2,,,,,,,,,,,,,,,,,,,,,,,,,,NOT_AVAILABLE,350.9253761156482,-16.09581952224403,276.9949527947647,-21.102350531204532,False,False,0,False,False,False,False,False,False,False,False,,,,,,,,,,,,,,,,,,,,,,,,,,0.02309198275678187,IN,4
29,1636148068921376768,Gaia DR3 6709878628873846400,6709878628873846400,1296189386,2016.0,279.07918504735477,0.61014795,-44.322485394606474,0.62345725,0.16213001678442593,0.68315065,0.23732689,5.9759736,-2.8989929053393224,0.72963184,-5.225715134033077,0.6679813,0.4786739,0.004064188,-0.40542173,-0.31509462,-0.056478105,-0.31338844,-0.689896,-0.1818733,0.0031707648,0.55799425,308,0,304,4,-0.47870824,306.32004,0.0,0.0,95,False,,1.4827088,0.13129966,0.13185175,0.19121596,0.040924486,-0.07749154,-0.23077138,36,13,1.3011315,36,23,0,0.04753624,177.93066,1,0,0.97934455,0.4444751,0.38535592,0.23266377,0.82126313,172.3207,-27.331562,13.015007,-41.77387,False,301,116.07260717496655,0.7628208,152.16235,20.525543,29,49.63296536674496,6.242082,7.951348,21.099117,31,60.46465666594451,6.7921305,8.9021635,20.294142,0.9485237,0,0,0,0,0,0.8049755,0.57357407,0.23140144,,,,,,,,,,,,,,,,,,,,,,,NOT_AVAILABLE,350.9064488803112,-16.058284538696803,276.95024719749443,-21.102011214465552,False,False,0,False,False,False,False,False,False,False,False,4.9147093e-06,1.804674e-09,0.99998987,,,,,,,,,,,,,,,,,,,,,,,0.024058538201746412,IN,4
93,1636148068921376768,Gaia DR3 6709878869392079872,6709878869392079872,746524500,2016.0,279.09776747625693,0.6591424,-44.29020018070212,0.684318,0.9622460750874019,0.7410477,1.2984942,5.156993,-2.506092783971173,0.895746,-4.5071139930057456,0.8074897,0.40352133,0.1567423,-0.32400373,-0.12368679,-0.035642486,-0.17588575,-0.6144543,-0.10810068,0.14460668,0.60245436,288,0,287,1,0.03773517,322.83615,0.0,2.3977948e-15,95,False,,1.2013067,0.13757609,0.1521099,0.1643753,0.08341225,-0.019929694,-0.11325175,33,14,1.5402355,34,23,0,0.070010856,89.95305,0,47,1.0004056,0.48891643,0.47825563,0.35506102,0.8444022,163.93204,-31.98107,21.99104,-40.705704,False,285,114.30890109254325,0.74608535,153.21156,20.542168,2,21.836897540784523,3.346007,6.5262556,21.990564,2,77.99952780414216,18.954977,4.1149893,20.017666,0.8733915,0,0,0,0,1,1.9728985,1.4483967,0.5245018,,,,,,,,,,,,,,,,,,,,,,,NOT_AVAILABLE,350.9427831712117,-16.058237060497714,276.96679723750253,-21.070694795269873,False,False,0,False,False,False,False,False,False,False,False,1.10316405e-08,1.0391175e-09,0.99999267,,,,,,,,,,,,,,,,,,,,,,,0.021374768856150708,IN,4
103,1636148068921376768,Gaia DR3 6709878667532630784,6709878667532630784,169703089,2016.0,279.10025735476785,0.739484,-44.30641163433964,0.78413117,0.5002935859738518,0.7441596,0.6722934,2.617362,1.9771390185479574,0.8422422,1.715081778961161,0.7786939,0.62334543,0.115301155,-0.54612184,-0.4626382,0.09736851,-0.44930005,-0.7754954,-0.3582165,-0.19275378,0.6523613,311,0,308,3,0.7681045,336.02783,0.48985174,0.09601872,95,False,,1.3198694,0.1529279,0.21244767,0.33289787,0.28636125,-0.3459563,-0.4004786,36,14,1.6254503,36,25,0,0.057225067,15.324732,0,0,1.030301,0.37814727,0.4068585,0.13310981,0.7968526,179.46169,-29.41904,15.297545,-42.77469,False,287,114.07861985312172,0.7294225,156.39581,20.544355,20,40.58684550561284,6.545337,6.200879,21.31758,26,114.24457748419215,7.2380047,15.783988,19.603306,1.3572344,0,0,0,0,0,1.7142735,0.7732239,0.9410496,,,,,,,,,,,,,,,,,,,,,,,NOT_AVAILABLE,350.9279012143401,-16.06607723840003,276.9675314389417,-21.086989505078684,False,False,0,False,False,False,False,False,False,False,False,1.3138121e-10,1.6933652e-10,0.9999998,,,,,,,,,,,,,,,,,,,,,,,0.006816955276632826,IN,4
205,1636148068921376768,Gaia DR3 6709878770611837696,6709878770611837696,1801889357,2016.0,279.1235511888353,0.97994137,-44.29847497373663,0.9455741,0.9763279144708797,0.9332215,1.046191,4.693813,-1.5985814109157164,1.0757922,-4.413209563127512,0.9930676,0.65118027,0.37881452,-0.649293,-0.5566671,0.30718967,-0.5432755,-0.78578144,-0.39605156,-0.25275362,0.6858148,222,0,222,0,0.9669808,252.95303,1.0077586,0.30584985,95,False,,1.4814537,0.19082987,0.3645149,0.28543818,0.13189502,-0.2435196,-0.39836738,26,12,2.1322553,26,20,1,0.025663022,179.59578,0,0,1.0453162,0.41578406,0.5544368,0.33669433,0.8425004,156.47377,-33.4208,25.314869,-40.877228,False,221,113.65284147068157,0.8430119,134.8176,20.548416,19,58.06456007922915,5.030101,11.543419,20.928764,22,62.41900018550836,6.557139,9.519243,20.259604,1.0601016,0,0,0,1,0,0.66916084,0.3803482,0.28881264,,,,,,,,,,,,,,,,,,,,,,,NOT_AVAILABLE,350.9421599242902,-16.078453399631726,276.9859315292337,-21.080196428752473,False,False,0,False,False,False,False,False,False,False,False,2.0776695e-05,5.9860423e-13,0.9999662,,,,,,,,,,,,,,,,,,,,,,,0.016133599193494632,IN,4
28,1636148068921376768,Gaia DR3 6709878942410567168,6709878942410567168,229794373,2016.0,279.0789888880592,0.8649576,-44.29392884001297,0.92483455,-1.4901604743740828,0.84843147,-1.756371,8.477664,-3.2281534989779495,0.9122722,-7.83899277938885,0.9121764,0.7144782,-0.15868205,-0.5121357,-0.55962807,-0.21565405,-0.5161757,-0.77409476,0.084368065,0.17908831,0.6755416,251,0,250,1,-0.65908295,237.99873,0.0,1.2865903e-15,95,False,,1.3241091,0.15617068,0.11221428,0.08766936,0.2184746,-0.024975555,-0.19707726,29,10,1.878107,30,19,0,0.06270207,172.12851,0,0,0.9689614,0.42480075,0.51718193,0.27631578,0.84129167,168.61885,-33.202652,15.751878,-40.359722,False,245,110.99640790871548,0.8635024,128.5421,20.574095,17,58.199159425253036,11.1064625,5.2401166,20.92625,22,108.93490538365971,8.439017,12.908483,19.654978,1.505761,0,0,0,0,0,1.2712727,0.3521557,0.919117,,,,,,,,,,,,,,,,,,,,,,,NOT_AVAILABLE,350.9338524194083,-16.047240807234658,276.9521560871594,-21.073509909802755,False,False,0,False,False,False,False,False,False,False,False,5.660139e-09,2.1479865e-09,0.9999961,,,,,,,,,,,,,,,,,,,,,,,0.026482267353144046,IN,4
155,1636148068921376768,Gaia DR3 6709877945978077056,6709877945978077056,298407198,2016.0,279.1118283921336,0.8644695,-44.332791982537216,0.8945924,-0.40815123857147456,1.0062851,-0.405602,9.9966755,3.4638109740169813,1.1238288,-9.37739515280666,0.9970315,0.58782464,0.26894388,-0.53639734,-0.45334762,0.050679374,-0.38215595,-0.72298944,-0.50208026,-0.25245634,0.66471153,237,0,236,1,0.42661208,273.85092,1.0417753,0.43919882,95,False,,1.1715214,0.18764305,0.25321156,0.33807585,0.33567244,-0.3241529,-0.4668883,29,13,2.070363,29,19,0,0.09852611,177.12161,0,0,1.0184982,0.36498708,0.4273837,0.14792855,0.82902265,-175.61009,-31.782116,8.924829,-42.65227,False,234,110.92088160303885,0.86387897,128.39864,20.574833,26,56.55905921238702,5.6665835,9.981157,20.957287,26,76.08187410421489,5.921189,12.849088,20.044693,1.1958157,0,0,0,0,0,0.91259384,0.38245392,0.5301399,,,,,,,,,,,,,,,,,,,,,,,NOT_AVAILABLE,350.90581797531706,-16.08380228984418,276.974476707477,-21.11386834223535,False,False,0,False,False,False,False,False,False,False,False,3.93794e-08,1.2821408e-09,0.9999897,,,,,,,,,,,,,,,,,,,,,,,0.022700311855986328,IN,4
106,1636148068921376768,Gaia DR3 6709878667532625024,6709878667532625024,1227834619,2016.0,279.1007209167668,0.69033563,-44.31097880793822,0.6816814,-1.306964222174562,0.7823007,-1.6706673,2.5191066,-0.38575106990523117,1.1135489,-2.4893964594177964,0.96409607,0.48231545,0.110313885,-0.051138815,-0.05710074,0.042143345,-0.17763151,-0.44956073,0.0673228,0.16366537,0.74662805,244,0,243,1,-0.4187452,242.99518,0.0,0.0,95,False,,1.5289431,0.1583658,0.21595442,0.20670801,0.10797597,0.13210791,-0.053254373,28,12,1.9209275,28,16,0,0.14873807,177.70769,1,0,0.9794311,0.41651803,0.43757522,0.28769207,0.85259277,164.89496,-32.648598,18.601603,-41.61467,False,243,110.87205421374527,0.7849536,141.24664,20.575312,0,,,,,0,,,,,,,,,,2,,,,,,,,,,,,,,,,,,,,,,,,,,NOT_AVAILABLE,350.92364063667645,-16.06812834350229,276.9675560814002,-21.091568651661177,False,False,0,False,False,False,False,False,False,False,False,,,,,,,,,,,,,,,,,,,,,,,,,,0.005354739276728289,IN,4
166,1636148068921376768,Gaia DR3 6709877945978074368,6709877945978074368,1198208297,2016.0,279.11517739447936,0.6967091,-44.33250969684005,0.7114463,1.6579592860163264,0.81581706,2.0322685,7.9181156,-3.9501475859848956,0.834139,-6.86242570367045,0.7480929,0.41079244,0.2136262,-0.52994925,-0.2670208,-0.07252836,-0.2700716,-0.7240267,-0.31786367,0.09204133,0.4707084,286,0,284,2,0.33901536,331.78772,0.6255588,0.13658881,95,False,,1.154391,0.15018116,0.0054406854,0.2032055,-0.039248314,-0.005748227,-0.27099553,33,14,1.4541469,33,23,0,0.029453654,164.19159,0,0,1.0132073,0.42923817,0.42274868,0.2286064,0.82992727,171.60686,-30.246164,20.331562,-41.968822,False,280,110.44927019866948,0.6973218,158.39069,20.57946,27,45.474045350646875,4.242883,10.717723,21.194134,29,73.91584630220036,4.2910175,17.225716,20.076052,1.0809478,0,0,0,1,0,1.118082,0.6146736,0.50340843,,,,,,,,,,,,,,,,,,,,,,,NOT_AVAILABLE,350.9070412394403,-16.085908639263426,276.97705919711456,-21.11374849085164,False,False,0,False,False,False,False,False,False,False,False,5.2803454e-08,5.07383e-10,0.9999962,,,,,,,,,,,,,,,,,,,,,,,0.022826786839210536,IN,4
110,1636148068921376768,Gaia DR3 6709878598813126144,6709878598813126144,1077652536,2016.0,279.1012771776454,0.67727566,-44.32473009542026,0.6897718,-1.3157795511476333,0.7218102,-1.8228886,4.6747036,-2.198649296011747,0.7716805,-4.125384035464268,0.68314564,0.52504075,-0.015536161,-0.3754603,-0.29231942,-0.1045945,-0.24377145,-0.6583126,-0.23035644,-0.0060388874,0.54168993,291,0,291,0,-1.7359073,268.36743,0.0,0.0,31,False,1.4304612,,,,,,,,34,13,1.3516014,34,23,1,0.03232636,174.48352,0,0,0.9271666,0.38931164,0.4669074,0.18417238,0.81839824,178.69559,-32.91697,14.777457,-42.166016,False,289,109.58208053229285,0.7169143,152.85242,20.588018,28,46.69434133956692,5.17597,9.02137,21.165382,30,86.6026725985075,5.0862136,17.026943,19.904068,1.2164125,0,0,0,0,0,1.2613144,0.57736397,0.6839504,,,,,,,,,,,,,,,,,,,,,,,NOT_AVAILABLE,350.91057313418247,-16.07374818017923,276.9669876823522,-21.10531547277728,False,False,0,False,False,False,False,False,False,False,False,3.679161e-08,1.7289804e-09,0.9999921,,,,,,,,,,,,,,,,,,,,,,,0.015292251850375048,IN,4
138,1636148068921376768,Gaia DR3 6709878701892351872,6709878701892351872,1658627971,2016.0,279.10764461090815,0.84305376,-44.3133637558106,0.8770233,2.043087423515537,0.9887611,2.0663104,9.641074,5.699930605043681,1.115774,-7.775673438789605,0.98085,0.57456857,0.24074632,-0.4491479,-0.35387895,0.053786106,-0.35649478,-0.7097119,-0.44859532,-0.110165514,0.6545516,228,0,228,0,-0.6754278,238.54166,0.0,0.0,95,False,,1.0503204,0.18521623,0.20832294,0.36220542,0.1944717,-0.31431556,-0.48877412,27,10,2.007405,28,20,0,0.038122606,171.90337,1,0,0.9666325,0.41127828,0.61472714,0.3296739,0.8545639,161.89912,-34.581215,20.162846,-39.746742,False,228,107.66020690179387,0.79679686,135.11626,20.60723,23,60.561662737077526,4.879379,12.4117565,20.883047,25,150.94201311941248,9.903002,15.242046,19.30087,1.9645483,0,0,0,0,0,1.5821762,0.27581787,1.3063583,,,,,,,,,,,,,,,,,,,,,,,NOT_AVAILABLE,350.9233159105167,-16.073617861619482,276.9726815317164,-21.0942823795243,False,False,0,False,False,False,False,False,False,False,False,4.9602195e-10,2.6058181e-08,0.9999936,,,,,,,,,,,,,,,,,,,,,,,0.0031372566191567052,IN,4
216,1636148068921376768,Gaia DR3 6709877945978088064,6709877945978088064,846670544,2016.0,279.1256554636616,0.88806826,-44.31497725392881,0.9123738,0.7883649129247338,1.0148852,0.77680206,2.706061,-2.682523181617718,1.0365589,0.3561387172692973,0.9963873,0.41488498,0.07644485,-0.55836874,-0.31676206,0.04151709,-0.28804195,-0.7425592,-0.3050568,-0.20394753,0.5219184,239,0,239,0,1.363863,273.10767,1.8069451,0.9545018,95,False,,1.6715295,0.2009101,0.2124026,0.24929512,0.30691332,-0.2956467,-0.46042162,28,13,1.9010702,28,20,1,0.051889174,173.60454,0,0,1.0623803,0.4678103,0.4033393,0.20976044,0.8206162,177.56772,-30.080828,14.7795,-42.736267,False,230,106.0235505635726,0.841275,126.02722,20.623861,18,48.54912161793848,5.011221,9.688083,21.123089,23,78.52031211753751,6.7014413,11.716929,20.01044,1.198502,0,0,0,0,0,1.112648,0.49922752,0.6134205,,,,,,,,,,,,,,,,,,,,,,,NOT_AVAILABLE,350.92688440259326,-16.086144798477484,276.98634599064366,-21.096762758195485,False,False,0,False,False,False,False,False,False,False,False,1.386789e-06,3.1810665e-09,0.9999903,,,,,,,,,,,,,,,,,,,,,,,0.01340043286438183,IN,4
191,1636148068921376768,Gaia DR3 6709878770611843072,6709878770611843072,816222848,2016.0,279.1201485779119,0.7802727,-44.29560133563865,0.7872866,1.4963810877693402,0.8385666,1.784451,11.885078,-6.438444202253621,0.8802435,-9.990070795700033,0.80493057,0.52197,0.20540696,-0.5569558,-0.39578724,-0.017256575,-0.37403464,-0.7506425,-0.2669869,-0.012215537,0.54318655,269,0,267,2,-0.016993413,278.16165,0.88382894,0.26991406,95,False,,1.4508231,0.15923552,0.0818592,0.13209063,0.069194876,-0.04609364,-0.21453527,31,14,1.6237406,31,22,0,0.105100535,179.40207,0,0,0.99797976,0.36833742,0.45699695,0.17967072,0.81007606,173.01619,-30.556328,21.065615,-41.76987,False,265,106.02254630049471,0.7296441,145.3072,20.62387,23,52.00584321762145,5.379539,9.667342,21.048412,25,67.6389151952666,5.342332,12.660934,20.172403,1.1284841,0,1,0,1,0,0.876009,0.42454147,0.4514675,,,,,,,,,,,,,,,,,,,,,,,NOT_AVAILABLE,350.94395627041956,-16.075105368805822,276.98353564716547,-21.07716477111429,False,False,0,False,False,False,False,False,False,False,False,1.5490293e-08,3.054097e-09,0.9999881,,,,,,,,,,,,,,,,,,,,,,,0.01698241844966665,IN,4
220,1636148068921376768,Gaia DR3 6709878804968255488,6709878804968255488,92836135,2016.0,279.12602449312425,1.1600606,-44.289526486707494,1.1261262,,,,,,,,,-0.2786354,,,,,,,,,,97,0,97,0,0.70289594,101.15585,1.8386749,0.5998766,3,False,,,,,,,,,11,8,2.688606,11,4,2,0.17563726,0.8446226,0,9,,0.5009836,0.2854727,0.4321131,0.93915445,-118.72445,37.084946,-27.53666,41.67859,False,97,105.35655781134605,1.4034555,75.0694,20.630713,0,,,,,0,,,,,,,,,,2,,,,,,,,,,,,,,,,,,,,,,,,,,NOT_AVAILABLE,350.95147059552784,-16.076673124785376,276.98847273177296,-21.071388093588936,False,False,0,False,False,False,False,False,False,False,False,,,,,,,,,,,,,,,,,,,,,,,,,,0.024356752571575175,IN,4
224,1636148068921376768,Gaia DR3 6709878804976376448,6709878804976376448,1767620924,2016.0,279.12723288785566,0.9641121,-44.295316590547976,1.0068024,0.6315140663113964,0.993874,0.63540655,3.1340764,-2.811069466078111,1.0936865,-1.3857571795400134,1.0078629,0.605018,0.27660388,-0.5751026,-0.49247345,0.10146344,-0.4885475,-0.7716573,-0.3263357,-0.053150073,0.6026152,208,0,208,0,2.2873366,266.40213,2.3988166,1.5108486,95,False,,1.5620645,0.2087854,0.33529896,0.40335724,0.18166807,-0.32292464,-0.44378218,24,12,2.0969484,25,16,0,0.06305572,93.90402,0,0,1.1142199,0.305553,0.36753973,0.0864904,0.8231935,-172.0592,-30.40805,22.215971,-42.780525,False,206,104.28746276562339,0.8099258,128.76175,20.641787,18,54.555060399046766,7.8736753,6.928792,20.996454,21,92.31944999984356,10.850082,8.50864,19.834663,1.4083622,0,0,0,0,0,1.1617908,0.35466766,0.8071232,,,,,,,,,,,,,,,,,,,,,,,NOT_AVAILABLE,350.9462448965657,-16.07968311601708,276.98897798879887,-21.077223431232166,False,False,0,False,False,False,False,False,False,False,False,2.6061412e-06,2.0382828e-08,0.999994,,,,,,,,,,,,,,,,,,,,,,,0.020241449875878822,IN,4
162,1636148068921376768,Gaia DR3 6709877945978076672,6709877945978076672,948095767,2016.0,279.113936175635,0.8109825,-44.331535319257476,0.794025,0.6470372536432626,0.949286,0.68160415,6.9015183,-1.5215718966091556,1.2443273,-6.731699334370885,1.0919883,0.22504167,-0.044258866,0.009800764,-0.09857423,0.0988711,-0.21337283,-0.28942877,0.13202539,0.06354451,0.54890966,128,0,128,0,0.000236244,130.34575,0.0,0.0,95,False,,1.490859,0.20203769,0.2581099,0.2024212,-0.07951035,0.020739408,0.029843267,15,10,2.0361211,16,5,0,0.09083776,1.0174068,0,6,0.9972841,0.38163143,0.12632282,0.21882717,0.9016337,-169.34906,21.000237,-5.262471,43.79963,True,129,103.1395136983429,1.0635697,96.97485,20.653805,11,59.32300498140422,11.877225,4.9946856,20.905485,12,65.08511028109024,9.759858,6.6686535,20.214191,1.2062119,0,11,0,12,0,0.6912937,0.25168037,0.43961334,,,,,,,,,,,,,,,,,,,,,,,NOT_AVAILABLE,350.907625795322,-16.084716075022644,276.97618018559075,-21.112716368213686,False,False,0,False,False,False,False,False,False,False,False,1.6028571e-06,1.1305139e-09,0.99999654,,,,,,,,,,,,,,,,,,,,,,,0.021690190778476042,IN,4
118,1636148068921376768,Gaia DR3 6709878770612860160,6709878770612860160,874307725,2016.0,279.1026461904287,0.8221162,-44.30025765741387,0.84195566,0.9266946597945362,0.9450962,0.9805294,2.9976008,2.1924519939432168,0.964991,-2.0442027137047445,0.8872589,0.49209425,0.1491891,-0.4460796,-0.3237401,-0.01025579,-0.26893982,-0.68550175,-0.3584933,-0.16902375,0.5083416,215,0,213,2,0.06735071,217.60893,0.0,1.3968508e-15,95,False,,1.6210256,0.18872707,0.07170501,0.15748198,0.25824195,-0.15831558,-0.34826314,25,12,1.7200605,26,18,0,0.017663436,5.923697,0,0,1.0017003,0.37641278,0.46834666,0.15560602,0.7832692,176.42,-30.47973,16.261477,-42.49056,False,213,103.09979698659205,0.8761533,117.67324,20.654222,12,46.22708148444668,7.016744,6.58811,21.176302,20,89.40246873680952,6.8548474,13.042226,19.869522,1.3155172,0,0,0,0,0,1.3067799,0.52207947,0.7847004,,,,,,,,,,,,,,,,,,,,,,,NOT_AVAILABLE,350.93449924234426,-16.065306433923382,276.96980428103177,-21.080964824553245,False,False,0,False,False,False,False,False,False,False,False,1.3186266e-07,3.349912e-09,0.9999954,,,,,,,,,,,,,,,,,,,,,,,0.010732689444230713,IN,4
50,1636148068921376768,Gaia DR3 6709878598809827840,6709878598809827840,874108496,2016.0,279.08736137277936,0.97700346,-44.32386780921345,1.0330021,2.781626110405748,0.9944307,2.7972045,10.456349,0.6384098553962559,1.1613572,-10.436841801764409,1.1204784,0.33228567,-0.006687248,-0.5002433,-0.21584776,0.16037117,-0.24515587,-0.7609202,-0.103619754,-0.1886102,0.4733576,231,0,230,1,7.3135333,481.0523,2.9318016,7.179262,95,False,,1.2407984,0.20289938,0.26136783,0.29539502,0.08224114,-0.108216144,-0.23864076,27,13,2.0810802,27,19,0,0.1386846,177.52611,0,48,1.3630757,0.462598,0.37888134,0.2769384,0.79770255,165.48975,-26.396152,15.157165,-42.060947,False,226,102.46904362360934,1.0504316,97.54947,20.660885,0,,,,,0,,,,,,,,,,0,,,,,,,,,,,,,,,,,,,,,,,,,,NOT_AVAILABLE,350.90744521222734,-16.0642183539625,276.9564031524117,-21.103784226205363,False,False,0,False,False,False,False,False,False,False,False,8.9520945e-08,3.6316727e-05,0.9999262,,,,,,,,,,,,,,,,,,,,,,,0.020160368339037907,IN,4
151,1636148068921376768,Gaia DR3 6709878770611839104,6709878770611839104,1279887026,2016.0,279.1111911290468,0.9344418,-44.305049285952784,0.9801007,-1.1239654979018736,0.94663304,-1.1873296,5.769403,-4.6216911342819005,1.0795997,-3.4534012036960027,1.0339838,0.62107974,0.39196375,-0.6222857,-0.51301354,0.27417794,-0.49853903,-0.79600674,-0.369605,-0.22718428,0.6327853,222,0,219,3,-1.7985302,187.92752,0.0,0.0,95,False,,1.5748597,0.18915538,0.28983882,0.32108647,0.16881543,-0.21465309,-0.3982739,26,12,2.1266532,28,20,1,0.031004813,161.12573,0,3,0.9126206,0.3959224,0.47773862,0.2818207,0.82311255,163.85428,-32.541714,25.414207,-41.85805,True,218,102.21917031775679,0.8112847,125.996666,20.663536,18,51.420163037918265,6.2385044,8.242386,21.060709,20,77.48224547970482,9.639553,8.03795,20.02489,1.2610395,0,18,0,20,0,1.0358181,0.39717293,0.6386452,,,,,,,,,,,,,,,,,,,,,,,NOT_AVAILABLE,350.93232141980957,-16.072788195212635,276.9759968468291,-21.086158168164836,False,False,0,False,False,False,False,False,False,False,False,2.8414877e-07,2.8010092e-09,0.9999983,,,,,,,,,,,,,,,,,,,,,,,0.0056385615157072315,IN,4
283,1636148068921376768,Gaia DR3 6709878804971570816,6709878804971570816,47019747,2016.0,279.1412777738329,0.7806331,-44.289380881838724,0.7881868,-0.3905713427937429,0.92839754,-0.42069408,3.9232378,-0.08301313668304094,0.89795876,-3.9223595440038355,0.81432074,0.46831575,0.23026747,-0.4892203,-0.3177708,0.06523129,-0.30854568,-0.71353704,-0.2903755,-0.0036532935,0.48320588,251,0,251,0,0.5015414,264.88525,0.0,0.0,95,False,,1.3085086,0.17298481,0.13164313,0.15892056,-0.017874938,0.008205017,-0.25626257,29,11,1.5957879,29,20,0,0.0062186867,41.35617,0,0,1.0213722,0.4622526,0.4594289,0.3141611,0.8442368,163.90977,-30.90193,21.394157,-41.055172,False,248,101.2738295000208,0.7355601,137.6826,20.673624,20,31.31540924705249,4.416527,7.090506,21.599148,27,103.37506769355944,6.8458757,15.100343,19.711857,1.3299633,0,0,0,0,0,1.887291,0.92552376,0.9617672,,,,,,,,,,,,,,,,,,,,,,,NOT_AVAILABLE,350.9559483059293,-16.086709365536922,277.0001575280494,-21.071981655485665,False,False,0,False,False,False,False,False,False,False,False,4.6463836e-10,7.0153196e-11,0.999997,,,,,,,,,,,,,,,,,,,,,,,0.03159180656857187,IN,4
54,1636148068921376768,Gaia DR3 6709878873695857280,6709878873695857280,102179178,2016.0,279.088764697838,1.0237421,-44.30085014935687,1.0210989,1.8602076815564819,1.3556423,1.3721966,2.8541367,0.05594053847773889,1.4522408,2.8535883965720714,1.2775034,0.58327496,0.23658304,-0.52126944,-0.4455217,0.2434947,-0.4703779,-0.7143431,-0.5537552,-0.40605116,0.7513958,213,0,212,1,0.9438162,239.41534,1.9613416,0.8255652,95,False,,1.5548846,0.22277504,0.26840168,0.2952328,0.26382294,-0.31134462,-0.46315616,25,9,2.7054195,26,17,1,0.12163328,1.7982664,0,0,1.0452144,0.58668584,0.57079357,0.44626638,0.8791527,158.35313,-33.50848,21.563175,-40.63957,False,211,101.12503180554944,0.8613025,117.409424,20.67522,17,47.419875622627195,8.37217,5.663988,21.148642,20,109.29064639431596,8.087896,13.512864,19.651438,1.5496709,0,0,0,0,0,1.4972038,0.4734211,1.0237827,,,,,,,,,,,,,,,,,,,,,,,NOT_AVAILABLE,350.92997964173634,-16.05635167213484,276.9591383103206,-21.080886437454478,False,False,0,False,False,False,False,False,False,False,False,1.3849187e-07,1.4661775e-08,0.9999945,,,,,,,,,,,,,,,,,,,,,,,0.016745474661032433,IN,4
42,1636148068921376768,Gaia DR3 6709878942410575488,6709878942410575488,163342156,2016.0,279.0835193446212,1.1144742,-44.28543908496721,1.0276594,1.3272001980309613,1.0808015,1.2279778,8.107998,-4.136339415764022,1.486619,-6.973544320792757,1.27686,0.6603124,0.4156165,-0.25429663,-0.23004618,0.29091048,-0.26053885,-0.5264491,-0.2959162,-0.2258412,0.78948486,199,0,197,2,0.49629024,205.40169,0.48412088,0.059014086,95,False,,1.337762,0.22893736,0.45656967,0.45995477,0.4188378,-0.33001855,-0.4123902,23,11,2.638369,23,16,0,0.05378702,3.1321247,0,0,1.0237402,0.25293297,0.62438166,0.20593426,0.8272275,170.1024,-35.9909,24.424688,-40.561134,False,196,100.35757648720734,0.9374675,107.05179,20.68349,5,117.62601918713958,25.504557,4.611961,20.162283,6,71.09768386865098,9.217381,7.713437,20.118258,1.8805127,0,0,0,0,0,0.04402542,-0.5212078,0.56523323,,,,,,,,,,,,,,,,,,,,,,,NOT_AVAILABLE,350.9433054241808,-16.04699233328948,276.95623566155314,-21.065257584267428,False,False,0,False,False,False,False,False,False,False,False,4.2614534e-05,6.989433e-08,0.9999572,,,,,,,,,,,,,,,,,,,,,,,0.030426084146734575,IN,4
161,1636148068921376768,Gaia DR3 6709877945978073344,6709877945978073344,487705830,2016.0,279.1138583829171,0.84465486,-44.334175949076,0.8347205,1.2670673731981676,1.0668392,1.1876835,6.3991175,-5.156070204556596,0.9776692,-3.789940279252794,0.8462295,0.16651233,0.4371484,-0.5966991,-0.048045956,-0.2632633,-0.015916612,-0.75810295,-0.49065763,0.28588942,0.1602474,265,0,265,0,0.2242172,273.9038,0.0,1.2487782e-15,95,False,,1.660251,0.16819079,-0.009244649,0.32047454,-0.10626159,0.08190535,-0.361867,31,12,1.5427446,31,22,0,0.037938338,2.1919887,0,0,1.0085768,0.34607044,0.38185042,0.14821222,0.8286833,-177.50443,-28.221945,16.156208,-41.402077,False,263,100.16652976479048,0.75755215,132.22394,20.68556,10,56.52701230827829,12.096665,4.6729417,20.957903,10,69.93279540954617,10.358935,6.7509637,20.136194,1.2624956,0,0,0,0,0,0.8217087,0.27234268,0.549366,,,,,,,,,,,,,,,,,,,,,,,NOT_AVAILABLE,350.90506358633826,-16.085672666915716,276.9759294857089,-21.11534720977743,False,False,0,False,False,False,False,False,False,False,False,9.309151e-06,3.4196221e-09,0.9999906,,,,,,,,,,,,,,,,,,,,,,,0.02427779907243076,IN,4
77,1636148068921376768,Gaia DR3 6709878873691072768,6709878873691072768,1744406015,2016.0,279.0942007396008,1.145876,-44.29843368133146,1.1374228,0.21812983273085013,1.0801586,0.20194241,13.274903,0.5285582938587446,1.7881069,-13.264376255283196,1.5771614,0.7218192,0.3449051,-0.31002343,-0.35928515,0.37545508,-0.4312656,-0.6242885,-0.4354179,-0.43744957,0.86536306,190,0,190,0,-0.27910924,190.66107,0.0,0.0,95,False,,1.5403631,0.23251373,0.4105397,0.41612226,0.4206704,-0.34411344,-0.43522373,22,10,3.2992613,23,15,0,0.001940395,71.42261,0,4,0.9836835,0.3384982,0.69375706,0.31902447,0.83372337,153.21277,-35.986084,22.999073,-39.698856,False,189,98.24740596114114,0.83533835,117.61391,20.706564,18,51.524311097966596,6.8178606,7.557255,21.058512,20,101.19022168990048,6.7312145,15.032981,19.735048,1.5543875,0,15,0,17,0,1.3234634,0.35194778,0.97151566,,,,,,,,,,,,,,,,,,,,,,,NOT_AVAILABLE,350.93385036146657,-16.059023677463234,276.9634728766903,-21.07873753057958,False,False,0,False,False,False,False,False,False,False,False,1.0378952e-08,4.6240828e-08,0.99999356,,,,,,,,,,,,,,,,,,,,,,,0.015458152325763095,IN,4
204,1636148068921376768,Gaia DR3 6709877877258592128,6709877877258592128,358007017,2016.0,279.1234835662785,0.9982552,-44.332069604536905,0.9453661,0.10583327865821271,1.2704526,0.0833036,6.48903,-2.7572558516272005,1.1929183,-5.874100096844725,1.0190585,0.1386954,0.4357673,-0.4504192,0.067776345,-0.23035964,0.06581611,-0.6525223,-0.38354212,0.29420978,0.268099,214,0,212,2,1.2147985,236.11925,1.22426,0.56000096,95,False,,1.3396175,0.20451511,0.02859496,0.40158683,-0.10183555,0.16700281,-0.30078503,25,12,1.834886,25,17,0,0.017515944,43.9828,0,0,1.0587922,0.36979693,0.38484347,0.22199516,0.862237,175.1453,-29.284536,19.841425,-40.794357,False,196,97.843587200617,0.8102854,120.752014,20.711037,16,39.076304347026756,6.022014,6.4889092,21.358759,22,82.99817261827371,6.071966,13.669077,19.950224,1.2476492,0,0,0,1,0,1.408535,0.64772224,0.76081276,,,,,,,,,,,,,,,,,,,,,,,NOT_AVAILABLE,350.90982476644626,-16.091232254358424,276.9834454811309,-21.113710931198217,False,False,0,False,False,False,False,False,False,False,False,2.7076366e-09,7.1447537e-10,0.9999977,,,,,,,,,,,,,,,,,,,,,,,0.024430826628903505,IN,4
124,1636148068921376768,Gaia DR3 6709878976770295168,6709878976770295168,1399873964,2016.0,279.1040607731669,1.4133596,-44.28721112169496,1.9179018,,,,,,,,,0.54763925,,,,,,,,,,185,0,185,0,0.2157324,183.44836,0.0,1.4979556e-15,3,False,,,,,,,,,21,7,4.489651,21,14,1,0.030480495,173.49763,0,0,,0.60068756,0.61795163,0.41736063,0.88672525,166.30708,-33.365334,22.068161,-38.771988,False,183,97.77044994437676,1.0229869,95.57351,20.711847,0,,,,,3,144.69369471209794,6.630868,21.82123,19.346771,,,,0,0,1,,,1.3650761,,,,,,,,,,,,,,,,,,,,,,,NOT_AVAILABLE,350.94744868921896,-16.061258262258026,276.9718299129638,-21.068016286713284,False,False,0,False,False,False,False,False,False,False,False,0.00022542763,1.614006e-05,0.99848455,,,,,,,,,,,,,,,,,,,,,,,0.02321868416788048,IN,4
102,1636148068921376768,Gaia DR3 6709878598813123584,6709878598813123584,551092138,2016.0,279.09965134080625,0.8704968,-44.327566311136955,0.9067825,-0.8296900803128598,0.91594774,-0.9058269,6.7608542,-0.18586748321973534,0.99342895,-6.758298702128577,0.95724106,0.5342786,0.119174324,-0.57492787,-0.45967677,0.1424503,-0.46437982,-0.76133436,-0.27666295,-0.15039709,0.597936,250,0,249,1,1.1711359,289.83963,1.5463421,0.6381246,95,False,,1.4802123,0.19154902,0.24758124,0.31930512,0.15250318,-0.22988997,-0.42686176,29,13,1.9184129,29,19,0,0.15126511,176.17728,0,0,1.0521959,0.48377615,0.34634593,0.25278878,0.8526068,170.26274,-29.074472,17.261097,-43.093624,False,246,96.9909876017892,0.7220436,134.32845,20.72054,21,45.4007968897827,6.0506444,7.5034647,21.195883,26,73.41965985280733,7.721049,9.509027,20.083364,1.225067,0,0,0,0,0,1.1125183,0.4753437,0.6371746,,,,,,,,,,,,,,,,,,,,,,,NOT_AVAILABLE,350.90738299760983,-16.073756403126854,276.9655387711834,-21.10806679407391,False,False,0,False,False,False,False,False,False,False,False,1.1646969e-07,1.6285077e-09,0.99999493,,,,,,,,,,,,,,,,,,,,,,,0.01835269143699905,IN,5
207,1636148068921376768,Gaia DR3 6709878770611833216,6709878770611833216,693494386,2016.0,279.1239265643127,1.0619489,-44.30035947370434,0.8592492,-0.28785892570866023,1.4256468,-0.20191462,4.4966173,2.4930213037482427,1.4904989,-3.7422467856739465,1.4389613,0.20616937,0.58760655,-0.043756466,0.33494273,-0.2056266,-0.06519601,-0.43052036,0.010757167,0.5112613,0.6689892,208,0,206,2,-1.4204437,194.2372,0.0,0.0,31,False,1.765855,,,,,,,,24,10,2.652058,24,16,0,0.13669325,179.58946,0,0,0.92837965,0.29922262,0.5748673,0.31980547,0.8658309,162.93666,-35.401447,29.208761,-39.77989,False,204,96.28021633428207,0.88610864,108.65509,20.728525,17,60.808809324144114,9.032171,6.7324686,20.878626,17,51.765830649310345,5.1475205,10.056459,20.462788,1.1692396,0,0,0,0,0,0.41583824,0.15010071,0.26573753,,,,,,,,,,,,,,,,,,,,,,,NOT_AVAILABLE,350.94045400383357,-16.07942117208209,276.9860822698572,-21.0820947789106,False,False,0,False,False,False,False,False,False,False,False,0.00036577473,3.5905657e-08,0.9995983,,,,,,,,,,,,,,,,,,,,,,,0.015015822966514422,IN,5
12,1636148068921376768,Gaia DR3 6709878839332345984,6709878839332345984,1507193263,2016.0,279.07632377160223,1.1595339,-44.30762078176245,1.1870424,1.404177235710059,1.3713897,1.0239081,11.100253,-3.7630952817792123,1.3950448,-10.442927015666651,1.2983855,-0.0032458575,0.4037195,-0.6691181,0.033055153,-0.2432836,0.038615588,-0.8045963,-0.46636674,0.21971466,0.17098416,225,0,225,0,1.1778978,294.11166,2.9834511,2.00947,95,False,,1.0488261,0.23678976,0.0147566395,0.45917252,-0.09453021,-0.017309036,-0.5261257,26,12,2.2024488,26,19,0,0.024320232,58.488503,0,0,1.0552568,0.53616333,0.40862134,0.3690519,0.8549736,164.39796,-28.970438,23.131744,-41.247498,False,223,96.08671442126735,0.8487785,113.20588,20.73071,17,31.187948953203332,5.1065187,6.1074777,21.603575,25,132.98940933858867,8.546743,15.560244,19.438353,1.7086375,0,1,0,0,0,2.1652222,0.8728657,1.2923565,,,,,,,,,,,,,,,,,,,,,,,NOT_AVAILABLE,350.9199284316289,-16.050711814773067,276.9491295677276,-21.087042556223615,False,False,0,False,False,False,False,False,False,False,False,1.731645e-13,1.7855821e-10,0.9999838,,,,,,,,,,,,,,,,,,,,,,,0.02291361778284497,IN,5
2,1636148068921376768,Gaia DR3 6709878908050837504,6709878908050837504,467141470,2016.0,279.07386061434966,1.1212041,-44.29130265976462,0.9585574,,,,,,,,,0.33839333,,,,,,,,,,165,0,165,0,-0.24265921,155.04457,0.0,0.0,3,False,,,,,,,,,19,8,3.2671824,19,11,1,0.019568805,173.47302,0,0,,0.3545185,0.4873623,0.33452314,0.85079545,161.94691,-32.41683,31.841429,-40.87245,False,164,94.24446942272925,0.7730404,121.91403,20.751728,14,45.38464754717752,8.490339,5.3454456,21.19627,14,118.85019704280651,13.841598,8.586451,19.560396,1.742647,0,0,0,0,0,1.6358738,0.44454193,1.1913319,,,,,,,,,,,,,,,,,,,,,,,NOT_AVAILABLE,350.9349173560477,-16.042844942525097,276.9484204640185,-21.07064282867544,False,False,0,False,False,False,False,False,False,False,False,0.00037684108,8.1377846e-05,0.9985464,,,,,,,,,,,,,,,,,,,,,,,0.030992127392642278,IN,5
185,1636148068921376768,Gaia DR3 6709877945978074112,6709877945978074112,769082239,2016.0,279.1191244267522,0.9022493,-44.33022030692755,0.89490706,1.4618959090418158,1.0564457,1.3837872,1.6590575,-0.5362680436051838,1.2914176,-1.5699963348733188,1.073043,0.48171028,0.28185397,-0.31792158,-0.20497155,-0.0033459447,-0.24516292,-0.5969611,-0.29125714,0.03474826,0.6348122,189,0,189,0,-0.419728,186.50555,0.0,0.0,95,False,,1.2848651,0.21242443,0.04836254,0.19403572,-0.10726427,0.15530021,-0.11770123,22,12,2.176394,22,14,0,0.029880274,149.32233,0,0,0.9763333,0.3279726,0.45380268,0.22909307,0.83955336,168.17043,-31.862154,25.122736,-41.061344,False,187,93.90887687665132,0.8025331,117.01558,20.7556,16,34.26392842327823,6.7810364,5.0529046,21.50145,22,76.56442125432483,5.398855,14.181603,20.037828,1.1801691,0,0,0,1,0,1.4636211,0.7458496,0.71777153,,,,,,,,,,,,,,,,,,,,,,,NOT_AVAILABLE,350.9103651361307,-16.087644332523613,276.9802446048086,-21.111655091368007,False,False,0,False,False,False,False,False,False,False,False,1.8667316e-07,8.836739e-09,0.99999034,,,,,,,,,,,,,,,,,,,,,,,0.02146624500372718,IN,5
247,1636148068921376768,Gaia DR3 6709877911618315904,6709877911618315904,1076830810,2016.0,279.13301334254675,0.8996746,-44.33382334515949,0.93172276,-0.6550198662365608,0.9361534,-0.69969285,3.9856503,1.0582390603989336,0.9982511,-3.8425951846703086,0.9184156,0.5749948,0.18229622,-0.35603714,-0.35830125,0.17951061,-0.33966973,-0.6508735,-0.17261674,-0.05735568,0.563456,232,0,230,2,2.2334337,283.2255,2.1506343,1.1784233,95,False,,1.9426047,0.1941909,0.2521011,0.28440315,0.18463713,-0.14603303,-0.30740935,28,12,1.8170642,28,19,0,0.15716815,178.8276,1,0,1.1058152,0.358654,0.49570572,0.26671955,0.8347357,163.98328,-34.773098,24.19121,-41.792397,False,219,92.72719739866615,0.7382728,125.60019,20.769348,20,47.310939888397805,6.1934776,7.6388326,21.151138,26,72.62338767177495,7.074428,10.265619,20.095203,1.2934104,0,0,0,0,0,1.0559349,0.38179016,0.67414474,,,,,,,,,,,,,,,,,,,,,,,NOT_AVAILABLE,350.910844856331,-16.098202227893843,276.99060873183623,-21.11592177588397,False,False,0,False,False,False,False,False,False,False,False,1.371886e-06,3.4487457e-09,0.9999874,,,,,,,,,,,,,,,,,,,,,,,0.029541618188231547,IN,5
56,1636148068921376768,Gaia DR3 6709878598813134976,6709878598813134976,1694676437,2016.0,279.0893339205077,1.0018725,-44.32697109526898,1.0252941,0.9095291373374721,1.1597435,0.7842502,10.398574,8.87702580592809,1.1999747,-5.41560325858233,1.1168206,0.51645964,0.29124397,-0.5153405,-0.47428504,0.1881062,-0.4518456,-0.7038697,-0.4478817,-0.34596077,0.5780019,179,0,178,1,-1.5484743,196.02902,1.1921879,0.5660666,95,False,,1.1323377,0.24881066,0.32016486,0.3960974,0.44266516,-0.40485248,-0.5556196,21,12,2.2472637,21,13,0,0.071109235,169.73051,0,0,0.91580194,0.32913676,0.25686392,0.14068013,0.82596165,-144.89825,-26.565289,-21.152796,-44.416748,False,175,91.64404622092856,0.90837544,100.887856,20.782106,12,37.14433805839786,8.93882,4.155396,21.41381,15,97.71142670439122,7.0570617,13.845908,19.773031,1.471517,0,0,0,0,0,1.6407795,0.63170433,1.0090752,,,,,,,,,,,,,,,,,,,,,,,NOT_AVAILABLE,350.90502173893805,-16.066707977709306,276.95768827614336,-21.106975505001245,False,False,0,False,False,False,False,False,False,False,False,3.1231673e-10,7.319351e-10,0.9999845,,,,,,,,,,,,,,,,,,,,,,,0.021462666474469504,IN,5
257,1636148068921376768,Gaia DR3 6709878736252081024,6709878736252081024,913210226,2016.0,279.1347735525759,2.0436616,-44.30176180904376,1.4567319,,,,,,,,,0.6347593,,,,,,,,,,130,0,129,1,1.7209305,152.35753,2.9369435,1.6018529,3,False,,,,,,,,,15,7,6.888614,15,11,0,0.096587844,178.21584,0,0,,0.35624075,0.7160665,0.39083898,0.8688502,149.77896,-34.72004,29.263641,-38.893215,False,121,90.7820655855518,1.0363647,87.59664,20.792366,12,42.118527707158954,7.062417,5.9637556,21.277359,13,63.91671194873548,7.045057,9.072561,20.23386,1.1680197,0,1,0,0,0,1.043499,0.48499298,0.558506,,,,,,,,,,,,,,,,,,,,,,,NOT_AVAILABLE,350.94218902772377,-16.08713161833788,276.9942814601577,-21.08401899618501,False,False,0,False,False,False,False,False,False,False,False,0.000896921,6.901517e-05,0.9980736,,,,,,,,,,,,,,,,,,,,,,,0.020866646180137012,IN,5
268,1636148068921376768,Gaia DR3 6709877911618324352,6709877911618324352,1127108485,2016.0,279.136739803869,1.0929747,-44.327431309713006,1.1043019,0.6277506996984198,1.1218079,0.5595884,5.478014,-1.3794114985712982,1.6347806,-5.301496367996834,1.4372569,0.6322137,0.30401763,-0.25694174,-0.24484794,0.10507867,-0.37332028,-0.61072206,-0.06855279,0.13629283,0.7881446,190,0,190,0,0.09220322,197.0647,0.71383715,0.12392249,95,False,,1.4363872,0.22815105,0.32689852,0.32821545,0.17653403,-0.034811515,-0.18824562,22,11,2.9293866,22,14,0,0.078143016,171.69673,0,0,1.0029963,0.35706285,0.55069387,0.31681305,0.8477834,159.21304,-33.94803,26.755259,-40.106113,False,188,89.68538717136553,0.79634935,112.62066,20.805563,14,51.02335812174431,9.485592,5.379038,21.06912,18,65.79550624554146,10.4985285,6.267117,20.202404,1.3025407,0,0,0,0,0,0.8667164,0.26355743,0.60315895,,,,,,,,,,,,,,,,,,,,,,,NOT_AVAILABLE,350.9180530343365,-16.098227407836966,276.9939234422754,-21.10972485176287,False,False,0,False,False,False,False,False,False,False,False,1.565418e-06,7.814829e-10,0.99999845,,,,,,,,,,,,,,,,,,,,,,,0.026724741154559868,IN,5
27,1636148068921376768,Gaia DR3 6709878633172895488,6709878633172895488,1358645525,2016.0,279.0787036255921,2.002933,-44.317211935682586,2.0420606,,,,,,,,,0.83349705,,,,,,,,,,161,0,161,0,1.9256912,191.7805,2.3803113,0.90605944,3,False,,,,,,,,,19,8,4.796926,19,14,0,0.036092155,87.8078,0,0,,0.31791145,0.57385886,0.22503701,0.8446665,163.76582,-33.417454,17.216682,-39.74197,False,159,89.67583952040313,0.99000204,90.581474,20.805677,14,29.95917252674337,6.11457,4.8996367,21.647217,18,81.47151389203795,7.7530575,10.508307,19.97038,1.2425942,0,0,0,1,0,1.676836,0.8415394,0.83529663,,,,,,,,,,,,,,,,,,,,,,,NOT_AVAILABLE,350.9113829793477,-16.05595104098626,276.9502591315496,-21.096726530980995,False,False,0,False,False,False,False,False,False,False,False,4.316585e-05,1.106098e-05,0.9997505,,,,,,,,,,,,,,,,,,,,,,,0.02218024433810523,IN,5
156,1636148068921376768,Gaia DR3 6709878770614640512,6709878770614640512,750572041,2016.0,279.11206296405146,1.5697222,-44.29498977675056,1.399432,1.827515922915088,1.6651399,1.0975149,3.958249,-0.7653761538736965,1.6975161,-3.8835466916934873,1.5264932,-0.119469896,0.5779348,-0.50914913,0.3295784,-0.1497201,0.29805753,-0.6788434,-0.30262008,0.27924404,0.0032132836,145,0,145,0,1.9469016,182.82944,1.8412108,0.54494715,95,False,,1.5925975,0.2574706,0.13229828,0.35256892,-0.04843986,0.12774527,-0.14989181,17,9,2.7167783,17,13,0,0.10068394,179.2645,0,0,1.1165224,0.34204307,0.33130914,0.2611177,0.8284401,167.42194,-26.894262,23.692652,-41.405552,False,144,88.98392396360462,0.89396757,99.5382,20.814089,16,52.06298571763169,6.0092897,8.663751,21.04722,16,52.358664378981025,7.839295,6.679002,20.450424,1.173489,0,0,0,0,0,0.59679604,0.23313141,0.36366463,,,,,,,,,,,,,,,,,,,,,,,NOT_AVAILABLE,350.94224455920516,-16.06952314577935,276.97739187040975,-21.076163732357234,False,False,0,False,False,False,False,False,False,False,False,0.00062299374,3.319014e-09,0.9993769,,,,,,,,,,,,,,,,,,,,,,,0.015513288754253682,IN,5
231,1636148068921376768,Gaia DR3 6709877980337824256,6709877980337824256,1030854363,2016.0,279.1288057166926,2.157786,-44.31506338016198,1.2969141,,,,,,,,,0.4740348,,,,,,,,,,151,0,151,0,0.7322996,158.1702,1.5272044,0.4142258,3,False,,,,,,,,,18,8,4.1328764,19,16,0,0.017782073,146.22835,0,0,,0.26686233,0.6511252,0.41413447,0.8262682,143.25307,-35.805214,34.36583,-40.265087,False,152,88.9020571936961,1.0345094,85.93644,20.815088,12,51.26317032675662,10.349737,4.953089,21.064028,13,66.89520559438733,8.0352955,8.3251705,20.184408,1.3290849,0,0,0,0,0,0.8796196,0.24893951,0.6306801,,,,,,,,,,,,,,,,,,,,,,,NOT_AVAILABLE,350.9276969326691,-16.08826106545072,276.9887501869838,-21.0970011311771,False,False,0,False,False,False,False,False,False,False,False,0.00089166407,0.000100697565,0.9978033,,,,,,,,,,,,,,,,,,,,,,,0.015556246494008458,IN,5
264,1636148068921376768,Gaia DR3 6709878736252083072,6709878736252083072,1456137905,2016.0,279.1358803217975,1.3320142,-44.299781137814804,1.2736083,,,,,,,,,0.610394,,,,,,,,,,147,0,147,0,1.554179,169.08475,1.6794525,0.46211272,3,False,,,,,,,,,17,8,3.1972275,17,11,0,0.3999339,2.244319,0,0,,0.48525098,0.6311718,0.43655643,0.874832,154.48123,-35.163223,25.644798,-40.150536,False,145,87.58145515122882,1.2732265,68.78702,20.831337,10,47.18717514884747,10.373838,4.548671,21.153982,13,60.88469927765577,10.892498,5.589599,20.286625,1.2339585,0,0,0,0,0,0.86735725,0.3226452,0.54471207,,,,,,,,,,,,,,,,,,,,,,,NOT_AVAILABLE,350.94440901040366,-16.087107813739742,276.99527211569404,-21.082096479929493,False,False,0,False,False,False,False,False,False,False,False,0.0023791606,2.1773038e-05,0.9971016,,,,,,,,,,,,,,,,,,,,,,,0.022445221789532222,IN,5
88,1636148068921376768,Gaia DR3 6709878598813125248,6709878598813125248,874625303,2016.0,279.0966537739396,1.102549,-44.32817845215952,1.1766285,0.03270945004102853,1.3234676,0.02471496,4.7364335,3.439797571594208,1.3104113,-3.256008744349877,1.2937384,0.53231496,0.3952385,-0.4954622,-0.5163871,0.16278227,-0.45889837,-0.7005438,-0.42895883,-0.38589042,0.5207218,156,0,156,0,-0.28738666,172.41808,0.0,0.0,95,False,,1.0387367,0.28580156,0.25936854,0.44481224,0.33037108,-0.37547046,-0.5336657,18,11,2.5162609,18,11,2,0.112949185,179.42256,0,0,0.9812446,0.29375347,0.3381266,0.067016706,0.82538444,-160.05467,-31.873507,-2.2522593,-44.34884,False,153,86.80203437734073,1.0477496,82.84616,20.841042,11,39.17453504421116,7.4889193,5.231,21.356033,14,78.02526533016811,16.435349,4.7474055,20.017307,1.3501965,0,0,0,0,0,1.338726,0.51499176,0.8237343,,,,,,,,,,,,,,,,,,,,,,,NOT_AVAILABLE,350.90594198320775,-16.072008414927254,276.9632012131375,-21.10853296562804,False,False,0,False,False,False,False,False,False,False,False,3.640629e-07,8.262522e-10,0.9999915,,,,,,,,,,,,,,,,,,,,,,,0.019723862791318037,IN,5
26,1636148068921376768,Gaia DR3 6709878564454411904,6709878564454411904,1563858939,2016.0,279.07869436084826,1.8408393,-44.33158789056589,2.0595272,,,,,,,,,0.8411224,,,,,,,,,,179,0,178,1,0.5824932,183.36885,0.0,0.0,3,False,,,,,,,,,21,11,4.630278,21,16,0,0.03115122,163.76598,0,0,,0.5431325,0.51599675,0.35334226,0.83437765,163.67691,-33.033207,23.923994,-41.567837,False,178,86.52101779404663,0.94235677,91.81344,20.844563,5,44.80822654697814,14.2410145,3.146421,21.210148,5,58.26280313107582,7.3532767,7.9233794,20.334417,1.1912831,0,0,0,0,0,0.8757305,0.36558533,0.5101452,,,,,,,,,,,,,,,,,,,,,,,NOT_AVAILABLE,350.89755591966605,-16.06143831349196,276.949215321954,-21.111069467770523,False,False,0,False,False,False,False,False,False,False,False,0.0029172916,3.648087e-05,0.9965282,,,,,,,,,,,,,,,,,,,,,,,0.02998471803483175,IN,5
62,1636148068921376768,Gaia DR3 6709878942413703296,6709878942413703296,1735673251,2016.0,279.0900361504995,3.00361,-44.28943402750423,1.8466709,,,,,,,,,0.69216543,,,,,,,,,,75,0,75,0,-0.21574351,66.82973,0.0,0.0,3,False,,,,,,,,,9,5,15.41694,9,6,0,0.048799507,148.03705,0,11,,0.24507289,0.75155365,0.45902646,0.8118255,131.03284,-37.557934,33.005806,-40.068348,False,74,85.15582816870305,1.1481942,74.16501,20.861832,0,,,,,0,,,,,,,,,,2,,,,,,,,,,,,,,,,,,,,,,,,,,NOT_AVAILABLE,350.9413193495778,-16.052830061826338,276.9609352956346,-21.069557517957918,False,False,0,False,False,False,False,False,False,False,False,,,,,,,,,,,,,,,,,,,,,,,,,,0.024513379928666746,IN,5
178,1636148068921376768,Gaia DR3 6709878701894866816,6709878701894866816,1060332366,2016.0,279.1176002133814,1.2574382,-44.31519736402916,1.3787616,2.1864483398674004,1.2894058,1.6957023,13.645848,5.54183378708003,1.5500594,-12.469853460915502,1.4327983,0.56285244,0.19262774,-0.56207085,-0.4345442,0.32565457,-0.45773968,-0.80736077,-0.42604133,-0.36338988,0.6678132,141,0,141,0,-2.168573,137.42693,0.0,0.0,95,False,,1.152646,0.27287742,0.2758001,0.26723522,0.24815102,-0.41398847,-0.4087685,17,9,2.9766269,17,13,0,0.09758419,177.27428,0,0,0.86861485,0.4637855,0.60626405,0.39534143,0.8030368,153.3469,-31.253376,20.313314,-38.580425,False,141,85.1434077260939,0.9839406,86.53307,20.86199,10,27.649626788035146,7.7496805,3.5678408,21.73432,15,61.7911352217848,8.840476,6.989571,20.27058,1.0504719,0,0,0,0,0,1.4637394,0.8723297,0.5914097,,,,,,,,,,,,,,,,,,,,,,,NOT_AVAILABLE,350.9243828814331,-16.08090168617566,276.980166507805,-21.096592801425917,False,False,0,False,False,False,False,False,False,False,False,2.2807962e-08,4.811463e-09,0.99999326,,,,,,,,,,,,,,,,,,,,,,,0.008390273952136344,IN,5
183,1636148068921376768,Gaia DR3 6709878770614343168,6709878770614343168,666698039,2016.0,279.11876564483543,3.2992566,-44.29969232246879,3.5441897,,,,,,,,,0.79139984,,,,,,,,,,102,0,101,1,0.33452135,100.02354,0.0,0.0,3,False,,,,,,,,,12,5,17.877823,12,9,0,0.037055124,153.50868,0,0,,0.8232391,0.663179,0.8135397,0.9091165,144.03716,-34.163067,22.896584,-38.32437,False,101,84.96249959535325,1.230674,69.03737,20.864298,2,48.75035193901668,22.445766,2.1719174,21.118597,2,80.98020736281416,14.478931,5.5929685,19.976948,1.5269156,0,0,0,0,1,1.1416492,0.25429916,0.8873501,,,,,,,,,,,,,,,,,,,,,,,NOT_AVAILABLE,350.93962807354376,-16.075752635884516,276.9821810578633,-21.081179532301082,False,False,0,False,False,False,False,False,False,False,False,0.001955088,3.1038926e-05,0.9974983,,,,,,,,,,,,,,,,,,,,,,,0.013010430542276557,IN,5
113,1636148068921376768,Gaia DR3 6709877842898869888,6709877842898869888,1114690813,2016.0,279.10169675200376,1.0017006,-44.333178091317954,1.0095146,0.6134221985498273,1.1510774,0.5329113,0.8131554,-0.57705798633439,1.2595022,0.5729099423617728,1.0712311,0.4524222,0.20989257,-0.3313209,-0.19537716,0.0060969116,-0.22392784,-0.6616564,-0.38597128,-0.028694358,0.5137633,165,0,165,0,0.18543386,173.78987,0.0,0.0,95,False,,1.4620416,0.23290649,-0.046371315,0.2000205,0.04322092,-0.12894014,-0.35327843,19,10,2.114652,19,12,0,0.09430443,173.09384,0,0,1.0083137,0.3173568,0.56741375,0.24599263,0.80620825,166.41856,-32.666515,22.303558,-39.47314,False,165,84.91898173479215,0.83986115,101.11073,20.864855,17,46.51017722851854,6.3304877,7.3470135,21.169672,15,61.115310825458316,7.356494,8.307668,20.28252,1.2673903,0,0,0,0,0,0.8871517,0.3048172,0.5823345,,,,,,,,,,,,,,,,,,,,,,,NOT_AVAILABLE,350.90256693831265,-16.077251663431475,276.9666978884028,-21.113764474503466,False,False,0,False,False,False,False,False,False,False,False,0.0005585647,2.3692728e-09,0.99944013,,,,,,,,,,,,,,,,,,,,,,,0.023389847804789487,IN,5
24,1636148068921376768,Gaia DR3 6709878942410576384,6709878942410576384,1654395846,2016.0,279.0783811977162,1.199648,-44.288118442026196,1.229053,2.1632366679735258,1.2621397,1.713944,12.939599,-7.783905961067429,1.4698076,-10.336538971233157,1.2743202,0.65397453,0.42070752,-0.5903093,-0.47760054,0.24089898,-0.50673735,-0.76694536,-0.52717423,-0.22658487,0.66922355,167,0,166,1,-1.0447769,189.30148,0.48495337,0.053573802,95,False,,1.1633834,0.26217514,0.16081907,0.33613077,0.18590038,-0.3077853,-0.4857812,19,10,2.7665958,19,12,1,0.024465831,98.15121,0,0,0.9401258,0.24550405,0.5666569,0.1486812,0.8091984,179.73618,-35.706802,32.40178,-42.40325,False,165,84.33860020406631,0.848015,99.45413,20.872301,9,45.58352306604196,6.912586,6.5942793,21.191523,15,101.724982308047,10.732008,9.478653,19.729326,1.7466321,0,0,0,0,1,1.4621964,0.3192215,1.1429749,,,,,,,,,,,,,,,,,,,,,,,NOT_AVAILABLE,350.9392661643673,-16.04461773258715,276.9521098170279,-21.067683412276445,False,False,0,False,False,False,False,False,False,False,False,1.3022332e-10,3.0314167e-09,0.99999964,,,,,,,,,,,,,,,,,,,,,,,0.030709397547312216,IN,5
194,1636148068921376768,Gaia DR3 6709878701895165056,6709878701895165056,1155030681,2016.0,279.1207052115089,1.4987432,-44.31391755113524,2.8609886,,,,,,,,,0.17798972,,,,,,,,,,120,0,120,0,0.35913295,119.84638,0.0,0.0,3,False,,,,,,,,,14,6,6.412067,14,11,0,0.05706374,163.08846,0,0,,0.5743505,0.55770326,0.40198565,0.85138595,167.95088,-31.441418,17.148687,-38.56133,False,120,83.93437223859786,1.0822212,77.55751,20.877518,9,40.304751774202636,8.594761,4.689456,21.325151,12,78.77364835074535,12.852955,6.1288357,20.006943,1.4187084,0,1,0,1,0,1.3182087,0.44763374,0.87057495,,,,,,,,,,,,,,,,,,,,,,,NOT_AVAILABLE,350.9264966279052,-16.082466508259817,276.9826350266707,-21.0954660361383,False,False,0,False,False,False,False,False,False,False,False,0.00054880616,4.6505203e-05,0.99862325,,,,,,,,,,,,,,,,,,,,,,,0.009715835885520002,IN,5
46,1636148068921376768,Gaia DR3 6709878598814149376,6709878598814149376,1701874456,2016.0,279.0840401395182,1.4930545,-44.32867158107136,1.1671307,,,,,,,,,0.19749017,,,,,,,,,,103,0,103,0,0.9918323,111.82225,0.0,0.0,3,False,,,,,,,,,12,7,6.0269313,12,6,0,0.060921647,169.64586,0,0,,0.29891938,0.34259087,0.09544879,0.85449606,-171.7295,-31.845095,33.91429,44.762596,False,102,83.80056514664903,1.253695,66.842865,20.87925,9,51.49742791998292,11.249985,4.577555,21.059078,11,65.85738701624427,9.047578,7.2790074,20.201384,1.400406,0,0,0,0,0,0.8576946,0.17982864,0.677866,,,,,,,,,,,,,,,,,,,,,,,NOT_AVAILABLE,350.9018808571255,-16.063857926157674,276.9535154645849,-21.108417124983475,False,False,0,False,False,False,False,False,False,False,False,0.0036355671,2.9500394e-05,0.99545723,,,,,,,,,,,,,,,,,,,,,,,0.025231823416439772,IN,5
289,1636148068921376768,Gaia DR3 6709878736252076928,6709878736252076928,1460457550,2016.0,279.1430336096341,1.4414617,-44.299201631362,1.6169262,3.050262440290303,1.7750232,1.7184352,8.721863,-3.046680644858515,1.8128222,-8.172431368676577,1.7565761,0.670435,0.42577568,-0.6332374,-0.5762241,0.53930116,-0.6124311,-0.84521925,-0.63588935,-0.6060444,0.7547421,149,0,147,2,0.9947333,163.71638,1.5689086,0.38446316,95,False,,2.0933619,0.31796235,0.43390167,0.5170044,0.52908915,-0.5132262,-0.6232359,17,10,3.7539327,17,12,2,0.08900882,175.4319,0,0,1.0574071,0.4721255,0.5383408,0.34958723,0.8186239,159.77829,-30.7897,22.515442,-39.90624,False,149,83.59658128852797,1.0952959,76.32328,20.881895,12,69.59099438935569,9.495674,7.328705,20.732159,12,138.97372962397242,11.3328085,12.262956,19.390564,2.4948955,0,0,0,0,0,1.3415947,-0.1497364,1.4913311,,,,,,,,,,,,,,,,,,,,,,,NOT_AVAILABLE,350.9469999022177,-16.09161879851284,277.00078843154654,-21.081864975158727,False,False,0,False,False,False,False,False,False,False,False,4.2282018e-06,6.304516e-06,0.9999875,,,,,,,,,,,,,,,,,,,,,,,0.02730856861344873,IN,5
225,1636148068921376768,Gaia DR3 6709877877259613312,6709877877259613312,1099055586,2016.0,279.12731800910143,4.324243,-44.329984913468365,6.1917562,,,,,,,,,0.9558006,,,,,,,,,,86,0,86,0,2.583982,117.683586,3.136787,1.2946397,3,False,,,,,,,,,10,5,34.56946,10,5,0,0.11872779,95.119865,0,0,,0.48113546,0.56941664,0.3520942,0.9291722,168.95096,-40.403564,13.13291,-43.077026,False,86,83.52312334122605,1.2893848,64.7775,20.88285,7,30.647254448494085,6.53104,4.6925535,21.622562,7,77.51424676973211,14.806788,5.235048,20.02444,1.2949888,0,0,0,0,0,1.5981216,0.73971176,0.8584099,,,,,,,,,,,,,,,,,,,,,,,NOT_AVAILABLE,350.9129196893879,-16.092971920171248,276.98653007062376,-21.111816497365155,False,False,0,False,False,False,False,False,False,False,False,6.811125e-05,1.658043e-05,0.99908525,,,,,,,,,,,,,,,,,,,,,,,0.024041743930465157,IN,5
60,1636148068921376768,Gaia DR3 6709878873695857408,6709878873695857408,472554371,2016.0,279.0895982222208,4.042047,-44.29928509039265,2.3955534,,,,,,,,,0.7399109,,,,,,,,,,72,0,72,0,0.8948016,77.1662,1.5301777,0.26918334,3,False,,,,,,,,,8,5,21.693697,8,5,0,0.090802625,6.239572,0,0,,0.6011668,0.7417072,0.6861897,0.8721839,133.93675,-34.643166,28.200987,-38.167236,False,71,83.35661296126841,1.2866948,64.783516,20.885017,5,37.969786070896646,8.495389,4.469458,21.389946,5,56.899839313895505,16.436653,3.4617655,20.360117,1.1381176,0,0,0,0,0,1.029829,0.5049286,0.52490044,,,,,,,,,,,,,,,,,,,,,,,NOT_AVAILABLE,350.9317218478765,-16.056304901641756,276.95988914790473,-21.079365105566243,False,False,0,False,False,False,False,False,False,False,False,0.0004436559,2.5116246e-05,0.99886185,,,,,,,,,,,,,,,,,,,,,,,0.017207419685808686,IN,5
139,1636148068921376768,Gaia DR3 6709878770611846912,6709878770611846912,1452785568,2016.0,279.1083342977677,1.9727936,-44.30027070148078,1.3172494,,,,,,,,,0.26969263,,,,,,,,,,137,0,136,1,0.70512396,142.04332,1.0590464,0.14144693,3,False,,,,,,,,,16,7,5.4292936,16,12,0,0.09579695,13.107803,0,0,,0.31543276,0.60865057,0.28332156,0.8347708,155.89803,-32.01286,21.053331,-38.966354,False,135,83.31358846117864,1.0849996,76.78675,20.885578,11,49.19586135813365,13.3530035,3.6842544,21.10872,15,87.76659379187655,8.699191,10.089052,19.889572,1.643939,0,1,0,1,0,1.2191486,0.22314262,0.996006,,,,,,,,,,,,,,,,,,,,,,,NOT_AVAILABLE,350.9361048322409,-16.06907367372645,276.9741563171643,-21.081252481983906,False,False,0,False,False,False,False,False,False,False,False,9.963805e-06,8.489266e-06,0.99968916,,,,,,,,,,,,,,,,,,,,,,,0.009976416820351405,IN,5
69,1636148068921376768,Gaia DR3 6709878942410565760,6709878942410565760,397936244,2016.0,279.0920698708715,1.6936071,-44.28678738142039,1.582571,-1.4792224748816518,1.9574674,-0.75568175,5.805152,-0.1683698749949727,1.8078878,-5.802709933994064,1.6909887,0.2951411,0.59279215,-0.6120945,-0.19350782,0.066989064,-0.1740916,-0.8176464,-0.5204089,0.062021907,0.2176545,119,0,119,0,1.7572085,144.51126,2.6524975,0.90998,95,False,,1.7587576,0.34877363,0.33566192,0.65390116,0.10444738,-0.16446646,-0.68471056,14,10,3.052374,14,9,0,0.06173011,93.16854,0,0,1.1160749,0.2371348,0.34186926,0.1941722,0.81796956,169.5946,-22.453882,30.115427,-39.902752,False,118,83.0950861487813,1.1334893,73.30911,20.888428,7,29.793622937285374,5.3300524,5.589743,21.653234,12,113.72739578988316,14.532585,7.825682,19.608232,1.7271903,0,0,0,0,0,2.045002,0.76480675,1.2801952,,,,,,,,,,,,,,,,,,,,,,,NOT_AVAILABLE,350.9444432705869,-16.053163943757568,276.96268288398653,-21.067014934886245,False,False,0,False,False,False,False,False,False,False,False,9.5357486e-11,2.1538078e-10,0.9999961,,,,,,,,,,,,,,,,,,,,,,,0.026124593551792558,IN,5
127,1636148068921376768,Gaia DR3 6709877842899889664,6709877842899889664,508020400,2016.0,279.1045142566381,23.486673,-44.333332919625306,20.346788,,,,,,,,,0.99317324,,,,,,,,,,101,0,101,0,1.4670794,117.03464,2.333053,0.5899812,3,False,,,,,,,,,12,4,106.11391,12,11,0,0.06625402,4.285323,0,0,,0.63953733,0.82031065,0.55107677,0.8679468,156.12766,-35.0296,27.170116,-38.035923,False,101,82.76459323103094,1.2755741,64.88419,20.892756,8,54.09877901686428,10.971658,4.930775,21.005573,9,38.940183560881,10.0368395,3.8797257,20.7719,1.1241397,0,0,0,0,0,0.2336731,0.112817764,0.12085533,,,,,,,,,,,,,,,,,,,,,,,NOT_AVAILABLE,350.903218878167,-16.0791734025903,276.9688421284313,-21.11405490799513,False,False,0,False,False,False,False,False,False,False,False,0.004205959,2.0642405e-05,0.9950777,,,,,,,,,,,,,,,,,,,,,,,0.023231603483773382,IN,5
25,1636148068921376768,Gaia DR3 6709878633173908224,6709878633173908224,178651313,2016.0,279.07838317027574,2.9490392,-44.315438975850796,4.4543233,,,,,,,,,0.92367476,,,,,,,,,,137,0,137,0,2.0641198,167.6754,2.465064,0.9585569,3,False,,,,,,,,,16,7,18.870518,16,10,0,0.054930717,19.74221,0,0,,0.4304246,0.72550905,0.35731506,0.8654051,162.86191,-37.957638,20.694803,-40.162144,False,137,82.5615379855931,1.0188156,81.03678,20.895422,7,19.38106349816282,5.7019496,3.399024,22.120098,14,91.15602381009583,10.430881,8.739054,19.848433,1.3388448,0,0,0,0,1,2.2716656,1.2246761,1.0469894,,,,,,,,,,,,,,,,,,,,,,,NOT_AVAILABLE,350.9129966853314,-16.055061606073107,276.95014177484614,-21.094942162959377,False,False,0,False,False,False,False,False,False,False,False,1.5318616e-05,8.157264e-06,0.99991536,,,,,,,,,,,,,,,,,,,,,,,0.021911857536402957,IN,5
274,1636148068921376768,Gaia DR3 6709877911621543808,6709877911621543808,369774638,2016.0,279.13821363407067,2.5681732,-44.3207120688337,1.5860597,,,,,,,,,0.24475025,,,,,,,,,,90,0,88,2,0.6903706,91.50303,0.88828176,0.086841166,3,False,,,,,,,,,11,5,11.510358,11,9,0,0.039891697,120.24517,0,0,,0.39217502,0.4570722,0.33413684,0.8193103,157.76315,-28.710855,23.62487,-40.80879,False,89,81.09007413418807,1.3951262,58.123825,20.914948,0,,,,,2,69.64901817529413,76.76884,0.90725636,20.140608,,,,0,1,1,,,0.7743397,,,,,,,,,,,,,,,,,,,,,,,NOT_AVAILABLE,350.92493614745524,-16.096638381803707,276.9955387315468,-21.1030924248636,False,False,0,False,False,False,False,False,False,False,False,0.0003007738,4.5761153e-05,0.95590734,,,,,,,,,,,,,,,,,,,,,,,0.023932079124237976,IN,5
148,1636148068921376768,Gaia DR3 6709878976771298048,6709878976771298048,1452570527,2016.0,279.1102889767936,2.1880493,-44.28730563306616,1.54178,,,,,,,,,0.1867394,,,,,,,,,,102,0,102,0,1.6488618,121.051765,2.870727,0.9002463,3,False,,,,,,,,,12,7,4.305796,12,9,0,0.22986184,0.27587888,0,0,,0.40958148,0.51025367,0.5224581,0.89894736,136.41501,-34.344315,29.8857,-40.657513,False,101,80.89787842977503,1.2995187,62.252182,20.917524,8,49.976989494377335,13.565471,3.6841323,21.091618,11,83.28474369661699,7.459817,11.164449,19.946482,1.6472834,0,0,0,0,0,1.1451359,0.17409325,0.97104263,,,,,,,,,,,,,,,,,,,,,,,NOT_AVAILABLE,350.9491301154652,-16.065414696837017,276.9765900221855,-21.0684113993607,False,False,0,False,False,False,False,False,False,False,False,0.00014826057,1.727775e-05,0.9994596,,,,,,,,,,,,,,,,,,,,,,,0.02299225252212371,IN,5
75,1636148068921376768,Gaia DR3 6709878869392060032,6709878869392060032,847181407,2016.0,279.09384343799076,1.9791589,-44.2980266030333,1.4509503,,,,,,,,,0.13040757,,,,,,,,,,95,0,94,1,0.55243665,95.87348,1.1579118,0.17314748,3,False,,,,,,,,,11,6,7.2003098,11,8,0,0.501544,179.03568,0,18,,0.57944256,0.48248217,0.49588847,0.8939704,153.66975,-29.21633,23.091423,-39.841454,False,94,80.77738829305838,1.2077407,66.88306,20.919142,4,91.03571038504575,14.007955,6.498858,20.440514,5,92.84846490033406,17.067505,5.4400725,19.828459,2.2764313,0,4,0,4,0,0.6120548,-0.47862816,1.090683,,,,,,,,,,,,,,,,,,,,,,,NOT_AVAILABLE,350.9341401535906,-16.058631816293506,276.96322883110395,-21.078314146782663,False,False,0,False,False,False,False,False,False,False,False,0.0014597505,0.00013019265,0.9967771,,,,,,,,,,,,,,,,,,,,,,,0.015934321883282185,IN,5
85,1636148068921376768,Gaia DR3 6709878873691076992,6709878873691076992,1581740240,2016.0,279.0961920131356,7.1462364,-44.29416486423804,7.810873,,,,,,,,,0.98492557,,,,,,,,,,98,0,98,0,0.75770676,103.0059,1.2105892,0.15662108,3,False,,,,,,,,,11,6,15.334479,11,8,0,0.03663923,55.885292,0,0,,0.39821848,0.79867303,0.30983382,0.8256213,156.27582,-36.872295,20.22755,-39.975445,False,97,80.55652801433345,1.0673828,75.47107,20.922115,7,29.561787130138445,9.774766,3.024296,21.661715,9,73.73528864262181,8.399015,8.779039,20.078707,1.2822931,0,0,0,0,1,1.5830078,0.7395992,0.8434086,,,,,,,,,,,,,,,,,,,,,,,NOT_AVAILABLE,350.938522154896,-16.058709746131235,276.9653051054742,-21.074574458837837,False,False,0,False,False,False,False,False,False,False,False,6.278401e-05,4.0938244e-06,0.99988097,,,,,,,,,,,,,,,,,,,,,,,0.018211127206161516,IN,5
100,1636148068921376768,Gaia DR3 6709878598819571584,6709878598819571584,6176811,2016.0,279.09903965385183,2.5705507,-44.31854838908482,3.115154,,,,,,,,,0.3968106,,,,,,,,,,69,0,69,0,2.525717,96.16182,5.7101502,2.180841,3,False,,,,,,,,,8,5,28.627344,8,8,0,0.03545003,133.26834,0,0,,0.61156714,0.32268453,0.27991587,0.8738389,-177.54346,-22.498552,5.4431367,-41.46196,False,69,79.73899669189296,1.8471766,43.16804,20.93319,6,67.45273797087579,15.709394,4.2937837,20.766043,7,61.441079392899226,13.541246,4.5373282,20.276749,1.6164465,0,0,0,0,0,0.48929405,-0.16714668,0.65644073,,,,,,,,,,,,,,,,,,,,,,,NOT_AVAILABLE,350.9158823694022,-16.069907813956355,276.96572256146817,-21.099039888786997,False,False,0,False,False,False,False,False,False,False,False,0.0063769906,0.00076442014,0.99209565,,,,,,,,,,,,,,,,,,,,,,,0.010548426458261512,IN,5
235,1636148068921376768,Gaia DR3 6709878736257317760,6709878736257317760,162626901,2016.0,279.12976956978684,8.057697,-44.30497162621682,5.9392395,,,,,,,,,-0.93169403,,,,,,,,,,93,0,93,0,1.1499664,103.41046,0.0,0.0,3,False,,,,,,,,,11,6,32.61292,11,9,0,0.033156075,163.73764,0,0,,0.3991407,0.48033056,0.35896346,0.8305466,155.68222,-30.21027,22.315418,-40.617126,False,92,79.73026019732093,1.391756,57.287525,20.93331,0,,,,,0,,,,,,,,,,2,,,,,,,,,,,,,,,,,,,,,,,,,,NOT_AVAILABLE,350.9376787846092,-16.085046736021205,276.99021939427183,-21.08697914716186,False,False,0,False,False,False,False,False,False,False,False,,,,,,,,,,,,,,,,,,,,,,,,,,0.01635634414352141,IN,5
74,1636148068921376768,Gaia DR3 6709878873691068416,6709878873691068416,1204460303,2016.0,279.0937397065789,4.112904,-44.30210422438104,3.232603,,,,,,,,,0.83655757,,,,,,,,,,100,0,100,0,4.3211565,166.90593,7.1291456,3.6413946,3,False,,,,,,,,,12,7,13.128579,12,7,0,0.21677189,24.376429,0,0,,0.40878904,0.69588214,0.28705958,0.8764788,170.8927,-37.58859,24.765867,-39.751106,False,93,79.71266028134141,1.3087066,60.909496,20.933548,8,24.37528157554948,6.9197874,3.5225477,21.871168,9,95.31976175930161,12.710078,7.4995418,19.799938,1.5015813,0,0,0,0,1,2.07123,0.93762016,1.1336098,,,,,,,,,,,,,,,,,,,,,,,NOT_AVAILABLE,350.93018935719334,-16.06012117657732,276.9628549986864,-21.082377499572516,False,False,0,False,False,False,False,False,False,False,False,4.8059435e-05,1.0635623e-05,0.99975663,,,,,,,,,,,,,,,,,,,,,,,0.013129861390736502,IN,5
23,1636148068921376768,Gaia DR3 6709878942416294912,6709878942416294912,590581033,2016.0,279.0783422002264,37.169792,-44.29796433742019,35.07168,,,,,,,,,-0.95907056,,,,,,,,,,51,0,51,0,0.7632137,52.9798,0.0,7.40792e-16,3,False,,,,,,,,,6,3,3763.969,6,4,0,0.38278612,99.27343,0,0,,0.5812833,0.17999358,0.45209867,0.93150306,158.89732,-5.376164,18.034204,-41.122036,False,51,78.63640039322988,1.4954432,52.58401,20.948307,5,57.08806733017833,15.210968,3.7530859,20.94718,6,98.15544119395929,15.2975,6.4164367,19.76811,1.9741939,0,0,0,0,0,1.1790695,-0.001127243,1.1801968,,,,,,,,,,,,,,,,,,,,,,,NOT_AVAILABLE,350.9297880665627,-16.04835564923728,276.95137025981484,-21.07750513297924,False,False,0,False,False,False,False,False,False,False,False,0.0010403388,5.917087e-05,0.99832684,,,,,,,,,,,,,,,,,,,,,,,0.024604654614501734,IN,5
208,1636148068921376768,Gaia DR3 6709878804972595584,6709878804972595584,681723481,2016.0,279.1239497298066,2.0498216,-44.288357103168664,1.5967404,,,,,,,,,0.053096592,,,,,,,,,,87,0,86,1,1.7230756,104.1796,3.6182253,1.9836756,3,False,,,,,,,,,10,6,12.616199,10,5,1,0.13060257,82.849014,0,0,,0.19170663,0.36150888,0.1487741,0.7744754,-105.73676,-34.245728,55.682217,-43.032536,False,85,78.37632250348354,1.1580501,67.679565,20.951904,9,31.184948690061727,8.413607,3.70649,21.60368,8,69.67171954515183,14.33205,4.861253,20.140255,1.2868258,0,0,0,0,0,1.4634247,0.65177536,0.8116493,,,,,,,,,,,,,,,,,,,,,,,NOT_AVAILABLE,350.952005233136,-16.074853983274366,276.9869695004761,-21.070120982882294,False,False,0,False,False,False,False,False,False,False,False,0.00091784593,2.5104797e-05,0.9984065,,,,,,,,,,,,,,,,,,,,,,,0.024642617400982655,IN,5
134,1636148068921376768,Gaia DR3 6709878976770287104,6709878976770287104,1499967256,2016.0,279.10695575060754,9.234846,-44.290214097809965,9.910298,,,,,,,,,0.96850044,,,,,,,,,,72,0,72,0,1.2855811,82.24402,3.3892982,0.8826276,3,False,,,,,,,,,9,5,25.064337,9,7,0,0.17720701,85.79405,0,0,,0.47699243,0.84251654,0.4599608,0.86698467,162.07423,-35.976562,31.70746,-37.75315,False,70,75.51098423504621,1.7217976,43.8559,20.992342,8,41.46086567869785,5.4152026,7.656383,21.294447,8,81.94822378647854,12.413316,6.6016383,19.964046,1.6343197,0,0,0,0,0,1.3304005,0.30210495,1.0282955,,,,,,,,,,,,,,,,,,,,,,,NOT_AVAILABLE,350.9453845183696,-16.064320571988944,276.97382854496936,-21.07115221934671,False,False,0,False,False,False,False,False,False,False,False,0.00043544732,1.0192464e-05,0.9990439,,,,,,,,,,,,,,,,,,,,,,,0.020049722685138913,IN,5
256,1636148068921376768,Gaia DR3 6709877980342652032,6709877980342652032,573212324,2016.0,279.1344399571871,10.66109,-44.310642435000965,9.868739,,,,,,,,,0.9094791,,,,,,,,,,69,0,69,0,2.0836406,89.7487,5.3892727,2.2747335,3,False,,,,,,,,,8,3,8056.034,9,5,1,0.95563984,136.21745,0,0,,0.24147822,0.97191304,0.37469715,0.89215404,166.04982,-38.470917,38.46309,-38.276535,False,67,75.12081003196414,1.254716,59.870766,20.997967,0,,,,,0,,,,,,,,,,2,,,,,,,,,,,,,,,,,,,,,,,,,,NOT_AVAILABLE,350.9335511572901,-16.090300191190536,276.9933819819623,-21.09286310097753,False,False,0,False,False,False,False,False,False,False,False,,,,,,,,,,,,,,,,,,,,,,,,,,0.018827964953334927,IN,5
35,1636148068921376768,Gaia DR3 6709878633172892160,6709878633172892160,1124725560,2016.0,279.0807789030745,2.8374956,-44.31942198789382,1.9191631,,,,,,,,,-0.04815446,,,,,,,,,,86,0,86,0,2.5142982,116.54951,5.028016,1.6412014,3,False,,,,,,,,,10,6,9.580801,10,6,0,0.023420792,65.83912,0,0,,0.54207695,0.43579447,0.42659378,0.8556445,157.2896,-25.591331,24.423508,-39.898476,False,83,74.71245210595401,1.4706715,50.80159,21.003885,5,35.50608516298282,10.775248,3.2951527,21.462786,10,77.88867554761957,8.868646,8.782476,20.019209,1.5177492,0,0,0,0,0,1.4435768,0.45890045,0.98467636,,,,,,,,,,,,,,,,,,,,,,,NOT_AVAILABLE,350.90984818260694,-16.058167697865915,276.95168762156095,-21.09903147677783,False,False,0,False,False,False,False,False,False,False,False,6.624682e-05,1.1518978e-05,0.99950093,,,,,,,,,,,,,,,,,,,,,,,0.02161687328529531,IN,5
3,1636148068921376768,Gaia DR3 6709878908050828032,6709878908050828032,1747842546,2016.0,279.0742309895324,3.3973577,-44.297914590012475,5.4812107,,,,,,,,,0.8503999,,,,,,,,,,97,0,96,1,-0.2544452,86.96193,0.0,0.0,3,False,,,,,,,,,12,6,20.079624,12,8,0,0.059250705,83.738976,0,0,,0.33050323,0.6436463,0.42529953,0.8692734,157.10966,-37.235294,33.95414,-40.123936,False,97,74.4780160523319,1.0795392,68.99056,21.007298,8,43.35995714052889,14.099727,3.075234,21.245821,11,75.38517144046851,9.893175,7.619917,20.05468,1.5943648,0,0,0,0,0,1.1911411,0.23852348,0.95261765,,,,,,,,,,,,,,,,,,,,,,,NOT_AVAILABLE,350.9286655034629,-16.045617633986396,276.9482275373014,-21.077257622006314,False,False,0,False,False,False,False,False,False,False,False,1.8049202e-05,1.6476546e-05,0.9994444,,,,,,,,,,,,,,,,,,,,,,,0.027216256207893405,IN,5
187,1636148068921376768,Gaia DR3 6709878770617056896,6709878770617056896,793026916,2016.0,279.11969221934277,21.090963,-44.29201400340478,18.239202,,,,,,,,,-0.9840249,,,,,,,,,,52,0,51,1,2.7818482,77.22862,5.8382106,2.6181734,3,False,,,,,,,,,6,6,48.77848,6,4,0,0.8560555,92.654144,0,0,,0.3661023,0.37854668,0.32600674,0.8581646,141.68665,27.415562,28.733494,-44.224033,False,47,74.30998265700657,1.740417,42.696655,21.009748,3,27.671964019053792,35.858738,0.77169377,21.733442,6,86.86667737711826,5.716601,15.195512,19.900763,1.5413628,0,0,0,0,1,1.8326797,0.72369385,1.1089859,,,,,,,,,,,,,,,,,,,,,,,NOT_AVAILABLE,350.9472768759114,-16.073433674275286,276.9834461490421,-21.073563566228355,False,False,0,False,False,False,False,False,False,False,False,4.604921e-05,1.4012289e-05,0.99969506,,,,,,,,,,,,,,,,,,,,,,,0.020020915190173183,IN,5
150,1636148068921376768,Gaia DR3 6709878972471299968,6709878972471299968,1689432181,2016.0,279.11115453139837,4.379034,-44.28668585760009,5.887412,,,,,,,,,0.9208572,,,,,,,,,,60,0,60,0,-0.8382049,46.073933,0.0,0.0,3,False,,,,,,,,,7,6,21.32577,7,3,0,0.1424549,3.7162426,0,0,,0.14417462,0.44059548,0.18706143,0.87783027,159.81728,-40.03293,36.774044,-43.460903,False,59,74.12820607140353,1.2921095,57.36991,21.012407,6,21.853729890451266,8.293877,2.6349235,21.989729,6,96.65738280184866,6.9156394,13.976637,19.784807,1.5987318,0,0,0,0,0,2.2049217,0.9773216,1.2276001,,,,,,,,,,,,,,,,,,,,,,,NOT_AVAILABLE,350.94997246347845,-16.065750592447873,276.9772973316093,-21.067834859130745,False,False,0,False,False,False,False,False,False,False,False,0.00017209696,3.3425935e-05,0.999015,,,,,,,,,,,,,,,,,,,,,,,0.023659217386004534,IN,5
168,1636148068921376768,Gaia DR3 6709877945979104896,6709877945979104896,683013883,2016.0,279.11536265732906,2.498282,-44.32570510975422,1.9426584,,,,,,,,,0.31255132,,,,,,,,,,78,0,78,0,3.218177,118.27643,5.8994637,2.80028,3,False,,,,,,,,,9,9,5.3622975,9,5,0,0.16935211,86.354485,0,0,,0.10658666,0.21365443,0.1435347,0.79103714,-62.298252,-7.7941427,-53.651413,-42.771816,False,77,73.83371806332818,1.2271338,60.167618,21.01673,8,50.72454783567462,6.9949527,7.2515926,21.075497,9,64.52815185889196,10.9010515,5.9194427,20.223522,1.5609765,0,0,0,0,0,0.8519745,0.05876732,0.79320717,,,,,,,,,,,,,,,,,,,,,,,NOT_AVAILABLE,350.9136394053536,-16.083433559018726,276.97769364734165,-21.106968398167037,False,False,0,False,False,False,False,False,False,False,False,0.0010885167,4.830353e-05,0.99792707,,,,,,,,,,,,,,,,,,,,,,,0.016301280560700668,IN,5
219,1636148068921376768,Gaia DR3 6709878804975443072,6709878804975443072,1557136538,2016.0,279.12583244819274,59.721024,-44.28990827131412,54.09168,,,,,,,,,0.86208856,,,,,,,,,,42,0,42,0,-0.16135348,34.983116,0.0,0.0,3,False,,,,,,,,,5,2,3302885.8,5,5,1,28.239086,146.86314,0,0,,0.99920595,0.9968256,0.9928638,0.9873288,146.71446,-33.285507,26.71453,-33.285416,False,41,73.77943204543436,2.048045,36.024323,21.017529,0,,,,,0,,,,,,,,,,2,,,,,,,,,,,,,,,,,,,,,,,,,,NOT_AVAILABLE,350.95104874971514,-16.076691835239835,276.9882980862774,-21.07175971023664,False,False,0,False,False,False,False,False,False,False,False,,,,,,,,,,,,,,,,,,,,,,,,,,0.023959849242647605,IN,5
19,1636148068921376768,Gaia DR3 6709878633172885120,6709878633172885120,252909118,2016.0,279.07778856022605,3.6308818,-44.32742855686974,4.1188946,,,,,,,,,0.7337505,,,,,,,,,,78,0,76,2,0.5934252,77.599335,3.296662,0.8145701,3,False,,,,,,,,,9,5,10.701949,10,7,0,0.23988782,99.781044,0,0,,0.20208602,0.58324635,0.32480255,0.74285394,-119.91939,-27.188843,-24.440483,-39.62234,False,68,73.72544125812634,1.5807192,46.640438,21.018324,6,37.63196438338471,11.987579,3.1392462,21.39965,7,54.37263032994572,6.9250307,7.8516088,20.409445,1.2479355,0,0,0,0,0,0.99020576,0.38132668,0.6088791,,,,,,,,,,,,,,,,,,,,,,,NOT_AVAILABLE,350.90129810435525,-16.059250222861888,276.9488222955422,-21.106875965635925,False,False,0,False,False,False,False,False,False,False,False,0.0007839031,3.8550865e-05,0.99887085,,,,,,,,,,,,,,,,,,,,,,,0.027687536405516307,IN,5
210,1636148068921376768,Gaia DR3 6709877945978073984,6709877945978073984,795771896,2016.0,279.12468500185224,28.948238,-44.3266343719783,26.79176,,,,,,,,,0.9914262,,,,,,,,,,64,0,63,1,2.0462961,82.10532,5.837483,14.927082,3,False,,,,,,,,,8,3,39254.32,8,7,0,0.32601792,151.16074,0,0,,0.49440244,0.98604107,0.5124854,0.9454933,142.87749,-36.01434,23.000721,-36.07475,False,63,73.18560193926353,1.7198175,42.554283,21.026302,8,58.73667962378682,8.638673,6.799271,20.91627,6,44.86606603983904,11.118463,4.035276,20.618101,1.4156165,0,0,0,0,0,0.29816818,-0.110033035,0.40820122,,,,,,,,,,,,,,,,,,,,,,,NOT_AVAILABLE,350.9153947999851,-16.08995228062238,276.9847585748852,-21.10834624734738,False,False,0,False,False,False,False,False,False,False,False,0.006667696,0.0002646404,0.99222106,,,,,,,,,,,,,,,,,,,,,,,0.020218946655283364,IN,5
107,1636148068921376768,Gaia DR3 6709878598814150912,6709878598814150912,381388978,2016.0,279.10073091541096,3.296027,-44.31637604371137,1.9843525,,,,,,,,,0.44072717,,,,,,,,,,40,0,40,0,0.113331035,35.282284,0.65275425,0.033739433,3,False,,,,,,,,,5,4,122.03382,5,2,0,0.18181017,101.45252,1,0,,0.2531306,0.38078395,0.3556565,0.85622555,127.46695,-24.133724,35.442917,-42.283684,False,40,72.63305503435659,1.6152372,44.967422,21.03453,4,124.43114035219752,65.16978,1.9093381,20.10122,4,86.24261550972894,19.089577,4.5177855,19.90859,2.9005218,0,0,0,0,0,0.19262886,-0.93331146,1.1259403,,,,,,,,,,,,,,,,,,,,,,,NOT_AVAILABLE,350.9184526309062,-16.070196428364845,276.9671736249521,-21.09695408377352,False,False,0,False,False,False,False,False,False,False,False,0.00378909,0.00029254722,0.9954629,,,,,,,,,,,,,,,,,,,,,,,0.008101499806094653,IN,5
0,1636148068921376768,Gaia DR3 6709878839332343680,6709878839332343680,1020548361,2016.0,279.0738139156246,8.390603,-44.31201091507187,10.595616,,,,,,,,,0.92958313,,,,,,,,,,58,0,57,1,2.0198305,74.58671,2.9008641,0.54287696,3,False,,,,,,,,,7,3,32645.77,7,6,0,0.749139,96.92579,1,0,,0.6973446,0.72719854,0.5718394,0.9385297,158.40442,-32.999767,23.590975,-36.736588,False,56,69.57639626749923,1.2635797,55.062923,21.081211,4,26.654174731271002,6.851082,3.890506,21.77413,7,86.8354034882365,11.021406,7.878795,19.901154,1.6311506,0,0,0,0,1,1.8729763,0.6929188,1.1800575,,,,,,,,,,,,,,,,,,,,,,,NOT_AVAILABLE,350.9149927682987,-16.050730207568755,276.9468926057625,-21.091301981852112,False,False,0,False,False,False,False,False,False,False,False,4.4534914e-05,5.420602e-06,0.9994837,,,,,,,,,,,,,,,,,,,,,,,0.024621151380977806,IN,5
10,1636148068921376768,Gaia DR3 6709878564453407104,6709878564453407104,1729147451,2016.0,279.07588758801955,2.0420344,-44.329924978267805,2.093556,,,,,,,,,0.47964206,,,,,,,,,,75,0,74,1,1.7617316,91.02947,3.992973,1.676741,3,False,,,,,,,,,9,5,6.0229006,9,6,1,0.042471964,5.9720273,0,0,,0.5574708,0.56407416,0.5192464,0.8486181,142.80196,-31.858133,25.80648,-40.616615,False,74,69.55142949489053,1.2454324,55.84521,21.081602,6,58.21542912043695,12.300165,4.732898,20.925947,8,48.512776278617096,8.5711565,5.6600037,20.533255,1.534522,0,0,0,0,0,0.39269257,-0.1556549,0.5483475,,,,,,,,,,,,,,,,,,,,,,,NOT_AVAILABLE,350.8983567213878,-16.058947516264524,276.94718794251787,-21.109275260813423,False,False,0,False,False,False,False,False,False,False,False,0.005235246,2.29213e-05,0.9944398,,,,,,,,,,,,,,,,,,,,,,,0.030323343997095426,IN,5
266,1636148068921376768,Gaia DR3 6709878804972581504,6709878804972581504,1375430195,2016.0,279.1362257152132,3.4662888,-44.29268179944899,5.5646353,,,,,,,,,0.75835794,,,,,,,,,,71,0,71,0,2.0952148,92.281296,3.666783,1.0102673,3,False,,,,,,,,,8,5,35.32179,8,5,0,0.04670701,117.09552,0,0,,0.29068342,0.7343526,0.23604079,0.8036684,-168.36032,-38.038548,43.975048,-42.48911,False,70,68.70259419590388,1.3977157,49.153484,21.094934,4,140.1189729023652,119.29547,1.174554,19.9723,8,107.94347687579437,13.797908,7.8231773,19.664904,3.6106708,0,0,0,0,1,0.30739594,-1.1226349,1.4300308,,,,,,,,,,,,,,,,,,,,,,,NOT_AVAILABLE,350.95133649648585,-16.084626695083465,276.9960514467153,-21.07503015688605,False,False,0,False,False,False,False,False,False,False,False,3.494881e-05,9.305237e-06,0.9996564,,,,,,,,,,,,,,,,,,,,,,,0.026696496246265966,IN,5
275,1636148068921376768,Gaia DR3 6709877980337811584,6709877980337811584,128830867,2016.0,279.13861064579135,10.387698,-44.31819501711106,9.925085,,,,,,,,,0.8082896,,,,,,,,,,43,0,43,0,0.33171725,40.268894,0.0,0.0,3,False,,,,,,,,,5,3,7755.214,5,2,0,0.064950965,179.69205,0,0,,0.27197653,0.9718644,0.370606,0.89068186,-61.91027,-41.49169,-57.48805,-41.40426,False,41,65.87369355312292,1.8277543,36.040783,21.140587,4,33.78296942362542,7.580152,4.4567666,21.516798,5,43.72038190619679,16.235567,2.6928768,20.646185,1.1765448,0,1,0,1,0,0.8706131,0.37621117,0.49440193,,,,,,,,,,,,,,,,,,,,,,,NOT_AVAILABLE,350.92747051263757,-16.095940561502292,276.99602518927736,-21.1006003850061,False,False,0,False,False,False,False,False,False,False,False,0.0029406783,5.506569e-05,0.99542636,,,,,,,,,,,,,,,,,,,,,,,0.023210376719618613,IN,5
249,1636148068921376768,Gaia DR3 6709877980337825024,6709877980337825024,1738281752,2016.0,279.1335177305468,45.385616,-44.31120951016338,40.17056,,,,,,,,,0.9965454,,,,,,,,,,61,0,60,1,0.6312009,61.170815,0.0,0.0,3,False,,,,,,,,,7,2,12474.52,7,5,0,2.7756205,152.57877,0,0,,0.40259582,0.991069,0.42228195,0.96462554,149.0116,-37.866943,28.730127,-37.879475,False,59,63.372091987628714,1.7076231,37.111286,21.182621,4,137.30629115501657,45.792572,2.9984403,19.994316,6,99.77674812232509,7.8046207,12.784317,19.750322,3.741127,0,0,0,0,0,0.24399376,-1.1883049,1.4322987,,,,,,,,,,,,,,,,,,,,,,,NOT_AVAILABLE,350.93274352335857,-16.089906640305564,276.9926351687494,-21.093384213719137,False,False,0,False,False,False,False,False,False,False,False,0.00013391458,1.4173495e-05,0.9992395,,,,,,,,,,,,,,,,,,,,,,,0.0181893239764657,IN,5
22,1636148068921376768,Gaia DR3 6709878942415435008,6709878942415435008,1496136085,2016.0,279.07819938480776,8.425596,-44.29028923725483,6.8084865,,,,,,,,,0.9111846,,,,,,,,,,52,0,51,1,0.16161901,46.8892,0.8366363,0.03894961,3,False,,,,,,,,,6,4,34.34641,6,3,0,0.10157547,160.1085,0,0,,0.33654752,0.6236638,0.18284251,0.8894898,-168.89899,-38.388966,28.258755,-40.526962,False,52,61.56746859034611,1.6287222,37.801086,21.21399,0,,,,,0,,,,,,,,,,2,,,,,,,,,,,,,,,,,,,,,,,,,,NOT_AVAILABLE,350.9371271711706,-16.045327320951408,276.95181419737327,-21.069840538289647,False,False,0,False,False,False,False,False,False,False,False,,,,,,,,,,,,,,,,,,,,,,,,,,0.02927886554654489,IN,5
238,1636148068921376768,Gaia DR3 6709877877258580480,6709877877258580480,530600845,2016.0,279.1306554402326,30.533678,-44.333760967421426,27.526907,,,,,,,,,0.98648775,,,,,,,,,,44,0,43,1,1.3878512,50.61714,5.1689353,0.9006641,3,False,,,,,,,,,5,3,206242.77,5,3,0,0.39637977,127.027954,0,0,,0.5771686,0.9806302,0.5442676,0.9240061,141.71646,-40.01498,21.899307,-39.945835,False,44,60.85672489078677,2.1279025,28.599396,21.226595,2,45.111638205524756,2.7651854,16.314146,21.20282,4,28.73524305641687,5.4674563,5.2556877,21.101858,1.2134547,0,0,0,0,0,0.100961685,-0.0237751,0.124736786,,,,,,,,,,,,,,,,,,,,,,,NOT_AVAILABLE,350.9102350959198,-16.09661945849939,276.9888094425988,-21.115745404745986,False,False,0,False,False,False,False,False,False,False,False,0.0005715276,7.4004183e-06,0.9988748,,,,,,,,,,,,,,,,,,,,,,,0.02850550577485167,IN,5
280,1636148068921376768,Gaia DR3 6709877911618327936,6709877911618327936,404373434,2016.0,279.13968654477344,4.9954348,-44.32299687881995,6.023621,,,,,,,,,0.8566743,,,,,,,,,,75,0,75,0,1.8600028,93.58344,3.4687648,1.1039554,3,False,,,,,,,,,9,5,28.086956,9,7,0,0.22987305,90.65629,0,0,,0.4658521,0.75644976,0.38776892,0.90766555,158.57343,-33.38533,18.968891,-36.620228,False,0,,,,,0,,,,,9,100.26769592700822,14.486099,6.921649,19.744993,,,,0,0,0,,,,,,,,,,,,,,,,,,,,,,,,,,NOT_AVAILABLE,350.9231564331531,-16.09848415874263,276.9964998041119,-21.105443351230964,False,False,0,False,False,False,False,False,False,False,False,1.0989134e-05,1.4713063e-05,0.9993989,,,,,,,,,,,,,,,,,,,,,,,0.025927680372217297,IN,5
286,1636148068921376768,Gaia DR3 6709878736253094144,6709878736253094144,1433856946,2016.0,279.14202896178347,32.927166,-44.30102516882334,30.029924,,,,,,,,,0.9945108,,,,,,,,,,46,0,46,0,0.34260333,43.48429,1.6462498,0.09445264,3,False,,,,,,,,,6,4,1569.0292,6,5,0,0.10683454,13.804804,0,0,,0.49762243,0.44888365,0.17266198,0.88354343,-178.14673,-29.08425,3.1579542,-42.669666,False,0,,,,,0,,,,,5,98.1293644996152,31.047588,3.1606114,19.768398,,,,0,0,0,,,,,,,,,,,,,,,,,,,,,,,,,,NOT_AVAILABLE,350.9449600568786,-16.091650031527294,276.9998872177818,-21.0836356198054,False,False,0,False,False,False,False,False,False,False,False,0.00032343477,2.5899422e-05,0.998796,,,,,,,,,,,,,,,,,,,,,,,0.02594973952882691,IN,5
