,r_cntr,object_id,ngood,flags,smss_j,RA,DEC,e_raj2000,e_dej2000,mean_epoch,nimaflags,class_star,u_psf,e_u_psf,u_petro,e_u_petro,u_apc05,e_u_apc05,v_psf,e_v_psf,v_petro,e_v_petro,v_apc05,e_v_apc05,g_band,e_g_psf,g_petro,e_g_petro,g_apc05,e_g_apc05,r_band,e_r_psf,r_petro,e_r_petro,r_apc05,e_r_apc05,i_band,e_i_psf,i_petro,e_i_petro,i_apc05,e_i_apc05,z_band,e_z_psf,z_petro,e_z_petro,z_apc05,e_z_apc05,self_dist1,self_id1
0,8.28,498402850,29,3,005905.97-721035.6,14.774873,-72.176367,78,178,57722.7491,0,0.111,11.6528,0.1377,11.1876,0.0783,12.7142,0.0892,11.6381,0.1064,11.0219,0.0733,12.8156,0.0705,11.7427,0.1641,11.2194,0.1032,13.1381,0.12,12.0825,0.1831,11.3605,0.0885,13.3011,0.1001,12.3403,0.172,11.827,0.1079,13.5911,0.0508,12.596,0.1795,12.1589,0.0855,13.7681,0.0255,7.24,498402848
1,8.31,498402849,9,3,005902.70-721035.8,14.761418,-72.176582,61,48,56950.7814,0,0.029,,,,,,,12.8256,0.2348,13.2521,0.0295,13.5794,0.0308,,,,,,,13.243,0.3295,13.7496,0.0236,14.1212,0.0307,13.5414,0.2084,13.9759,0.0462,14.481,0.0191,13.7811,0.2276,13.9115,0.0843,14.7104,0.0192,4.54,498402852
2,10.43,2714337755,9,3,005903.95-721049.2,14.766485,-72.180341,54,190,57263.475,0,0.028,,,,,,,,,,,,,,,,,,,13.5524,0.4412,12.335,0.0228,14.7858,0.032,13.5107,0.1981,12.7789,0.1683,15.01,0.02,13.6386,0.1927,13.172,0.2894,14.9725,0.054,2.32,498402846
3,10.9,498402848,2,3,005906.72-721041.2,14.778002,-72.178135,36,36,56946.4731,0,0.671,,,,,,,,,,,,,,,,,,,,,,,,,14.8543,0.1136,14.8186,0.0257,14.9056,0.0343,15.1105,0.1303,15.5809,0.0379,15.1647,0.0348,7.24,498402850
4,12.34,498402844,4,3,005901.85-721042.9,14.757735,-72.178606,36,43,56948.9577,0,0.049,,,,,,,13.6568,0.2139,13.7218,0.0417,13.913,0.0427,,,,,,,,,,,,,14.6222,0.156,14.4996,0.1386,14.8409,0.0231,15.0036,0.2303,14.6137,0.0358,15.1528,0.0348,8.34,498402849
5,12.68,498402846,2,19,005904.02-721049.4,14.766614,-72.180984,75,98,56951.4418,0,0.027,13.33,,11.4195,,14.1576,,13.4282,0.2898,12.7136,0.0303,14.31,0.0317,,,,,,,,,,,,,,,,,,,,,,,,,2.32,2714337755
6,12.85,498402852,19,3,005901.78-721033.5,14.757604,-72.176103,98,204,57921.5369,0,0.029,11.8706,0.2316,11.0051,0.0784,14.0235,0.1057,12.0584,0.1635,11.0621,0.0699,14.0442,0.0399,11.9654,0.2211,11.3951,0.1049,14.417,0.0194,12.5586,0.2903,11.6136,0.0284,14.633,0.0271,13.0266,0.2107,11.8852,0.2843,15.049,0.1402,13.022,0.4554,12.2016,0.0351,15.3036,0.0462,2.54,498402853
7,13.95,498402857,31,3,005904.46-721025.0,14.768651,-72.173627,36,36,57756.2317,4,0.989,11.9213,0.0248,11.865,0.0143,11.9635,0.0175,12.007,0.0233,11.9575,0.0129,12.0668,0.0159,12.282,0.0352,12.2405,0.0122,12.3696,0.0162,12.5702,0.0363,12.5243,0.0125,12.6523,0.0169,12.9677,0.0274,12.9217,0.0199,13.014,0.015,13.2214,0.0316,13.1594,0.0217,13.2673,0.0154,10.09,498402859
8,14.79,498402853,4,19,005901.80-721031.2,14.756699,-72.175454,683,296,56948.9581,0,0.857,11.9017,,11.5079,,13.6463,,,,,,,,,,,,,,,,,,,,14.5922,0.0546,14.5799,0.0264,14.6191,0.0226,14.851,0.0602,14.7558,0.0889,14.8603,0.0236,2.54,498402852
9,17.5,498402847,4,3,005907.84-721046.4,14.782672,-72.179591,36,36,56948.9582,0,0.027,,,,,,,,,,,,,,,,,,,,,,,,,13.7938,0.4036,13.3985,0.029,15.2319,0.0356,14.2591,0.2239,13.9374,0.223,15.4651,0.033,7.34,498402848
10,17.91,498402854,6,3,005901.13-721029.2,14.75472,-72.174783,56,38,57194.4598,0,0.214,,,,,,,11.8782,0.2814,12.2293,0.0393,13.3014,0.0306,,,,,,,12.2919,0.3729,12.7914,0.0226,13.9724,0.0306,12.653,0.232,13.3495,0.0522,14.3663,0.0389,13.0313,0.399,13.4542,0.0317,14.6444,0.034,2.0,2714337764
11,19.91,2714337764,4,3,005900.75-721028.2,14.753131,-72.174513,36,36,56948.9581,0,0.972,,,,,,,,,,,,,,,,,,,,,,,,,14.0138,0.0298,13.7786,0.0312,14.0307,0.022,14.3136,0.0234,14.2223,0.0195,14.3245,0.0226,2.0,498402854
12,20.85,498402845,38,3,005859.82-721038.0,14.74943,-72.177224,36,36,57893.8751,3,0.981,12.8699,0.0685,12.7163,0.0396,13.1768,0.0476,12.948,0.0593,12.7831,0.1019,13.2885,0.0367,13.1208,0.0764,13.0105,0.064,13.5222,0.0161,13.5447,0.0829,13.2663,0.1136,13.8212,0.0216,13.9666,0.0742,13.6315,0.0634,14.2493,0.0342,14.3792,0.0561,13.9798,0.0828,14.5087,0.0255,8.72,498402843
13,20.99,498402858,3,3,005901.91-721021.3,14.75807,-72.172588,36,36,56949.7866,0,0.782,,,,,,,,,,,,,,,,,,,,,,,,,,,,,,,16.5973,0.1607,16.214,0.0741,16.7113,0.1148,5.31,498402859
14,21.03,498402843,4,1,005900.12-721046.6,14.750545,-72.179621,36,36,56949.2037,0,0.793,,,,,,,,,,,,,,,,,,,,,,,,,16.5421,0.0759,17.6453,0.3429,16.5401,0.0544,16.8328,0.0242,17.3457,0.121,16.8178,0.0468,7.51,498402842
15,21.98,498402859,3,3,005902.86-721018.1,14.761955,-72.171715,36,167,56949.7866,0,0.958,,,,,,,,,,,,,,,,,,,,,,,,,,,,,,,16.6235,0.0281,16.6776,0.0553,16.6061,0.0357,5.31,498402858
16,23.14,498404707,1,3,005909.36-721035.2,14.789052,-72.176456,36,36,56955.4312,0,0.021,,,,,,,,,,,,,,,,,,,,,,,,,,,,,,,16.2834,0.2351,16.2935,0.189,16.4098,0.0609,6.57,498404708
17,23.87,498402860,1,0,005906.14-721016.4,14.775654,-72.17126,36,36,56946.4729,0,0.592,,,,,,,,,,,,,,,,,,,,,,,,,17.7304,0.145,17.7749,0.118,17.8552,0.1189,,,,,,,11.5,498402857
18,25.74,498402825,8,1,005902.05-721102.4,14.75857,-72.183997,36,43,57294.3746,0,0.969,,,,,,,15.5043,0.0561,15.1594,0.1082,15.5176,0.0741,,,,,,,,,,,,,15.8865,0.0243,15.7784,0.0432,15.8879,0.0233,16.1123,0.0178,16.0728,0.0756,16.0925,0.0266,4.5,2714337717
19,27.27,498404704,5,3,005910.27-721042.7,14.792844,-72.178542,36,48,56950.4491,0,0.931,,,,,,,,,,,,,,,,,,,,,,,,,16.404,0.0271,16.4066,0.0587,16.405,0.0354,16.7304,0.0257,16.7338,0.0975,16.7079,0.0385,4.28,498404703
20,27.56,2714337766,0,513,005901.03-721016.1,14.754323,-72.17116,36,36,56955.4305,0,0.51,,,,,,,,,,,,,,,,,,,17.8903,,19.295,,18.0015,,,,,,,,,,,,,,5.65,498402856
21,28.26,498402842,11,19,005858.86-721051.5,14.745304,-72.180955,39,36,57490.1579,0,0.94,14.398,,13.9294,,14.5415,,14.6198,0.0798,14.5509,0.0459,14.6601,0.0444,,,,,,,,,,,,,15.6217,0.0595,15.5139,0.0718,15.6327,0.0219,15.931,0.0288,15.5842,0.1539,15.9301,0.0176,7.51,498402843
22,28.88,498402829,8,3,005909.00-721059.0,14.787187,-72.183073,270,36,57470.7632,2,0.026,,,,,,,,,,,,,,,,,,,,,,,,,13.5926,0.2541,13.5236,0.1652,16.0746,0.0455,13.9245,0.2357,14.0122,0.183,15.984,0.0901,13.1,498402828
23,29.03,498404703,6,3,005910.47-721046.9,14.793677,-72.179703,36,36,57185.1348,0,0.891,,,,,,,,,,,,,,,,,,,,,,,,,16.201,0.0236,16.3479,0.0647,16.1887,0.0322,16.4302,0.0499,16.4996,0.1602,16.3991,0.035,4.28,498404704
24,29.08,498402827,1,1,005904.62-721108.0,14.769295,-72.185573,36,36,56947.4553,0,0.779,,,,,,,,,,,,,,,,,,,,,,,,,,,,,,,17.0341,0.0648,17.4559,0.1453,17.2069,0.0947,12.15,498402822
25,29.45,498404710,3,1,005910.35-721028.0,14.793231,-72.174529,55,444,56949.7866,0,0.792,,,,,,,,,,,,,,,,,,,,,,,,,,,,,,,17.0376,0.0591,16.6672,0.181,16.9847,0.0854,5.76,498404708
26,29.7,498404708,2,3,005910.75-721033.7,14.794864,-72.176048,36,118,56951.4433,0,0.766,,,,,,,,,,,,,,,,,,,,,,,,,,,,,,,16.2682,0.0705,16.021,0.2084,16.3272,0.0385,5.76,498404710
27,30.16,2714337717,0,19,005901.46-721105.9,14.756094,-72.184993,213,248,59195.5739,0,0.043,14.3436,,12.889,,16.0266,,14.3225,,12.8804,,16.271,,,,,,,,,,,,,,,,,,,,,,,,,,3.97,498402823
28,31.0,498404715,7,3,005909.64-721019.3,14.789986,-72.172001,96,36,57151.0397,0,0.884,,,,,,,16.3985,0.0933,16.0641,0.1021,16.4757,0.059,,,,,,,16.9856,0.0519,17.0579,0.1807,17.001,0.0823,17.394,0.0642,17.2275,0.1131,17.4001,0.0824,17.5051,0.0539,17.9125,0.1835,17.6163,0.1199,6.09,498404716
29,31.51,2714337749,0,513,005859.41-721100.6,14.74758,-72.183524,36,36,56955.4305,0,0.0,,,,,,,,,,,,,,,,,,,16.6231,,20.1745,,17.6899,,,,,,,,,,,,,,1.95,498402824
30,32.05,498404716,18,3,005908.68-721014.1,14.786798,-72.170621,157,127,57562.2034,0,0.979,14.9297,0.0564,14.8901,0.0459,14.951,0.0418,15.0239,0.0284,14.971,0.0993,15.0663,0.0255,15.227,0.1351,15.2661,0.1256,15.3998,0.0434,15.7062,0.0353,15.8112,0.0783,15.7554,0.0449,16.1254,0.0236,16.2169,0.0506,16.1644,0.0251,16.3878,0.029,16.6677,0.0373,16.4584,0.0299,6.01,498404718
31,32.14,498402856,7,1,005859.86-721014.5,14.749414,-72.170706,36,36,57197.4919,0,0.39,,,,,,,,,,,,,,,,,,,,,,,,,16.7784,0.0997,16.8318,0.0978,16.785,0.0344,16.6663,0.0858,16.7278,0.0802,16.6753,0.0306,5.65,2714337766
32,32.78,498402851,37,3,005857.36-721033.5,14.739006,-72.175981,36,36,57879.9342,3,0.983,13.3311,0.0351,13.2642,0.017,13.4224,0.0164,13.45,0.0296,13.4214,0.0121,13.5424,0.0153,13.7472,0.0441,13.6703,0.0423,13.8634,0.0148,14.1384,0.035,14.1046,0.0436,14.1949,0.0174,14.4976,0.0346,14.4237,0.0135,14.567,0.0147,14.8128,0.0259,14.7064,0.0429,14.8497,0.0144,12.33,498402845
33,32.93,498402919,19,3,005902.48-721007.3,14.760035,-72.168714,64,49,57722.9683,0,0.963,17.381,0.0447,17.9693,0.2119,17.4429,0.0477,17.1661,0.0357,17.3499,0.1133,17.1791,0.0294,16.8928,0.0906,17.0056,0.0645,16.9285,0.0372,16.9073,0.0976,16.8855,0.1028,16.9713,0.0788,16.9721,0.0434,16.8569,0.0264,16.9414,0.029,16.8938,0.0394,16.8046,0.068,16.8853,0.0353,8.65,498402920
34,33.44,498402824,1,0,005859.13-721102.1,14.746465,-72.183944,36,36,56946.4729,0,0.637,,,,,,,,,,,,,,,,,,,,,,,,,17.8228,0.1829,17.6692,0.1603,17.795,0.1127,,,,,,,1.95,2714337749
35,34.09,498402823,19,3,005900.96-721109.2,14.754039,-72.185898,36,36,57482.5146,1,0.981,,,,,,,15.0728,0.0271,15.1415,0.0336,15.073,0.029,15.3637,0.0212,15.4691,0.051,15.3576,0.023,15.6721,0.0232,15.7647,0.0414,15.6764,0.0275,16.0732,0.0188,16.2081,0.0264,16.0856,0.0204,16.3226,0.0149,16.4701,0.0665,16.3421,0.0243,3.97,2714337717
36,36.17,498404706,1,3,005912.30-721038.3,14.801157,-72.177331,36,36,56947.4543,0,0.16,,,,,,,,,,,,,17.3065,0.2818,17.6085,0.2566,17.6249,0.0832,,,,,,,,,,,,,,,,,,,6.21,498404712
37,36.27,498402822,6,3,005902.31-721114.0,14.75966,-72.187218,56,75,57193.1303,0,0.817,,,,,,,17.1094,0.1139,17.1886,0.2201,17.1273,0.1118,17.3884,0.1264,17.2836,0.2647,17.4027,0.1611,17.657,0.0439,17.8383,0.1485,17.6945,0.0737,18.1909,0.0357,18.4179,0.0703,18.2251,0.0597,,,,,,,7.8,498402823
38,37.32,498404717,2,0,005908.53-721006.8,14.785627,-72.168586,42,126,56946.9643,0,0.575,,,,,,,,,,,,,,,,,,,,,,,,,,,,,,,17.4573,0.07,17.804,0.1279,17.5844,0.1004,3.9,498404718
39,37.52,498404705,7,3,005912.40-721046.3,14.801715,-72.179554,55,36,56950.5924,0,0.325,,,,,,,15.8378,0.0655,15.8131,0.0821,15.8744,0.0414,,,,,,,,,,,,,16.8448,0.0661,16.6143,0.1843,16.7811,0.045,17.0961,0.0587,17.1661,0.1696,17.0772,0.0614,6.26,498404689
40,37.82,498404718,10,3,005909.31-721008.4,14.788802,-72.169067,36,36,57090.6635,0,0.962,16.3972,0.0485,16.6693,0.0801,16.4234,0.0553,16.3227,0.0639,16.1864,0.0676,16.3655,0.0512,,,,,,,16.775,0.0936,16.6964,0.1584,16.8255,0.0458,17.3087,0.0506,17.2096,0.1808,17.2978,0.0692,17.5244,0.0781,17.6814,0.1242,17.6127,0.0886,3.9,498404717
41,37.84,498402920,34,3,005900.50-721005.5,14.752373,-72.168195,140,48,57823.0886,0,0.836,16.5963,0.0431,16.2694,0.0536,16.6821,0.0256,16.1998,0.0485,15.9297,0.0524,16.3505,0.0497,15.9712,0.1029,15.3975,0.1229,15.9917,0.0748,15.9638,0.092,15.7608,0.0947,15.9403,0.0749,15.9225,0.0523,15.7085,0.0528,15.9262,0.0399,15.8764,0.0566,15.755,0.0663,15.8661,0.045,8.65,498402919
42,38.04,2714337738,2,513,005856.41-721049.2,14.735074,-72.180336,90,100,57676.0163,0,0.522,,,,,,,,,,,,,17.8187,,,,17.7936,,17.9328,,18.7798,,18.0219,,18.0605,0.0323,18.6942,0.29,18.2439,0.1642,17.892,0.0349,18.833,0.2188,17.9192,0.0749,11.11,2714337735
43,38.48,498404709,1,0,005912.60-721030.7,14.802461,-72.17524,36,36,56946.4729,0,0.507,,,,,,,,,,,,,,,,,,,,,,,,,18.0022,0.0686,17.9979,0.1619,18.0138,0.135,,,,,,,7.66,498404706
44,38.63,498402855,3,513,005856.81-721021.3,14.737196,-72.17257,355,82,56952.4448,0,0.53,,,,,,,,,,,,,,,,,,,17.7354,0.172,17.4127,0.2274,17.854,0.1201,17.9422,0.1157,18.3123,0.1819,18.19,0.1207,18.0405,,,,18.1307,,7.83,498402841
45,38.74,498404688,10,3,005911.99-721055.9,14.79999,-72.182183,36,39,57231.8728,0,0.841,,,,,,,14.8922,0.0491,14.7562,0.0614,14.9023,0.0389,,,,,,,,,,,,,15.8268,0.0318,15.7236,0.0795,15.811,0.0206,16.0983,0.0316,15.8322,0.153,16.0889,0.0255,3.4,2714341062
46,38.9,498402828,15,3,005908.91-721111.4,14.786814,-72.186709,140,366,57376.889,3,0.102,15.0488,0.1371,15.0001,0.0259,15.5237,0.1,15.1824,0.1043,15.2535,0.0444,15.4793,0.0441,15.1773,0.2012,15.3681,0.0826,15.5847,0.0459,,,,,,,15.0212,0.1743,15.2257,0.0385,15.4948,0.0214,15.3205,0.129,15.5775,0.0981,15.5954,0.0204,6.3,498402820
47,39.61,2714341062,21,3,005912.45-721053.1,14.801896,-72.181441,58,91,58058.1683,4,0.186,13.3375,0.1619,12.2689,0.0836,14.6656,0.0199,13.4739,0.1369,12.272,0.0639,14.6989,0.0227,13.6432,0.1996,12.5278,0.083,14.8632,0.0193,14.033,0.1685,13.0199,0.1313,15.1191,0.046,14.8009,0.2292,15.7569,0.1554,15.36,0.0413,15.4021,0.1862,13.61,0.5485,15.9307,0.0837,1.83,498404689
48,39.91,498404769,8,515,005907.37-721001.5,14.780747,-72.167085,36,55,57301.9806,0,0.964,,,,,,,,,,,,,,,,,,,17.3387,,18.1723,,17.6535,,16.7622,0.0277,17.1626,0.0448,16.8969,0.0357,16.5587,0.0306,16.9621,0.1162,16.6955,0.0429,7.22,498404770
49,40.87,498404689,9,3,005912.76-721052.4,14.803385,-72.181216,36,36,56950.1543,0,0.982,,,,,,,14.4658,0.0315,14.5776,0.0335,14.4676,0.0319,,,,,,,,,,,,,15.1483,0.0183,15.2836,0.0448,15.1414,0.0201,15.3989,0.0246,15.5805,0.0329,15.3941,0.024,1.83,2714341062
50,42.11,2714337878,0,4096,005902.14-720958.1,14.758958,-72.16616,36,36,58808.4388,0,0.815,,,,,,,,,,,,,18.6596,,19.5001,,18.9204,,,,,,,,,,,,,,,,,,,,9.27,498402919
51,42.33,498404712,5,3,005913.62-721039.4,14.80675,-72.17755,192,210,57400.2567,0,0.716,17.0062,0.1162,17.329,0.2268,17.1082,0.065,,,,,,,16.4836,0.2362,16.482,0.2555,17.0721,0.0705,17.3516,0.3462,17.0865,0.1407,17.7147,0.1047,17.9946,0.0373,18.3879,0.1952,18.1506,0.1509,,,,,,,4.16,498404711
52,43.49,2714337880,0,19,005905.11-720955.6,14.77132,-72.165455,215,50,58405.5506,0,0.438,15.3744,,16.2134,,17.4146,,15.4881,,16.4071,,17.806,,,,,,,,,,,,,,,,,,,,,,,,,,5.64,498404770
53,43.54,498402820,12,3,005908.49-721118.3,14.785414,-72.188407,36,51,57066.7134,0,0.906,15.9678,0.0419,16.3166,0.1958,15.9684,0.0342,16.0023,0.0423,16.2313,0.1846,15.9916,0.0353,,,,,,,,,,,,,16.7385,0.0492,16.8851,0.0578,16.678,0.0367,16.9141,0.0307,17.3752,0.1025,16.8921,0.0387,6.3,498402828
54,43.83,498404770,31,2,005906.34-720956.1,14.776423,-72.165579,36,36,57724.1112,5,0.984,14.0222,0.0175,14.0404,0.0245,14.0148,0.0191,14.0192,0.0143,14.0484,0.0182,14.0118,0.0163,14.2274,0.0168,14.2518,0.024,14.2205,0.0167,14.4501,0.018,14.5116,0.014,14.4407,0.0176,14.6945,0.0207,14.7553,0.0164,14.6946,0.0193,14.9295,0.0263,15.043,0.021,14.927,0.0231,5.64,2714337880
55,44.42,498402841,9,531,005855.38-721023.9,14.730464,-72.173269,202,162,56948.7902,5,0.935,16.3813,0.0444,16.9502,0.2594,16.4088,0.0396,16.4638,0.0353,17.1128,0.224,16.5179,0.0572,16.0546,,,,16.3664,,16.8744,,17.1373,,16.8867,,17.3347,0.0342,17.8841,0.1294,17.5085,0.0569,17.4351,0.0983,18.2798,0.2867,17.714,0.1315,4.72,498402840
56,44.85,498404711,5,0,005914.13-721042.5,14.808906,-72.178499,60,88,56950.2526,0,0.88,,,,,,,,,,,,,,,,,,,,,,,,,17.3826,0.0355,17.4908,0.0708,17.4101,0.0519,17.2854,0.0324,17.4738,0.0865,17.3648,0.0767,4.16,498404712
57,45.19,498402813,3,1,005856.49-721107.3,14.73569,-72.185102,36,36,57919.197,0,0.457,,,,,,,,,,,,,,,,,,,,,,,,,17.9754,0.2856,17.785,0.2144,17.8368,0.1308,17.5107,0.2507,18.0815,0.1642,17.8428,0.0718,10.54,498402834
58,45.94,498402821,3,2,005900.51-721121.3,14.752171,-72.189263,44,77,56952.4446,0,0.549,,,,,,,,,,,,,17.4444,0.0924,17.3258,0.1297,17.4174,0.0733,17.6582,0.1533,17.4955,0.1397,17.6145,0.0952,18.0547,0.0818,18.1824,0.1779,18.1481,0.1509,,,,,,,1.11,2714337712
59,46.52,2714337704,3,3,005901.70-721123.8,14.757107,-72.189956,36,96,57518.963,0,0.609,,,,,,,,,,,,,,,,,,,,,,,,,17.7827,0.114,17.8156,0.0862,17.8467,0.0436,,,,,,,5.26,2714337712
60,46.76,2714337712,8,2,005900.60-721122.3,14.752515,-72.189554,75,97,58322.1619,0,0.514,17.2682,0.123,17.2401,0.0812,17.6046,0.0404,16.9879,0.1175,17.0131,0.142,17.4343,0.0369,16.9005,0.3261,16.6545,0.0765,17.3401,0.067,,,,,,,,,,,,,,,,,,,1.11,498402821
61,47.11,498402916,1,1,005855.81-721013.2,14.732533,-72.170348,36,36,56946.4729,0,0.07,,,,,,,,,,,,,,,,,,,,,,,,,17.942,0.1636,17.7245,0.2539,17.9038,0.1244,,,,,,,5.28,2714337856
62,47.51,498404687,31,3,005912.48-721108.6,14.802079,-72.18572,36,42,57757.881,9,0.941,13.3326,0.0492,13.199,0.0573,13.5059,0.0176,13.3892,0.0401,13.1774,0.081,13.5585,0.016,13.5736,0.0628,13.2479,0.1891,13.7754,0.0169,13.8944,0.0594,13.7859,0.0167,14.0501,0.0173,14.3224,0.0522,14.281,0.0224,14.4197,0.0155,14.6128,0.0509,14.5894,0.0498,14.6699,0.0162,11.14,498404678
63,47.56,498404720,9,0,005913.22-721014.1,14.805103,-72.170582,76,36,58097.0618,0,0.847,17.6393,0.0668,17.7482,0.0675,17.656,0.0832,17.6657,0.0529,17.9562,0.1969,17.7028,0.0589,17.5242,0.0924,17.9064,0.3021,17.6096,0.1166,17.9685,0.0741,18.8369,0.3914,18.2693,0.1649,,,,,,,,,,,,,6.28,498404719
64,48.29,498402819,29,0,005905.95-721126.8,14.774754,-72.190768,57,53,57684.1766,0,0.967,16.0417,0.026,15.9791,0.055,16.0455,0.0234,15.9459,0.0335,15.9264,0.0278,15.9773,0.0253,15.6301,0.0351,15.4987,0.0646,15.6439,0.0202,15.3288,0.0355,15.3049,0.0298,15.366,0.0193,15.3487,0.0332,15.254,0.0659,15.3495,0.0278,15.3505,0.0427,15.1885,0.0399,15.3601,0.0198,12.86,498402815
65,48.36,498402922,1,529,005903.47-720950.9,14.764681,-72.164112,36,91,56936.5814,0,0.521,,,,,,,,,,,,,,,,,,,,,,,,,17.8783,0.0523,18.5061,0.1718,17.8568,0.0744,18.0883,,,,18.5786,,5.87,498402927
66,48.6,498404719,16,0,005914.05-721019.1,14.808566,-72.171968,36,36,57407.1852,0,0.982,,,,,,,,,,,,,17.1766,0.0549,17.4071,0.0699,17.2871,0.0466,16.3525,0.0236,16.4917,0.0367,16.3771,0.0287,15.7267,0.0195,15.7448,0.0256,15.7331,0.0183,15.4504,0.0171,15.5164,0.0259,15.4635,0.0182,4.47,498404722
67,48.61,2714337735,1,1,005854.45-721055.7,14.726899,-72.182144,36,36,59196.4958,0,0.04,16.9129,0.336,16.8825,0.2163,17.5634,0.0891,,,,,,,,,,,,,,,,,,,,,,,,,,,,,,,4.89,498402834
68,48.78,498402835,2,0,005853.93-721045.3,14.724441,-72.179266,331,79,56946.4731,33,0.503,,,,,,,,,,,,,,,,,,,16.8406,,16.379,,17.2991,,17.5257,0.4199,17.4325,0.1157,17.9367,0.1262,17.0665,0.5426,17.3563,0.1328,17.7997,0.1399,4.25,2714337743
69,48.81,498402840,1,0,005854.55-721020.7,14.727324,-72.172378,36,36,56946.4733,0,0.47,,,,,,,,,,,,,,,,,,,,,,,,,,,,,,,17.7177,0.391,18.389,0.2259,18.6583,0.3025,4.72,498402841
70,49.64,498402834,4,3,005854.59-721100.1,14.727728,-72.183479,92,57,57676.016,0,0.502,,,,,,,,,,,,,,,,,,,,,,,,,17.5276,0.2806,16.8008,0.339,17.8042,0.1199,17.6468,0.1053,17.0418,0.2338,17.6515,0.0874,4.89,2714337735
71,49.88,498402921,4,0,005900.41-720952.6,14.751671,-72.164618,62,36,57313.4843,0,0.529,,,,,,,,,,,,,,,,,,,,,,,,,17.6297,0.0996,17.6367,0.12,17.628,0.0979,17.4678,0.0335,17.7414,0.1314,17.4579,0.048,9.77,2714337878
72,49.88,1610600150,1,0,005857.24-721116.4,14.738486,-72.187921,36,36,58405.5583,0,0.294,,,,,,,,,,,,,,,,,,,,,,,,,18.7352,0.1248,18.7927,0.1307,18.723,0.0777,,,,,,,6.91,1610600151
73,50.05,2714337856,0,1537,005854.77-721015.5,14.728214,-72.170984,36,36,58683.7233,0,0.049,,,,,,,,,,,,,,,,,,,,,,,,,18.6128,,,,18.6921,,,,,,,,5.11,498402840
74,50.17,1610600151,2,0,005858.36-721120.6,14.743317,-72.189146,39,36,58405.559,0,0.71,,,,,,,,,,,,,,,,,,,,,,,,,18.403,0.049,18.5793,0.0821,18.4627,0.0668,18.2901,0.0548,18.632,0.1365,18.3769,0.0992,6.91,1610600150
75,50.46,2714337743,2,3,005853.42-721041.6,14.7226,-72.17823,301,432,56946.9629,0,0.577,16.9352,0.3566,15.9924,0.0842,17.5521,0.1071,,,,,,,,,,,,,16.2528,0.4496,16.2382,0.0595,17.5249,0.0945,,,,,,,,,,,,,4.01,2714337744
76,50.49,498404771,7,0,005907.81-720951.1,14.782624,-72.164174,36,36,56950.5927,0,0.667,,,,,,,,,,,,,,,,,,,17.7851,0.0976,17.7223,0.1607,17.7348,0.1046,17.3603,0.063,17.2969,0.1022,17.3238,0.0487,17.2071,0.0347,17.2828,0.0855,17.1838,0.0537,7.08,498404772
77,50.53,2714337710,2,3,005908.90-721125.1,14.787097,-72.190308,36,46,56936.5828,0,0.62,,,,,,,,,,,,,,,,,,,,,,,,,17.9273,0.0666,18.2449,0.2619,18.0282,0.089,,,,,,,7.09,498402820
78,50.76,2714337703,1,0,005900.55-721126.5,14.752303,-72.190719,36,36,58405.5583,0,0.89,,,,,,,,,,,,,,,,,,,,,,,,,15.8067,0.3191,15.9263,0.0285,16.5775,0.0447,,,,,,,1.63,498402816
79,51.72,498402917,22,3,005855.56-721007.3,14.731206,-72.168715,108,36,57569.9388,3,0.79,15.3275,0.0758,14.5988,0.2961,15.4364,0.0245,15.3874,0.0702,14.9941,0.1939,15.4688,0.0302,15.4413,0.1542,18.9036,3.6212,15.6605,0.0472,15.7918,0.0847,15.3214,0.116,15.9146,0.0255,16.3267,0.0508,16.3189,0.0732,16.384,0.0232,16.5207,0.0418,16.6515,0.0988,16.5516,0.0374,6.06,498402916
80,51.8,1610600157,1,0,005903.19-721130.4,14.76325,-72.191804,36,36,58405.5583,0,0.544,,,,,,,,,,,,,,,,,,,,,,,,,18.8383,0.0384,19.2653,0.1764,18.8564,0.0845,,,,,,,6.43,1610600155
81,51.85,498404773,29,3,005911.49-720958.9,14.798038,-72.166331,55,146,57657.0454,6,0.029,13.0827,0.2326,12.538,0.3339,14.4538,0.1871,13.0069,0.1321,12.7732,0.1018,14.2492,0.0312,13.0648,0.1592,12.5475,0.1406,14.4345,0.0704,13.2881,0.1821,13.2765,0.024,14.612,0.0436,13.7152,0.1712,13.7547,0.0242,14.9709,0.038,13.8394,0.1789,13.8406,0.0381,15.113,0.044,9.14,498404775
82,52.21,498402816,17,3,005900.27-721127.6,14.751206,-72.191022,73,80,57544.9938,0,0.977,,,,,,,,,,,,,17.5239,0.0446,17.6242,0.2452,17.4507,0.1001,16.715,0.066,16.4611,0.0749,16.8008,0.0522,16.3319,0.0233,16.2077,0.0277,16.3292,0.0225,16.1487,0.0152,15.9872,0.0806,16.1414,0.0187,1.63,2714337703
83,52.25,2714337736,0,513,005853.44-721053.0,14.722667,-72.181412,36,36,58405.5583,0,0.421,,,,,,,,,,,,,,,,,,,,,,,,,18.8129,,,,18.8735,,,,,,,,5.36,2714337735
84,52.63,2714337744,0,515,005852.93-721038.3,14.720571,-72.177306,36,36,56955.4305,0,0.0,,,,,,,,,,,,,,,,,,,15.2672,,,,17.3654,,,,,,,,,,,,,,4.01,2714337743
85,52.78,498404722,3,3,005914.74-721015.5,14.811378,-72.171074,227,295,57696.4807,0,0.528,15.7777,0.3102,15.7057,0.0637,16.3952,0.0478,,,,,,,,,,,,,,,,,,,17.9049,0.0799,18.1531,0.1593,17.9888,0.1321,17.2366,0.2674,17.1173,0.1408,17.3341,0.0956,2.44,498404721
86,52.87,2714337746,2,0,005853.24-721025.8,14.721854,-72.173861,36,297,57810.1523,0,0.494,,,,,,,,,,,,,,,,,,,,,,,,,18.6462,0.1066,19.1866,0.2997,18.7318,0.1119,,,,,,,5.65,2714337855
87,52.93,498404713,4,512,005915.87-721038.1,14.81636,-72.177177,152,57,56948.9581,0,0.724,,,,,,,,,,,,,,,,,,,17.5399,,18.3669,,17.4889,,17.522,0.0481,17.6071,0.0959,17.4998,0.0661,17.4716,0.119,17.6118,0.1317,17.4782,0.085,7.59,498404714
88,53.41,498404690,16,3,005914.88-721101.8,14.812131,-72.18386,36,38,57294.4357,5,0.2,14.3149,0.2551,14.256,0.0398,14.7063,0.0416,14.2546,0.1578,14.1745,0.0286,14.6942,0.0267,,,,,,,14.1797,0.2475,14.2583,0.0292,14.9398,0.0241,15.1448,0.103,15.0498,0.049,15.4608,0.0174,15.2443,0.1007,15.0423,0.0894,15.5083,0.0191,5.94,498404685
89,53.46,498402927,28,3,005904.22-720944.8,14.767064,-72.162654,111,129,57696.2199,0,0.975,15.7947,0.0399,15.7043,0.0301,15.8794,0.0199,15.6245,0.0467,15.4443,0.0235,15.764,0.0185,15.6565,0.0977,15.3591,0.0288,15.9528,0.0286,15.8778,0.1064,15.75,0.0464,16.1634,0.0283,16.1251,0.1303,16.0227,0.0304,16.39,0.0408,16.9916,0.0921,16.9183,0.0797,16.9542,0.0579,4.95,498402928
90,53.59,498404714,2,0,005915.92-721030.3,14.816318,-72.175069,54,88,56946.4731,0,0.509,,,,,,,,,,,,,,,,,,,,,,,,,17.8994,0.2269,17.758,0.1332,17.9436,0.1265,17.6011,0.2035,17.4298,0.1579,17.642,0.122,7.59,498404713
91,53.77,498404721,2,3,005915.12-721017.4,14.813047,-72.171521,36,36,56946.9641,0,0.598,,,,,,,,,,,,,,,,,,,,,,,,,17.5821,0.2674,17.6733,0.1119,17.9391,0.1273,17.2602,0.3365,17.6184,0.1401,17.6874,0.1405,2.44,498404722
92,53.88,2714337733,9,3,005854.19-721105.5,14.725795,-72.184888,67,278,57685.0446,0,0.708,17.1768,0.055,16.7609,0.1517,17.1466,0.0274,17.1014,0.1259,16.9105,0.1589,17.1683,0.1153,16.1486,0.4178,16.6366,0.2915,16.9544,0.0556,17.2911,0.228,16.2047,0.075,17.3685,0.0802,,,,,,,,,,,,,2.81,498402833
93,53.99,498404772,10,3,005909.34-720950.1,14.788983,-72.163901,51,50,57366.1014,0,0.848,,,,,,,,,,,,,,,,,,,16.7663,0.1004,16.0098,0.1907,16.7938,0.0321,17.1764,0.0337,16.9386,0.2014,17.1962,0.0399,17.2252,0.069,17.297,0.0882,17.323,0.0697,7.08,498404771
94,54.17,498404678,8,513,005912.20-721119.7,14.800847,-72.188791,36,36,57125.5912,0,0.958,16.3376,0.0302,17.1,0.1728,16.3393,0.0383,16.3927,0.0508,17.5607,0.3618,16.401,0.0777,16.5583,0.0458,18.0697,0.2394,16.5926,0.0451,16.7752,,18.1154,,16.8172,,17.015,0.0349,17.4654,0.1462,17.045,0.0383,17.195,,17.4443,,17.2181,,11.14,498404687
95,54.94,2714337874,11,515,005857.33-720954.6,14.738882,-72.165187,38,36,57700.1477,0,0.481,16.4951,0.3035,17.6209,0.3818,17.1824,0.0685,,,,,,,15.919,,,,16.6077,,16.2272,0.3,16.1911,0.1218,16.8036,0.0729,17.0353,0.2096,16.8984,0.066,17.1578,0.0772,16.8056,0.1412,16.3843,0.2559,17.0253,0.0784,1.46,498402918
96,55.21,498402918,6,3,005857.24-720954.2,14.739799,-72.164895,71,101,56948.456,0,0.367,16.7397,0.197,16.5278,0.1485,17.1091,0.056,16.4431,0.325,16.5365,0.1869,16.8301,0.0907,,,,,,,15.9338,0.261,16.0868,0.0651,16.8479,0.0632,17.4473,0.1867,17.2849,0.1293,17.4377,0.0853,,,,,,,1.46,2714337874
97,55.22,1610600155,2,1,005901.95-721133.1,14.757876,-72.192501,158,91,58405.559,0,0.646,,,,,,,,,,,,,,,,,,,,,,,,,18.1511,0.1942,17.7666,0.0582,18.2646,0.0611,18.2073,0.1266,17.674,0.1002,18.2195,0.0895,5.06,2714337699
98,55.41,498402906,1,3,005853.72-721011.0,14.723984,-72.170248,36,36,56947.4543,0,0.026,,,,,,,,,,,,,14.3916,0.6315,12.3222,0.0255,17.2593,0.0643,,,,,,,,,,,,,,,,,,,2.98,2714337858
99,56.21,498402833,12,19,005853.72-721107.3,14.724696,-72.185591,365,74,57524.4123,0,0.75,,,,,,,15.8107,0.4301,15.7412,0.0734,17.5613,0.0857,15.5671,,16.268,,17.5387,,16.5317,0.259,15.9272,0.1161,17.0991,0.0941,16.7932,0.139,15.821,0.2039,16.9945,0.03,16.983,0.0695,15.8769,0.3208,17.0,0.039,2.81,2714337733
100,56.28,2714337855,1,2,005852.81-721020.6,14.720066,-72.17239,36,36,58683.7233,0,0.206,,,,,,,,,,,,,,,,,,,,,,,,,18.6702,0.2453,17.8318,0.1718,18.8536,0.1722,,,,,,,4.03,498402905
101,56.52,498402839,2,0,005851.92-721036.5,14.717083,-72.176832,150,36,57815.5886,0,0.478,,,,,,,16.6645,0.4542,16.6662,0.1191,17.2387,0.1226,,,,,,,,,,,,,18.5606,0.1393,17.7087,0.1306,18.5854,0.1359,,,,,,,4.21,2714337744
102,56.81,2714337732,0,19,005853.44-721105.4,14.722691,-72.184846,1106,36,58777.0684,107,0.186,,,,,,,15.5941,,14.5206,,16.9512,,16.1367,,15.6986,,16.6674,,,,,,,,,,,,,,,,,,,,3.42,2714337733
103,57.05,498402928,13,3,005903.29-720942.1,14.763794,-72.161713,47,135,57482.5173,1,0.979,,,,,,,,,,,,,,,,,,,16.6206,0.0353,16.4847,0.04,16.6224,0.0315,16.1312,0.0258,16.0989,0.1292,16.1717,0.0436,15.8965,0.0302,15.7316,0.1893,15.9532,0.0351,4.95,498402927
104,57.34,498404685,15,3,005915.20-721107.2,14.813409,-72.185463,36,177,58183.9118,3,0.029,12.5723,0.2404,12.8195,0.1528,15.5843,0.079,12.7486,0.2697,12.7261,0.0208,15.8259,0.1094,12.6628,0.2554,12.4963,0.3037,16.1938,0.1677,12.8785,0.4873,13.104,0.0378,16.3375,0.0578,13.9998,0.3523,12.994,0.0253,15.882,0.0451,14.1013,0.3972,13.4146,0.0361,16.2507,0.042,4.07,498404684
105,57.56,2714337858,0,19,005853.56-721010.0,14.723193,-72.169456,555,36,58800.6802,26,0.029,15.1152,,11.7372,,16.964,,14.572,,11.1585,,16.7111,,,,,,,,,,,,,,,,,,,,,,,,,,2.98,498402906
106,57.92,498402818,24,3,005910.28-721130.2,14.792822,-72.191737,36,36,57542.8754,0,0.223,15.1403,0.1352,15.3837,0.0286,15.593,0.0251,15.2107,0.1003,15.3658,0.0919,15.6084,0.0287,15.342,0.1413,15.3633,0.077,15.8211,0.0243,15.6424,0.1254,15.7114,0.0827,16.1014,0.0234,15.9471,0.1344,15.9398,0.1022,16.465,0.0243,16.7902,0.1776,16.5829,0.1106,16.8294,0.0583,1.89,2714337708
107,58.19,2714337708,1,3,005910.66-721129.5,14.79443,-72.191554,36,36,56955.4312,0,0.704,,,,,,,,,,,,,,,,,,,,,,,,,,,,,,,17.0019,0.1021,17.0086,0.1244,17.1016,0.0994,1.89,498402818
108,58.94,498404724,1,1,005914.04-721000.3,14.808594,-72.166726,36,36,56947.4543,0,0.538,,,,,,,,,,,,,17.6675,0.1465,17.141,0.1192,17.7085,0.0872,,,,,,,,,,,,,,,,,,,7.1,498404723
109,58.95,2714341067,0,4096,005917.21-721042.8,14.821715,-72.178582,36,36,58409.689,0,0.948,,,,,,,,,,,,,18.159,,19.6622,,18.2681,,,,,,,,,,,,,,,,,,,,6.63,2714341068
110,59.2,2714337886,2,19,005904.26-720939.8,14.767765,-72.161057,635,503,56951.4433,0,0.598,,,,,,,,,,,,,,,,,,,,,,,,,13.5609,,15.1985,,18.2043,,16.7347,0.1943,16.4146,0.127,16.892,0.0554,4.69,498404778
111,59.21,2714341180,6,1,005908.39-720942.7,14.784979,-72.161863,36,123,58669.2069,0,0.917,17.9946,0.0785,18.1025,0.3098,18.0332,0.0909,17.7566,0.0367,17.9793,0.1336,17.7587,0.037,,,,,,,,,,,,,,,,,,,,,,,,,2.53,498404779
112,59.25,498402812,7,3,005855.09-721119.9,14.729543,-72.188901,36,36,57613.0938,0,0.906,,,,,,,,,,,,,,,,,,,,,,,,,17.6926,0.0719,16.8325,0.2095,17.6359,0.0496,17.5617,0.0374,17.1022,0.1874,17.5325,0.0478,6.58,498402809
113,59.36,498402905,1,0,005852.00-721022.1,14.716687,-72.172819,36,36,56946.4733,0,0.158,,,,,,,,,,,,,,,,,,,,,,,,,,,,,,,17.3401,0.4975,17.0004,0.14,18.0832,0.182,4.03,2714337855
114,59.45,2714337699,0,19,005902.31-721137.6,14.759633,-72.193799,36,36,58808.4388,0,0.0,,,,,,,,,,,,,16.3631,,17.7201,,18.8008,,,,,,,,,,,,,,,,,,,,4.24,498402814
115,59.66,498402815,12,528,005904.86-721139.5,14.770232,-72.194061,36,164,57996.9164,0,0.937,17.3764,0.0314,17.9829,0.1554,17.3643,0.0335,17.3251,0.0341,17.7768,0.1115,17.319,0.0437,17.3382,0.0315,17.645,0.0819,17.3257,0.052,17.5017,,17.8374,,17.4522,,17.5103,0.1095,17.8713,0.137,17.4537,0.1195,17.6685,,18.0873,,17.6736,,7.7,2714335845
116,59.88,498402831,25,3,005852.48-721103.3,14.718703,-72.184286,36,36,57523.6451,1,0.981,16.2442,0.0177,16.2356,0.051,16.2362,0.0213,16.2839,0.0272,16.3582,0.0526,16.3078,0.0304,16.5045,0.0238,16.1177,0.2804,16.5297,0.0278,16.8602,0.0737,16.6817,0.1906,16.8224,0.0638,17.0651,0.0426,16.7748,0.2786,17.1297,0.0425,17.3703,0.041,17.4986,0.1839,17.4606,0.0849,2.31,1610600174
117,60.03,498404775,6,3,005911.88-720949.7,14.799555,-72.163836,45,81,56949.7864,0,0.906,,,,,,,,,,,,,,,,,,,,,,,,,17.1943,0.0301,17.1522,0.0639,17.1643,0.0435,16.9793,0.0818,16.9601,0.0811,17.0497,0.0577,4.71,498404774
118,60.25,498404684,16,3,005915.43-721111.6,14.814321,-72.18656,36,36,57294.4357,9,0.041,13.634,0.2435,13.7059,0.0366,14.0667,0.0407,13.7666,0.1352,13.8053,0.025,14.1449,0.0257,,,,,,,13.9997,0.1981,14.0675,0.0235,14.5621,0.0235,14.5894,0.0912,14.5581,0.0295,14.887,0.0161,14.8334,0.1,14.7378,0.0244,15.1055,0.0171,4.07,498404685
119,60.39,1610600141,1,0,005900.26-721136.2,14.75106,-72.19342,36,36,58405.5583,0,0.514,,,,,,,,,,,,,,,,,,,,,,,,,18.9509,0.0576,19.3367,0.1497,19.0678,0.0976,,,,,,,8.2,1610600155
120,60.58,498404691,21,3,005917.12-721055.5,14.821236,-72.182085,56,36,57410.8435,0,0.979,15.3457,0.0317,15.2693,0.043,15.3533,0.0308,15.3809,0.026,15.2603,0.0731,15.3833,0.0263,15.6037,0.0681,15.4601,0.03,15.6367,0.0339,15.8659,0.0322,15.7093,0.0811,15.8818,0.0216,16.244,0.039,16.0693,0.0848,16.2469,0.0295,16.5184,0.0402,16.3108,0.1263,16.4562,0.0341,7.49,498404692
121,61.2,1610600174,2,3,005852.09-721102.2,14.716924,-72.183944,37,58,58405.559,0,0.092,,,,,,,,,,,,,,,,,,,,,,,,,16.5603,0.3647,16.1799,0.0286,17.3314,0.0477,16.8214,0.3604,16.2719,0.0504,17.5083,0.0617,2.31,498402831
122,61.45,1610600148,0,257,005856.44-721125.7,14.733374,-72.190802,861,1469,58405.5583,0,0.472,,,,,,,,,,,,,,,,,,,,,,,,,18.058,,18.8369,,18.758,,,,,,,,8.04,498402812
123,61.73,498404779,13,1,005908.60-720940.0,14.785867,-72.161215,104,200,57518.9795,4,0.978,,,,,,,,,,,,,17.1043,0.1969,17.8619,0.2071,17.2206,0.0625,16.8301,0.0338,17.1715,0.1002,16.8254,0.0354,16.3726,0.0238,16.5115,0.0939,16.4031,0.0243,16.1517,0.0416,16.3633,0.198,16.1778,0.0483,2.53,2714341180
124,61.77,498402910,16,515,005853.27-721003.7,14.722022,-72.167837,100,73,57440.8753,3,0.113,15.0292,0.1802,13.0498,0.6055,15.8451,0.1517,15.146,0.2144,14.7398,0.141,15.7461,0.0327,14.9623,,,,15.8607,,14.6396,0.3386,12.9314,0.2223,15.9952,0.029,15.8575,0.2075,15.4061,0.0758,16.5791,0.0338,15.6984,0.3185,13.8258,0.3854,16.5556,0.0696,5.29,2714337863
125,61.78,498402926,7,1027,005901.16-720939.1,14.754893,-72.160839,58,47,57198.6312,0,0.967,,,,,,,,,,,,,18.0027,,18.7481,,18.152,,17.5681,0.1421,18.019,0.1634,17.8527,0.1144,17.3589,0.0504,17.5481,0.0998,17.4692,0.0645,17.3604,0.0599,17.5486,0.0748,17.3784,0.0695,5.19,498402929
126,61.79,498402832,8,3,005851.18-721050.9,14.713326,-72.18085,36,192,57313.7296,0,0.908,,,,,,,,,,,,,,,,,,,,,,,,,17.4735,0.0393,17.4197,0.1273,17.5639,0.0379,17.2067,0.0312,17.594,0.0934,17.2914,0.0412,3.99,2714337728
127,61.83,498402817,2,0,005909.07-721137.0,14.787945,-72.193592,36,114,56950.9517,0,0.512,,,,,,,,,,,,,,,,,,,17.927,0.0348,18.3254,0.2535,17.9044,0.1207,18.041,0.0585,18.1155,0.1352,17.9932,0.1322,,,,,,,6.8,498402026
128,61.93,2714337728,3,3,005851.36-721054.9,14.714022,-72.181939,37,36,58405.556,0,0.595,17.717,0.1887,17.7392,0.0989,17.9483,0.1435,17.831,0.085,19.3106,0.3321,17.9263,0.0762,,,,,,,,,,,,,,,,,,,,,,,,,3.99,498402832
129,62.17,498402814,5,0,005902.95-721140.6,14.762231,-72.194669,36,60,57532.0954,0,0.95,,,,,,,,,,,,,,,,,,,,,,,,,17.8615,0.0386,17.8398,0.0479,17.8695,0.0456,17.5431,0.0281,17.5868,0.0774,17.5774,0.0567,4.24,2714337699
130,62.49,498404774,13,3,005912.93-720950.1,14.803811,-72.163962,46,36,57058.1533,0,0.974,15.8636,0.0545,15.7988,0.0539,15.8765,0.0471,15.9005,0.0497,15.7898,0.0816,15.8988,0.0401,,,,,,,16.2773,0.1093,15.668,0.2289,16.3537,0.057,16.7341,0.0765,16.7484,0.0716,16.7923,0.0343,16.9562,0.0677,16.8835,0.0606,16.9785,0.0463,4.71,498404775
131,62.62,2714337863,0,19,005853.81-720959.5,14.724231,-72.166532,36,36,59196.5042,0,0.028,,,,,,,14.4794,,11.5962,,17.1628,,,,,,,,,,,,,,,,,,,,,,,,,,5.01,2714337862
132,62.82,498404723,6,1,005915.52-721002.4,14.814705,-72.167352,37,36,57567.8091,0,0.595,,,,,,,17.7832,0.0399,18.3911,0.1602,17.8238,0.0528,17.9013,0.142,17.5991,0.3894,17.6286,0.2304,17.96,0.0409,18.1454,0.2085,18.0743,0.1391,18.0105,0.1846,18.0886,0.1679,18.125,0.1477,,,,,,,7.1,498404724
133,63.39,498404778,16,3,005904.71-720935.6,14.769716,-72.159898,110,97,57467.0829,2,0.635,,,,,,,,,,,,,17.1613,0.1076,16.9722,0.0863,17.2635,0.0462,16.5655,0.084,16.148,0.1521,16.684,0.0301,16.2331,0.0663,15.9738,0.0846,16.3004,0.0224,16.0559,0.0617,15.7678,0.0827,16.0787,0.0278,3.01,2714341187
134,63.83,2714341187,3,3,005904.08-720935.1,14.767018,-72.159773,238,164,58669.2078,0,0.569,,,,,,,17.4159,0.1693,16.7946,0.1657,17.9243,0.0432,,,,,,,,,,,,,,,,,,,,,,,,,3.01,498404778
135,64.7,2714341068,0,4096,005918.49-721039.8,14.827046,-72.177727,36,36,58409.689,0,0.739,,,,,,,,,,,,,18.4964,,19.2399,,18.653,,,,,,,,,,,,,,,,,,,,5.28,2714341107
136,64.95,498402025,8,515,005907.03-721142.7,14.779176,-72.195234,63,36,57873.9956,0,0.944,17.209,0.0228,17.7281,0.0558,17.2169,0.0295,17.1379,0.0328,17.3028,0.206,17.1672,0.0802,17.2616,,17.9723,,17.2474,,17.4146,,18.0112,,17.4774,,17.6275,0.0536,17.9247,0.1173,17.8036,0.1128,,,,,,,1.4,2714335848
137,65.01,2714335848,0,4096,005906.70-721143.1,14.777937,-72.195318,36,36,58808.4388,0,0.643,,,,,,,,,,,,,17.7657,,18.6605,,17.8282,,,,,,,,,,,,,,,,,,,,1.4,498402025
138,65.16,498402830,7,3,005850.92-721059.7,14.712239,-72.18324,38,105,57686.3486,0,0.632,17.9306,0.0742,18.0418,0.1289,17.9658,0.0791,17.8503,0.0516,18.1537,0.2775,17.9238,0.102,17.8397,0.0407,18.4523,0.2319,17.8971,0.0998,17.7154,0.0901,17.6792,0.1096,17.7452,0.0759,17.8909,0.0395,17.9032,0.1631,17.8613,0.1184,,,,,,,5.08,2714337728
139,65.82,498402809,13,3,005853.99-721124.1,14.72503,-72.1901,36,120,57415.5741,0,0.935,,,,,,,,,,,,,17.7181,0.2232,17.3694,0.112,17.8064,0.0931,17.4007,0.0803,17.0869,0.2463,17.385,0.0578,17.0022,0.0463,16.807,0.0641,16.9831,0.0295,16.8473,0.0322,16.6549,0.0662,16.8093,0.0306,6.58,498402812
140,65.89,2714341047,0,513,005914.73-721124.7,14.811375,-72.190209,36,36,56936.5814,0,0.373,,,,,,,,,,,,,,,,,,,,,,,,,18.4434,,,,18.5668,,,,,,,,9.87,498403859
141,66.01,498402838,17,3,005850.30-721026.0,14.709607,-72.17388,47,77,57709.7226,0,0.982,,,,,,,,,,,,,,,,,,,16.2541,0.0335,15.7031,0.0826,16.2248,0.0353,15.5778,0.0224,15.0045,0.3197,15.6503,0.0795,15.2612,0.0161,14.8378,0.2576,15.2641,0.0151,6.41,498402903
142,66.06,498404776,11,0,005910.57-720939.3,14.794024,-72.160922,51,36,57393.3608,0,0.975,,,,,,,,,,,,,17.6313,0.0646,18.6582,0.2827,17.7338,0.0882,16.9845,0.0368,17.5481,0.127,17.0589,0.0465,16.4267,0.0315,16.6795,0.0953,16.4632,0.0371,16.1643,0.029,16.5805,0.1808,16.206,0.0479,6.93,2714341196
143,66.22,2714341107,0,27,005918.79-721034.7,14.828303,-72.176311,36,36,58808.4388,22,0.683,,,,,,,,,,,,,18.8322,,19.2786,,18.9343,,,,,,,,,,,,,,,,,,,,5.04,2714341108
144,66.25,2714341188,9,3,005905.52-720932.9,14.773038,-72.159155,85,36,58096.1756,0,0.687,17.886,0.0414,17.9343,0.0771,17.9126,0.0533,17.6253,0.0466,17.9619,0.1825,17.6769,0.0506,17.806,0.1012,17.8762,0.21,17.7115,0.1304,17.3249,0.2434,17.0964,0.1218,17.4669,0.0888,,,,,,,,,,,,,1.97,498404781
145,66.38,2714335845,0,16,005904.04-721145.3,14.766855,-72.195933,36,36,58405.5583,0,0.571,,,,,,,,,,,,,,,,,,,,,,,,,18.9678,,19.7011,,19.0074,,,,,,,,6.83,498402814
146,66.44,498402929,7,1027,005900.40-720935.0,14.751801,-72.159752,36,36,57198.6312,0,0.976,,,,,,,,,,,,,17.8012,,18.3017,,17.8338,,17.6278,0.0631,18.0646,0.1306,17.8054,0.1101,17.455,0.0279,17.6547,0.1143,17.51,0.0565,17.3605,0.0327,17.5381,0.1063,17.4204,0.0583,5.19,498402926
147,66.93,498402026,21,3,005908.54-721143.1,14.785537,-72.19533,36,36,57369.6136,0,0.962,16.5318,0.0287,16.524,0.0841,16.5216,0.0297,16.5397,0.0275,16.4923,0.1361,16.5199,0.0351,16.6293,0.0404,16.6611,0.04,16.5962,0.0384,16.9001,0.0378,17.1108,0.1162,16.8749,0.0417,17.2236,0.0349,17.4546,0.0747,17.1893,0.0441,17.3798,0.0483,17.6448,0.217,17.3261,0.0606,6.8,498402817
148,67.14,2714337862,1,3,005852.75-720958.4,14.719798,-72.16623,36,36,58405.5625,0,0.028,,,,,,,14.3252,0.534,11.3601,0.0323,16.7364,0.053,,,,,,,,,,,,,,,,,,,,,,,,,4.5,498402909
149,67.18,2714341108,2,3,005918.89-721029.7,14.828709,-72.174917,53,93,56946.4731,0,0.719,,,,,,,,,,,,,,,,,,,,,,,,,17.2487,0.0468,17.4333,0.0982,17.3097,0.0781,17.0259,0.1057,17.1626,0.1062,17.0364,0.0758,2.29,498404725
150,67.23,498404726,25,3,005918.72-721025.1,14.82804,-72.173655,55,36,57580.6393,0,0.981,16.4931,0.0198,16.6107,0.0424,16.4955,0.0225,16.3548,0.0174,16.4258,0.041,16.3554,0.0215,16.4466,0.0422,16.318,0.0772,16.5094,0.0308,16.804,0.0208,16.7504,0.0441,16.8165,0.0351,17.1861,0.0405,17.1671,0.2338,17.135,0.0433,17.3497,0.0324,17.4359,0.2264,17.3428,0.0612,4.18,498404725
151,67.24,2714337729,11,0,005849.94-721049.8,14.708098,-72.180502,159,36,58047.9961,0,0.926,17.5978,0.0282,17.8656,0.0871,17.6259,0.0355,17.5954,0.0736,17.5996,0.272,17.6248,0.0741,17.7594,0.0369,18.735,0.3207,17.8101,0.0984,17.9092,0.0539,18.8444,0.4085,17.9989,0.1312,,,,,,,,,,,,,5.89,498402832
152,67.6,498404692,18,3,005918.71-721054.7,14.828003,-72.181874,36,36,57409.7894,0,0.982,17.0997,0.042,17.2316,0.1194,17.092,0.0773,16.7758,0.0886,16.8839,0.0878,16.7705,0.0955,15.7925,0.0511,15.7158,0.0334,15.7987,0.0349,15.543,0.0141,15.5656,0.0208,15.5436,0.0199,15.3683,0.0168,15.3728,0.0271,15.3647,0.017,15.3505,0.017,15.3928,0.0209,15.3422,0.0177,7.49,498404691
153,67.62,498402909,2,3,005852.07-721001.8,14.717098,-72.167166,67,98,56950.9519,0,0.071,,,,,,,,,,,,,,,,,,,,,,,,,17.3933,0.1255,16.7244,0.1134,17.4234,0.0642,,,,,,,4.5,2714337862
154,67.78,498404781,4,3,005905.40-720931.4,14.772027,-72.158705,71,89,56951.1976,0,0.642,,,,,,,,,,,,,,,,,,,,,,,,,17.6756,0.2603,17.6314,0.3565,17.5809,0.1822,17.3051,0.1969,16.9576,0.1299,17.519,0.093,1.97,2714341188
155,68.99,498403857,4,3,005911.97-721138.6,14.800144,-72.19401,80,48,56950.9519,0,0.537,,,,,,,,,,,,,,,,,,,16.5989,0.3944,16.399,0.1558,17.1308,0.0691,17.3413,0.2559,17.1245,0.0822,17.7464,0.1094,16.8884,0.5036,16.6238,0.103,17.6662,0.1261,2.42,1610601713
156,69.23,498404725,12,3,005919.25-721028.6,14.830424,-72.174558,63,154,57409.5136,0,0.954,,,,,,,,,,,,,,,,,,,17.0397,0.2352,16.7513,0.1227,17.1529,0.062,16.8445,0.1493,16.3244,0.1374,16.6633,0.0726,16.6428,0.0943,16.1937,0.1748,16.4889,0.075,2.29,2714341108
157,69.31,498402023,9,528,005905.79-721147.8,14.77423,-72.196669,86,138,58095.0711,0,0.908,17.4711,0.05,17.9666,0.1009,17.5223,0.056,17.4552,0.0296,18.2862,0.0705,17.4806,0.0325,17.539,0.0508,17.9362,0.1297,17.6685,0.0843,17.8121,,18.531,,18.0768,,17.828,0.0785,18.089,0.1482,17.9214,0.124,18.2382,,18.2018,,18.3036,,6.35,2714335848
158,69.41,498404782,1,512,005906.67-720930.2,14.777665,-72.158432,107,44,56946.4729,0,0.614,,,,,,,,,,,,,,,,,,,,,,,,,17.7479,0.2574,17.6664,0.1655,18.0199,0.1375,17.7988,,18.175,,18.086,,5.3,2714341191
159,70.05,498402027,5,515,005910.86-721141.8,14.796614,-72.194928,222,62,56947.062,0,0.505,,,,,,,16.249,0.421,16.6068,0.092,17.0143,0.1044,,,,,,,16.5769,,,,17.0769,,17.6855,0.1881,17.4332,0.1466,17.8881,0.1589,17.5152,0.1901,17.5867,0.1653,17.6706,0.0935,2.98,1610601713
160,70.13,498404780,16,3,005909.05-720932.2,14.788085,-72.158982,216,128,57490.2406,0,0.685,18.0878,0.0795,18.0293,0.2901,18.0964,0.0594,17.825,0.0928,18.0682,0.1248,17.9962,0.1265,16.963,0.2016,16.8154,0.424,17.3224,0.0484,16.9278,0.1596,16.6604,0.2067,17.1098,0.1037,17.0787,0.0932,16.8126,0.0839,16.9062,0.0588,16.9044,0.0483,16.9424,0.1374,16.8836,0.0436,6.48,2714341191
161,70.23,498402903,24,3,005849.59-721019.5,14.706902,-72.172305,116,289,57673.1068,0,0.972,15.7411,0.0228,15.8221,0.0307,15.7443,0.0255,15.7107,0.0341,15.5283,0.1486,15.7014,0.0309,15.6604,0.1638,17.6395,0.9088,15.9287,0.0521,16.1375,0.0261,16.0779,0.1667,16.1176,0.0235,16.4742,0.029,16.4471,0.089,16.4701,0.0251,16.6429,0.0339,16.364,0.1722,16.6216,0.0395,6.41,498402838
162,70.28,1610601713,7,1,005911.59-721140.4,14.799103,-72.194603,334,223,57906.7027,0,0.385,15.6257,0.2966,15.7423,0.1223,17.1801,0.0677,15.9167,0.4375,15.9688,0.0985,16.8807,0.1032,,,,,,,15.9101,0.2825,15.241,0.3078,17.046,0.0716,16.8934,0.2648,16.7144,0.1091,17.5574,0.0647,,,,,,,2.42,498403857
163,70.29,2714341191,1,1,005907.79-720930.4,14.782465,-72.158462,36,36,56936.5814,0,0.035,,,,,,,,,,,,,,,,,,,,,,,,,17.7471,0.2754,19.8868,1.4308,17.9725,0.0831,,,,,,,5.3,498404782
164,70.31,498402808,7,1539,005852.53-721123.4,14.718989,-72.18989,36,48,57366.1947,0,0.98,,,,,,,,,,,,,17.8345,,18.1756,,17.8758,,17.479,,17.9773,,17.5552,,17.1857,0.0252,17.279,0.0482,17.1848,0.0324,17.0952,0.035,17.2548,0.0696,17.107,0.0529,6.69,498402809
165,70.54,498402806,9,3,005900.66-721146.5,14.752207,-72.196463,439,450,57305.2848,0,0.738,,,,,,,,,,,,,16.0084,0.3639,19.8432,0.7483,17.7022,0.0481,17.7838,0.1883,17.9751,0.1452,17.9592,0.1268,17.5024,0.0448,17.4769,0.1806,17.4632,0.0676,17.2462,0.0411,17.3484,0.1058,17.2778,0.0539,3.99,498402012
166,70.95,498402836,12,1,005848.92-721040.0,14.703944,-72.177776,36,79,57386.4316,0,0.905,,,,,,,,,,,,,,,,,,,17.7513,0.0772,17.9158,0.1359,17.7616,0.1115,17.2062,0.036,17.2951,0.0769,17.1899,0.0397,17.0032,0.0294,16.8373,0.1228,17.0482,0.0316,7.07,1610600182
167,71.13,498402907,7,0,005850.41-721008.6,14.709985,-72.169056,177,135,57197.4919,0,0.559,,,,,,,,,,,,,,,,,,,,,,,,,17.472,0.1098,17.227,0.1003,17.4937,0.056,17.1132,0.1362,16.8097,0.1813,17.278,0.0465,8.67,498402904
168,71.16,1610600139,1,0,005857.41-721142.4,14.739174,-72.19514,36,36,58405.5583,0,0.575,,,,,,,,,,,,,,,,,,,,,,,,,18.6941,0.0426,18.8773,0.1103,18.7348,0.0778,,,,,,,5.69,498402805
169,71.34,2714341059,0,512,005918.86-721105.0,14.828612,-72.18474,36,36,56946.4729,0,0.541,,,,,,,,,,,,,,,,,,,,,,,,,18.012,,18.6866,,18.1317,,,,,,,,4.48,2714341058
170,71.37,1610600177,1,3,005849.36-721056.8,14.705633,-72.182481,36,36,58405.5583,0,0.182,,,,,,,,,,,,,,,,,,,,,,,,,18.6293,0.2355,18.5686,0.101,18.8242,0.0827,,,,,,,5.59,1610600176
171,71.39,2714337868,1,1,005852.68-720952.0,14.719511,-72.16447,36,36,58683.7233,0,0.0,,,,,,,,,,,,,,,,,,,,,,,,,17.7711,0.3331,17.8583,0.2333,18.2368,0.1013,,,,,,,6.34,2714337862
172,72.11,498402022,4,3,005902.08-721150.2,14.758688,-72.197311,45,82,58141.5074,0,0.834,,,,,,,,,,,,,18.153,0.192,17.5198,0.039,18.2969,0.0426,,,,,,,18.0253,0.033,18.1556,0.0553,18.0228,0.0515,17.8925,0.0475,17.7155,0.0992,17.9194,0.0746,6.83,1610598488
173,72.12,498404686,19,3,005918.59-721109.9,14.827476,-72.186089,36,36,57459.2015,0,0.983,14.3511,0.026,14.3302,0.0262,14.3559,0.0288,14.4474,0.022,14.4433,0.0237,14.4507,0.0234,,,,,,,15.0586,0.0243,15.0113,0.095,15.06,0.0214,15.4593,0.0142,15.5073,0.019,15.4632,0.0173,15.7415,0.0182,15.8589,0.06,15.7591,0.0198,1.58,2714341058
174,72.19,498402811,11,0,005850.43-721112.1,14.710152,-72.186731,39,36,58020.5075,0,0.957,,,,,,,17.836,0.0352,17.857,0.0604,17.8559,0.0381,17.6547,0.0639,17.7341,0.0978,17.6449,0.0596,17.6752,0.0593,18.036,0.1898,17.8348,0.1135,17.9106,0.0453,18.0998,0.0655,17.922,0.0499,17.9067,0.031,18.1313,0.1226,17.9215,0.0745,7.2,1610600171
175,72.54,498402931,5,1539,005902.11-720927.3,14.75879,-72.157563,74,47,57296.1078,0,0.963,,,,,,,,,,,,,18.0229,,18.1606,,17.9934,,17.8878,,18.4573,,17.9602,,17.2162,0.0922,17.0139,0.2467,17.0976,0.0937,17.2073,0.0668,17.0883,0.2068,17.1028,0.0559,6.57,498402930
176,72.7,2714341196,5,512,005911.58-720934.2,14.798277,-72.159506,36,42,57817.9692,0,0.942,17.5864,0.0729,18.7394,0.1707,17.6905,0.0693,17.6889,0.0432,18.8394,0.1221,17.7348,0.0468,17.6774,,18.0988,,17.6803,,17.8428,,18.0203,,17.8357,,18.131,0.0617,18.2979,0.1669,18.0669,0.065,,,,,,,6.93,498404776
177,73.34,2714341058,0,27,005918.92-721109.5,14.828867,-72.185983,166,101,58746.0811,53,0.983,,,,,,,,,,,,,15.4264,,15.4259,,15.6779,,,,,,,,15.963,,15.774,,16.0198,,,,,,,,1.58,498404686
178,73.58,498403859,19,3,005914.87-721133.9,14.812091,-72.192943,36,50,57459.2015,0,0.857,15.3472,0.1036,15.1426,0.0473,15.4912,0.0506,15.4205,0.0693,15.2133,0.063,15.5336,0.0571,,,,,,,15.4278,0.1449,15.0522,0.2085,15.9563,0.0661,16.0446,0.0913,15.8585,0.0426,16.2719,0.0413,16.4497,0.1392,15.9264,0.1044,16.4582,0.0586,8.87,498403858
179,73.83,498404679,1,0,005917.29-721124.1,14.821357,-72.190045,36,36,56946.4729,0,0.614,,,,,,,,,,,,,,,,,,,,,,,,,17.7722,0.3232,18.2093,0.4267,18.0002,0.1359,,,,,,,1.65,2714341050
180,73.84,498402915,7,1,005853.62-720943.8,14.723626,-72.162224,36,262,57280.1246,0,0.601,,,,,,,,,,,,,,,,,,,17.5331,0.3414,17.2667,0.2741,17.8717,0.1223,17.7555,0.1222,17.6979,0.1517,17.7978,0.0861,17.6883,0.1258,17.0459,0.3112,17.6813,0.0983,5.51,2714337871
181,73.9,498402012,21,3,005859.84-721149.9,14.749509,-72.197204,36,47,57720.7224,0,0.978,,,,,,,,,,,,,16.8903,0.0609,15.6187,0.2267,16.9791,0.0245,16.4989,0.0297,16.4884,0.0817,16.5097,0.0275,16.1328,0.0164,15.9903,0.0748,16.1574,0.0189,15.9881,0.0144,15.9358,0.0573,16.0075,0.0188,3.99,498402806
182,74.37,1610600135,6,0,005854.87-721139.2,14.728657,-72.194217,46,247,58605.2164,0,0.966,,,,,,,17.8478,0.0355,18.1954,0.0612,17.8368,0.0404,17.8173,0.0211,17.9962,0.0248,17.8136,0.0296,,,,,,,18.1321,0.0936,18.3988,0.0818,18.0916,0.0568,,,,,,,10.57,498402802
183,74.49,2714341203,1,0,005916.93-720951.7,14.820559,-72.164369,36,36,58405.5569,0,0.508,,,,,,,18.393,0.0645,18.8854,0.1603,18.4446,0.091,,,,,,,,,,,,,,,,,,,,,,,,,12.53,498404723
184,74.52,1610600171,1,0,005849.36-721106.9,14.705647,-72.185281,36,36,58405.5583,0,0.511,,,,,,,,,,,,,,,,,,,,,,,,,18.9689,0.044,19.2356,0.1645,19.0312,0.095,,,,,,,7.2,498402811
185,74.72,498404777,17,0,005914.80-720941.5,14.81168,-72.161543,36,44,57468.2991,0,0.961,16.648,0.0191,16.5366,0.0318,16.6564,0.0237,16.5257,0.029,16.4509,0.0922,16.5426,0.0353,16.7484,0.0333,16.9474,0.0973,16.7692,0.0342,16.9971,0.0215,17.1418,0.0711,17.0,0.039,17.3953,0.0258,17.6066,0.104,17.4327,0.0674,17.4981,0.0432,17.734,0.153,17.6033,0.1181,12.23,498404791
186,75.18,2714341050,4,3,005917.48-721124.2,14.822852,-72.190066,265,439,56946.7297,0,0.508,17.705,0.1775,18.1287,0.4131,17.7926,0.1318,,,,,,,14.5296,0.399,11.9122,0.1499,16.7258,0.0342,,,,,,,16.3936,0.414,17.0446,0.2867,17.8578,0.0761,,,,,,,1.65,498404679
187,75.26,498402923,5,2,005854.69-720938.0,14.728235,-72.16058,180,61,57295.9113,0,0.527,,,,,,,,,,,,,,,,,,,17.5048,0.4974,18.1601,0.405,18.1496,0.152,17.6578,0.4014,17.7281,0.1821,17.8861,0.1209,17.7068,0.1126,17.4852,0.1,17.8216,0.0781,7.29,498402925
188,75.35,498402930,18,3,005900.72-720925.5,14.753025,-72.1571,36,63,57609.1939,0,0.775,,,,,,,,,,,,,17.1476,0.0721,17.1717,0.0642,17.0703,0.056,16.4608,0.0625,16.5143,0.042,16.3701,0.0464,15.6278,0.0817,15.6526,0.1122,15.8206,0.0664,15.4652,0.0524,15.4858,0.0328,15.5268,0.0521,5.49,498402951
189,75.46,498402925,24,1,005855.94-720933.3,14.733668,-72.159425,36,36,57576.8613,0,0.983,15.0425,0.0212,15.0695,0.023,15.0374,0.0235,15.1359,0.0292,15.2309,0.0338,15.1345,0.0281,15.438,0.0548,15.2985,0.065,15.4964,0.0266,15.7404,0.0156,15.7688,0.0231,15.7445,0.0208,16.109,0.0195,16.1345,0.0381,16.1273,0.0228,16.4266,0.0184,16.5063,0.0305,16.4412,0.0211,7.29,498402923
190,75.95,1610600182,1,0,005847.92-721045.1,14.699635,-72.179232,36,36,58405.5583,0,0.31,,,,,,,,,,,,,,,,,,,,,,,,,18.4873,0.1193,18.3973,0.0836,18.482,0.0676,,,,,,,7.07,498402836
191,76.41,1610603027,2,3,005918.27-721124.7,14.825524,-72.189514,1047,1171,57653.0084,0,0.023,,,,,,,,,,,,,15.0906,0.4469,11.8062,0.0326,16.9745,0.0831,14.5629,0.5764,12.0317,0.0261,17.4224,0.0864,,,,,,,,,,,,,3.55,2714341050
192,76.6,1610600176,1,3,005848.38-721100.1,14.701518,-72.18339,36,36,58405.5583,0,0.313,,,,,,,,,,,,,,,,,,,,,,,,,18.7468,0.2113,18.4041,0.1209,18.9061,0.087,,,,,,,5.59,1610600177
193,76.63,2714341198,1,3,005909.32-720925.7,14.788837,-72.157162,36,36,58405.5569,0,0.125,,,,,,,18.0305,0.2349,18.4281,0.272,18.3264,0.0853,,,,,,,,,,,,,,,,,,,,,,,,,2.74,498404785
194,76.74,498402913,10,3,005850.73-720954.4,14.711648,-72.165121,172,116,57269.0888,0,0.771,,,,,,,,,,,,,,,,,,,17.2939,0.1321,17.2166,0.1518,17.3001,0.0931,17.1613,0.1305,17.6505,0.1207,17.2501,0.0467,17.2031,0.0995,17.6202,0.1995,17.1287,0.076,8.85,498402912
195,76.79,498402805,1,3,005856.68-721147.3,14.736166,-72.196426,36,36,56955.4302,0,0.568,,,,,,,,,,,,,17.6231,0.03,17.7682,0.1253,17.64,0.0857,,,,,,,,,,,,,,,,,,,4.41,1610600137
196,76.9,498404783,9,0,005908.22-720924.1,14.784293,-72.156706,36,36,56949.8953,0,0.819,,,,,,,,,,,,,17.9448,0.0546,18.2688,0.2678,18.0214,0.1131,17.633,0.0303,18.0443,0.1556,17.7047,0.0747,17.3467,0.0371,17.5697,0.2382,17.4878,0.0802,17.258,0.0817,17.7192,0.1136,17.4502,0.0872,5.27,2714341198
197,76.96,2714335839,4,3,005904.38-721155.9,14.768267,-72.198877,90,63,58044.0597,0,0.029,,,,,,,16.3695,0.1373,16.403,0.0359,16.6836,0.0361,15.892,0.2321,15.6135,0.0991,16.5252,0.1509,,,,,,,,,,,,,,,,,,,1.27,498402020
198,77.09,498402021,2,0,005903.09-721155.8,14.762846,-72.198847,82,36,56946.9641,0,0.494,,,,,,,,,,,,,,,,,,,,,,,,,17.5961,0.5191,18.4974,0.1854,18.2751,0.1678,17.4129,0.3098,17.6592,0.2017,17.7631,0.15,5.22,1610598499
199,77.29,1610603051,1,0,005921.02-721051.1,14.83761,-72.18088,36,36,58409.689,0,0.505,,,,,,,,,,,,,18.4944,0.0606,18.4402,0.0441,18.5162,0.0554,,,,,,,,,,,,,,,,,,,11.17,498404692
200,77.34,2714341193,1,3,005905.07-720921.7,14.771153,-72.156033,36,36,56946.4733,0,0.0,,,,,,,,,,,,,,,,,,,,,,,,,,,,,,,15.8704,0.3732,15.555,0.1147,16.368,0.0506,5.57,498404796
201,77.59,498402020,26,0,005904.62-721156.6,14.769277,-72.19905,77,47,57745.0615,5,0.506,16.7015,0.0822,16.6317,0.0478,16.8206,0.0589,16.529,0.0717,16.5435,0.0541,16.655,0.0323,16.2246,0.0826,15.773,0.237,16.3551,0.0309,15.967,0.1029,15.9714,0.0528,16.2143,0.03,15.8132,0.107,15.8895,0.0505,16.1339,0.0209,15.8443,0.0943,15.8719,0.0819,16.0752,0.0224,1.27,2714335839
202,77.65,498404727,30,3,005920.97-721023.9,14.837453,-72.173313,36,39,57739.8864,0,0.982,16.3403,0.019,16.3914,0.0241,16.3439,0.0216,16.0321,0.0193,16.0081,0.0366,16.0367,0.0194,16.0963,0.0223,16.0401,0.0472,16.114,0.0198,16.4235,0.0314,16.4148,0.0876,16.3985,0.0297,16.6787,0.0248,16.6438,0.0471,16.6412,0.0262,16.8761,0.0617,16.9524,0.0837,16.8597,0.0422,8.95,498404725
203,77.87,1610603034,4,3,005919.09-721116.3,14.82986,-72.188152,56,1166,58405.559,2,0.061,13.7341,0.3777,13.0976,0.039,16.9293,0.0364,14.6584,0.2716,12.4829,0.3902,15.9098,0.0477,,,,,,,,,,,,,,,,,,,,,,,,,4.31,498404683
204,78.9,498404728,4,1,005919.49-721001.3,14.831281,-72.167065,73,36,56948.9581,0,0.68,,,,,,,,,,,,,,,,,,,,,,,,,17.3107,0.1681,17.1296,0.0846,17.4283,0.0633,17.3184,0.164,17.4293,0.1385,17.3663,0.0724,5.3,498404729
205,78.91,1610598488,2,1,005901.75-721156.8,14.757253,-72.199157,36,530,58405.559,0,0.518,,,,,,,,,,,,,,,,,,,,,,,,,18.3278,0.2231,18.4749,0.1158,18.4926,0.0683,18.2641,0.1978,18.1736,0.1083,18.4628,0.1061,6.24,1610598499
206,78.98,2714337871,4,1,005852.59-720941.5,14.719134,-72.161552,84,136,56944.0127,0,0.514,,,,,,,,,,,,,,,,,,,17.8954,0.0506,18.2013,0.2778,18.002,0.0966,18.2605,0.0419,19.2989,0.3993,18.268,0.077,,,,,,,5.51,498402915
207,79.0,498404785,14,3,005909.76-720923.7,14.790678,-72.156649,135,166,57393.5976,0,0.885,,,,,,,,,,,,,17.3913,0.159,16.5326,0.3999,17.5722,0.0574,17.1331,0.0853,16.8088,0.0881,17.1588,0.0499,16.8848,0.0264,16.6375,0.2009,16.8769,0.0382,16.5736,0.0214,16.5692,0.0751,16.563,0.0408,2.74,2714341198
208,79.56,498402904,1,0,005848.58-721008.1,14.702266,-72.168596,36,36,58405.5597,0,0.105,,,,,,,,,,,,,,,,,,,,,,,,,,,,,,,17.6984,0.2144,17.572,0.0956,17.8716,0.0728,8.67,498402907
209,79.84,2714337689,1,0,005850.06-721124.2,14.708614,-72.19007,36,36,58808.4388,0,0.509,,,,,,,,,,,,,18.8595,0.047,19.1246,0.0678,18.9141,0.0563,,,,,,,,,,,,,,,,,,,6.23,498402807
210,79.94,498402951,13,3,005901.15-720920.5,14.75485,-72.155682,36,36,57335.0165,0,0.98,,,,,,,,,,,,,17.7739,0.0268,18.136,0.0648,17.8024,0.066,17.0066,0.0333,17.4093,0.0938,17.0075,0.0471,16.3653,0.0363,16.3437,0.1026,16.3435,0.036,16.1705,0.0204,16.0904,0.0968,16.1652,0.0286,5.49,498402930
211,80.42,498402804,27,3,005856.85-721151.6,14.73683,-72.197653,50,92,57839.4004,0,0.913,17.0084,0.1705,17.1111,0.0446,17.7001,0.0514,16.777,0.0924,16.4549,0.0527,16.9607,0.0238,16.7608,0.0604,16.2117,0.06,16.7647,0.0206,16.9499,0.0707,16.8418,0.0499,17.0314,0.0399,17.2005,0.1086,16.5398,0.2365,17.3596,0.0523,17.2325,0.0518,17.0967,0.119,17.2745,0.0534,4.48,498402805
212,80.59,1610600137,1,3,005855.87-721149.3,14.732731,-72.197059,36,36,58405.5597,0,0.641,,,,,,,,,,,,,,,,,,,,,,,,,,,,,,,18.0623,0.111,18.0244,0.0883,18.1474,0.0851,4.41,498402805
213,80.71,498402837,11,1,005846.87-721031.0,14.695408,-72.175419,73,221,57632.892,0,0.802,,,,,,,,,,,,,18.1045,0.0944,17.753,0.0405,18.1426,0.051,17.7903,0.048,18.4965,0.3467,17.799,0.1134,17.207,0.0483,17.1645,0.0659,17.1966,0.0398,17.0983,0.0253,17.0911,0.0987,17.0527,0.0396,10.22,1610600127
214,81.52,2714337665,1,1,005847.17-721058.7,14.696549,-72.182999,36,36,58808.4388,0,0.048,,,,,,,,,,,,,18.8386,0.281,19.3835,0.2997,19.2802,0.0728,,,,,,,,,,,,,,,,,,,1.51,1610600119
215,81.63,498404700,9,514,005922.16-721037.2,14.8424,-72.176993,50,99,58096.0665,0,0.793,17.6829,0.029,17.9256,0.0689,17.694,0.0465,17.601,0.0464,17.7349,0.1012,17.5879,0.0369,17.6745,0.0686,18.1138,0.0887,17.8501,0.069,17.8145,,18.3077,,18.0019,,17.8715,0.0361,18.365,0.2651,17.8558,0.1179,,,,,,,5.09,1610603080
216,81.72,498402807,22,0,005850.55-721130.1,14.710466,-72.191706,44,108,57852.143,0,0.98,17.3317,0.0238,17.4288,0.0674,17.3657,0.0275,17.2247,0.0356,17.4,0.0298,17.235,0.0326,17.3942,0.0186,17.338,0.0596,17.4097,0.0339,17.647,0.0588,17.8488,0.0932,17.6786,0.0714,17.8409,0.0301,17.8959,0.0512,17.8149,0.045,18.0123,0.1045,18.2593,0.1109,18.0078,0.0703,6.23,2714337689
217,82.08,498404683,18,3,005919.92-721120.1,14.832756,-72.188959,96,147,57487.1888,1,0.43,15.3635,0.1428,14.7957,0.1623,15.6198,0.0321,15.2455,0.099,14.7404,0.0818,15.5607,0.0558,,,,,,,15.0299,0.1907,14.5951,0.1452,15.6413,0.068,15.6046,0.093,15.012,0.0925,15.906,0.0305,15.598,0.102,15.0572,0.0843,15.9409,0.0415,2.25,2714341052
218,82.16,2714341052,1,19,005919.62-721122.2,14.831767,-72.189506,941,551,56955.4305,74,0.029,,,,,,,,,,,,,13.5814,,13.6351,,15.8699,,13.4039,0.5267,13.4177,0.0359,16.8633,0.0591,,,,,,,,,,,,,2.25,498404683
219,82.2,498402810,3,0,005848.49-721114.8,14.701724,-72.187795,43,36,57919.1971,0,0.443,,,,,,,,,,,,,,,,,,,,,,,,,17.7843,0.2035,17.7675,0.0627,17.9281,0.054,17.6577,0.1669,17.6588,0.0687,17.8255,0.0637,8.43,1610600086
220,82.23,1610598499,1,1,005902.85-721200.8,14.761653,-72.200249,190,36,58405.5583,0,0.746,,,,,,,,,,,,,19.3041,,19.6187,,19.4718,,,,,,,,18.515,0.0918,18.3568,0.1195,18.6084,0.0725,,,,,,,5.22,498402021
221,82.34,498403858,6,513,005916.43-721140.2,14.818292,-72.194516,58,36,56949.7859,0,0.718,17.3613,0.0504,18.3944,0.584,17.3872,0.096,17.3036,,20.2234,,17.3213,,,,,,,,17.4785,0.0446,18.8856,0.9935,17.5195,0.0921,17.854,0.029,17.9325,0.2184,17.8109,0.0721,17.7129,0.1279,17.9904,0.3126,17.6426,0.1234,8.18,498403860
222,82.6,498404796,23,3,005905.55-720916.6,14.773092,-72.154603,36,72,57674.5693,0,0.536,17.1813,0.0778,16.6327,0.1995,17.3531,0.0349,16.8063,0.112,15.8033,0.2254,17.0209,0.0357,16.0336,0.2503,15.4002,0.2752,16.6755,0.0657,15.6281,0.2374,15.0199,0.1491,16.4024,0.0585,15.5676,0.2491,15.121,0.2668,16.2319,0.0293,15.9516,0.2235,15.7376,0.6125,16.2145,0.0785,5.06,1610603180
223,82.68,1610600119,1,0,005847.07-721059.4,14.695747,-72.183339,36,36,58405.5583,0,0.646,,,,,,,,,,,,,,,,,,,,,,,,,18.6583,0.0755,18.642,0.0787,18.7444,0.0784,,,,,,,1.51,2714337665
224,82.97,498404797,0,17,005903.10-720916.3,14.762818,-72.154515,36,36,58405.5513,0,0.528,,,,,,,17.8732,,16.6957,,18.1569,,,,,,,,,,,,,,,,,,,,,,,,,,7.53,498404798
225,83.3,498403856,3,512,005914.17-721149.2,14.809242,-72.196963,92,89,56939.8796,0,0.705,,,,,,,,,,,,,,,,,,,18.1251,,22.363,,18.4259,,17.6372,0.0288,18.4296,0.1966,17.6735,0.0474,17.3202,0.0905,17.6156,0.2247,17.3025,0.0935,10.73,498403851
226,83.66,498404784,32,3,005913.93-720927.8,14.807923,-72.157674,79,116,57776.6522,0,0.931,14.7624,0.0587,14.6645,0.0158,14.9479,0.0183,14.7143,0.0472,14.6285,0.0173,14.9012,0.0168,15.2909,0.0432,15.3305,0.0739,15.4421,0.0574,15.1804,0.0679,15.0961,0.0748,15.3418,0.0229,15.7106,0.0694,15.5202,0.0612,15.8267,0.0323,15.7824,0.0716,15.493,0.0247,15.8636,0.0205,5.22,498404791
227,83.8,1610603080,2,3,005922.58-721032.5,14.844153,-72.175685,36,81,58609.0639,0,0.959,,,,,,,,,,,,,18.2507,0.0237,18.2172,0.0348,18.2486,0.0354,,,,,,,,,,,,,,,,,,,5.09,498404700
228,83.92,498402946,1,0,005857.14-720921.9,14.738102,-72.156105,36,36,56946.4729,0,0.489,,,,,,,,,,,,,,,,,,,,,,,,,18.2224,0.0556,18.2371,0.2115,18.2437,0.1648,,,,,,,7.19,498402950
229,84.05,498404729,31,2,005920.32-720957.8,14.834826,-72.166071,40,36,57756.2317,3,0.621,14.5973,0.0815,14.6223,0.0156,14.9518,0.0183,14.5828,0.0617,14.571,0.0209,14.8949,0.0168,14.6633,0.0976,14.5017,0.0161,15.0465,0.0177,14.9868,0.1019,14.8882,0.0508,15.3345,0.0192,15.3843,0.1026,15.3315,0.0759,15.7118,0.0184,15.7159,0.0947,15.6055,0.051,15.9437,0.0212,5.3,498404728
230,84.11,2714341223,3,3,005907.22-720915.8,14.780111,-72.154415,36,79,58405.5601,0,0.518,18.1501,0.0758,18.4182,0.3046,18.1632,0.09,17.9579,0.1117,18.1337,0.1876,17.9093,0.0991,,,,,,,,,,,,,,,,,,,,,,,,,2.48,498404799
231,84.53,498402024,16,3,005911.97-721156.1,14.799861,-72.19891,36,36,57178.461,0,0.952,16.595,0.0531,16.8819,0.0791,16.631,0.0713,16.7531,0.0318,17.1763,0.0753,16.7995,0.0403,16.8332,0.0304,17.2993,0.1325,16.8589,0.036,17.1005,0.0346,17.4954,0.1703,17.1797,0.0444,17.2247,0.0232,17.5006,0.0685,17.2906,0.0476,17.4147,0.0578,17.7554,0.2846,17.4406,0.0813,6.79,498403850
232,84.91,498404791,3,24,005915.16-720929.9,14.812393,-72.158154,440,369,56949.459,36,0.763,16.7934,,17.038,,16.7476,,16.9992,,17.2551,,17.0407,,,,,,,,,,,,,,17.6575,0.0333,17.6297,0.1895,17.5819,0.0917,17.3472,0.1026,17.5025,0.2001,17.2717,0.0901,5.22,498404784
233,84.94,498402802,3,0,005853.61-721147.9,14.723352,-72.196665,36,106,57432.8353,0,0.812,,,,,,,,,,,,,,,,,,,,,,,,,17.8047,0.1667,17.7724,0.1315,18.0114,0.1346,17.6463,0.03,17.7929,0.0951,17.7133,0.1142,4.06,498402801
234,85.11,498402912,30,3,005848.93-720952.0,14.703912,-72.164464,36,36,57730.9239,0,0.984,15.457,0.0195,15.4638,0.0624,15.4572,0.0215,15.5401,0.0209,15.594,0.0594,15.5415,0.0237,15.7922,0.0189,15.9201,0.041,15.7884,0.0171,16.0207,0.0188,16.1742,0.0428,16.0309,0.0226,16.3778,0.0186,16.5746,0.0499,16.4012,0.0233,16.5949,0.0152,16.7602,0.0673,16.6377,0.0233,6.85,1610600299
235,85.61,498404693,16,3,005921.80-721112.5,14.840517,-72.186315,36,49,57682.6783,1,0.981,16.4992,0.026,16.3764,0.0904,16.5,0.0254,16.4056,0.0218,16.3153,0.0573,16.4104,0.0218,16.3114,0.1252,15.9269,0.0355,16.4549,0.0297,16.3884,0.123,16.0923,0.0417,16.6305,0.0553,,,,,,,,,,,,,3.2,2714341069
236,85.7,498404799,13,3,005906.82-720913.4,14.778606,-72.153903,70,211,57275.3982,0,0.395,,,,,,,,,,,,,15.8229,0.3056,15.8075,0.0531,17.1137,0.0802,15.8636,0.1783,15.2989,0.1573,16.3036,0.028,15.2934,0.2224,14.561,0.3427,15.8749,0.0646,15.0672,0.2445,14.7446,0.1102,15.6738,0.0944,2.48,2714341223
237,85.84,498402950,15,3,005858.41-720917.8,14.743345,-72.154918,89,78,57530.5918,0,0.963,,,,,,,,,,,,,17.857,0.0789,18.5274,0.4779,18.0135,0.1184,17.0704,0.0364,17.2706,0.0923,17.1311,0.0489,16.5667,0.0223,16.6102,0.1296,16.5608,0.0253,16.319,0.0211,15.9794,0.1608,16.317,0.0203,7.19,498402946
238,86.1,498404786,15,1,005909.08-720915.5,14.78812,-72.154363,95,54,57690.946,0,0.946,17.1039,0.0243,17.166,0.0937,17.0984,0.0375,17.0769,0.037,17.1851,0.0839,17.0884,0.0493,17.2508,0.0806,16.6224,0.3842,17.2047,0.0449,17.4967,0.1126,17.3482,0.2247,17.4744,0.1077,17.7552,0.1124,17.8858,0.1627,17.7253,0.0815,,,,,,,7.68,498404805
239,86.65,498402017,8,0,005906.21-721205.2,14.775862,-72.201459,36,49,56951.1974,0,0.64,,,,,,,,,,,,,17.6349,0.2659,17.0098,0.1087,17.8427,0.1015,17.8887,0.0696,17.9143,0.1207,17.9602,0.0903,17.4373,0.1937,17.7189,0.0849,17.7424,0.0821,17.5526,0.0503,17.5521,0.1016,17.6489,0.0791,6.54,2714335833
240,86.7,498404798,10,19,005904.25-720909.6,14.768629,-72.153416,185,208,57366.1015,0,0.023,,,,,,,,,,,,,15.1404,,14.5304,,17.3976,,15.3317,0.3932,14.1081,0.4389,16.264,0.0365,14.872,0.2282,14.516,0.1996,15.7602,0.0204,14.6407,0.2326,14.0316,0.2368,15.5709,0.0262,4.02,1610603180
241,86.88,498404696,6,3,005922.22-721107.9,14.842668,-72.185563,80,36,56951.1157,0,0.937,,,,,,,,,,,,,,,,,,,17.2336,0.1886,17.3058,0.0767,17.4039,0.0809,16.9772,0.0257,17.1547,0.0672,16.9712,0.0461,16.7876,0.0228,16.8563,0.0753,16.8487,0.0419,3.25,2714341069
242,87.42,498404788,8,3,005913.27-720921.7,14.805311,-72.156018,40,36,56950.2003,0,0.814,,,,,,,,,,,,,16.5781,0.2153,16.1291,0.1604,16.8815,0.0419,17.0915,0.1826,16.7907,0.0725,17.1384,0.0672,17.2535,0.1163,16.5617,0.2155,17.1613,0.0918,16.8789,0.2809,16.8179,0.1244,17.2627,0.0662,4.97,498404787
243,87.5,1610603180,2,3,005905.20-720910.1,14.77222,-72.153223,627,1480,58506.1552,0,0.005,,,,,,,,,,,,,15.2069,0.42,14.099,0.0545,16.6863,0.0694,,,,,,,14.4216,0.3753,12.1854,0.0249,15.9429,0.0452,,,,,,,4.02,498404798
244,87.67,498402914,5,513,005849.81-720942.1,14.707558,-72.161791,105,190,57903.1399,0,0.973,,,,,,,17.7392,,,,17.7326,,17.672,0.0273,17.8846,0.0946,17.6864,0.0291,17.7774,0.0479,17.9988,0.188,17.8122,0.1133,18.317,0.0594,18.768,0.2205,18.4879,0.1279,18.3228,0.1344,18.1136,0.1809,18.4102,0.1024,10.36,498402936
245,87.86,498402801,9,0,005852.74-721148.5,14.719709,-72.19685,47,36,58170.3029,0,0.849,17.8455,0.0456,17.652,0.1245,17.8636,0.0419,17.6512,0.0498,17.3636,0.1115,17.6448,0.0327,17.6917,0.0997,17.7055,0.1108,17.8179,0.0942,17.5521,0.4158,17.6925,0.1283,17.9867,0.1288,,,,,,,,,,,,,2.35,1610600129
246,87.93,498404787,11,3,005912.34-720919.0,14.80149,-72.155285,59,82,57328.7679,0,0.958,,,,,,,,,,,,,,,,,,,17.2441,0.0362,17.2431,0.0817,17.2796,0.0536,16.7967,0.0466,16.5078,0.1373,16.8353,0.042,16.5931,0.0368,16.5994,0.0519,16.6563,0.0306,4.97,498404788
247,88.61,498402945,17,1,005853.74-720925.5,14.72372,-72.157025,114,36,57401.6557,0,0.677,17.2543,0.0319,16.5799,0.2039,17.2809,0.0475,17.1221,0.0752,16.9773,0.173,17.1585,0.0701,16.9006,0.191,16.0288,0.0791,17.0099,0.0553,17.2189,0.1003,16.6581,0.2021,17.2432,0.0698,17.4438,0.0746,17.4324,0.1933,17.3923,0.0541,17.4398,0.0645,17.525,0.1489,17.3654,0.0382,9.58,498402947
248,88.72,2714341069,13,3,005922.41-721111.1,14.843391,-72.186438,93,38,57761.8118,0,0.93,15.6515,0.2796,15.5494,0.0496,16.629,0.0587,15.5011,0.2873,15.4124,0.0443,16.4807,0.0551,,,,,,,,,,,,,15.8827,0.1181,15.7905,0.1039,16.2408,0.0743,15.6347,0.05,15.5121,0.0544,15.718,0.1085,3.04,498404694
249,89.02,498402936,10,3,005851.12-720934.1,14.713084,-72.159465,49,36,57697.1207,0,0.914,,,,,,,,,,,,,,,,,,,16.7834,0.069,17.0987,0.1118,16.7482,0.0544,16.2717,0.0325,16.3294,0.0268,16.2496,0.0231,16.0865,0.0268,16.1177,0.0481,16.0643,0.0213,5.99,498402937
250,89.14,1610600117,2,3,005846.39-721112.2,14.693278,-72.186756,56,47,58405.559,0,0.856,,,,,,,,,,,,,,,,,,,,,,,,,18.4998,0.0262,18.9663,0.1294,18.5031,0.0684,18.2474,0.115,18.1214,0.1156,18.3039,0.0945,5.32,1610600116
251,89.25,498404699,11,1,005923.75-721047.8,14.848922,-72.180008,36,45,58057.5985,0,0.961,17.9764,0.0757,18.1239,0.1182,18.0063,0.0794,17.6332,0.0294,17.5722,0.0402,17.6409,0.0344,17.6132,0.0408,17.4716,0.1035,17.6478,0.0295,17.7496,0.076,17.9119,0.1247,17.7455,0.0944,,,,,,,,,,,,,9.51,2714341083
252,89.33,498403860,7,513,005918.07-721142.4,14.82546,-72.195117,36,36,56950.8726,0,0.837,16.7947,0.0489,17.1633,0.1353,16.8061,0.0671,16.7492,0.0505,17.5446,0.2348,16.7358,0.064,16.7856,,,,16.7832,,17.0291,0.0359,18.3948,0.6485,17.0553,0.0659,17.4367,0.0317,17.7785,0.1356,17.4846,0.071,17.6252,0.0529,17.9023,0.2223,17.7451,0.1487,8.18,498403858
253,89.34,498402953,23,3,005900.81-720911.3,14.75301,-72.15313,121,48,57942.7824,0,0.918,17.4887,0.0193,17.8219,0.1019,17.4847,0.0307,17.4089,0.0209,17.8559,0.0513,17.405,0.0282,17.1317,0.055,17.2352,0.3393,17.1359,0.0427,16.9505,0.0952,16.586,0.301,17.043,0.0408,16.7539,0.0961,16.2518,0.1491,16.9189,0.038,16.3592,0.2168,15.6774,0.1659,16.799,0.0598,9.41,498402951
254,89.69,498403864,5,1,005920.02-721132.3,14.833761,-72.192331,36,36,56948.6575,0,0.539,,,,,,,,,,,,,,,,,,,,,,,,,17.6637,0.1864,17.0143,0.1641,17.8827,0.0782,17.4676,0.1821,17.5298,0.1469,17.6352,0.2198,5.67,498403866
255,89.84,498403850,10,3,005913.27-721159.0,14.805413,-72.19973,38,36,56950.4487,0,0.972,,,,,,,16.2878,0.0736,16.3697,0.0972,16.2605,0.0655,16.6223,0.0931,16.6409,0.2406,16.5899,0.0884,16.9487,0.0393,17.1269,0.096,16.9645,0.061,17.1843,0.0296,17.1285,0.0628,17.1811,0.0441,17.4287,0.031,17.7502,0.1467,17.4324,0.0659,5.71,498403851
256,89.93,498402011,16,0,005902.29-721208.5,14.759495,-72.202333,36,36,58099.1374,0,0.937,17.6444,0.0377,17.9903,0.1501,17.6537,0.0349,17.3985,0.0228,17.6648,0.0547,17.4031,0.0282,17.4647,0.0599,17.7148,0.1496,17.5538,0.0654,17.5675,0.0724,17.4586,0.176,17.5882,0.1505,17.8744,0.0954,17.8803,0.1238,17.9715,0.0508,18.0021,0.1912,17.9261,0.1129,18.2619,0.092,6.26,1610598480
257,90.01,1610600129,2,3,005852.61-721150.9,14.719227,-72.197487,189,89,58407.6237,0,0.243,,,,,,,,,,,,,16.371,0.3757,16.749,0.0305,17.7393,0.0482,,,,,,,16.0959,0.3648,16.2333,0.0321,17.268,0.0473,,,,,,,2.35,498402801
258,90.02,1610600288,1,0,005845.77-721010.9,14.690705,-72.16972,36,36,58405.5583,0,0.148,,,,,,,,,,,,,,,,,,,,,,,,,18.2675,0.1166,18.344,0.0791,18.2332,0.0602,,,,,,,6.53,2714337851
259,90.06,2714337851,1,0,005845.36-721017.2,14.689032,-72.17146,36,36,58405.5583,0,0.488,,,,,,,,,,,,,,,,,,,,,,,,,19.0097,0.0539,19.3327,0.1315,19.0774,0.0977,,,,,,,6.19,498402878
260,90.22,1610600299,1,1027,005847.47-720953.2,14.697792,-72.164791,36,91,58405.5583,0,0.973,,,,,,,,,,,,,17.84,,18.1246,,17.8326,,,,,,,,18.5223,0.038,18.9476,0.1155,18.5679,0.0708,,,,,,,6.85,498402912
261,90.39,2714341225,1,19,005906.51-720909.1,14.777134,-72.152538,183,160,59424.7155,0,0.029,,,,,,,,,,,,,14.6225,,10.5533,,17.4572,,,,,,,,,,,,,,14.4054,0.4282,13.5043,0.0398,15.9209,0.0595,5.18,498404799
262,90.45,1610600086,1,2,005846.64-721118.0,14.694298,-72.188364,36,36,58405.5583,0,0.155,,,,,,,,,,,,,,,,,,,,,,,,,18.1945,0.2655,18.0286,0.0799,18.4827,0.0677,,,,,,,5.9,1610600117
263,90.58,1610600127,1,0,005844.71-721033.2,14.686287,-72.175937,36,36,58405.5597,0,0.492,,,,,,,,,,,,,,,,,,,,,,,,,,,,,,,18.3823,0.0716,18.7919,0.2429,18.4175,0.1023,5.82,498402876
264,90.77,2714341226,3,515,005904.75-720908.2,14.769824,-72.152291,664,608,57420.4824,0,0.006,,,,,,,,,,,,,14.8989,0.5243,14.9859,0.075,17.3074,0.0672,14.8514,0.3503,14.6385,0.1254,16.4252,0.0366,14.8054,,,,16.2511,,,,,,,,4.26,498404798
265,90.94,498402797,14,0,005844.70-721045.9,14.686041,-72.179446,358,61,57596.284,0,0.971,,,,,,,,,,,,,18.1296,0.0821,18.6884,0.0637,18.1853,0.0322,17.4633,0.0587,17.329,0.0822,17.5146,0.0631,17.0697,0.0202,17.1096,0.0439,17.0626,0.0288,16.8283,0.0236,16.9032,0.0573,16.8395,0.0301,11.63,1610600124
266,91.47,498402803,9,3,005850.13-721143.0,14.708971,-72.19527,36,46,57142.8143,0,0.902,,,,,,,,,,,,,,,,,,,17.5842,0.0515,17.683,0.1372,17.5533,0.065,17.1699,0.0333,17.3132,0.072,17.1268,0.0462,17.046,0.0369,17.1247,0.0651,17.0146,0.0506,5.42,498402800
267,91.55,498404694,26,3,005923.09-721111.1,14.846155,-72.186422,36,36,57701.1893,0,0.982,16.303,0.0287,16.3738,0.0368,16.3378,0.0274,16.1704,0.0175,16.2065,0.0635,16.1794,0.0209,16.2491,0.029,16.176,0.0505,16.2695,0.0329,16.4321,0.0255,16.3648,0.0675,16.4488,0.0265,16.6509,0.0294,16.6271,0.0577,16.6421,0.0282,16.7867,0.0333,16.8499,0.0583,16.8071,0.0561,3.04,2714341069
268,91.71,498404805,5,1,005908.29-720909.2,14.784626,-72.152519,36,36,56952.0442,0,0.644,,,,,,,,,,,,,,,,,,,17.6106,0.3256,18.4974,0.6101,17.9398,0.128,17.5364,0.2105,17.577,0.2979,17.5419,0.1071,17.5803,0.0432,17.5894,0.1904,17.4408,0.0891,7.68,498404786
269,91.75,498402937,2,0,005851.57-720928.3,14.715064,-72.157917,71,44,56950.9519,0,0.504,,,,,,,,,,,,,,,,,,,,,,,,,17.9381,0.1283,17.6957,0.1259,18.0617,0.1068,,,,,,,5.99,498402936
270,91.81,2714341074,1,0,005923.92-721058.9,14.849683,-72.183035,36,36,58808.4388,0,0.515,,,,,,,,,,,,,19.1991,0.061,19.8018,0.1161,19.378,0.0768,,,,,,,,,,,,,,,,,,,10.93,498404699
271,91.89,498402010,34,3,005858.54-721206.8,14.743885,-72.201904,36,36,57874.4902,0,0.983,15.7308,0.0149,15.7289,0.0161,15.7225,0.0178,15.8045,0.0145,15.8156,0.0157,15.7926,0.0175,16.0487,0.0166,15.4815,0.1751,16.1097,0.0334,16.3702,0.0355,16.506,0.0735,16.3814,0.0386,16.7292,0.018,16.9485,0.0248,16.7431,0.0249,16.957,0.031,17.2383,0.101,17.0027,0.0533,10.04,498402007
272,92.01,1610603163,1,3,005920.78-720946.1,14.83665,-72.162815,36,36,58409.689,0,0.029,,,,,,,,,,,,,16.1824,0.516,13.1149,0.02,18.0783,0.0504,,,,,,,,,,,,,,,,,,,10.68,498404790
273,92.08,498402007,7,3,005856.41-721204.0,14.735263,-72.200994,114,380,57612.9536,0,0.794,,,,,,,,,,,,,,,,,,,,,,,,,17.2424,0.1726,16.9283,0.1435,17.3945,0.0968,17.1321,0.1187,17.0807,0.1277,17.2688,0.0596,10.04,498402010
274,92.38,498402799,12,3,005852.32-721152.8,14.717941,-72.198015,36,65,57216.1477,0,0.899,,,,,,,,,,,,,17.8285,0.1634,17.2305,0.1242,17.717,0.1565,17.3744,0.0773,17.1295,0.0732,17.4202,0.0592,17.0454,0.0506,16.8359,0.0543,17.0391,0.04,16.8332,0.0349,16.5048,0.1163,16.8399,0.035,2.37,1610600129
275,92.41,498402769,9,0,005847.41-721128.2,14.697595,-72.191302,36,69,57694.4738,0,0.969,,,,,,,,,,,,,18.4988,0.031,18.4652,0.0836,18.4681,0.0349,,,,,,,17.7369,0.0215,17.8086,0.0466,17.6985,0.042,17.6164,0.03,17.974,0.0893,17.6481,0.0538,9.26,1610600083
276,92.43,498402800,20,3,005850.85-721147.5,14.711849,-72.196491,69,137,57668.8929,0,0.979,,,,,,,,,,,,,17.304,0.0442,17.1576,0.0878,17.3942,0.0342,16.6372,0.0204,16.6276,0.0556,16.6476,0.0293,16.138,0.0184,15.9799,0.0823,16.1757,0.0212,15.9074,0.0137,15.7839,0.0719,15.9416,0.0185,5.42,498402803
277,92.86,2714341083,1,1,005924.62-721039.4,14.852612,-72.177619,36,36,58808.4388,0,0.372,,,,,,,,,,,,,18.7293,0.2902,18.5602,0.0712,19.1555,0.0659,,,,,,,,,,,,,,,,,,,7.68,498404701
278,92.95,1610600083,0,1024,005848.47-721136.6,14.702052,-72.193483,36,50,58609.0639,0,0.525,,,,,,,,,,,,,18.7857,,18.982,,18.7808,,,,,,,,,,,,,,,,,,,,9.26,498402769
279,93.14,498403851,29,3,005914.54-721159.7,14.81057,-72.199916,59,36,57711.4505,0,0.981,14.5452,0.0923,14.3794,0.0281,14.9599,0.1006,14.6867,0.0239,14.5433,0.0572,14.7734,0.0627,14.8856,0.0152,14.8625,0.0457,14.9031,0.0174,15.1501,0.0199,15.0854,0.0545,15.1744,0.0187,15.4708,0.0147,15.4721,0.0269,15.4744,0.0174,15.7333,0.0169,15.7917,0.0237,15.7405,0.0197,3.87,2714339483
280,93.18,2714335833,1,1555,005906.29-721211.7,14.776223,-72.203271,96,231,58405.5569,0,0.849,,,,,,,18.3472,0.0718,18.6037,0.2042,18.405,0.0889,18.3899,,,,18.381,,,,,,,,,,,,,,,,,,,,6.54,498402017
281,93.2,498404789,12,3,005918.74-720932.8,14.827992,-72.159156,61,49,57996.9983,0,0.654,17.417,0.0811,16.9889,0.1727,17.5369,0.0422,17.1683,0.1072,16.4418,0.1734,17.4702,0.0328,16.9646,0.1937,15.996,0.1687,17.2348,0.0453,17.5459,0.1626,16.7113,0.3414,17.5034,0.1179,17.7182,0.3314,17.3335,0.1298,17.9584,0.1294,,,,,,,6.46,498404792
282,93.44,498402877,34,3,005844.23-721025.9,14.684355,-72.173898,36,36,57829.5535,0,0.982,15.8318,0.0149,15.7157,0.0327,15.842,0.0181,15.8399,0.0158,15.6509,0.0276,15.854,0.0177,16.1256,0.0273,15.8247,0.0933,16.1159,0.023,16.4243,0.0339,16.3229,0.076,16.4315,0.0284,16.8919,0.0401,16.4368,0.1935,16.8688,0.0308,17.1328,0.0369,16.7168,0.2017,17.1718,0.0341,7.34,498402878
283,93.45,498404730,23,3,005922.79-720959.1,14.844849,-72.166319,52,103,57772.8276,0,0.91,18.1301,0.0723,18.6505,0.3147,18.1537,0.0886,17.0151,0.0241,17.1699,0.0538,17.0157,0.0273,16.5324,0.0325,16.4772,0.0811,16.5248,0.0312,16.6987,0.0247,16.71,0.1527,16.6723,0.0362,16.8254,0.0451,16.8138,0.0875,16.7828,0.0308,16.7185,0.0604,16.6767,0.0873,16.7398,0.0294,11.09,498404729
284,94.32,1610598497,1,0,005908.57-721211.4,14.786101,-72.20313,36,36,58405.5569,0,0.543,,,,,,,18.3677,0.0651,20.6638,0.9821,18.4328,0.091,,,,,,,,,,,,,,,,,,,,,,,,,8.49,498402016
285,94.37,1610600116,1,1,005845.43-721115.1,14.689225,-72.187561,36,36,58405.5583,0,0.1,,,,,,,,,,,,,,,,,,,,,,,,,18.6645,0.2184,18.2858,0.0786,18.7748,0.08,,,,,,,5.32,1610600117
286,94.39,498403852,8,1,005917.03-721153.4,14.820996,-72.198186,42,52,57411.5984,0,0.616,17.2213,0.0355,17.4044,0.1456,17.2512,0.0347,17.1955,0.2274,17.3293,0.1544,17.4005,0.1385,17.3045,0.1535,17.9064,0.3624,17.3807,0.0695,17.6359,0.081,17.8571,0.1268,17.7726,0.11,17.7953,0.2179,17.8627,0.1425,17.9831,0.1321,,,,,,,9.7,2714339483
287,94.49,498403866,14,19,005921.33-721132.7,14.838901,-72.192424,36,36,57151.0396,0,0.879,16.6451,0.1419,16.2012,0.5119,16.7675,0.0871,16.5143,0.0691,16.0118,0.2027,16.553,0.0469,15.5357,,15.3324,,16.3296,,16.4306,0.1944,15.4393,0.2841,16.739,0.0427,17.3165,0.0311,17.115,0.1399,17.3402,0.0516,17.4451,0.047,17.6556,0.1354,17.4982,0.0706,5.67,498403864
288,94.6,498402947,13,3,005854.49-720916.3,14.726697,-72.154524,217,88,57730.4295,0,0.879,17.1376,0.0302,17.2481,0.1345,17.1761,0.0429,17.1147,0.0853,17.7111,0.2001,17.1394,0.1139,17.1434,0.0809,16.7506,0.1195,17.1832,0.061,17.5139,0.0542,17.5532,0.1031,17.5656,0.0813,17.8512,0.1091,18.0418,0.1436,18.0625,0.1068,18.0134,0.1527,17.4053,0.1352,18.0583,0.0812,4.83,498402948
289,94.61,498402948,2,1,005855.32-720914.1,14.730574,-72.1539,38,48,57680.4953,0,0.513,,,,,,,,,,,,,,,,,,,,,,,,,17.9951,0.0711,18.4025,0.3559,17.9617,0.1505,18.4628,0.0484,18.5239,0.219,18.5355,0.1119,4.83,498402947
290,94.95,498403863,8,0,005920.62-721137.9,14.835938,-72.193865,36,114,57301.9806,0,0.843,,,,,,,,,,,,,,,,,,,,,,,,,17.1231,0.0414,16.5524,0.19,17.0847,0.0416,16.9691,0.0489,16.5284,0.1058,16.9535,0.0406,5.37,498403862
291,94.95,2714339483,0,25,005915.37-721159.4,14.81408,-72.199858,155,188,59195.5739,33,0.795,16.6549,,16.5763,,16.6283,,17.3339,,17.3962,,17.413,,,,,,,,,,,,,,,,,,,,,,,,,,3.87,498403851
292,95.05,498402935,28,3,005850.09-720930.4,14.708724,-72.158425,44,54,57772.2125,3,0.982,17.0126,0.0339,16.5508,0.1219,17.0373,0.0365,15.9258,0.0255,15.745,0.077,15.9304,0.0263,15.3813,0.0285,15.1551,0.0918,15.4128,0.0224,15.4462,0.0278,15.2205,0.1313,15.4711,0.0286,15.5039,0.0146,15.4499,0.0385,15.5258,0.0256,15.4705,0.0137,15.4089,0.0472,15.5081,0.0375,6.09,498402936
293,95.11,1610598480,1,1,005901.37-721213.0,14.755727,-72.203636,36,36,58405.5583,0,0.282,,,,,,,,,,,,,,,,,,,,,,,,,18.7474,0.1265,19.135,0.2026,18.7503,0.0789,,,,,,,6.26,498402011
294,95.36,498402019,6,3,005912.18-721207.3,14.800825,-72.202055,36,48,56951.1157,0,0.935,,,,,,,,,,,,,,,,,,,16.8574,0.0587,17.1065,0.0905,16.8207,0.0557,16.8942,0.0512,16.7626,0.084,16.8679,0.0433,16.9526,0.0445,16.9456,0.1091,16.914,0.0457,3.38,498402018
295,95.57,498402878,1,0,005844.02-721018.4,14.683583,-72.171872,36,36,58405.5583,0,0.735,,,,,,,,,,,,,,,,,,,,,,,,,18.5898,0.0386,18.9154,0.1121,18.6465,0.0738,,,,,,,6.19,2714337851
296,95.69,498404803,31,3,005906.89-720904.2,14.778492,-72.151103,94,57,57756.2317,0,0.871,16.6347,0.0356,16.4823,0.0533,16.6797,0.0357,16.4545,0.0375,16.0701,0.0914,16.5205,0.0219,16.1471,0.0525,15.3081,0.2049,16.157,0.031,15.7008,0.0771,15.0791,0.0741,15.8393,0.0215,15.2193,0.1096,15.0119,0.1185,15.5194,0.0176,15.1446,0.0935,14.9017,0.0748,15.3572,0.0179,5.38,2714341225
297,95.95,1610600298,1,0,005845.23-721000.5,14.688515,-72.166863,36,36,58405.5583,0,0.517,,,,,,,,,,,,,,,,,,,,,,,,,18.8468,0.1092,18.6369,0.0942,18.8797,0.0854,,,,,,,9.37,498402883
298,96.34,498402949,1,3,005856.85-720909.1,14.73682,-72.15254,36,36,56946.4733,0,0.62,,,,,,,,,,,,,,,,,,,,,,,,,,,,,,,17.4405,0.1913,17.3364,0.2196,17.3783,0.0987,4.28,498402956
299,96.38,498402876,5,1,005843.47-721032.3,14.681071,-72.175682,36,48,57877.5578,0,0.945,,,,,,,,,,,,,,,,,,,,,,,,,17.9099,0.0558,17.7413,0.1546,17.8973,0.1008,17.6209,0.0312,17.6871,0.0926,17.6491,0.0501,5.82,1610600127
300,97.14,498404801,9,1,005902.94-720902.1,14.76219,-72.150581,36,52,58096.0664,0,0.92,17.7017,0.0692,18.0055,0.1119,17.726,0.0442,17.5778,0.0437,17.4054,0.1625,17.5851,0.0342,17.4226,0.1511,17.1199,0.2595,17.5363,0.0961,,,,,,,,,,,,,,,,,,,4.95,498404808
301,98.03,1610603170,1,0,005915.77-720914.4,14.814825,-72.154289,36,101,58405.5569,0,0.652,,,,,,,18.2964,0.058,19.4109,0.3113,18.3313,0.0841,18.5159,,19.6525,,18.5691,,,,,,,,,,,,,,,,,,,,6.83,2714341213
302,98.08,498402954,7,513,005901.39-720901.9,14.755931,-72.150521,79,55,57399.0786,0,0.795,,,,,,,,,,,,,17.9793,,18.4042,,17.9503,,17.8107,0.1148,17.9311,0.1862,17.7683,0.1093,17.3423,0.0456,17.6626,0.1349,17.2899,0.0436,17.2178,0.0687,17.6605,0.2157,17.1208,0.0836,6.91,498404801
303,98.37,498402018,31,3,005912.12-721211.1,14.800518,-72.202989,36,77,57756.2317,1,0.976,15.9151,0.0588,15.9551,0.058,16.0555,0.0383,15.7638,0.0414,15.8135,0.025,15.8848,0.0233,15.6877,0.067,15.7015,0.0682,15.848,0.0287,15.909,0.0495,15.8802,0.0763,15.8848,0.0346,16.0089,0.0438,15.9251,0.0762,16.0027,0.0326,16.1858,0.0307,16.1766,0.0952,16.1752,0.0337,3.38,498402019
304,98.46,498402009,33,3,005853.93-721204.8,14.724616,-72.201358,53,51,57823.4679,9,0.998,17.0542,0.0253,17.312,0.0692,17.0678,0.0244,16.7647,0.0229,16.9004,0.0286,16.7646,0.0242,13.8051,0.0159,13.7067,0.074,13.8405,0.0361,12.9392,0.0159,12.9555,0.0176,12.9369,0.0187,12.3479,0.0126,12.3419,0.0142,12.345,0.0151,12.0809,0.0119,12.0752,0.0133,12.076,0.0142,9.0,498402008
305,98.48,498402939,6,3,005851.34-720920.7,14.714057,-72.155773,250,98,56949.7861,0,0.496,,,,,,,,,,,,,16.1462,0.476,15.9038,0.0901,17.1497,0.06,16.9841,0.2708,16.3755,0.0856,17.4817,0.0633,17.6153,0.2548,17.3839,0.1825,17.8969,0.0929,17.1117,0.5219,17.3297,0.1296,17.8984,0.1526,2.05,2714337901
306,98.7,2714339507,2,0,005923.43-721124.9,14.847636,-72.190263,36,57,57810.1523,0,0.593,,,,,,,,,,,,,,,,,,,,,,,,,17.8884,0.1802,17.3277,0.0777,18.0742,0.0697,,,,,,,1.83,2714339508
307,98.73,2714337901,6,3,005850.99-720921.8,14.712466,-72.156068,306,376,58052.5121,0,0.51,16.4752,0.384,16.7545,0.1414,17.4917,0.0635,16.271,0.3723,16.0906,0.1216,17.1664,0.0691,,,,,,,16.8237,0.4698,16.5037,0.1115,17.6957,0.1038,16.9351,0.5374,16.2106,0.6324,17.7159,0.0695,16.6102,0.3854,16.2038,0.0615,17.662,0.0659,2.05,498402939
308,98.79,498404806,26,0,005911.62-720905.8,14.798296,-72.151637,36,49,57647.4195,0,0.969,16.6345,0.0234,16.6925,0.029,16.6536,0.0287,16.4424,0.0205,16.5438,0.0748,16.454,0.0256,16.5541,0.0436,16.4234,0.0731,16.5604,0.0263,16.8373,0.0406,16.855,0.1264,16.8529,0.0505,17.1566,0.0369,17.44,0.0985,17.185,0.0659,17.3066,0.0405,17.3225,0.0851,17.3169,0.0664,10.64,498404807
309,98.92,2714339509,1,0,005923.91-721120.9,14.849665,-72.189152,36,36,56936.5814,0,0.483,,,,,,,,,,,,,,,,,,,,,,,,,18.423,0.0464,19.4549,0.4228,18.5554,0.1354,,,,,,,3.1,2714339508
310,99.21,1610600118,2,2,005843.20-721101.7,14.680752,-72.183912,353,393,58609.0639,0,0.853,,,,,,,,,,,,,18.8597,0.0284,18.974,0.134,18.9633,0.1464,,,,,,,,,,,,,,,,,,,9.79,498402794
311,99.39,498404792,12,3,005919.36-720927.4,14.830697,-72.157564,37,112,57189.0507,0,0.653,,,,,,,17.5969,0.275,16.9465,0.0972,18.0779,0.075,16.9111,0.2556,16.5562,0.0819,17.4238,0.0515,16.8392,0.236,16.4793,0.0661,17.2207,0.0516,16.9488,0.1132,16.4041,0.134,17.145,0.0386,16.6559,0.2324,16.4165,0.1292,17.1221,0.0586,6.46,498404789
312,99.61,2714339508,4,0,005923.76-721123.9,14.849033,-72.18999,51,93,58603.2958,0,0.598,16.8481,0.2629,16.6772,0.1222,17.7364,0.0481,16.9568,0.2117,16.9186,0.0826,17.6266,0.0481,,,,,,,,,,,,,,,,,,,,,,,,,1.83,2714339507
313,99.86,498402958,17,3,005858.72-720902.4,14.744685,-72.150724,36,36,57544.9938,0,0.946,,,,,,,,,,,,,17.5262,0.0942,17.4712,0.2359,17.5919,0.0579,17.0748,0.0529,16.9793,0.0767,17.1213,0.0426,16.6838,0.0384,16.4374,0.1292,16.7064,0.0275,16.5649,0.0288,16.344,0.0755,16.5391,0.0224,10.87,498402949
314,99.91,2714341208,1,1,005920.50-720931.8,14.835424,-72.158842,36,36,56936.5814,0,0.405,,,,,,,,,,,,,,,,,,,,,,,,,18.128,0.0833,18.4413,0.2181,18.0681,0.0893,,,,,,,6.95,498404792
315,99.97,498404701,10,3,005926.16-721042.2,14.859007,-72.17847,125,204,57455.6002,0,0.805,,,,,,,,,,,,,17.6374,0.1989,17.125,0.5338,18.0929,0.0887,17.748,0.0902,17.7838,0.1248,17.7364,0.1049,17.4134,0.045,17.5145,0.0746,17.462,0.054,17.3652,0.0537,17.3117,0.0979,17.2895,0.0466,7.68,2714341083
316,100.24,498404804,1,3,005904.55-720858.6,14.769668,-72.149658,36,36,56955.4312,0,0.073,,,,,,,,,,,,,,,,,,,,,,,,,,,,,,,16.6631,0.3934,16.3732,0.1669,17.1527,0.1046,2.79,2714341228
317,100.27,2714341228,2,515,005904.11-720858.7,14.767142,-72.14965,92,391,56950.9517,0,0.003,,,,,,,,,,,,,,,,,,,15.7439,0.5225,15.6712,0.1265,17.4727,0.0882,14.5152,0.5839,14.3,0.063,16.8975,0.0605,14.7406,,,,16.8961,,2.78,498404808
318,100.3,498403862,1,1,005921.57-721140.8,14.839996,-72.194692,36,36,56955.4305,0,0.54,,,,,,,,,,,,,,,,,,,17.7364,0.2741,17.8715,0.2437,17.9005,0.1226,,,,,,,,,,,,,5.37,498403863
319,100.37,498402016,7,0,005907.63-721218.1,14.781748,-72.205076,72,59,58104.2287,0,0.829,18.1164,0.0528,18.9102,0.1728,18.1839,0.0631,17.991,0.0344,18.7469,0.1054,18.008,0.0452,17.9784,0.0545,18.4676,0.3074,18.0433,0.1194,17.9533,0.0372,18.3734,0.2185,18.0239,0.1336,,,,,,,,,,,,,8.49,1610598497
320,100.46,498402014,30,0,005904.81-721219.4,14.770088,-72.205401,59,36,57738.1822,0,0.831,15.9189,0.0487,16.029,0.0473,16.0249,0.0204,15.7889,0.037,15.8556,0.0326,15.8821,0.0189,15.9347,0.0467,15.9248,0.0263,15.9728,0.0211,16.1759,0.0607,16.1892,0.0356,16.2122,0.031,16.4223,0.0602,16.5811,0.0481,16.5013,0.0246,16.7131,0.0621,16.8443,0.099,16.7019,0.034,8.22,1610598490
321,100.48,498402956,10,3,005856.27-720905.7,14.734519,-72.151582,36,49,57410.1997,0,0.958,,,,,,,,,,,,,,,,,,,16.538,0.3779,16.1048,0.1049,17.001,0.0624,16.6512,0.1342,16.2334,0.0579,16.8093,0.0446,16.4645,0.0845,16.1172,0.0726,16.6248,0.0323,4.28,498402949
322,100.93,498403861,16,1,005920.49-721147.7,14.835407,-72.196605,36,36,57407.1852,0,0.979,,,,,,,,,,,,,17.5054,0.0306,17.2173,0.1745,17.4959,0.0547,16.68,0.0243,16.7349,0.1186,16.6887,0.034,16.2126,0.0177,16.1793,0.0489,16.2074,0.0214,16.0067,0.0334,16.06,0.0459,15.9939,0.0327,7.96,2714339488
323,101.08,498404808,1,3,005903.53-720857.7,14.764712,-72.149444,36,36,56955.4312,0,0.085,,,,,,,,,,,,,,,,,,,,,,,,,,,,,,,16.674,0.2885,17.3739,0.4688,16.9162,0.0868,2.78,2714341228
324,101.5,498402955,26,3,005855.30-720906.5,14.730142,-72.151847,36,36,57618.8688,0,0.983,14.8694,0.0152,14.8459,0.0165,14.8735,0.0189,14.9953,0.02,14.9831,0.0362,14.9989,0.0236,15.311,0.0264,15.0815,0.0734,15.3232,0.0202,15.6426,0.0243,15.498,0.1071,15.6891,0.0328,16.0821,0.0185,16.0216,0.1343,16.1039,0.0289,16.334,0.0203,16.2319,0.0994,16.357,0.0205,4.92,498402956
325,101.75,2714337628,12,3,005844.35-721122.5,14.68483,-72.189589,52,177,58238.6848,0,0.698,17.1093,0.0684,16.8016,0.0769,17.1299,0.0253,16.7993,0.0866,16.6165,0.062,17.0796,0.0311,16.4857,0.329,16.258,0.0663,16.9432,0.0532,,,,,,,,,,,,,,,,,,,1.05,498402770
326,101.97,498402770,19,3,005844.41-721124.0,14.68506,-72.189872,46,488,57704.1724,0,0.968,,,,,,,,,,,,,16.7488,0.118,16.4635,0.1713,16.8603,0.0588,16.4799,0.0491,16.294,0.0436,16.5093,0.0279,16.1271,0.0308,15.8548,0.0458,16.1223,0.0187,15.9721,0.0185,15.8337,0.054,15.9529,0.0176,1.05,2714337628
327,102.0,2714341213,1,0,005917.04-720915.1,14.821013,-72.154208,36,36,56946.4733,0,0.482,,,,,,,,,,,,,,,,,,,,,,,,,,,,,,,17.7049,0.1886,17.7916,0.1373,17.7669,0.1354,6.83,1610603170
328,102.15,1610600124,1,0,005842.28-721050.0,14.676164,-72.180586,36,36,58405.5583,0,0.707,,,,,,,,,,,,,,,,,,,,,,,,,18.5331,0.026,18.8322,0.1132,18.5279,0.0693,,,,,,,8.1,498402794
329,102.2,498404695,16,0,005925.58-721109.9,14.856773,-72.186075,110,46,57698.4111,0,0.978,,,,,,,,,,,,,17.7581,0.031,17.9074,0.0809,17.7494,0.0295,17.174,0.0764,17.2495,0.1289,17.1755,0.0726,16.615,0.0271,16.6196,0.0625,16.6059,0.0289,16.4255,0.0187,16.6035,0.0505,16.4528,0.0235,10.51,1610603048
330,102.31,498402766,9,3,005846.93-721142.7,14.695562,-72.195163,75,100,57510.7157,0,0.743,,,,,,,,,,,,,17.913,0.1676,17.5873,0.0374,18.0229,0.0392,,,,,,,17.5323,0.0707,17.4388,0.0745,17.5167,0.0563,17.3933,0.0369,17.1964,0.1147,17.3718,0.0379,7.45,498402768
331,102.35,498402875,37,3,005842.32-721024.3,14.676408,-72.173435,36,36,57853.8925,8,0.984,16.9166,0.0177,16.9068,0.0626,16.9261,0.0244,16.5569,0.0159,16.515,0.0274,16.5671,0.021,15.2858,0.014,15.2806,0.0333,15.2948,0.0168,14.9453,0.0145,14.9268,0.0242,14.9486,0.0182,14.7323,0.0124,14.7145,0.0146,14.7391,0.0149,14.6619,0.0115,14.6653,0.0127,14.6658,0.0142,8.92,498402877
332,102.62,498404790,18,1,005922.52-720938.9,14.843854,-72.160834,36,63,57687.6432,0,0.977,,,,,,,,,,,,,17.0825,0.0301,16.9847,0.0469,17.1036,0.0258,16.5252,0.0287,16.573,0.0567,16.5341,0.0293,16.1709,0.0185,16.2132,0.0461,16.1777,0.0211,16.0225,0.0169,16.0891,0.0344,16.0246,0.0216,10.68,1610603163
333,102.66,498402768,38,3,005845.91-721136.7,14.6913,-72.193554,36,36,57893.8751,3,0.984,15.1551,0.0136,15.1562,0.0143,15.1573,0.0171,15.2086,0.0148,15.1716,0.0139,15.232,0.0164,15.4828,0.016,15.4156,0.0158,15.4993,0.0154,15.7946,0.0235,15.7537,0.0237,15.8082,0.0212,16.2275,0.0213,15.9577,0.0871,16.2385,0.0327,16.4863,0.0189,16.4084,0.0564,16.4834,0.0218,7.45,498402766
334,102.83,498402005,5,1,005900.71-721220.2,14.753011,-72.205678,36,78,58113.9366,0,0.668,,,,,,,18.3078,0.0586,18.5245,0.2125,18.3394,0.0645,18.0927,0.0864,18.4636,0.2447,18.1517,0.1252,,,,,,,18.8757,0.0372,19.5586,0.2371,18.8995,0.0869,,,,,,,6.54,1610598478
335,103.16,1610600319,3,0,005845.87-720940.6,14.691072,-72.161329,189,154,58539.8523,0,0.563,,,,,,,,,,,,,18.8601,0.0544,18.8221,0.0569,18.8622,0.0545,,,,,,,18.2026,0.1451,17.582,0.0582,18.2348,0.0604,18.092,0.0495,18.3513,0.1552,18.1253,0.084,14.48,498402932
336,104.43,498404807,2,512,005910.00-720857.9,14.79196,-72.149408,384,127,56946.0073,0,0.507,,,,,,,,,,,,,,,,,,,17.6184,0.2713,17.5812,0.2443,17.7852,0.1116,17.3143,0.2861,20.9841,3.9838,17.6957,0.0702,17.8798,,18.9211,,17.956,,3.4,2714341234
337,104.64,498403870,8,1,005923.24-721137.9,14.84683,-72.193876,65,53,57591.3911,0,0.903,,,,,,,17.549,0.0351,17.2456,0.1795,17.552,0.0367,17.4966,0.0314,17.5855,0.2267,17.4885,0.0745,17.8022,0.0274,18.09,0.1744,17.809,0.0799,18.1314,0.0735,19.2846,0.3681,18.2651,0.0848,,,,,,,8.08,498403862
338,104.72,498402883,6,3,005843.21-721000.1,14.680024,-72.166766,44,57,58230.3748,0,0.957,,,,,,,17.9431,0.0744,17.8232,0.0539,17.9953,0.0512,17.8677,0.0723,17.2295,0.1182,17.9357,0.0291,,,,,,,18.5554,0.0886,18.5943,0.0861,18.6249,0.073,,,,,,,7.6,498402882
339,104.81,498404731,5,17,005926.01-721005.4,14.858457,-72.168211,40,69,56950.4485,0,0.871,,,,,,,17.1756,,17.1605,,17.1809,,17.3729,0.0344,17.4734,0.0845,17.3783,0.0496,17.6506,0.0479,17.9533,0.1515,17.6611,0.0714,17.942,0.0413,18.1222,0.1668,17.9827,0.1318,,,,,,,10.29,2714341113
340,104.85,498401975,3,0,005850.76-721203.2,14.711679,-72.200907,36,36,56949.459,0,0.645,,,,,,,,,,,,,,,,,,,,,,,,,17.7431,0.0276,17.9315,0.1303,17.7046,0.079,17.5824,0.0538,17.6188,0.164,17.6472,0.123,6.94,498402008
341,105.05,2714341113,0,513,005926.69-721015.3,14.861219,-72.170941,36,36,58808.4388,0,0.199,,,,,,,,,,,,,19.4652,,,,19.5174,,,,,,,,,,,,,,,,,,,,9.52,498404750
342,105.06,498402008,8,3,005852.02-721207.4,14.716757,-72.202052,96,76,56950.2003,0,0.504,,,,,,,,,,,,,16.9051,0.1603,16.9743,0.071,17.0981,0.0461,16.3013,0.157,16.3141,0.1353,16.4843,0.0343,15.8681,0.1585,15.7457,0.0364,16.0309,0.029,15.6832,0.1746,15.4941,0.039,15.8397,0.029,6.94,498401975
343,105.73,1610598478,1,3,005901.89-721223.9,14.757934,-72.206697,36,36,58405.5583,0,0.312,,,,,,,,,,,,,,,,,,,,,,,,,18.6938,0.1205,18.3082,0.1033,18.7097,0.077,,,,,,,5.78,498402004
344,106.54,498402798,14,1536,005841.18-721039.4,14.671645,-72.177625,36,36,57551.8058,0,0.982,,,,,,,,,,,,,17.9424,,18.4242,,18.0471,,17.383,0.0533,17.873,0.223,17.4588,0.0961,16.8069,0.0282,16.9823,0.057,16.8461,0.0318,16.566,0.0172,16.7397,0.0326,16.5926,0.0253,7.68,1610600232
345,106.56,498402015,2,0,005906.45-721225.0,14.77694,-72.206982,42,176,56941.5273,0,0.512,,,,,,,,,,,,,,,,,,,,,,,,,18.3042,0.06,18.6854,0.1643,18.4705,0.1256,17.8954,0.0745,18.4516,0.288,18.1855,0.1968,8.66,498402016
346,106.69,498402794,22,3,005841.49-721057.3,14.672945,-72.18261,36,36,57843.5308,0,0.967,,,,,,,16.9335,0.0411,17.2664,0.0568,16.9295,0.0408,16.9558,0.5509,16.8611,0.4491,16.7418,0.4647,16.6906,0.1734,16.8465,0.2432,16.7868,0.1934,16.7029,0.0849,16.7271,0.0657,16.7514,0.0893,16.6922,0.0576,16.7593,0.054,16.6839,0.053,8.1,1610600124
347,106.87,498402790,6,3,005842.39-721114.2,14.676713,-72.187265,36,41,56951.1157,0,0.979,,,,,,,,,,,,,,,,,,,15.7978,0.0446,15.8503,0.0377,15.781,0.0366,16.1938,0.0284,16.2219,0.0335,16.1992,0.0308,16.4354,0.0306,16.4252,0.0617,16.4212,0.0319,3.05,2714337657
348,106.92,498403849,31,0,005916.59-721210.0,14.819168,-72.202806,36,36,57899.5175,3,0.983,15.4417,0.066,15.2873,0.0501,15.4629,0.0611,14.6864,0.0576,14.6631,0.0607,14.72,0.062,14.414,0.0233,14.3487,0.0496,14.4506,0.0265,14.5066,0.0218,14.468,0.0186,14.5367,0.0215,14.6999,0.0236,14.6622,0.0273,14.7328,0.0204,14.7957,0.0305,14.744,0.0581,14.8232,0.0254,9.82,498403833
349,107.61,2714341234,1,512,005910.50-720855.1,14.793752,-72.148641,63,89,58405.5569,0,0.49,,,,,,,18.4064,0.0453,21.2029,2.5768,18.4165,0.0901,18.3256,,18.6172,,18.4346,,,,,,,,,,,,,,,,,,,,3.4,498404807
350,107.99,1610598490,15,1,005904.12-721227.1,14.767118,-72.207495,36,36,57411.7073,0,0.97,,,,,,,,,,,,,17.4447,0.0742,16.7149,0.3821,17.4229,0.0619,16.9853,0.0357,16.8552,0.0726,17.0415,0.0404,16.5424,0.0215,16.4849,0.1112,16.5579,0.0252,16.3378,0.0363,16.1657,0.1443,16.3152,0.0343,6.36,498401995
351,108.19,498404809,12,3,005902.47-720851.1,14.760329,-72.147547,66,72,58086.168,0,0.941,17.4785,0.0566,17.6268,0.0857,17.4698,0.0614,17.3867,0.0246,17.5118,0.0931,17.4142,0.0365,17.461,0.0321,17.6221,0.0403,17.4569,0.0295,17.7802,0.1572,18.0122,0.2997,17.819,0.1137,,,,,,,,,,,,,8.37,498404808
352,108.35,498402882,20,3,005841.96-721005.2,14.674867,-72.168167,36,48,57889.5008,0,0.981,17.3407,0.0241,17.4049,0.0629,17.347,0.0276,17.2357,0.0271,17.3216,0.0423,17.2213,0.0321,17.3425,0.0163,17.4647,0.0376,17.3495,0.0243,17.5986,0.0645,17.8271,0.1105,17.6712,0.1034,18.0741,0.0429,18.247,0.2203,18.0293,0.1362,,,,,,,7.6,498402883
353,108.54,2714337657,2,3,005842.25-721117.1,14.676078,-72.188089,497,269,59002.0067,0,0.36,,,,,,,14.1413,0.1528,14.0329,0.0377,14.6342,0.0497,13.4119,0.2591,13.9121,0.018,15.3634,0.0331,,,,,,,,,,,,,,,,,,,1.28,498402789
354,108.81,498404702,29,3,005928.09-721042.2,14.867042,-72.178395,36,36,57643.082,4,0.983,15.4823,0.0259,15.5368,0.0376,15.473,0.0296,15.4952,0.019,15.5747,0.0271,15.4864,0.021,15.7349,0.0219,15.7547,0.0469,15.7475,0.0246,16.0773,0.027,16.1281,0.0598,16.0643,0.0275,16.4426,0.0175,16.5448,0.0787,16.4686,0.024,16.77,0.0198,16.9417,0.0613,16.7608,0.0351,8.86,498404701
355,108.89,2714339488,1,16,005921.75-721153.2,14.840654,-72.198126,39,163,56947.4553,0,0.5,,,,,,,,,,,,,,,,,,,,,,,,,18.1045,,18.2661,,18.1995,,17.8106,0.0841,18.238,0.2316,18.0808,0.1982,5.48,498403855
356,108.96,1610600232,2,1,005840.72-721032.0,14.66965,-72.175582,332,102,58405.559,0,0.492,,,,,,,,,,,,,,,,,,,,,,,,,18.4124,0.1605,18.4128,0.0916,18.4655,0.0672,18.4461,0.0932,18.3606,0.1721,18.4449,0.1046,7.43,498402874
357,109.11,498404698,9,3,005927.91-721054.9,14.866304,-72.181943,131,86,57511.1745,0,0.917,,,,,,,,,,,,,18.4446,0.0822,18.026,0.4742,18.5097,0.0379,18.0547,0.1153,18.4296,0.1801,18.1144,0.1429,17.6545,0.1009,17.7002,0.1947,17.6369,0.0937,17.5692,0.0409,17.7666,0.1361,17.6467,0.0677,5.77,498404697
358,109.18,498401974,1,0,005848.69-721202.8,14.703308,-72.200396,36,36,58405.5583,0,0.512,,,,,,,,,,,,,,,,,,,,,,,,,18.0374,0.274,18.4281,0.1123,18.447,0.0666,,,,,,,1.57,2714335764
359,109.41,1610598474,2,3,005855.22-721219.8,14.730075,-72.205548,36,36,58405.559,0,0.024,,,,,,,,,,,,,,,,,,,,,,,,,18.3808,0.204,18.7012,0.1831,18.5042,0.069,18.3585,0.2005,19.0175,0.4869,18.4427,0.1052,7.18,2714335813
360,109.42,498404811,7,3,005906.31-720849.4,14.776372,-72.147205,60,54,57159.0329,0,0.507,,,,,,,18.5,0.0964,17.5918,0.0994,18.5958,0.1013,17.8263,0.1357,17.2818,0.0999,17.9866,0.0794,17.0897,0.2545,16.5287,0.0894,17.6516,0.0724,16.9583,0.6959,15.8854,0.4263,17.4146,0.0659,,,,,,,6.93,2714341242
361,109.52,498402789,36,3,005841.87-721117.0,14.674982,-72.187969,36,39,57854.1424,0,0.982,13.944,0.0965,14.1067,0.0151,14.56,0.0167,14.0869,0.079,14.2257,0.0145,14.6777,0.0158,14.3519,0.1046,14.3835,0.0197,14.8402,0.0231,14.8863,0.0405,14.6944,0.0894,14.9703,0.0264,15.124,0.0255,14.8229,0.1254,15.1574,0.0154,15.3913,0.023,15.0688,0.1535,15.4154,0.0154,1.28,2714337657
362,109.61,498404793,11,1560,005918.72-720911.5,14.828025,-72.153154,36,52,57562.8284,12,0.982,,,,,,,17.1494,0.0302,17.4548,0.1128,17.1507,0.044,17.4458,,18.0641,,17.4835,,17.7308,0.0827,17.9219,0.1585,17.7067,0.0732,17.6292,0.0528,17.7313,0.0957,17.5923,0.0765,17.6353,0.0759,17.832,0.0954,17.6573,0.0794,8.55,2714341251
363,109.63,2714341251,1,512,005917.19-720906.4,14.82166,-72.151799,94,93,56946.4733,0,0.505,,,,,,,,,,,,,,,,,,,,,,,,,18.0501,,19.1662,,18.4984,,17.8937,0.0596,18.1953,0.1681,17.9958,0.1648,8.55,498404793
364,109.79,498402003,15,3,005859.00-721225.5,14.745912,-72.207216,147,139,57537.2496,0,0.966,,,,,,,,,,,,,17.0173,0.3776,16.5704,0.1126,17.6752,0.0859,17.4862,0.1054,17.1152,0.1693,17.4788,0.0819,16.8716,0.0332,16.6778,0.1102,16.8882,0.0266,16.5957,0.0166,16.4489,0.0637,16.5706,0.0226,6.43,1610598471
365,110.31,498404810,3,17,005904.23-720848.7,14.767837,-72.146859,432,100,57433.1615,0,0.649,,,,,,,18.2138,0.0614,18.0648,0.1128,18.2314,0.08,18.0428,0.05,17.9774,0.1327,18.0791,0.1171,,,,,,,17.7957,,16.9109,,18.0296,,17.8479,0.1056,17.8921,0.2297,17.9322,0.1579,8.09,498404813
366,110.5,498402960,16,3,005859.14-720851.1,14.746398,-72.14755,36,39,57497.9486,0,0.92,,,,,,,,,,,,,17.4084,0.0249,17.5766,0.2901,17.4165,0.0506,17.0586,0.0232,17.4303,0.0713,17.0855,0.0414,16.8318,0.022,17.0482,0.0744,16.8199,0.0293,16.7094,0.0231,16.7525,0.0522,16.6693,0.0247,9.65,498402959
367,110.58,498402006,8,1,005853.20-721216.7,14.72188,-72.204732,118,133,57994.4008,0,0.794,17.8295,0.0568,17.6356,0.1821,17.8179,0.0627,17.5271,0.0478,17.7152,0.1507,17.5466,0.0835,17.7809,0.0604,17.9019,0.184,17.8876,0.073,17.7765,0.1039,17.611,0.1628,17.8123,0.1116,18.2391,0.1802,18.0014,0.2251,18.2647,0.1036,,,,,,,2.46,1610598472
368,110.62,2714335764,3,0,005848.68-721202.9,14.702873,-72.20081,36,36,57919.5208,0,0.543,,,,,,,18.0251,0.074,18.4909,0.0868,18.0412,0.0765,18.0036,0.0702,18.0949,0.1573,18.0354,0.1118,,,,,,,,,,,,,,,,,,,1.57,498401974
369,110.67,498402765,28,1,005846.93-721153.9,14.695538,-72.198695,36,468,57954.1044,0,0.897,17.5255,0.0365,17.8863,0.0655,17.5423,0.0395,17.4137,0.0224,17.7202,0.0651,17.4183,0.0297,17.0858,0.0668,17.4342,0.0358,17.1619,0.0237,16.8101,0.1097,16.964,0.1039,16.9395,0.0377,16.5914,0.0481,16.4481,0.038,16.5989,0.0224,16.468,0.0376,16.3776,0.063,16.4558,0.0214,10.52,498401974
370,110.75,498402004,21,3,005902.42-721229.3,14.760093,-72.20816,36,36,57822.9757,0,0.97,16.9467,0.0264,16.7249,0.1316,16.9434,0.0249,16.8244,0.0386,16.0867,0.21,16.8305,0.0277,17.099,0.0368,16.7013,0.359,17.1322,0.0425,17.3213,0.0291,17.5166,0.0763,17.3656,0.0503,17.6101,0.0581,17.4989,0.116,17.5835,0.0697,17.8837,0.0454,18.0726,0.1487,17.9042,0.074,5.78,1610598478
371,111.34,498404732,29,0,005926.57-720953.9,14.860709,-72.164983,36,36,57551.5799,0,0.999,11.0178,0.0241,11.0165,0.0236,11.0209,0.0256,11.14,0.0208,11.1427,0.0184,11.1476,0.0215,11.3985,0.0424,11.3947,0.0482,11.4013,0.043,11.6605,0.0436,11.6662,0.0495,11.6551,0.0474,11.9993,0.0163,12.0163,0.0126,11.9974,0.0165,12.1953,0.0121,12.2174,0.0118,12.194,0.0148,11.88,498404731
372,111.36,498402002,34,3,005857.09-721225.0,14.737895,-72.206999,36,53,57824.8782,3,0.97,16.246,0.0219,16.0408,0.0465,16.267,0.0194,16.1144,0.0241,15.3417,0.1674,16.1602,0.0199,16.2075,0.0304,15.9711,0.0688,16.2161,0.0228,16.3646,0.023,16.1619,0.1033,16.3735,0.0257,16.68,0.0202,16.4974,0.091,16.6751,0.0229,16.8837,0.0246,16.6771,0.1208,16.8856,0.0276,2.54,1610598471
373,111.48,1610598471,1,3,005857.71-721226.0,14.740068,-72.207236,36,36,58808.4388,0,0.056,,,,,,,,,,,,,15.029,0.3693,14.8415,0.0189,16.7984,0.0341,,,,,,,,,,,,,,,,,,,2.54,498402002
374,111.52,1610600338,3,0,005850.75-720906.6,14.711453,-72.151884,36,47,58539.8523,0,0.532,,,,,,,,,,,,,18.8654,0.0416,19.5927,0.1667,18.8418,0.0546,,,,,,,18.3659,0.0965,18.7769,0.1413,18.3159,0.0626,18.3956,0.1101,19.2516,0.3646,18.396,0.1008,10.27,498402942
375,112.0,1610603168,1,0,005923.29-720928.5,14.847146,-72.157869,36,36,58808.4388,0,0.488,,,,,,,,,,,,,19.4509,0.0387,21.0073,0.4193,19.521,0.0855,,,,,,,,,,,,,,,,,,,7.73,1610603172
376,112.04,498402000,27,3,005910.61-721227.3,14.794194,-72.207602,36,36,57771.2897,0,0.973,16.4991,0.0247,16.418,0.0505,16.5094,0.0247,16.3341,0.0235,16.1274,0.0784,16.3366,0.021,16.569,0.0524,16.5929,0.0885,16.5549,0.0471,16.8211,0.0226,16.9261,0.0816,16.8085,0.0322,17.1652,0.0193,17.3516,0.0604,17.1771,0.0394,17.4111,0.1179,17.677,0.1376,17.4651,0.0873,5.64,498401999
377,112.42,498402874,37,3,005840.09-721025.1,14.667084,-72.173673,36,36,57882.9605,0,0.983,16.1155,0.0164,16.1308,0.032,16.1122,0.0189,16.0635,0.0141,16.1077,0.0296,16.0623,0.0184,16.1669,0.016,16.1289,0.0525,16.184,0.0238,16.4524,0.0274,16.5949,0.0864,16.4921,0.0357,16.7867,0.0303,16.6849,0.0867,16.7963,0.0343,17.0085,0.0185,17.003,0.0985,17.0189,0.0298,7.43,1610600232
378,112.6,1610598472,5,3,005853.32-721219.3,14.722176,-72.20541,88,90,58563.7483,0,0.282,,,,,,,17.003,0.1804,16.8306,0.1351,17.7535,0.0799,,,,,,,,,,,,,17.1605,0.4079,17.1558,0.0819,18.2447,0.061,17.8379,0.3262,17.3459,0.1418,18.4145,0.1032,2.46,498402006
379,112.66,1610603048,1,3,005927.87-721112.2,14.866098,-72.186691,36,36,58808.4388,0,0.926,,,,,,,,,,,,,18.0137,0.0944,17.6394,0.0356,18.0344,0.0396,,,,,,,,,,,,,,,,,,,7.3,498403875
380,113.23,498402792,35,3,005840.48-721106.5,14.668662,-72.185185,36,36,57917.9516,0,0.983,16.4878,0.0187,16.5967,0.0436,16.4935,0.0219,15.5887,0.0147,15.583,0.043,15.6122,0.0252,15.4738,0.0167,15.5558,0.0505,15.4667,0.0187,15.5933,0.0171,15.6567,0.0211,15.5927,0.0201,15.8069,0.0142,15.7937,0.0636,15.8192,0.0173,15.839,0.015,15.8518,0.078,15.8542,0.0189,7.79,498402788
381,113.28,498401995,13,3,005904.86-721232.3,14.770347,-72.20896,49,157,57347.0855,2,0.792,,,,,,,16.2286,0.2667,16.4161,0.175,17.945,0.1133,17.9655,0.0586,18.2535,0.1957,18.0623,0.0842,17.6691,0.0258,17.9692,0.2166,17.6822,0.073,17.2635,0.0293,17.2392,0.2167,17.3052,0.0482,17.1656,0.03,17.2577,0.1594,17.1102,0.0792,5.87,2714335801
382,113.53,498402764,30,3,005844.79-721149.6,14.687349,-72.197014,103,97,57868.2845,0,0.973,16.6708,0.0178,16.7181,0.0334,16.6807,0.0214,16.5723,0.0208,16.4527,0.0383,16.589,0.0211,16.6609,0.0385,16.444,0.0408,16.6816,0.0305,16.6591,0.1108,16.6055,0.0761,16.7876,0.0348,16.95,0.1208,16.5334,0.0912,16.9302,0.0613,17.0195,0.2293,17.0234,0.2431,17.1408,0.2584,2.97,2714337617
383,113.61,2714341207,7,1,005924.82-720934.9,14.853436,-72.159703,45,36,58689.0972,0,0.975,17.8704,0.0411,18.2678,0.1361,17.8682,0.0515,17.7712,0.0714,18.3037,0.1989,17.7793,0.065,17.8795,0.0306,18.0567,0.046,17.866,0.0381,,,,,,,,,,,,,,,,,,,9.58,1610603168
384,113.64,498403875,4,3,005927.54-721119.2,14.864818,-72.18868,36,128,57416.4434,0,0.877,,,,,,,,,,,,,17.7836,0.1049,17.6348,0.0347,17.8083,0.0377,17.7813,0.1486,17.6509,0.1386,17.8041,0.1097,17.7966,0.1419,17.8484,0.1566,17.9225,0.1443,17.5369,0.2274,17.8315,0.1693,17.9541,0.1598,7.3,1610603048
385,113.92,498403855,1,1,005922.22-721158.2,14.842606,-72.199526,36,36,56946.4729,0,0.646,,,,,,,,,,,,,,,,,,,,,,,,,17.7926,0.1396,17.7965,0.2035,17.7243,0.1065,,,,,,,5.48,2714339488
386,113.99,498404821,23,1,005915.66-720857.4,14.815363,-72.149303,59,46,57819.6201,0,0.983,17.9805,0.0724,18.2285,0.1156,18.0469,0.0821,17.63,0.0251,17.6295,0.0853,17.6565,0.0352,15.9189,0.0214,15.9317,0.0536,15.9442,0.0189,15.3617,0.0155,15.4449,0.0193,15.3639,0.0192,14.9211,0.0135,14.9585,0.0154,14.9249,0.0178,14.731,0.0136,14.7771,0.0151,14.7291,0.0163,11.35,2714341254
387,114.08,498404750,31,3,005928.75-721016.3,14.869804,-72.171224,36,36,57701.7914,0,0.983,14.7222,0.0176,14.7203,0.0168,14.7295,0.0207,14.7967,0.0179,14.8175,0.0324,14.8027,0.0195,14.9645,0.0175,14.8918,0.0319,14.9973,0.0147,15.1011,0.0161,15.0928,0.0244,15.1023,0.0186,15.2878,0.0172,15.274,0.0352,15.2785,0.0168,15.519,0.0146,15.5331,0.0182,15.5212,0.0166,8.62,498404749
388,114.27,2714341126,1,1,005929.23-721031.7,14.871825,-72.175477,36,36,58808.4388,0,0.74,,,,,,,,,,,,,18.7303,0.1193,18.3608,0.062,18.7743,0.0526,,,,,,,,,,,,,,,,,,,7.62,498404749
389,114.49,498404697,3,1027,005928.98-721057.8,14.870831,-72.182748,45,76,56939.8796,0,0.616,,,,,,,,,,,,,18.765,,19.3533,,18.769,,,,,,,,18.0347,0.0202,18.1654,0.1063,18.028,0.0623,17.712,0.0627,18.2642,0.2207,18.0307,0.1709,5.77,498404698
390,114.56,498401999,2,3,005909.69-721230.8,14.790268,-72.208608,80,98,56936.5828,0,0.678,,,,,,,,,,,,,,,,,,,,,,,,,18.1203,0.0782,17.3443,0.4229,18.0044,0.1012,,,,,,,4.93,498401996
391,114.9,498404816,1,512,005909.90-720846.8,14.791488,-72.146382,192,64,56947.4553,0,0.583,,,,,,,,,,,,,,,,,,,,,,,,,17.9832,,18.8749,,18.3819,,17.7453,0.1772,18.6068,0.4262,18.0393,0.1921,5.79,498404818
392,115.04,498402793,20,3,005839.56-721055.3,14.66497,-72.182039,39,37,57861.5133,0,0.982,,,,,,,17.4091,0.023,17.5039,0.0342,17.4124,0.0283,17.1753,0.0185,17.1934,0.0181,17.1647,0.0233,17.3262,0.1081,17.5157,0.08,17.3241,0.0901,17.5138,0.0426,17.1249,0.0776,17.4088,0.0353,17.5501,0.0484,17.4195,0.0895,17.4881,0.043,6.85,1610600120
393,115.12,498402900,35,0,005842.47-720943.1,14.677017,-72.161981,36,36,57838.3877,3,0.998,13.676,0.0139,13.6859,0.0129,13.6691,0.0164,13.3031,0.0123,13.3126,0.012,13.299,0.0153,12.3308,0.0127,12.3366,0.0122,12.3314,0.0162,12.0742,0.0128,12.0813,0.0124,12.0753,0.0169,11.9409,0.0121,11.9567,0.0116,11.9409,0.0149,11.9175,0.0104,11.9337,0.0101,11.916,0.0135,11.98,498402932
394,115.12,1610598435,1,1537,005849.85-721212.6,14.707692,-72.203548,50,67,58405.5597,0,0.875,,,,,,,,,,,,,19.0955,,,,19.1322,,,,,,,,18.3463,,19.1352,,18.4214,,18.2351,0.0779,19.0547,0.2334,18.4733,0.107,8.92,1610598434
395,115.21,498402942,5,515,005848.61-720909.4,14.702486,-72.152652,38,36,57531.1296,0,0.867,,,,,,,,,,,,,17.7036,0.0505,17.9536,0.041,17.6881,0.0419,17.678,,18.5898,,17.6417,,17.5862,0.0409,17.8012,0.0816,17.5476,0.0434,17.5448,0.1449,17.9036,0.283,17.4647,0.1053,8.41,498402943
396,115.33,2714335813,0,19,005855.56-721226.9,14.731517,-72.207493,36,36,58409.689,0,0.029,,,,,,,,,,,,,16.0602,,11.5582,,18.4415,,,,,,,,,,,,,,,,,,,,2.84,498402001
397,115.36,1610600080,4,2,005842.89-721138.9,14.678742,-72.194102,89,306,58507.3115,0,0.498,,,,,,,,,,,,,17.986,0.1782,18.0861,0.0933,18.3557,0.0492,,,,,,,18.0965,0.2215,17.9816,0.0903,18.2748,0.0613,18.172,0.1517,18.0692,0.1078,18.223,0.0892,9.14,498402767
398,115.45,2714341242,3,19,005905.67-720843.6,14.773654,-72.145471,267,209,58002.2535,0,0.791,,,,,,,18.4182,0.0898,17.8838,0.1106,18.4681,0.0921,17.191,,16.7018,,17.2886,,,,,,,,15.6435,0.1699,14.4305,0.0282,15.9302,0.0451,15.5049,0.3132,15.5328,0.1226,15.8991,0.0425,1.19,498404813
399,115.57,1610598470,2,3,005857.55-721230.3,14.739891,-72.208403,100,174,58544.6415,0,0.78,,,,,,,,,,,,,,,,,,,,,,,,,17.9032,0.2187,16.9766,0.0826,18.0179,0.0848,17.9063,0.1237,17.1245,0.0918,17.9718,0.0769,4.21,1610598471
400,115.67,498403871,31,3,005926.83-721131.7,14.861824,-72.192137,36,36,57701.7914,3,0.983,15.7472,0.0174,15.7944,0.0205,15.7482,0.0221,15.6339,0.0179,15.6792,0.0355,15.6369,0.0216,15.7744,0.0113,15.774,0.0329,15.7867,0.016,16.0305,0.0165,16.1477,0.0729,16.0302,0.0225,16.3759,0.0188,16.4879,0.0714,16.3762,0.023,16.5907,0.0183,16.7714,0.0472,16.5945,0.0254,12.25,498403872
401,115.76,498403853,16,0,005920.42-721208.3,14.835127,-72.202332,36,43,57467.0829,0,0.91,,,,,,,,,,,,,17.2915,0.0647,17.2209,0.0844,17.3118,0.0474,16.7968,0.0596,16.7728,0.1066,16.7328,0.0408,16.1915,0.0342,16.1552,0.0803,16.171,0.0253,15.9285,0.0443,15.9684,0.0565,15.9439,0.0309,11.08,498403835
402,115.79,498403867,21,1,005924.52-721148.7,14.852247,-72.196878,51,36,57706.1083,0,0.978,16.8252,0.0333,17.0115,0.0619,16.8121,0.0318,16.7237,0.0178,16.8764,0.0498,16.7226,0.0243,16.845,0.0429,16.659,0.0685,16.808,0.0267,17.1443,0.0449,17.1869,0.1061,17.1055,0.0477,17.5686,0.0739,17.5243,0.1123,17.5114,0.0915,17.7135,0.1221,17.7294,0.1489,17.793,0.1388,10.08,498403868
403,115.95,498404817,17,3,005911.77-720848.2,14.799236,-72.146714,36,49,57436.7511,1,0.839,,,,,,,,,,,,,16.8551,0.0831,15.9752,0.2285,16.8671,0.0543,16.0536,0.0992,15.6644,0.0597,16.1798,0.024,15.6126,0.0583,15.368,0.1006,15.6577,0.0181,15.3914,0.0546,15.1731,0.1031,15.4114,0.0298,4.09,1610603200
404,116.17,498402796,28,3,005839.10-721042.5,14.66295,-72.178497,36,36,57867.4891,0,0.983,16.8483,0.0178,16.9379,0.0395,16.8671,0.0227,16.6575,0.0161,16.727,0.022,16.6686,0.0214,16.7203,0.0177,16.7515,0.0396,16.7224,0.0223,17.0635,0.0442,17.2808,0.0701,17.0436,0.0459,17.3282,0.0237,17.4702,0.0426,17.3606,0.0361,17.6404,0.0265,17.7408,0.1887,17.6476,0.1036,9.79,498402871
405,116.27,498404813,14,3,005905.45-720842.8,14.772898,-72.145234,58,40,57541.3154,0,0.973,,,,,,,,,,,,,17.1648,0.0302,16.9517,0.2055,17.1923,0.0475,16.5076,0.0223,16.2863,0.1443,16.526,0.0278,15.9189,0.0288,15.8082,0.0666,15.9438,0.0309,15.7067,0.0301,15.2575,0.1871,15.7394,0.0227,1.19,2714341242
406,116.32,2714339454,2,0,005916.15-721222.0,14.817327,-72.206127,76,93,56936.5828,0,0.62,,,,,,,,,,,,,,,,,,,,,,,,,18.0119,0.106,18.0076,0.0792,18.1612,0.0698,,,,,,,8.42,498403833
407,116.33,498404815,8,3,005907.23-720843.1,14.780165,-72.14539,56,131,57126.5889,0,0.644,,,,,,,,,,,,,17.8702,0.2722,17.7018,0.1402,18.1783,0.1267,17.6005,0.0824,17.5607,0.1506,17.6924,0.0744,17.0899,0.2083,16.634,0.2255,17.2822,0.0581,17.1511,0.0466,17.5607,0.2331,17.2288,0.0785,7.19,2714341242
408,116.38,498404749,13,0,005929.59-721024.1,14.873093,-72.173397,106,64,57300.4107,0,0.96,,,,,,,,,,,,,17.769,0.1141,17.4043,0.1359,17.8704,0.0712,17.1987,0.0766,16.9902,0.0999,17.213,0.0513,16.9377,0.0508,16.8459,0.1209,16.991,0.0348,16.8155,0.0265,16.7161,0.105,16.8376,0.0312,7.62,2714341126
409,116.46,1610603172,2,1025,005923.13-720920.6,14.846477,-72.155732,98,121,58405.5597,0,0.902,,,,,,,18.2604,0.0458,18.6518,0.1624,18.2674,0.0618,18.3995,,18.9055,,18.4848,,,,,,,,,,,,,,,,,,,,7.73,1610603168
410,116.48,498402871,31,3,005839.06-721033.0,14.662771,-72.175779,46,118,57837.7157,0,0.98,16.6778,0.0149,16.555,0.0492,16.6831,0.0215,16.6688,0.0188,16.5624,0.0341,16.673,0.022,16.8352,0.0404,16.6832,0.039,16.8105,0.0282,17.0482,0.0636,17.0729,0.0689,16.9882,0.0607,17.224,0.0803,17.046,0.0705,17.1641,0.0505,17.3175,0.0585,17.2257,0.0906,17.2448,0.0353,7.61,1610600232
411,116.5,2714337617,5,3,005844.48-721151.2,14.685353,-72.197571,36,36,57240.2785,0,0.826,,,,,,,,,,,,,,,,,,,,,,,,,17.4551,0.0417,17.5897,0.1031,17.4514,0.086,17.2642,0.102,16.7144,0.1631,17.0995,0.0961,2.97,498402764
412,116.69,498401996,19,3,005908.84-721233.7,14.786672,-72.209425,196,151,57763.0064,0,0.667,16.9048,0.0985,16.3734,0.1186,17.1776,0.0288,16.094,0.1563,15.9002,0.0707,16.8963,0.036,16.5301,0.1698,16.2233,0.0494,17.0113,0.0358,16.8961,0.2113,16.498,0.0781,17.1895,0.0506,17.3611,0.1527,16.9408,0.1791,17.5045,0.0643,,,,,,,4.93,498401999
413,116.74,498403833,17,1,005917.77-721218.1,14.824151,-72.205069,36,57,57522.2872,0,0.969,,,,,,,17.9265,0.0466,17.4059,0.0664,17.9384,0.069,16.9236,0.0523,16.9974,0.0502,16.952,0.0464,16.5843,0.022,16.7104,0.0795,16.6042,0.0287,16.4403,0.019,16.614,0.0489,16.4594,0.0242,16.4352,0.0257,16.6562,0.0377,16.4416,0.0269,8.42,2714339454
414,117.01,1610600323,1,0,005845.76-720919.3,14.690666,-72.155348,36,36,58409.689,0,0.771,,,,,,,,,,,,,18.4168,0.0243,18.4988,0.0549,18.4257,0.0543,,,,,,,,,,,,,,,,,,,7.94,498402934
415,117.02,2714341076,1,0,005929.16-721106.8,14.871501,-72.185244,36,36,58808.4388,0,0.482,,,,,,,,,,,,,19.3842,0.0314,19.7137,0.1291,19.3706,0.0764,,,,,,,,,,,,,,,,,,,7.91,1610603048
416,117.03,498402873,19,3,005839.37-721016.4,14.664138,-72.171218,151,256,57973.7768,1,0.748,17.285,0.0872,17.2395,0.1308,17.4602,0.0365,17.0855,0.0665,17.0405,0.0641,17.2601,0.027,16.8122,0.1362,16.6665,0.0479,17.2581,0.0298,17.0077,0.2172,16.8928,0.1956,17.4172,0.1052,17.0197,0.3449,16.7062,0.2362,17.6052,0.1367,17.0377,0.2381,16.8092,0.2288,17.5632,0.0508,9.42,498402874
417,117.62,498402932,15,3,005843.40-720931.9,14.680726,-72.158853,36,110,57444.6306,0,0.974,,,,,,,,,,,,,17.3709,0.0592,17.3946,0.1224,17.3449,0.0482,16.9261,0.0536,16.6505,0.2286,16.9451,0.0377,16.4898,0.0271,16.2382,0.0781,16.5036,0.0226,16.2943,0.0319,16.1742,0.0397,16.2936,0.0231,2.78,2714337894
418,117.88,498402959,1,0,005857.42-720845.4,14.739287,-72.145989,36,36,56946.4729,0,0.504,,,,,,,,,,,,,,,,,,,,,,,,,17.9899,0.2728,18.5891,0.1766,18.3969,0.1873,,,,,,,9.65,498402960
419,117.91,498402001,7,1,005855.16-721228.9,14.72967,-72.208044,57,73,57613.0938,0,0.613,,,,,,,,,,,,,,,,,,,,,,,,,17.6552,0.0365,16.8526,0.2591,17.5884,0.0622,17.5132,0.0495,16.7137,0.3369,17.4563,0.066,2.84,2714335813
420,117.93,1610600081,4,1,005841.11-721128.2,14.671096,-72.191211,242,99,58507.3108,0,0.928,,,,,,,17.9616,0.1022,17.9515,0.0912,17.9953,0.0701,17.8295,0.1656,17.6978,0.0291,18.1005,0.0393,,,,,,,18.6179,0.1728,18.5006,0.1377,18.7676,0.0795,,,,,,,12.43,498402789
421,117.96,498402961,18,3,005900.49-720842.4,14.751972,-72.145118,52,132,57615.1852,0,0.839,,,,,,,,,,,,,17.6088,0.0449,18.0828,0.1164,17.5756,0.0305,16.9272,0.0574,17.0244,0.0643,16.9299,0.0375,16.4573,0.0309,16.291,0.0707,16.4599,0.024,16.2535,0.0428,16.1478,0.0462,16.2543,0.0196,7.1,498404812
422,118.05,498402788,24,3,005839.85-721113.9,14.665946,-72.187184,211,36,57779.761,0,0.955,17.2148,0.0202,17.398,0.0836,17.2216,0.0266,17.089,0.0208,17.1893,0.0742,17.0879,0.0287,16.8523,0.0356,16.9939,0.0668,16.8244,0.0321,16.6144,0.038,16.589,0.1029,16.5734,0.0307,16.3468,0.0491,16.26,0.0358,16.3379,0.0273,16.2377,0.0343,16.1701,0.0607,16.1924,0.0239,7.79,498402792
423,118.05,1610603200,2,3,005911.40-720845.1,14.796712,-72.145883,820,36,58529.6525,0,0.643,,,,,,,18.3546,0.0759,18.8914,0.2259,18.423,0.0905,,,,,,,,,,,,,14.9612,0.351,13.8608,0.0277,16.4311,0.0472,,,,,,,4.09,498404817
424,118.4,498404818,11,3,005909.11-720842.6,14.788034,-72.14517,40,71,57328.7679,1,0.745,,,,,,,,,,,,,,,,,,,17.4103,0.0277,16.868,0.2589,17.3696,0.0579,16.9024,0.0475,16.611,0.1538,16.8289,0.0318,16.7024,0.0291,16.5297,0.1036,16.6698,0.0311,4.45,498404819
425,118.51,2714335801,7,0,005904.31-721237.5,14.767978,-72.21042,70,84,58008.9185,0,0.742,17.5268,0.0381,17.3234,0.0587,17.5406,0.0391,17.6445,0.0886,18.5033,0.4722,17.6577,0.0905,17.6933,0.0522,17.9247,0.1414,17.7667,0.0945,17.9516,0.0582,17.8854,0.1724,17.9253,0.0883,,,,,,,,,,,,,2.82,498401994
426,118.53,498402957,6,0,005852.16-720854.6,14.717488,-72.148493,36,36,57725.3628,0,0.865,,,,,,,,,,,,,,,,,,,17.7663,0.1983,17.794,0.1355,17.8882,0.1183,17.6952,0.0348,17.4048,0.2217,17.6898,0.0644,17.523,0.0392,17.562,0.1902,17.5616,0.0919,10.05,498403172
427,118.95,498402934,4,1027,005844.39-720923.7,14.68475,-72.156606,45,112,57676.016,0,0.947,,,,,,,,,,,,,18.4486,,18.9887,,18.4681,,,,,,,,17.9737,0.0321,18.0911,0.0559,17.9817,0.0503,17.865,0.1165,18.4078,0.2139,18.0762,0.0738,2.28,2714337896
428,119.03,498404812,3,0,005901.93-720840.4,14.758162,-72.144583,43,36,57426.2417,0,0.756,,,,,,,,,,,,,,,,,,,,,,,,,17.819,0.0402,18.2879,0.0962,17.9614,0.0595,17.7414,0.0583,18.2153,0.0912,17.8864,0.0729,4.65,1610603194
429,119.22,498403854,32,0,005923.34-721200.6,14.847231,-72.200177,36,36,57785.2159,0,0.984,14.5855,0.0157,14.6209,0.015,14.5786,0.018,14.6789,0.0144,14.7207,0.0139,14.6685,0.0165,14.864,0.0137,14.9055,0.0242,14.8577,0.0173,14.9886,0.014,15.0148,0.0179,14.985,0.0183,15.1745,0.0135,15.2335,0.0156,15.1697,0.0165,15.4065,0.0159,15.4619,0.0249,15.4116,0.0162,5.6,498403855
430,119.77,2714335809,2,0,005914.23-721229.9,14.80932,-72.208319,36,53,58405.5597,0,0.473,,,,,,,17.7977,0.1991,17.5478,0.0673,18.0748,0.0551,,,,,,,,,,,,,,,,,,,,,,,,,11.78,498401998
431,119.89,498404822,2,0,005913.81-720847.1,14.807568,-72.146441,52,52,56946.4731,0,0.661,,,,,,,,,,,,,,,,,,,,,,,,,17.3812,0.4685,17.359,0.1149,17.8925,0.1219,17.3981,0.2946,17.3403,0.1462,17.5797,0.1161,6.07,498404826
